Survey,State,6-Digit,County,Census Place,FIPS Place,FIPS MCD,Pop,CSA,CBSA,Footnote,Central,Zip,Region,Division,Number of,Place,,1-unit,,,2-units,,,3-4 units,,,5+ units,,,1-unit rep,,,2-units rep,,,3-4 units rep,,,5+ units rep
Date,Code,ID,Code,Code,Code,Code,  ,Code,Code,Code,City,Code,Code,Code,Months Rep,Name,Bldgs,Units,Value,Bldgs,Units,Value,Bldgs,Units,Value,Bldgs,Units,Value,Bldgs,Units,Value,Bldgs,Units,Value,Bldgs,Units,Value,Bldgs,Units,Value
 
201712,02,009000,013,0070,01090 ,00000 ,1027 ,999,99999, , ,99503      ,4,9,0,Akutan,0,0,0,0,0,0,0,0,0,0,0,0,0,0,0,0,0,0,0,0,0,0,0,0
201712,02,041000,020,0140,03000 ,00000 ,291826 ,999,11260, ,1,995196650  ,4,9,0,Municipality of Anchorage,800,800,250599715,0,0,0,14,47,8165231,19,172,27192436,0,0,0,0,0,0,0,0,0,0,0,0
201712,02,049000,105,0160,03440 ,00000 ,459 ,999,99999,2, ,998200189  ,4,9,0,Angoon,0,0,0,0,0,0,0,0,0,0,0,0,0,0,0,0,0,0,0,0,0,0,0,0
201712,02,085000,050,0310,06520 ,00000 ,6080 ,999,99999, , ,99559      ,4,9,11,Bethel,15,15,3522104,0,0,0,0,0,0,0,0,0,15,15,3522104,0,0,0,0,0,0,0,0,0
201712,02,097000,060,    ,99990 ,00000 ,997 ,999,99999, , ,996330189  ,4,9,11,Bristol Bay Borough,0,0,0,0,0,0,0,0,0,0,0,0,0,0,0,0,0,0,0,0,0,0,0,0
201712,02,133000,261,0820,17410 ,00000 ,2239 ,999,99999, , ,99574      ,4,9,12,Cordova,5,5,675000,0,0,0,0,0,0,0,0,0,5,5,675000,0,0,0,0,0,0,0,0,0
201712,02,137000,198,0830,17740 ,00000 ,1201 ,999,99999, , ,99921      ,4,9,12,Craig,3,3,821600,6,12,2128245,0,0,0,0,0,0,3,3,821600,6,12,2128245,0,0,0,0,0,0
201712,02,149000,070,0880,18950 ,00000 ,2329 ,999,99999, , ,99576      ,4,9,9,Dillingham,3,3,866480,1,2,301442,0,0,0,0,0,0,1,1,291052,1,2,301442,0,0,0,0,0,0
201712,02,173000,158,0900,22910 ,00000 ,762 ,999,99999, , ,99581      ,4,9,0,Emmonak,0,0,0,0,0,0,0,0,0,0,0,0,0,0,0,0,0,0,0,0,0,0,0,0
201712,02,177000,090,1080,24230 ,00000 ,31535 ,999,21820,2,1,99701      ,4,9,0,Fairbanks,0,0,0,0,0,0,0,0,0,0,0,0,0,0,0,0,0,0,0,0,0,0,0,0
201712,02,209000,100,    ,99990 ,00000 ,2508 ,999,99999, , ,99827      ,4,9,1,Haines Borough,9,9,2505824,0,0,0,0,0,0,0,0,0,0,0,0,0,0,0,0,0,0,0,0,0
201712,02,221000,122,1370,33140 ,00000 ,5003 ,999,99999, , ,99603      ,4,9,12,Homer,48,48,9320700,2,4,750500,1,3,300000,0,0,0,48,48,9320700,2,4,750500,1,3,300000,0,0,0
201712,02,225000,105,1380,33360 ,00000 ,760 ,999,99999, , ,99829      ,4,9,12,Hoonah,0,0,0,0,0,0,0,0,0,0,0,0,0,0,0,0,0,0,0,0,0,0,0,0
201712,02,233000,170,1410,33800 ,00000 ,1912 ,999,11260, , ,996940027  ,4,9,11,Houston,8,8,2018236,1,2,354010,0,0,0,0,0,0,7,7,1918241,1,2,354010,0,0,0,0,0,0
201712,02,253000,110,    ,99990 ,00000 ,31275 ,999,99999, , ,99801      ,4,9,12,Juneau city and borough,46,46,10469964,5,10,1529677,0,0,0,1,8,2033161,46,46,10469964,5,10,1529677,0,0,0,1,8,2033161
201712,02,277000,122,1630,38420 ,00000 ,7100 ,999,99999, , ,99611      ,4,9,7,Kenai,14,14,2995999,1,2,110000,0,0,0,1,6,980000,5,5,1042000,0,0,0,0,0,0,1,6,980000
201712,02,289000,130,    ,99990 ,00000 ,5016 ,999,99999, , ,999016059  ,4,9,12,Ketchikan Gateway Borough,22,22,6386446,4,8,1205768,0,0,0,0,0,0,22,22,6386446,4,8,1205768,0,0,0,0,0,0
201712,02,297000,013,1670,39410 ,00000 ,938 ,999,99999, , ,99503      ,4,9,11,King Cove,0,0,0,0,0,0,0,0,0,0,0,0,0,0,0,0,0,0,0,0,0,0,0,0
201712,02,317000,150,1750,40950 ,00000 ,6130 ,999,99999, , ,99615      ,4,9,12,Kodiak City-Kodiak Island Borough,12,12,3154626,6,12,2292239,1,4,488107,4,20,4139211,12,12,3154626,6,12,2292239,1,4,488107,4,20,4139211
201712,02,329000,188,1800,41830 ,00000 ,3201 ,999,99999, , ,99752      ,4,9,5,Kotzebue,2,2,620406,0,0,0,0,0,0,0,0,0,0,0,0,0,0,0,0,0,0,0,0,0
201712,02,409000,290,2330,54150 ,00000 ,94 ,999,99999, , ,99691      ,4,9,6,Nikolai,0,0,0,0,0,0,0,0,0,0,0,0,0,0,0,0,0,0,0,0,0,0,0,0
201712,02,413000,180,2370,54920 ,00000 ,3598 ,999,99999, , ,997620281  ,4,9,10,Nome,3,3,343435,1,2,172044,0,0,0,0,0,0,1,1,72797,0,0,0,0,0,0,0,0,0
201712,02,425000,090,2410,55910 ,00000 ,2117 ,999,21820, , ,99705      ,4,9,12,North Pole,7,7,1850000,0,0,0,2,8,1100000,0,0,0,7,7,1850000,0,0,0,2,8,1100000,0,0,0
201712,02,429000,185,    ,99990 ,00000 ,2790 ,999,99999, , ,997230069  ,4,9,12,North Slope Borough,6,6,1644206,0,0,0,0,0,0,0,0,0,6,6,1644206,0,0,0,0,0,0,0,0,0
201712,02,433000,188,    ,99990 ,00000 ,881 ,999,99999,2, ,99752      ,4,9,11,Northwest Arctic Borough Unincorporated Area,5,5,2300000,0,0,0,0,0,0,0,0,0,5,5,2300000,0,0,0,0,0,0,0,0,0
201712,02,457000,170,2510,58660 ,00000 ,5937 ,999,11260, , ,996456748  ,4,9,11,Palmer,7,7,1375877,3,6,723166,0,0,0,0,0,0,6,6,1107835,3,6,723166,0,0,0,0,0,0
201712,02,461000,105,2550,59650 ,00000 ,88 ,999,99999, , ,99832      ,4,9,12,Pelican,0,0,0,0,0,0,0,0,0,0,0,0,0,0,0,0,0,0,0,0,0,0,0,0
201712,02,465000,195,    ,99990 ,00000 ,2948 ,999,99999, , ,99833      ,4,9,8,Petersburg Borough,15,15,3107668,1,2,160000,0,0,0,0,0,0,11,11,1712000,1,2,160000,0,0,0,0,0,0
201712,02,505000,013,2900,67020 ,00000 ,976 ,999,99999, , ,99661      ,4,9,10,Sand Point,0,0,0,0,0,0,0,0,0,0,0,0,0,0,0,0,0,0,0,0,0,0,0,0
201712,02,525000,122,2950,68340 ,00000 ,255 ,999,99999, , ,99663      ,4,9,12,Seldovia,0,0,0,0,0,0,0,0,0,0,0,0,0,0,0,0,0,0,0,0,0,0,0,0
201712,02,529000,122,2960,68560 ,00000 ,2693 ,999,99999, , ,99664      ,4,9,12,Seward,4,4,920000,1,2,310000,0,0,0,0,0,0,4,4,920000,1,2,310000,0,0,0,0,0,0
201712,02,557000,220,    ,99990 ,00000 ,8881 ,999,99999, , ,99835      ,4,9,0,Sitka city and borough,13,13,3642664,3,6,2172810,1,3,478959,0,0,0,0,0,0,0,0,0,0,0,0,0,0,0
201712,02,561000,230,3050,70760 ,00000 ,968 ,999,99999, , ,998400415  ,4,9,9,Municipality of Skagway,4,4,961500,1,2,225000,0,0,0,0,0,0,1,1,263500,1,2,225000,0,0,0,0,0,0
201712,02,565000,122,3070,71640 ,00000 ,4163 ,999,99999, , ,99669      ,4,9,9,Soldotna,23,23,5042530,0,0,0,0,0,0,0,0,0,16,16,3496447,0,0,0,0,0,0,0,0,0
201712,02,581000,016,2880,66470 ,00000 ,479 ,999,99999, , ,99660      ,4,9,10,St. Paul,0,0,0,0,0,0,0,0,0,0,0,0,0,0,0,0,0,0,0,0,0,0,0,0
201712,02,597000,105,3290,76260 ,00000 ,131 ,999,99999, , ,998410052  ,4,9,12,Tenakee Springs,0,0,0,0,0,0,0,0,0,0,0,0,0,0,0,0,0,0,0,0,0,0,0,0
201712,02,625000,016,3430,80770 ,00000 ,4376 ,999,99999, , ,99685      ,4,9,0,Unalaska,6,6,588708,0,0,0,0,0,0,0,0,0,0,0,0,0,0,0,0,0,0,0,0,0
201712,02,633000,261,3470,82200 ,00000 ,3976 ,999,99999, , ,99686      ,4,9,12,Valdez,18,18,8762980,0,0,0,0,0,0,0,0,0,18,18,8762980,0,0,0,0,0,0,0,0,0
201712,02,645000,170,3520,83080 ,00000 ,7831 ,999,11260, , ,99654      ,4,9,12,Wasilla,37,37,10748881,13,26,3880182,2,8,962608,1,36,3708936,37,37,10748881,13,26,3880182,2,8,962608,1,36,3708936
201712,02,653000,261,3550,84510 ,00000 ,220 ,999,99999, , ,996930608  ,4,9,0,Whittier,0,0,0,0,0,0,0,0,0,0,0,0,0,0,0,0,0,0,0,0,0,0,0,0
201712,02,657000,275,    ,86380 ,00000 ,2369 ,999,99999, , ,99929      ,4,9,12,Wrangell city and borough,3,3,612000,0,0,0,0,0,0,0,0,0,3,3,612000,0,0,0,0,0,0,0,0,0
201712,02,661000,282,3610,86490 ,00000 ,662 ,999,99999, , ,99689      ,4,9,11,Yakutat city and borough,2,2,30000,0,0,0,0,0,0,0,0,0,2,2,30000,0,0,0,0,0,0,0,0,0
201712,04,001000,001,    ,99990 ,00000 ,61192 ,999,99999, , ,85936      ,4,8,12,Apache County Unincorporated Area,37,37,8392136,0,0,0,0,0,0,0,0,0,37,37,8392136,0,0,0,0,0,0,0,0,0
201712,04,009000,021,0007,02830 ,00000 ,35546 ,999,38060,2, ,851192899  ,4,8,12,Apache Junction,38,38,5529964,0,0,0,1,4,420000,0,0,0,38,38,5529964,0,0,0,1,4,420000,0,0,0
201712,04,013000,013,0013,04720 ,00000 ,76238 ,999,38060, , ,85323      ,4,8,12,Avondale,252,252,61504524,0,0,0,0,0,0,0,0,0,252,252,61504524,0,0,0,0,0,0,0,0,0
201712,04,025000,013,0030,07940 ,00000 ,50876 ,999,38060, , ,85326      ,4,8,12,Buckeye,2195,2195,531669528,0,0,0,0,0,0,0,0,0,2195,2195,531669528,0,0,0,0,0,0,0,0,0
201712,04,029000,015,0031,08220 ,00000 ,39540 ,332,29420, , ,86442      ,4,8,12,Bullhead City,143,143,35351411,0,0,0,0,0,0,0,0,0,143,143,35351411,0,0,0,0,0,0,0,0,0
201712,04,037000,013,0039,10180 ,00000 ,3363 ,999,38060, , ,85377      ,4,8,12,Carefree town,33,33,10228980,0,0,0,0,0,0,0,0,0,33,33,10228980,0,0,0,0,0,0,0,0,0
201712,04,041000,021,0040,10530 ,00000 ,48571 ,999,38060, , ,85122      ,4,8,12,Casa Grande,114,114,27809746,0,0,0,0,0,0,0,0,0,114,114,27809746,0,0,0,0,0,0,0,0,0
201712,04,045000,013,0044,11300 ,00000 ,5015 ,999,38060, , ,85331      ,4,8,12,Cave Creek town,31,31,13459506,0,0,0,0,0,0,0,0,0,31,31,13459506,0,0,0,0,0,0,0,0,0
201712,04,049000,013,0050,12000 ,00000 ,236123 ,999,38060, , ,852444008  ,4,8,12,Chandler,616,616,214567474,15,30,5169826,12,47,9009485,44,1537,223680751,616,616,214567474,15,30,5169826,12,47,9009485,44,1537,223680751
201712,04,065000,003,    ,99990 ,00000 ,52410 ,999,43420, , ,85603      ,4,8,12,Cochise County Unincorporated Area,118,118,21001997,0,0,0,0,0,0,0,0,0,118,118,21001997,0,0,0,0,0,0,0,0,0
201712,04,069000,005,    ,99990 ,00000 ,54125 ,999,22380, , ,860019331  ,4,8,2,Coconino County Unincorporated Area,163,163,37217020,0,0,0,0,0,0,0,0,0,29,29,5370055,0,0,0,0,0,0,0,0,0
201712,04,077000,021,0067,15500 ,00000 ,11825 ,999,38060, , ,85228      ,4,8,12,Coolidge,11,11,1320000,0,0,0,0,0,0,0,0,0,11,11,1320000,0,0,0,0,0,0,0,0,0
201712,04,085000,003,0080,20050 ,00000 ,17378 ,999,43420, ,1,856072030  ,4,8,7,Douglas,4,4,318667,0,0,0,0,0,0,1,8,772130,1,1,75000,0,0,0,0,0,0,0,0,0
201712,04,097000,013,0100,22220 ,00000 ,31797 ,999,38060, , ,853352955  ,4,8,12,El Mirage,9,9,2466309,0,0,0,0,0,0,0,0,0,9,9,2466309,0,0,0,0,0,0,0,0,0
201712,04,101000,021,0105,22360 ,00000 ,16631 ,999,38060, , ,852312517  ,4,8,12,Eloy,117,117,21407428,0,0,0,0,0,0,0,0,0,117,117,21407428,0,0,0,0,0,0,0,0,0
201712,04,105000,005,0115,23620 ,00000 ,65870 ,999,22380, ,1,86001      ,4,8,12,Flagstaff,236,236,55630648,0,0,0,1,3,600000,3,260,53819000,236,236,55630648,0,0,0,1,3,600000,3,260,53819000
201712,04,109000,021,0120,23760 ,00000 ,25536 ,999,38060, , ,85132      ,4,8,11,Florence town,214,214,72655799,0,0,0,0,0,0,0,0,0,197,197,66978784,0,0,0,0,0,0,0,0,0
201712,04,113000,013,0124,25300 ,00000 ,22489 ,999,38060, , ,85268      ,4,8,12,Fountain Hills town,76,76,33531721,3,6,1232875,0,0,0,0,0,0,76,76,33531721,3,6,1232875,0,0,0,0,0,0
201712,04,117000,005,0125,25720 ,00000 ,1314 ,999,22380, , ,86022      ,4,8,12,Fredonia town,0,0,0,0,0,0,0,0,0,0,0,0,0,0,0,0,0,0,0,0,0,0,0,0
201712,04,121000,013,0129,27050 ,00000 ,1922 ,999,38060, , ,85337      ,4,8,12,Gila Bend town,0,0,0,0,0,0,0,0,0,0,0,0,0,0,0,0,0,0,0,0,0,0,0,0
201712,04,125000,007,    ,99990 ,00000 ,25602 ,999,99999, , ,85501      ,4,8,12,Gila County Unincorporated Area,61,61,10511256,0,0,0,0,0,0,0,0,0,61,61,10511256,0,0,0,0,0,0,0,0,0
201712,04,129000,013,0135,27400 ,00000 ,208453 ,999,38060, , ,85296      ,4,8,12,Gilbert town,1599,1599,277236792,0,0,0,0,0,0,22,110,11332860,1599,1599,277236792,0,0,0,0,0,0,22,110,11332860
201712,04,133000,013,0140,27820 ,00000 ,226721 ,999,38060, , ,85301      ,4,8,12,Glendale,172,172,47658545,0,0,0,0,0,0,31,471,103869700,172,172,47658545,0,0,0,0,0,0,31,471,103869700
201712,04,141000,013,0150,28380 ,00000 ,65275 ,999,38060, , ,85338      ,4,8,12,Goodyear,1095,1095,321265348,0,0,0,6,19,3290021,14,320,39290406,1095,1095,321265348,0,0,0,6,19,3290021,14,320,39290406
201712,04,145000,009,    ,99990 ,00000 ,20402 ,999,99999, , ,85546      ,4,8,12,Graham County Unincorporated Area,27,27,7592391,0,0,0,0,0,0,1,12,1116500,27,27,7592391,0,0,0,0,0,0,1,12,1116500
201712,04,153000,013,0158,30270 ,00000 ,5523 ,999,38060, , ,852832538  ,4,8,11,Guadalupe town,10,10,1484873,0,0,0,0,0,0,0,0,0,8,8,1096000,0,0,0,0,0,0,0,0,0
201712,04,157000,007,0160,32020 ,00000 ,662 ,999,99999,2, ,85135      ,4,8,12,Hayden town,0,0,0,0,0,0,0,0,0,0,0,0,0,0,0,0,0,0,0,0,0,0,0,0
201712,04,181000,015,0185,37620 ,00000 ,28068 ,332,29420, ,1,86401      ,4,8,12,Kingman,274,274,45775934,6,12,906727,0,0,0,0,0,0,274,274,45775934,6,12,906727,0,0,0,0,0,0
201712,04,189000,015,0188,39370 ,00000 ,52527 ,332,29420, ,1,86403      ,4,8,12,Lake Havasu City,329,329,67314803,3,6,618998,2,6,227328,0,0,0,329,329,67314803,3,6,618998,2,6,227328,0,0,0
201712,04,193000,013,0196,41330 ,00000 ,5476 ,999,38060, , ,85340      ,4,8,9,Litchfield Park,93,93,28664991,0,0,0,1,3,655580,0,0,0,67,67,19755767,0,0,0,1,3,655580,0,0,0
201712,04,201000,019,0210,44270 ,00000 ,34961 ,536,46060,2, ,85653      ,4,8,10,Marana town,769,769,229206330,0,0,0,0,0,0,0,0,0,664,664,197330539,0,0,0,0,0,0,0,0,0
201712,04,205000,013,    ,99990 ,00000 ,284404 ,999,38060, , ,85008      ,4,8,12,Maricopa County Unincorporated Area,1100,1100,265765372,0,0,0,0,0,0,0,0,0,1100,1100,265765372,0,0,0,0,0,0,0,0,0
201712,04,205100,021,0212,44410 ,00000 ,43482 ,999,38060, , ,85238      ,4,8,12,Maricopa,844,844,203524136,0,0,0,0,0,0,0,0,0,844,844,203524136,0,0,0,0,0,0,0,0,0
201712,04,209000,013,0215,46000 ,00000 ,439041 ,999,38060, ,1,852111466  ,4,8,12,Mesa,2251,2251,666292756,2,4,572948,1,4,648075,53,755,107426373,2251,2251,666292756,2,4,572948,1,4,648075,53,755,107426373
201712,04,217000,015,    ,99990 ,00000 ,75230 ,332,29420, , ,864027000  ,4,8,12,Mohave County Unincorporated Area,143,143,39170857,0,0,0,0,0,0,0,0,0,143,143,39170857,0,0,0,0,0,0,0,0,0
201712,04,221000,017,    ,99990 ,00000 ,68097 ,999,99999, , ,85901      ,4,8,0,Navajo County Unincorporated Area,126,126,20187941,0,0,0,0,0,0,0,0,0,0,0,0,0,0,0,0,0,0,0,0,0
201712,04,229000,019,0238,51600 ,00000 ,41011 ,536,46060, , ,85737      ,4,8,2,Oro Valley town,217,217,87611599,0,0,0,0,0,0,0,0,0,54,54,14805369,0,0,0,0,0,0,0,0,0
201712,04,237000,013,0242,52930 ,00000 ,12820 ,999,38060, , ,852534328  ,4,8,7,Paradise Valley town,85,85,96146122,0,0,0,5,18,7870776,4,20,3024888,48,48,56749430,0,0,0,3,12,4775332,0,0,0
201712,04,249000,007,0252,53700 ,00000 ,15301 ,999,99999, , ,855414306  ,4,8,11,Payson town,82,82,23671160,2,4,762980,0,0,0,0,0,0,78,78,22615504,2,4,762980,0,0,0,0,0,0
201712,04,253000,013,0255,54050 ,00000 ,154058 ,999,38060,2, ,85345      ,4,8,12,Peoria,1731,1731,290007576,16,32,3366750,1,3,353345,28,625,51292699,1731,1731,290007576,16,32,3366750,1,3,353345,28,625,51292699
201712,04,257000,013,2650,55000 ,00000 ,1445632 ,999,38060, ,1,850031611  ,4,8,12,Phoenix,2906,2906,792311270,56,112,14221725,25,96,13660928,79,3692,489285237,2906,2906,792311270,56,112,14221725,25,96,13660928,79,3692,489285237
201712,04,261000,019,    ,99990 ,00000 ,353264 ,536,46060, , ,85701      ,4,8,12,Pima County Unincorporated Area,766,766,209812960,0,0,0,0,0,0,26,264,37536096,766,766,209812960,0,0,0,0,0,0,26,264,37536096
201712,04,269000,021,    ,99990 ,00000 ,187517 ,999,38060,2, ,85132      ,4,8,12,Pinal County Unincorporated Area,2133,2133,365439756,51,102,5985726,0,0,0,0,0,0,2133,2133,365439756,51,102,5985726,0,0,0,0,0,0
201712,04,277000,025,0280,57380 ,00000 ,39843 ,999,39140, ,1,86301      ,4,8,11,Prescott,329,329,107477170,5,10,1778767,0,0,0,0,0,0,298,298,97673861,4,8,1488059,0,0,0,0,0,0
201712,04,281000,025,0282,57450 ,00000 ,38822 ,999,39140, , ,863142275  ,4,8,12,Prescott Valley town,497,497,122649074,14,28,4116940,0,0,0,20,412,47446876,497,497,122649074,14,28,4116940,0,0,0,20,412,47446876
201712,04,289000,013,0284,58150 ,00000 ,25912 ,999,38060,2, ,852429311  ,4,8,12,Queen Creek town,1076,1076,336002157,0,0,0,0,0,0,0,0,0,1076,1076,336002157,0,0,0,0,0,0,0,0,0
201712,04,293000,009,0298,62000 ,00000 ,9566 ,999,99999, , ,85548      ,4,8,12,Safford,19,19,1940000,0,0,0,0,0,0,0,0,0,19,19,1940000,0,0,0,0,0,0,0,0,0
201712,04,294000,019,0303,62140 ,00000 ,25259 ,536,46060, , ,85629      ,4,8,11,Sahuarita town,287,287,75561849,0,0,0,0,0,0,0,0,0,264,264,69115093,0,0,0,0,0,0,0,0,0
201712,04,297000,027,0321,63470 ,00000 ,25505 ,999,49740, , ,85349      ,4,8,12,San Luis,248,248,32902501,0,0,0,0,0,0,0,0,0,248,248,32902501,0,0,0,0,0,0,0,0,0
201712,04,301000,023,    ,99990 ,00000 ,25670 ,999,99999, , ,856481090  ,4,8,12,Santa Cruz County Unincorporated Area,87,87,19771248,0,0,0,0,0,0,0,0,0,87,87,19771248,0,0,0,0,0,0,0,0,0
201712,04,305000,013,0327,65000 ,00000 ,217385 ,999,38060, ,1,85251      ,4,8,12,Scottsdale,671,671,186971917,0,0,0,2,6,1355704,8,311,38401879,671,671,186971917,0,0,0,2,6,1355704,8,311,38401879
201712,04,317000,017,0337,66470 ,00000 ,10660 ,999,99999, , ,85901      ,4,8,12,Show Low,99,99,21291368,0,0,0,0,0,0,2,14,818384,99,99,21291368,0,0,0,0,0,0,2,14,818384
201712,04,321000,003,0338,66820 ,00000 ,43888 ,999,43420, ,1,85635      ,4,8,12,Sierra Vista,63,63,10629415,0,0,0,0,0,0,0,0,0,63,63,10629415,0,0,0,0,0,0,0,0,0
201712,04,329000,027,0342,68080 ,00000 ,14287 ,999,49740, , ,85350      ,4,8,11,Somerton,111,111,20788645,1,2,244772,0,0,0,0,0,0,101,101,19457989,1,2,244772,0,0,0,0,0,0
201712,04,333000,019,0344,68850 ,00000 ,5652 ,536,46060, , ,857132803  ,4,8,4,South Tucson,0,0,0,0,0,0,0,0,0,0,0,0,0,0,0,0,0,0,0,0,0,0,0,0
201712,04,349000,013,0361,71510 ,00000 ,117517 ,999,38060, , ,85374      ,4,8,12,Surprise,816,816,245528159,0,0,0,0,0,0,1,135,19895723,816,816,245528159,0,0,0,0,0,0,1,135,19895723
201712,04,353000,017,0366,72420 ,00000 ,4112 ,999,99999, , ,85939      ,4,8,0,Taylor town,4,4,719948,0,0,0,0,0,0,0,0,0,0,0,0,0,0,0,0,0,0,0,0,0
201712,04,357000,013,0368,73000 ,00000 ,161719 ,999,38060, ,1,85281      ,4,8,12,Tempe,72,72,14725359,7,14,1685000,0,0,0,3,622,100333639,72,72,14725359,7,14,1685000,0,0,0,3,622,100333639
201712,04,365000,013,0372,74190 ,00000 ,6545 ,999,38060, , ,85353      ,4,8,12,Tolleson,5,5,912016,0,0,0,0,0,0,0,0,0,5,5,912016,0,0,0,0,0,0,0,0,0
201712,04,373000,019,0385,77000 ,00000 ,520116 ,536,46060, ,1,85726      ,4,8,0,Tucson,719,719,172817042,4,8,1369461,0,0,0,10,76,10233669,0,0,0,0,0,0,0,0,0,0,0,0
201712,04,381000,013,0397,82740 ,00000 ,6363 ,999,38060,2, ,85390      ,4,8,12,Wickenburg town,186,186,53539383,0,0,0,1,4,575000,0,0,0,186,186,53539383,0,0,0,1,4,575000,0,0,0
201712,04,401000,025,    ,99990 ,00000 ,83782 ,999,39140, , ,86305      ,4,8,12,Yavapai County Unincorporated Area,374,374,91465359,1,2,246333,0,0,0,0,0,0,374,374,91465359,1,2,246333,0,0,0,0,0,0
201712,04,405000,013,0416,85400 ,00000 ,6156 ,999,38060, , ,853631212  ,4,8,12,Youngtown town,0,0,0,0,0,0,0,0,0,0,0,0,0,0,0,0,0,0,0,0,0,0,0,0
201712,04,409000,027,0420,85540 ,00000 ,93064 ,999,49740, ,1,85366      ,4,8,12,Yuma,522,522,92776010,0,0,0,6,24,3117560,8,68,8985910,522,522,92776010,0,0,0,6,24,3117560,8,68,8985910
201712,04,413000,027,    ,99990 ,00000 ,60013 ,999,49740, , ,85364      ,4,8,12,Yuma County Unincorporated Area,111,111,14571752,0,0,0,0,0,0,0,0,0,111,111,14571752,0,0,0,0,0,0,0,0,0
201712,06,001000,071,0003,00296 ,00000 ,31765 ,348,40140, , ,92301      ,4,9,12,Adelanto,90,90,13943503,0,0,0,0,0,0,0,0,0,90,90,13943503,0,0,0,0,0,0,0,0,0
201712,06,002000,037,0007,00394 ,00000 ,20330 ,348,31080, , ,91301      ,4,9,12,Agoura Hills,3,3,1785480,0,0,0,0,0,0,0,0,0,3,3,1785480,0,0,0,0,0,0,0,0,0
201712,06,003000,001,0010,00562 ,00000 ,73812 ,488,41860, , ,94501      ,4,9,12,Alameda,46,46,10775993,0,0,0,0,0,0,1,10,1073028,46,46,10775993,0,0,0,0,0,0,1,10,1073028
201712,06,004000,001,    ,99990 ,00000 ,141266 ,488,41860, , ,94544      ,4,9,12,Alameda County Unincorporated Area,33,33,17589923,0,0,0,3,12,3387223,7,41,11161256,33,33,17589923,0,0,0,3,12,3387223,7,41,11161256
201712,06,005000,001,0020,00674 ,00000 ,18539 ,488,41860, , ,94706      ,4,9,12,Albany,9,9,1107789,0,0,0,0,0,0,0,0,0,9,9,1107789,0,0,0,0,0,0,0,0,0
201712,06,006000,037,0025,00884 ,00000 ,83089 ,348,31080, , ,91801      ,4,9,12,Alhambra,50,50,14939000,4,8,1034000,0,0,0,2,20,4152000,50,50,14939000,4,8,1034000,0,0,0,2,20,4152000
201712,06,006200,059,0027,00947 ,00000 ,47823 ,348,31080, , ,92656      ,4,9,10,Aliso Viejo,0,0,0,0,0,0,0,0,0,5,286,51030112,0,0,0,0,0,0,0,0,0,3,250,46689507
201712,06,011000,059,0070,02000 ,00000 ,336265 ,348,31080, ,1,92803      ,4,9,11,Anaheim,72,72,16322019,1,2,200000,1,3,400000,22,832,114480438,57,57,12230772,0,0,0,1,3,400000,20,739,102123070
201712,06,014000,013,0085,02252 ,00000 ,102372 ,488,41860, , ,94531      ,4,9,12,Antioch,45,45,16326552,0,0,0,0,0,0,0,0,0,45,45,16326552,0,0,0,0,0,0,0,0,0
201712,06,015000,071,0090,02364 ,00000 ,69135 ,348,40140, , ,92307      ,4,9,12,Apple Valley town,237,237,33225039,0,0,0,0,0,0,0,0,0,237,237,33225039,0,0,0,0,0,0,0,0,0
201712,06,016000,037,0246,02462 ,00000 ,56364 ,348,31080, ,1,91007      ,4,9,10,Arcadia,95,95,58150825,2,4,858021,6,21,4568050,10,127,20313745,82,82,52543660,2,4,858021,6,21,4568050,5,91,17152714
201712,06,019000,037,0135,02896 ,00000 ,16522 ,348,31080, , ,90701      ,4,9,12,Artesia,7,7,2975000,0,0,0,0,0,0,0,0,0,7,7,2975000,0,0,0,0,0,0,0,0,0
201712,06,022000,081,0150,03092 ,00000 ,6914 ,488,41860, , ,94027      ,4,9,12,Atherton town,30,30,118367085,0,0,0,0,0,0,0,0,0,30,30,118367085,0,0,0,0,0,0,0,0,0
201712,06,024000,061,0160,03204 ,00000 ,13330 ,472,40900, , ,95603      ,4,9,12,Auburn,40,40,13055402,8,16,2274838,0,0,0,1,8,1170802,40,40,13055402,8,16,2274838,0,0,0,1,8,1170802
201712,06,025000,037,0165,03274 ,00000 ,3728 ,348,31080, , ,90704      ,4,9,12,Avalon,0,0,0,0,0,0,0,0,0,0,0,0,0,0,0,0,0,0,0,0,0,0,0,0
201712,06,027000,037,0378,03386 ,00000 ,46361 ,348,31080, , ,917022514  ,4,9,4,Azusa,76,76,35347427,0,0,0,1,4,929922,8,43,12374658,18,18,5561632,0,0,0,1,4,929922,2,12,3767744
201712,06,028000,029,0180,03526 ,00000 ,347483 ,999,12540, ,1,93301      ,4,9,3,Bakersfield,1542,1542,417968100,46,92,10884403,1,3,357237,0,0,0,375,375,104743112,0,0,0,0,0,0,0,0,0
201712,06,029000,037,0185,03666 ,00000 ,75390 ,348,31080, , ,91706      ,4,9,12,Baldwin Park,57,57,11656465,0,0,0,0,0,0,0,0,0,57,57,11656465,0,0,0,0,0,0,0,0,0
201712,06,030000,065,0190,03820 ,00000 ,29603 ,348,40140, , ,92220      ,4,9,12,Banning,2,2,390000,0,0,0,0,0,0,0,0,0,2,2,390000,0,0,0,0,0,0,0,0,0
201712,06,031000,071,0414,04030 ,00000 ,22639 ,348,40140, , ,92311      ,4,9,11,Barstow,7,7,789497,0,0,0,0,0,0,0,0,0,2,2,280000,0,0,0,0,0,0,0,0,0
201712,06,032000,065,0205,04758 ,00000 ,36877 ,348,40140, , ,92223      ,4,9,12,Beaumont,741,741,124826194,1,2,265080,0,0,0,0,0,0,741,741,124826194,1,2,265080,0,0,0,0,0,0
201712,06,033000,037,0210,04870 ,00000 ,35477 ,348,31080, , ,90201      ,4,9,0,Bell,0,0,0,0,0,0,0,0,0,0,0,0,0,0,0,0,0,0,0,0,0,0,0,0
201712,06,034000,037,0220,04996 ,00000 ,42072 ,348,31080, , ,902013253  ,4,9,11,Bell Gardens,9,9,2140352,0,0,0,0,0,0,0,0,0,8,8,1994867,0,0,0,0,0,0,0,0,0
201712,06,035000,037,0215,04982 ,00000 ,76616 ,348,31080, , ,907065494  ,4,9,12,Bellflower,30,30,6582420,0,0,0,1,4,870000,4,28,5401000,30,30,6582420,0,0,0,1,4,870000,4,28,5401000
201712,06,036000,081,0225,05108 ,00000 ,25835 ,488,41860, , ,94002      ,4,9,12,Belmont,7,7,3359100,0,0,0,0,0,0,1,62,15959000,7,7,3359100,0,0,0,0,0,0,1,62,15959000
201712,06,037000,041,0230,05164 ,00000 ,2068 ,488,41860, , ,94920      ,4,9,0,Belvedere,2,2,3721950,0,0,0,0,0,0,0,0,0,0,0,0,0,0,0,0,0,0,0,0,0
201712,06,038000,095,0235,05290 ,00000 ,26997 ,488,46700, , ,94510      ,4,9,12,Benicia,4,4,1355036,0,0,0,0,0,0,0,0,0,4,4,1355036,0,0,0,0,0,0,0,0,0
201712,06,039000,001,0245,06000 ,00000 ,112580 ,488,41860, ,1,94704      ,4,9,2,Berkeley,36,36,8414350,0,0,0,0,0,0,13,275,41381171,23,23,4544000,0,0,0,0,0,0,0,0,0
201712,06,040000,037,0250,06308 ,00000 ,34109 ,348,31080, , ,90210      ,4,9,11,Beverly Hills,48,48,136006708,0,0,0,0,0,0,1,16,11000000,45,45,128997000,0,0,0,0,0,0,1,16,11000000
201712,06,041000,071,0255,06434 ,00000 ,5019 ,348,40140, , ,923158900  ,4,9,12,Big Bear Lake,36,36,12164999,0,0,0,0,0,0,0,0,0,36,36,12164999,0,0,0,0,0,0,0,0,0
201712,06,043000,027,0275,06798 ,00000 ,3879 ,999,99999, , ,93514      ,4,9,12,Bishop,1,1,47500,0,0,0,0,0,0,0,0,0,1,1,47500,0,0,0,0,0,0,0,0,0
201712,06,045000,065,0290,07218 ,00000 ,20817 ,348,40140, , ,92225      ,4,9,12,Blythe,5,5,1079813,0,0,0,0,0,0,0,0,0,5,5,1079813,0,0,0,0,0,0,0,0,0
201712,06,046000,037,0315,07946 ,00000 ,1048 ,348,31080, , ,91008      ,4,9,12,Bradbury,2,2,4052083,0,0,0,0,0,0,0,0,0,2,2,4052083,0,0,0,0,0,0,0,0,0
201712,06,048000,059,0325,08100 ,00000 ,39282 ,348,31080, , ,92621      ,4,9,11,Brea,147,147,37034631,0,0,0,3,12,2396700,17,328,57875043,134,134,33751816,0,0,0,3,12,2396700,16,323,56754795
201712,06,049000,013,0327,08142 ,00000 ,51481 ,488,41860, , ,94513      ,4,9,12,Brentwood,506,506,112850143,0,0,0,0,0,0,0,0,0,506,506,112850143,0,0,0,0,0,0,0,0,0
201712,06,050000,081,0330,08310 ,00000 ,4282 ,488,41860, , ,94005      ,4,9,12,Brisbane,2,2,610000,0,0,0,1,3,925000,0,0,0,2,2,610000,0,0,0,1,3,925000,0,0,0
201712,06,051000,059,0335,08786 ,00000 ,80530 ,348,31080, , ,90620      ,4,9,12,Buena Park,54,54,12964126,0,0,0,0,0,0,2,12,2620059,54,54,12964126,0,0,0,0,0,0,2,12,2620059
201712,06,052000,037,0340,08954 ,00000 ,103340 ,348,31080, ,1,915021232  ,4,9,12,Burbank,17,17,4205000,0,0,0,0,0,0,0,0,0,17,17,4205000,0,0,0,0,0,0,0,0,0
201712,06,053000,081,0345,09066 ,00000 ,28806 ,488,41860, , ,94010      ,4,9,12,Burlingame,12,12,9652300,0,0,0,0,0,0,0,0,0,12,12,9652300,0,0,0,0,0,0,0,0,0
201712,06,054500,037,0362,09598 ,00000 ,23058 ,348,31080, , ,91302      ,4,9,12,Calabasas,7,7,14138477,0,0,0,0,0,0,0,0,0,7,7,14138477,0,0,0,0,0,0,0,0,0
201712,06,058000,065,0368,09864 ,00000 ,7879 ,348,40140, , ,92320      ,4,9,11,Calimesa,53,53,18037391,0,0,0,0,0,0,0,0,0,43,43,14674725,0,0,0,0,0,0,0,0,0
201712,06,061000,111,0379,10046 ,00000 ,65201 ,348,37100, ,1,93010      ,4,9,12,Camarillo,346,346,57149841,0,0,0,0,0,0,35,492,60309128,346,346,57149841,0,0,0,0,0,0,35,492,60309128
201712,06,062000,085,0390,10345 ,00000 ,39349 ,488,41940, , ,95008      ,4,9,12,Campbell,46,46,13848638,0,0,0,0,0,0,1,16,1862183,46,46,13848638,0,0,0,0,0,0,1,16,1862183
201712,06,062500,065,0397,10928 ,00000 ,10561 ,348,40140, , ,92587      ,4,9,12,Canyon Lake,14,14,5501660,0,0,0,0,0,0,0,0,0,14,14,5501660,0,0,0,0,0,0,0,0,0
201712,06,064000,073,0405,11194 ,00000 ,105328 ,999,41740, ,1,920087314  ,4,9,12,Carlsbad,343,343,127040764,4,8,2288288,13,40,4008060,12,327,50966828,343,343,127040764,4,8,2288288,13,40,4008060,12,327,50966828
201712,06,067000,037,0440,11530 ,00000 ,91714 ,348,31080, ,1,918021460  ,4,9,12,Carson,20,20,6133320,1,2,61000,0,0,0,0,0,0,20,20,6133320,1,2,61000,0,0,0,0,0,0
201712,06,068000,065,0465,12048 ,00000 ,51200 ,348,40140, , ,92234      ,4,9,12,Cathedral City,85,85,23288913,0,0,0,0,0,0,0,0,0,85,85,23288913,0,0,0,0,0,0,0,0,0
201712,06,070000,037,0487,12552 ,00000 ,49041 ,348,31080, , ,90703      ,4,9,12,Cerritos,0,0,0,0,0,0,0,0,0,0,0,0,0,0,0,0,0,0,0,0,0,0,0,0
201712,06,071000,007,0500,13014 ,00000 ,86187 ,999,17020, ,1,95927      ,4,9,12,Chico,273,273,55783615,4,8,1114568,0,0,0,16,355,44104327,273,273,55783615,4,8,1114568,0,0,0,16,355,44104327
201712,06,072000,071,0510,13210 ,00000 ,77983 ,348,40140, ,1,91710      ,4,9,11,Chino,590,590,159149337,0,0,0,0,0,0,1,17,2190120,558,558,149070342,0,0,0,0,0,0,0,0,0
201712,06,072500,071,0511,13214 ,00000 ,74799 ,348,40140, , ,917095442  ,4,9,12,Chino Hills,377,377,103283373,62,124,21769000,8,32,3768000,31,500,77840000,377,377,103283373,62,124,21769000,8,32,3768000,31,500,77840000
201712,06,074000,073,0525,13392 ,00000 ,243916 ,999,41740, , ,91910      ,4,9,12,Chula Vista,524,524,172956437,23,46,10773023,50,154,30428497,48,293,50433943,524,524,172956437,23,46,10773023,50,154,30428497,48,293,50433943
201712,06,074500,067,0530,13588 ,00000 ,83301 ,472,40900, , ,95621      ,4,9,2,Citrus Heights,19,19,4538456,0,0,0,0,0,0,0,0,0,2,2,529733,0,0,0,0,0,0,0,0,0
201712,06,075000,037,0535,13756 ,00000 ,34926 ,348,31080, , ,91711      ,4,9,12,Claremont,39,39,11926679,0,0,0,0,0,0,3,292,24874048,39,39,11926679,0,0,0,0,0,0,3,292,24874048
201712,06,079000,019,0550,14218 ,00000 ,95631 ,260,23420, , ,93612      ,4,9,12,Clovis,766,766,211254636,0,0,0,0,0,0,22,226,27066476,766,766,211254636,0,0,0,0,0,0,22,226,27066476
201712,06,080000,065,0555,14260 ,00000 ,40704 ,348,40140, , ,92236      ,4,9,12,Coachella,2,2,380764,0,0,0,0,0,0,6,80,6830298,2,2,380764,0,0,0,0,0,0,6,80,6830298
201712,06,081000,019,0560,14274 ,00000 ,13380 ,260,23420, , ,93210      ,4,9,6,Coalinga,20,20,3562631,0,0,0,0,0,0,0,0,0,19,19,3457631,0,0,0,0,0,0,0,0,0
201712,06,082000,061,0565,14498 ,00000 ,1963 ,472,40900, , ,95713      ,4,9,11,Colfax,0,0,0,0,0,0,0,0,0,0,0,0,0,0,0,0,0,0,0,0,0,0,0,0
201712,06,083000,081,0575,14736 ,00000 ,1792 ,488,41860, , ,94014      ,4,9,12,Colma town,6,6,3000000,0,0,0,0,0,0,0,0,0,6,6,3000000,0,0,0,0,0,0,0,0,0
201712,06,084000,071,0580,14890 ,00000 ,52154 ,348,40140, , ,92324      ,4,9,11,Colton,17,17,3133664,0,0,0,0,0,0,0,0,0,17,17,3133664,0,0,0,0,0,0,0,0,0
201712,06,087000,037,0587,14974 ,00000 ,12823 ,348,31080, , ,90040      ,4,9,8,Commerce,1,1,165000,0,0,0,0,0,0,0,0,0,1,1,165000,0,0,0,0,0,0,0,0,0
201712,06,088000,037,0590,15044 ,00000 ,96455 ,348,31080, , ,90220      ,4,9,11,Compton,5,5,1117012,3,6,914949,2,6,549643,0,0,0,2,2,380149,2,4,654858,1,3,180000,0,0,0
201712,06,089000,013,0595,16000 ,00000 ,122067 ,488,41860, , ,94519      ,4,9,12,Concord,69,69,12778771,3,6,1012500,0,0,0,0,0,0,69,69,12778771,3,6,1012500,0,0,0,0,0,0
201712,06,090000,013,    ,99990 ,00000 ,159785 ,488,41860,2, ,94553      ,4,9,12,Contra Costa County Unincorporated Area,615,615,283131739,1,2,744860,0,0,0,1,18,6813026,615,615,283131739,1,2,744860,0,0,0,1,18,6813026
201712,06,093000,065,0610,16350 ,00000 ,152374 ,348,40140, ,1,928822187  ,4,9,12,Corona,113,113,25806129,0,0,0,27,93,12771826,3,15,2081019,113,113,25806129,0,0,0,27,93,12771826,3,15,2081019
201712,06,094000,073,0615,16378 ,00000 ,18912 ,999,41740, , ,92118      ,4,9,12,Coronado,33,33,31834517,0,0,0,0,0,0,0,0,0,33,33,31834517,0,0,0,0,0,0,0,0,0
201712,06,095000,041,0620,16462 ,00000 ,9253 ,488,41860, , ,94925      ,4,9,0,Corte Madera town,0,0,0,0,0,0,0,0,0,0,0,0,0,0,0,0,0,0,0,0,0,0,0,0
201712,06,096000,059,0625,16532 ,00000 ,109960 ,348,31080, ,1,926261200  ,4,9,11,Costa Mesa,194,194,51501899,0,0,0,0,0,0,1,41,3099087,180,180,48607627,0,0,0,0,0,0,0,0,0
201712,06,098000,037,0635,16742 ,00000 ,47796 ,348,31080, , ,91722      ,4,9,0,Covina,6,6,1690002,0,0,0,0,0,0,0,0,0,0,0,0,0,0,0,0,0,0,0,0,0
201712,06,100000,037,0658,17498 ,00000 ,23805 ,348,31080, , ,90201      ,4,9,2,Cudahy,1,1,217000,0,0,0,0,0,0,0,0,0,0,0,0,0,0,0,0,0,0,0,0,0
201712,06,101000,037,0665,17568 ,00000 ,38883 ,348,31080, , ,90232      ,4,9,12,Culver City,47,47,11571495,0,0,0,1,4,1100000,2,134,34761054,47,47,11571495,0,0,0,1,4,1100000,2,134,34761054
201712,06,102000,085,0670,17610 ,00000 ,58302 ,488,41940, ,1,95014      ,4,9,11,Cupertino,55,55,24550259,0,0,0,0,0,0,1,15,1700000,50,50,22645240,0,0,0,0,0,0,1,15,1700000
201712,06,103000,059,0685,17750 ,00000 ,47802 ,348,31080, , ,90630      ,4,9,2,Cypress,128,128,29162129,0,0,0,0,0,0,0,0,0,12,12,2290326,0,0,0,0,0,0,0,0,0
201712,06,104000,081,0700,17918 ,00000 ,101123 ,488,41860, , ,94015      ,4,9,12,Daly City,20,20,7359242,1,2,714572,0,0,0,1,206,19249711,20,20,7359242,1,2,714572,0,0,0,1,206,19249711
201712,06,105000,059,0705,17946 ,00000 ,33351 ,348,31080, , ,92629      ,4,9,12,Dana Point,41,41,46987928,0,0,0,0,0,0,2,14,7504743,41,41,46987928,0,0,0,0,0,0,2,14,7504743
201712,06,106000,013,0706,17988 ,00000 ,42039 ,488,41860, , ,94526      ,4,9,12,Danville town,16,16,12280702,0,0,0,0,0,0,0,0,0,16,16,12280702,0,0,0,0,0,0,0,0,0
201712,06,107000,113,0715,18100 ,00000 ,65622 ,472,40900, , ,95616      ,4,9,12,Davis,123,123,32143013,5,10,1679204,0,0,0,5,71,17336000,123,123,32143013,5,10,1679204,0,0,0,5,71,17336000
201712,06,108000,073,0735,18506 ,00000 ,4161 ,999,41740, , ,92075      ,4,9,12,Del Mar,10,10,7479536,1,2,885000,0,0,0,0,0,0,10,10,7479536,1,2,885000,0,0,0,0,0,0
201712,06,111000,029,0725,18394 ,00000 ,53041 ,999,12540, , ,93215      ,4,9,12,Delano,67,67,11530293,0,0,0,0,0,0,0,0,0,67,67,11530293,0,0,0,0,0,0,0,0,0
201712,06,112000,065,0765,18996 ,00000 ,25938 ,348,40140, , ,92240      ,4,9,11,Desert Hot Springs,37,37,8348535,0,0,0,0,0,0,0,0,0,34,34,7759947,0,0,0,0,0,0,0,0,0
201712,06,113000,037,0771,19192 ,00000 ,55544 ,348,31080, , ,91765      ,4,9,12,Diamond Bar,77,77,35149074,0,0,0,0,0,0,0,0,0,77,77,35149074,0,0,0,0,0,0,0,0,0
201712,06,114000,107,0775,19318 ,00000 ,21453 ,546,47300, , ,936181612  ,4,9,12,Dinuba,72,72,7692335,0,0,0,0,0,0,7,44,7914081,72,72,7692335,0,0,0,0,0,0,7,44,7914081
201712,06,118000,037,0795,19766 ,00000 ,111772 ,348,31080, , ,90241      ,4,9,12,Downey,138,138,37510042,0,0,0,0,0,0,1,6,1252541,138,138,37510042,0,0,0,0,0,0,1,6,1252541
201712,06,119000,037,0800,19990 ,00000 ,21321 ,348,31080, , ,91010      ,4,9,12,Duarte,0,0,0,0,0,0,0,0,0,0,0,0,0,0,0,0,0,0,0,0,0,0,0,0
201712,06,120000,001,0802,20018 ,00000 ,46036 ,488,41860, , ,94568      ,4,9,12,Dublin,966,966,352441666,6,12,3262486,9,33,9547770,27,186,60638405,966,966,352441666,6,12,3262486,9,33,9547770,27,186,60638405
201712,06,122000,081,0827,20956 ,00000 ,28155 ,488,41860, , ,94303      ,4,9,0,East Palo Alto,18,18,4998454,0,0,0,0,0,0,0,0,0,0,0,0,0,0,0,0,0,0,0,0,0
201712,06,123000,073,0850,21712 ,00000 ,99478 ,999,41740, , ,92020      ,4,9,11,El Cajon,58,58,14992417,0,0,0,0,0,0,0,0,0,49,49,13733492,0,0,0,0,0,0,0,0,0
201712,06,124000,025,0855,21782 ,00000 ,42598 ,999,20940, ,1,922444450  ,4,9,12,El Centro,6,6,895000,0,0,0,0,0,0,0,0,0,6,6,895000,0,0,0,0,0,0,0,0,0
201712,06,125000,013,0860,21796 ,00000 ,23549 ,488,41860, , ,94530      ,4,9,10,El Cerrito,5,5,3425000,0,0,0,0,0,0,1,63,12700000,4,4,2775000,0,0,0,0,0,0,1,63,12700000
201712,06,126000,017,    ,99990 ,00000 ,149266 ,472,40900, , ,95667      ,4,9,12,El Dorado County Unincorporated Area,753,753,290770407,0,0,0,0,0,0,0,0,0,753,753,290770407,0,0,0,0,0,0,0,0,0
201712,06,127000,037,0880,22230 ,00000 ,113475 ,348,31080, , ,917313293  ,4,9,12,El Monte,23,23,5026282,1,2,473440,2,8,1481994,20,145,28873545,23,23,5026282,1,2,473440,2,8,1481994,20,145,28873545
201712,06,128000,037,0895,22412 ,00000 ,16654 ,348,31080, , ,90245      ,4,9,12,El Segundo,25,25,22961477,0,0,0,1,3,900000,0,0,0,25,25,22961477,0,0,0,1,3,900000,0,0,0
201712,06,128500,067,0870,22020 ,00000 ,153015 ,472,40900, , ,95758      ,4,9,12,Elk Grove,402,402,75250351,0,0,0,0,0,0,0,0,0,402,402,75250351,0,0,0,0,0,0,0,0,0
201712,06,129000,001,0910,22594 ,00000 ,10080 ,488,41860, , ,94608      ,4,9,12,Emeryville,2,2,623029,0,0,0,0,0,0,2,310,106142506,2,2,623029,0,0,0,0,0,0,2,310,106142506
201712,06,130000,073,0920,22678 ,00000 ,59518 ,999,41740, , ,920243633  ,4,9,12,Encinitas,115,115,32206560,0,0,0,0,0,0,0,0,0,115,115,32206560,0,0,0,0,0,0,0,0,0
201712,06,132000,073,0935,22804 ,00000 ,143911 ,999,41740, , ,92025      ,4,9,12,Escondido,235,235,65362962,0,0,0,0,0,0,16,224,17989580,235,235,65362962,0,0,0,0,0,0,16,224,17989580
201712,06,136000,041,0955,23168 ,00000 ,7441 ,488,41860, , ,94930      ,4,9,0,Fairfax town,2,2,1050000,0,0,0,0,0,0,0,0,0,0,0,0,0,0,0,0,0,0,0,0,0
201712,06,137000,095,0960,23182 ,00000 ,105321 ,488,46700, ,1,94533      ,4,9,12,Fairfield,268,268,72748070,0,0,0,0,0,0,0,0,0,268,268,72748070,0,0,0,0,0,0,0,0,0
201712,06,141000,019,1015,24134 ,00000 ,7549 ,260,23420, , ,93622      ,4,9,12,Firebaugh,1,1,104061,4,8,994632,0,0,0,0,0,0,1,1,104061,4,8,994632,0,0,0,0,0,0
201712,06,142000,067,2532,24638 ,00000 ,72203 ,472,40900, ,1,95630      ,4,9,12,Folsom,139,139,46270241,0,0,0,0,0,0,18,355,44567106,139,139,46270241,0,0,0,0,0,0,18,355,44567106
201712,06,143000,071,1030,24680 ,00000 ,196069 ,348,40140, , ,92335      ,4,9,12,Fontana,562,562,153900879,0,0,0,1,4,573017,10,97,10051029,562,562,153900879,0,0,0,1,4,573017,10,97,10051029
201712,06,147000,081,1062,25338 ,00000 ,30567 ,488,41860, , ,94404      ,4,9,12,Foster City,0,0,0,0,0,0,0,0,0,0,0,0,0,0,0,0,0,0,0,0,0,0,0,0
201712,06,148000,059,1065,25380 ,00000 ,55313 ,348,31080, ,1,92708      ,4,9,12,Fountain Valley,16,16,5033803,0,0,0,0,0,0,0,0,0,16,16,5033803,0,0,0,0,0,0,0,0,0
201712,06,149000,019,1070,25436 ,00000 ,5570 ,260,23420, , ,93625      ,4,9,12,Fowler,28,28,9548336,0,0,0,0,0,0,2,66,6391603,28,28,9548336,0,0,0,0,0,0,2,66,6391603
201712,06,150000,001,1080,26000 ,00000 ,214089 ,488,41860, , ,94538      ,4,9,11,Fremont,349,349,124294426,0,0,0,18,67,15886056,36,1321,282137358,312,312,110393444,0,0,0,17,63,14938543,35,1307,279107176
201712,06,151000,019,1090,27000 ,00000 ,494665 ,260,23420, ,1,937213604  ,4,9,11,Fresno,711,711,206434968,4,8,1273244,8,24,1735576,74,529,44106332,620,620,179816342,3,6,1041688,6,18,745932,72,510,42667630
201712,06,152000,019,    ,99990 ,00000 ,171705 ,260,23420, , ,93721      ,4,9,12,Fresno County Unincorporated Area,142,142,45351729,0,0,0,0,0,0,0,0,0,142,142,45351729,0,0,0,0,0,0,0,0,0
201712,06,153000,059,1095,28000 ,00000 ,135161 ,348,31080, , ,92632      ,4,9,12,Fullerton,21,21,7519102,0,0,0,0,0,0,3,190,22372059,21,21,7519102,0,0,0,0,0,0,3,190,22372059
201712,06,154000,067,1100,28112 ,00000 ,23647 ,472,40900, , ,956322039  ,4,9,12,Galt,69,69,20425511,0,0,0,0,0,0,0,0,0,69,69,20425511,0,0,0,0,0,0,0,0,0
201712,06,155000,059,1110,29000 ,00000 ,170883 ,348,31080, , ,92840      ,4,9,12,Garden Grove,11,11,2769800,0,0,0,0,0,0,0,0,0,11,11,2769800,0,0,0,0,0,0,0,0,0
201712,06,156000,037,1105,28168 ,00000 ,58829 ,348,31080, ,1,90247      ,4,9,12,Gardena,45,45,9118960,0,0,0,1,4,761160,0,0,0,45,45,9118960,0,0,0,1,4,761160,0,0,0
201712,06,157000,085,1115,29504 ,00000 ,48821 ,488,41940, , ,950206141  ,4,9,12,Gilroy,244,244,93153010,0,0,0,0,0,0,10,274,29682440,244,244,93153010,0,0,0,0,0,0,10,274,29682440
201712,06,158000,037,2790,30000 ,00000 ,191719 ,348,31080, ,1,91206      ,4,9,11,Glendale,7,7,2306006,3,6,1444000,11,33,8242877,7,274,37411034,6,6,1887000,3,6,1444000,11,33,8242877,6,178,26101231
201712,06,159000,037,1135,30014 ,00000 ,50073 ,348,31080, , ,91741      ,4,9,12,Glendora,101,101,28788325,0,0,0,0,0,0,0,0,0,101,101,28788325,0,0,0,0,0,0,0,0,0
201712,06,161000,053,1143,30392 ,00000 ,8187 ,999,41500, , ,93926      ,4,9,12,Gonzales,0,0,0,0,0,0,0,0,0,0,0,0,0,0,0,0,0,0,0,0,0,0,0,0
201712,06,162000,071,1147,30658 ,00000 ,12040 ,348,40140, , ,923135295  ,4,9,12,Grand Terrace,12,12,2547790,0,0,0,0,0,0,0,0,0,12,12,2547790,0,0,0,0,0,0,0,0,0
201712,06,164000,053,1160,30994 ,00000 ,16330 ,999,41500, , ,93927      ,4,9,6,Greenfield,6,6,1231312,0,0,0,0,0,0,0,0,0,3,3,642583,0,0,0,0,0,0,0,0,0
201712,06,169000,081,1195,31708 ,00000 ,11324 ,488,41860, , ,94019      ,4,9,0,Half Moon Bay,18,18,6574306,3,6,1500000,0,0,0,10,50,6545620,0,0,0,0,0,0,0,0,0,0,0,0
201712,06,171000,037,1217,32506 ,00000 ,14254 ,348,31080, , ,90716      ,4,9,12,Hawaiian Gardens,3,3,568250,1,2,274746,0,0,0,0,0,0,3,3,568250,1,2,274746,0,0,0,0,0,0
201712,06,172000,037,1220,32548 ,00000 ,84293 ,348,31080, , ,90250      ,4,9,7,Hawthorne,12,12,2135971,0,0,0,2,7,1063415,1,5,369672,12,12,2135971,0,0,0,2,7,1063415,0,0,0
201712,06,173000,001,1225,33000 ,00000 ,144186 ,488,41860, ,1,94541      ,4,9,12,Hayward,393,393,135322762,0,0,0,0,0,0,0,0,0,393,393,135322762,0,0,0,0,0,0,0,0,0
201712,06,174000,097,1230,33056 ,00000 ,11254 ,488,42220, , ,95448      ,4,9,5,Healdsburg,18,18,5602114,0,0,0,0,0,0,0,0,0,0,0,0,0,0,0,0,0,0,0,0,0
201712,06,175000,065,1235,33182 ,00000 ,78657 ,348,40140, , ,92343      ,4,9,12,Hemet,5,5,1000000,0,0,0,0,0,0,0,0,0,5,5,1000000,0,0,0,0,0,0,0,0,0
201712,06,176000,013,1245,33308 ,00000 ,24060 ,488,41860, , ,94547      ,4,9,12,Hercules,41,41,13620000,0,0,0,0,0,0,0,0,0,41,41,13620000,0,0,0,0,0,0,0,0,0
201712,06,177000,037,1246,33364 ,00000 ,19506 ,348,31080, , ,90254      ,4,9,12,Hermosa Beach,34,34,19505485,0,0,0,0,0,0,0,0,0,34,34,19505485,0,0,0,0,0,0,0,0,0
201712,06,178000,071,1247,33434 ,00000 ,90173 ,348,40140, , ,923453493  ,4,9,12,Hesperia,242,242,52398144,0,0,0,0,0,0,4,96,8074572,242,242,52398144,0,0,0,0,0,0,4,96,8074572
201712,06,179000,037,1252,33518 ,00000 ,1856 ,348,31080, , ,91302      ,4,9,12,Hidden Hills,5,5,9222745,0,0,0,0,0,0,0,0,0,5,5,9222745,0,0,0,0,0,0,0,0,0
201712,06,180000,071,1260,33588 ,00000 ,53104 ,348,40140, , ,92346      ,4,9,12,Highland,67,67,18017319,0,0,0,0,0,0,0,0,0,67,67,18017319,0,0,0,0,0,0,0,0,0
201712,06,181000,081,1265,33798 ,00000 ,10825 ,488,41860, , ,94010      ,4,9,12,Hillsborough town,15,15,20201375,0,0,0,0,0,0,0,0,0,15,15,20201375,0,0,0,0,0,0,0,0,0
201712,06,182000,069,1270,34120 ,00000 ,34928 ,488,41940, , ,95023      ,4,9,10,Hollister,539,539,130217347,1,2,323509,0,0,0,0,0,0,498,498,120026203,1,2,323509,0,0,0,0,0,0
201712,06,185000,023,    ,99990 ,00000 ,71916 ,999,99999, , ,95501      ,4,9,12,Humboldt County Unincorporated Area,116,116,19941776,0,0,0,1,4,409063,1,6,632209,116,116,19941776,0,0,0,1,4,409063,1,6,632209
201712,06,186000,059,1300,36000 ,00000 ,189992 ,348,31080, , ,92648      ,4,9,12,Huntington Beach,53,53,24948230,4,8,2306963,0,0,0,2,216,45348286,53,53,24948230,4,8,2306963,0,0,0,2,216,45348286
201712,06,187000,037,1305,36056 ,00000 ,58114 ,348,31080, , ,90255      ,4,9,12,Huntington Park,0,0,0,0,0,0,0,0,0,0,0,0,0,0,0,0,0,0,0,0,0,0,0,0
201712,06,188000,019,1310,36084 ,00000 ,6754 ,260,23420, , ,93234      ,4,9,12,Huron,1,1,50000,0,0,0,0,0,0,0,0,0,1,1,50000,0,0,0,0,0,0,0,0,0
201712,06,189000,025,1317,36280 ,00000 ,14758 ,999,20940,2, ,92251      ,4,9,12,Imperial,117,117,25474610,0,0,0,0,0,0,0,0,0,117,117,25474610,0,0,0,0,0,0,0,0,0
201712,06,190000,073,1320,36294 ,00000 ,26324 ,999,41740, , ,91932      ,4,9,10,Imperial Beach,23,23,3518097,3,6,653418,3,11,1728782,9,61,7941172,21,21,3151537,3,6,653418,3,11,1728782,9,61,7941172
201712,06,191000,025,    ,99990 ,00000 ,37778 ,999,20940,2, ,922432811  ,4,9,11,Imperial County Unincorporated Area,8,8,1281264,0,0,0,0,0,0,0,0,0,7,7,1096344,0,0,0,0,0,0,0,0,0
201712,06,192000,065,1327,36434 ,00000 ,4958 ,348,40140, , ,92260      ,4,9,12,Indian Wells,31,31,13093052,0,0,0,0,0,0,0,0,0,31,31,13093052,0,0,0,0,0,0,0,0,0
201712,06,193000,065,1330,36448 ,00000 ,76036 ,348,40140, , ,92201      ,4,9,12,Indio,350,350,67309652,4,8,669817,20,60,5325126,6,60,5325126,350,350,67309652,4,8,669817,20,60,5325126,6,60,5325126
201712,06,194000,037,1335,36490 ,00000 ,219 ,348,31080, , ,918021460  ,4,9,12,Industry,0,0,0,0,0,0,0,0,0,0,0,0,0,0,0,0,0,0,0,0,0,0,0,0
201712,06,195000,037,1340,36546 ,00000 ,109673 ,348,31080, , ,90301      ,4,9,10,Inglewood,11,11,2569640,1,2,418000,1,4,555000,1,5,1005714,1,1,167000,1,2,418000,1,4,555000,0,0,0
201712,06,198000,059,1347,36770 ,00000 ,212375 ,348,31080, ,1,92714      ,4,9,12,Irvine,1715,1715,469805885,48,96,23296229,78,254,54528481,66,1175,216802135,1715,1715,469805885,48,96,23296229,78,254,54528481,66,1175,216802135
201712,06,199000,037,1350,36826 ,00000 ,1422 ,348,31080, , ,91706      ,4,9,12,Irwindale,6,6,1351000,0,0,0,0,0,0,0,0,0,6,6,1351000,0,0,0,0,0,0,0,0,0
201712,06,200000,067,1355,36882 ,00000 ,804 ,472,40900, , ,95641      ,4,9,11,Isleton,0,0,0,0,0,0,0,0,0,0,0,0,0,0,0,0,0,0,0,0,0,0,0,0
201712,06,202000,019,1390,38226 ,00000 ,13544 ,260,23420, , ,93630      ,4,9,12,Kerman,41,41,6093234,0,0,0,0,0,0,0,0,0,41,41,6093234,0,0,0,0,0,0,0,0,0
201712,06,203000,029,    ,99990 ,00000 ,297932 ,999,12540, , ,93301      ,4,9,12,Kern County Unincorporated Area,293,293,44813402,1,2,165054,0,0,0,0,0,0,293,293,44813402,1,2,165054,0,0,0,0,0,0
201712,06,206000,019,1405,38562 ,00000 ,11382 ,260,23420, , ,936311908  ,4,9,9,Kingsburg,29,29,7658710,1,2,351864,0,0,0,0,0,0,15,15,3833289,0,0,0,0,0,0,0,0,0
201712,06,207000,037,1410,39003 ,00000 ,20246 ,348,31080, , ,910112137  ,4,9,12,La Canada Flintridge,13,13,13608840,0,0,0,0,0,0,0,0,0,13,13,13608840,0,0,0,0,0,0,0,0,0
201712,06,208000,059,1428,39290 ,00000 ,60239 ,348,31080, , ,90631      ,4,9,12,La Habra,111,111,23316942,0,0,0,0,0,0,0,0,0,111,111,23316942,0,0,0,0,0,0,0,0,0
201712,06,209000,037,1429,39304 ,00000 ,5325 ,348,31080, , ,90631      ,4,9,12,La Habra Heights,4,4,4801238,0,0,0,0,0,0,0,0,0,4,4,4801238,0,0,0,0,0,0,0,0,0
201712,06,210000,073,1460,40004 ,00000 ,57065 ,999,41740, , ,919425502  ,4,9,12,La Mesa,4,4,623735,0,0,0,0,0,0,0,0,0,4,4,623735,0,0,0,0,0,0,0,0,0
201712,06,211000,037,1462,40032 ,00000 ,48527 ,348,31080, , ,90638      ,4,9,12,La Mirada,31,31,15445370,0,0,0,0,0,0,0,0,0,31,31,15445370,0,0,0,0,0,0,0,0,0
201712,06,212000,059,1477,40256 ,00000 ,15568 ,348,31080, , ,90623      ,4,9,12,La Palma,0,0,0,0,0,0,0,0,0,0,0,0,0,0,0,0,0,0,0,0,0,0,0,0
201712,06,213000,037,1480,40340 ,00000 ,39816 ,348,31080, , ,917444719  ,4,9,12,La Puente,5,5,631519,0,0,0,0,0,0,0,0,0,5,5,631519,0,0,0,0,0,0,0,0,0
201712,06,214000,065,1482,40354 ,00000 ,37467 ,348,40140, , ,92253      ,4,9,12,La Quinta,113,113,32884313,0,0,0,0,0,0,0,0,0,113,113,32884313,0,0,0,0,0,0,0,0,0
201712,06,215000,037,1500,40830 ,00000 ,31063 ,348,31080, , ,91750      ,4,9,12,La Verne,25,25,12072000,0,0,0,0,0,0,0,0,0,25,25,12072000,0,0,0,0,0,0,0,0,0
201712,06,217000,059,1418,39178 ,00000 ,22723 ,348,31080, , ,92651      ,4,9,12,Laguna Beach,31,31,26270024,0,0,0,1,4,632427,0,0,0,31,31,26270024,0,0,0,1,4,632427,0,0,0
201712,06,217500,059,1419,39220 ,00000 ,30344 ,348,31080, , ,92653      ,4,9,12,Laguna Hills,0,0,0,0,0,0,0,0,0,0,0,0,0,0,0,0,0,0,0,0,0,0,0,0
201712,06,218000,059,1421,39248 ,00000 ,62979 ,348,31080, , ,92677      ,4,9,12,Laguna Niguel,2,2,2025000,0,0,0,0,0,0,1,233,61667093,2,2,2025000,0,0,0,0,0,0,1,233,61667093
201712,06,218500,059,1425,39259 ,00000 ,16192 ,348,31080, , ,92637      ,4,9,12,Laguna Woods,0,0,0,0,0,0,0,0,0,0,0,0,0,0,0,0,0,0,0,0,0,0,0,0
201712,06,220000,065,1438,39486 ,00000 ,51821 ,348,40140, , ,92330      ,4,9,11,Lake Elsinore,581,581,166671435,0,0,0,0,0,0,0,0,0,528,528,152171261,0,0,0,0,0,0,0,0,0
201712,06,220500,059,3714,39496 ,00000 ,77264 ,348,31080, , ,92630      ,4,9,12,Lake Forest,763,763,230225611,0,0,0,0,0,0,0,0,0,763,763,230225611,0,0,0,0,0,0,0,0,0
201712,06,222000,037,1459,39892 ,00000 ,80048 ,348,31080, , ,90712      ,4,9,11,Lakewood,4,4,1449000,0,0,0,1,4,291750,2,12,700780,4,4,1449000,0,0,0,1,4,291750,2,12,700780
201712,06,223000,037,1476,40130 ,00000 ,156633 ,348,31080, , ,93534      ,4,9,12,Lancaster,121,121,38855397,0,0,0,0,0,0,0,0,0,121,121,38855397,0,0,0,0,0,0,0,0,0
201712,06,224000,041,1485,40438 ,00000 ,11926 ,488,41860, , ,949392035  ,4,9,12,Larkspur,3,3,3128443,0,0,0,0,0,0,0,0,0,3,3,3128443,0,0,0,0,0,0,0,0,0
201712,06,226000,077,1490,40704 ,00000 ,18023 ,488,44700, , ,95330      ,4,9,12,Lathrop,276,276,85622700,0,0,0,0,0,0,0,0,0,276,276,85622700,0,0,0,0,0,0,0,0,0
201712,06,227000,037,1505,40886 ,00000 ,32769 ,348,31080, , ,90260      ,4,9,11,Lawndale,10,10,2085129,0,0,0,0,0,0,0,0,0,9,9,1916548,0,0,0,0,0,0,0,0,0
201712,06,228000,073,1512,41124 ,00000 ,25320 ,999,41740, , ,91945      ,4,9,12,Lemon Grove,14,14,3147122,0,0,0,4,12,475431,0,0,0,14,14,3147122,0,0,0,4,12,475431,0,0,0
201712,06,230000,061,1535,41474 ,00000 ,42819 ,472,40900, , ,95648      ,4,9,12,Lincoln,181,181,55378500,0,0,0,0,0,0,0,0,0,181,181,55378500,0,0,0,0,0,0,0,0,0
201712,06,233000,001,1570,41992 ,00000 ,80968 ,488,41860, , ,94550      ,4,9,12,Livermore,308,308,74131992,0,0,0,1,4,1011708,2,78,19891570,308,308,74131992,0,0,0,1,4,1011708,2,78,19891570
201712,06,234000,047,1575,42006 ,00000 ,13058 ,382,32900, , ,95334      ,4,9,11,Livingston,63,63,21095381,2,4,628541,0,0,0,0,0,0,60,60,20079165,2,4,628541,0,0,0,0,0,0
201712,06,236000,071,1588,42370 ,00000 ,23261 ,348,40140, , ,92354      ,4,9,12,Loma Linda,15,15,3558912,0,0,0,0,0,0,5,87,4800000,15,15,3558912,0,0,0,0,0,0,5,87,4800000
201712,06,237000,037,4146,42468 ,00000 ,20256 ,348,31080, , ,918021460  ,4,9,12,Lomita,2,2,361700,0,0,0,4,12,2230790,0,0,0,2,2,361700,0,0,0,4,12,2230790,0,0,0
201712,06,239000,037,1610,43000 ,00000 ,462257 ,348,31080, ,1,90802      ,4,9,12,Long Beach,104,104,22388449,1,2,390000,0,0,0,9,1114,194934403,104,104,22388449,1,2,390000,0,0,0,9,1114,194934403
201712,06,240000,061,1612,43140 ,00000 ,6430 ,472,40900, , ,956501330  ,4,9,10,Loomis town,14,14,6322165,0,0,0,0,0,0,0,0,0,10,10,5014549,0,0,0,0,0,0,0,0,0
201712,06,241000,059,4200,43224 ,00000 ,11449 ,348,31080, , ,90720      ,4,9,11,Los Alamitos,0,0,0,3,6,971000,0,0,0,0,0,0,0,0,0,3,6,971000,0,0,0,0,0,0
201712,06,242000,085,1620,43280 ,00000 ,28976 ,488,41940, , ,94022      ,4,9,12,Los Altos,41,41,39010035,0,0,0,1,4,793000,0,0,0,41,41,39010035,0,0,0,1,4,793000,0,0,0
201712,06,243000,085,1625,43294 ,00000 ,7922 ,488,41940, , ,94022      ,4,9,12,Los Altos Hills town,24,24,20996488,0,0,0,0,0,0,0,0,0,24,24,20996488,0,0,0,0,0,0,0,0,0
201712,06,244000,037,1630,44000 ,00000 ,3792621 ,348,31080, ,1,90012      ,4,9,12,Los Angeles,2360,2360,1033367924,459,918,171828724,0,0,0,265,11568,2349185752,2360,2360,1033367924,459,918,171828724,0,0,0,265,11568,2349185752
201712,06,245000,037,    ,99990 ,00000 ,1057426 ,348,31080, , ,918021460  ,4,9,12,Los Angeles County Unincorporated Area,286,286,127339775,20,40,10265210,0,0,0,7,210,39234195,286,286,127339775,20,40,10265210,0,0,0,7,210,39234195
201712,06,247000,085,1640,44112 ,00000 ,29413 ,488,41940, , ,95030      ,4,9,12,Los Gatos town,23,23,23427853,0,0,0,0,0,0,0,0,0,23,23,23427853,0,0,0,0,0,0,0,0,0
201712,06,249000,037,1660,44574 ,00000 ,69772 ,348,31080, , ,90262      ,4,9,8,Lynwood,24,24,4246930,0,0,0,0,0,0,0,0,0,22,22,3686930,0,0,0,0,0,0,0,0,0
201712,06,250000,039,1680,45022 ,00000 ,61416 ,260,31460, ,1,93637      ,4,9,11,Madera,133,133,19822700,0,0,0,0,0,0,0,0,0,116,116,17400000,0,0,0,0,0,0,0,0,0
201712,06,251000,039,    ,99990 ,00000 ,70729 ,260,31460, , ,93637      ,4,9,12,Madera County Unincorporated Area,253,253,70443058,0,0,0,0,0,0,0,0,0,253,253,70443058,0,0,0,0,0,0,0,0,0
201712,06,251500,037,1685,45246 ,00000 ,12645 ,348,31080, , ,902654865  ,4,9,12,Malibu,18,18,35963275,0,0,0,0,0,0,0,0,0,18,18,35963275,0,0,0,0,0,0,0,0,0
201712,06,252000,051,1687,45358 ,00000 ,8234 ,999,99999, , ,93546      ,4,9,12,Mammoth Lakes town,10,10,3598031,0,0,0,4,14,4980530,0,0,0,10,10,3598031,0,0,0,4,14,4980530,0,0,0
201712,06,253000,037,1690,45400 ,00000 ,35135 ,348,31080, , ,90266      ,4,9,12,Manhattan Beach,106,106,69111999,0,0,0,0,0,0,0,0,0,106,106,69111999,0,0,0,0,0,0,0,0,0
201712,06,254000,077,4434,45484 ,00000 ,67096 ,488,44700, , ,95337      ,4,9,12,Manteca,660,660,186430342,0,0,0,3,10,1283901,9,150,18537050,660,660,186430342,0,0,0,3,10,1283901,9,150,18537050
201712,06,256000,041,    ,99990 ,00000 ,67427 ,488,41860, , ,94903      ,4,9,12,Marin County Unincorporated Area,44,44,30293170,0,0,0,0,0,0,0,0,0,44,44,30293170,0,0,0,0,0,0,0,0,0
201712,06,259000,013,1710,46114 ,00000 ,35824 ,488,41860, , ,945532394  ,4,9,10,Martinez,5,5,791630,0,0,0,0,0,0,0,0,0,0,0,0,0,0,0,0,0,0,0,0,0
201712,06,261000,037,1730,46492 ,00000 ,27395 ,348,31080, , ,90270      ,4,9,12,Maywood,3,3,311814,0,0,0,0,0,0,0,0,0,3,3,311814,0,0,0,0,0,0,0,0,0
201712,06,263000,045,    ,99990 ,00000 ,59156 ,999,99999,2, ,95482      ,4,9,0,Mendocino County Unincorporated Area,116,116,13287176,0,0,0,0,0,0,0,0,0,0,0,0,0,0,0,0,0,0,0,0,0
201712,06,264000,019,1740,46828 ,00000 ,11014 ,260,23420, , ,93640      ,4,9,0,Mendota,0,0,0,0,0,0,0,0,0,0,0,0,0,0,0,0,0,0,0,0,0,0,0,0
201712,06,265000,081,1745,46870 ,00000 ,32026 ,488,41860, , ,94025      ,4,9,0,Menlo Park,58,58,39226397,0,0,0,0,0,0,12,180,22606603,0,0,0,0,0,0,0,0,0,0,0,0
201712,06,265300,065,1743,46842 ,00000 ,77519 ,348,40140, , ,92586      ,4,9,12,Menifee,717,717,196900130,0,0,0,0,0,0,0,0,0,717,717,196900130,0,0,0,0,0,0,0,0,0
201712,06,267000,047,    ,99990 ,00000 ,89167 ,382,32900, , ,95340      ,4,9,12,Merced County Unincorporated Area,109,109,27952756,0,0,0,0,0,0,0,0,0,109,109,27952756,0,0,0,0,0,0,0,0,0
201712,06,268000,041,1765,47710 ,00000 ,13903 ,488,41860, , ,94941      ,4,9,0,Mill Valley,7,7,8650519,0,0,0,0,0,0,0,0,0,0,0,0,0,0,0,0,0,0,0,0,0
201712,06,269000,081,1760,47486 ,00000 ,21532 ,488,41860, , ,94030      ,4,9,12,Millbrae,0,0,0,0,0,0,0,0,0,0,0,0,0,0,0,0,0,0,0,0,0,0,0,0
201712,06,270000,085,1770,47766 ,00000 ,66790 ,488,41940, ,1,950355479  ,4,9,12,Milpitas,383,383,120307598,0,0,0,0,0,0,27,576,114230649,383,383,120307598,0,0,0,0,0,0,27,576,114230649
201712,06,271000,059,1786,48256 ,00000 ,93305 ,348,31080, , ,92691      ,4,9,12,Mission Viejo,37,37,13766604,0,0,0,0,0,0,0,0,0,37,37,13766604,0,0,0,0,0,0,0,0,0
201712,06,275000,037,1800,48648 ,00000 ,36590 ,348,31080, , ,910165107  ,4,9,10,Monrovia,26,26,4540426,0,0,0,0,0,0,0,0,0,23,23,3853525,0,0,0,0,0,0,0,0,0
201712,06,277000,071,1815,48788 ,00000 ,36664 ,348,40140, , ,91763      ,4,9,12,Montclair,44,44,11559465,1,2,362283,0,0,0,3,30,4708702,44,44,11559465,1,2,362283,0,0,0,3,30,4708702
201712,06,278000,085,1835,48956 ,00000 ,3341 ,488,41940, , ,95030      ,4,9,12,Monte Sereno,6,6,8197016,0,0,0,0,0,0,0,0,0,6,6,8197016,0,0,0,0,0,0,0,0,0
201712,06,279000,037,1820,48816 ,00000 ,62500 ,348,31080, , ,90640      ,4,9,12,Montebello,39,39,5944041,0,0,0,0,0,0,0,0,0,39,39,5944041,0,0,0,0,0,0,0,0,0
201712,06,281000,053,    ,99990 ,00000 ,100213 ,999,41500, , ,93901      ,4,9,12,Monterey County Unincorporated Area,220,220,80094304,1,2,301442,4,13,3606197,10,97,15476151,220,220,80094304,1,2,301442,4,13,3606197,10,97,15476151
201712,06,282000,037,1830,48914 ,00000 ,60269 ,348,31080, ,1,91754      ,4,9,12,Monterey Park,14,14,5113798,0,0,0,0,0,0,0,0,0,14,14,5113798,0,0,0,0,0,0,0,0,0
201712,06,285000,065,1849,49270 ,00000 ,193365 ,348,40140, , ,925520805  ,4,9,12,Moreno Valley,451,451,149455099,1,2,27872,0,0,0,0,0,0,451,451,149455099,1,2,27872,0,0,0,0,0,0
201712,06,286000,085,1850,49278 ,00000 ,37882 ,488,41940, , ,95037      ,4,9,12,Morgan Hill,178,178,53414587,0,0,0,7,22,5196773,2,10,2322822,178,178,53414587,0,0,0,7,22,5196773,2,10,2322822
201712,06,289000,085,1863,49670 ,00000 ,74066 ,488,41940, ,1,94039      ,4,9,12,Mountain View,162,162,48925493,0,0,0,8,27,8347521,32,1201,176083101,162,162,48925493,0,0,0,8,27,8347521,32,1201,176083101
201712,06,290000,065,1877,50076 ,00000 ,103466 ,348,40140, , ,92362      ,4,9,12,Murrieta,200,200,54796854,4,8,2148020,6,24,3558436,24,241,30137740,200,200,54796854,4,8,2148020,6,24,3558436,24,241,30137740
201712,06,293000,073,1885,50398 ,00000 ,58582 ,999,41740, , ,919504397  ,4,9,6,National City,6,6,286331,0,0,0,0,0,0,14,160,35421802,0,0,0,0,0,0,0,0,0,8,116,13569628
201712,06,294000,071,1890,50734 ,00000 ,4844 ,348,40140, , ,92363      ,4,9,10,Needles,1,1,516092,0,0,0,0,0,0,0,0,0,1,1,516092,0,0,0,0,0,0,0,0,0
201712,06,296000,057,    ,99990 ,00000 ,66656 ,999,99999,2, ,95959      ,4,9,12,Nevada County Unincorporated Area,285,285,54832948,0,0,0,0,0,0,0,0,0,285,285,54832948,0,0,0,0,0,0,0,0,0
201712,06,297000,001,1900,50916 ,00000 ,42573 ,488,41860, , ,94560      ,4,9,7,Newark,244,244,74748069,0,0,0,3,9,2570133,19,133,34712838,124,124,37895375,0,0,0,0,0,0,5,40,10577598
201712,06,299000,059,1912,51182 ,00000 ,85186 ,348,31080, ,1,92660      ,4,9,0,Newport Beach,119,119,98912764,21,42,14000250,0,0,0,0,0,0,0,0,0,0,0,0,0,0,0,0,0,0
201712,06,300000,065,1919,51560 ,00000 ,27063 ,348,40140, , ,92860      ,4,9,12,Norco,2,2,564801,0,0,0,0,0,0,0,0,0,2,2,564801,0,0,0,0,0,0,0,0,0
201712,06,301000,037,1950,52526 ,00000 ,105549 ,348,31080, , ,90650      ,4,9,12,Norwalk,9,9,1920580,0,0,0,9,30,4988206,1,5,872126,9,9,1920580,0,0,0,9,30,4988206,1,5,872126
201712,06,302000,041,1955,52582 ,00000 ,51904 ,488,41860, , ,94945      ,4,9,12,Novato,6,6,5850525,0,0,0,0,0,0,0,0,0,6,6,5850525,0,0,0,0,0,0,0,0,0
201712,06,304000,001,1970,53000 ,00000 ,390724 ,488,41860, ,1,94612      ,4,9,12,Oakland,92,92,34625266,13,26,7005858,5,17,2501480,60,3366,428461267,92,92,34625266,13,26,7005858,5,17,2501480,60,3366,428461267
201712,06,304100,013,1975,53070 ,00000 ,35432 ,488,41860, , ,94561      ,4,9,12,Oakley,162,162,47586693,0,0,0,0,0,0,0,0,0,162,162,47586693,0,0,0,0,0,0,0,0,0
201712,06,305000,073,1990,53322 ,00000 ,167086 ,999,41740, , ,92054      ,4,9,12,Oceanside,105,105,24688766,0,0,0,35,115,19126583,7,95,19352477,105,105,24688766,0,0,0,35,115,19126583,7,95,19352477
201712,06,307000,071,2005,53896 ,00000 ,163924 ,348,40140, ,1,91764      ,4,9,12,Ontario,649,649,123476554,0,0,0,3,11,1594146,26,998,109652608,649,649,123476554,0,0,0,3,11,1594146,26,998,109652608
201712,06,308000,059,2015,53980 ,00000 ,136416 ,348,31080, ,1,92866      ,4,9,12,Orange,40,40,8428832,3,6,1006453,4,12,1784847,3,39,5234080,40,40,8428832,3,6,1006453,4,12,1784847,3,39,5234080
201712,06,309000,059,    ,99990 ,00000 ,121160 ,348,31080, , ,927035000  ,4,9,12,Orange County Unincorporated Area,815,815,241859591,48,96,20694550,6,23,4664063,19,493,33095885,815,815,241859591,48,96,20694550,6,23,4664063,19,493,33095885
201712,06,310000,019,2020,54008 ,00000 ,9078 ,260,23420, , ,93646      ,4,9,12,Orange Cove,1,1,134984,0,0,0,0,0,0,0,0,0,1,1,134984,0,0,0,0,0,0,0,0,0
201712,06,313000,007,2045,54386 ,00000 ,15546 ,999,17020, , ,95965      ,4,9,12,Oroville,3,3,626850,0,0,0,0,0,0,0,0,0,3,3,626850,0,0,0,0,0,0,0,0,0
201712,06,314000,111,2050,54652 ,00000 ,197899 ,348,37100, ,1,93030      ,4,9,0,Oxnard,108,108,26970197,0,0,0,13,48,7575433,20,452,53511356,0,0,0,0,0,0,0,0,0,0,0,0
201712,06,316000,081,2060,54806 ,00000 ,37234 ,488,41860, , ,94044      ,4,9,10,Pacifica,4,4,1828064,1,2,696900,0,0,0,0,0,0,3,3,1479464,1,2,696900,0,0,0,0,0,0
201712,06,317000,065,2080,55184 ,00000 ,48445 ,348,40140, , ,92260      ,4,9,10,Palm Desert,81,81,40392793,1,2,468506,13,50,10307452,3,46,8952174,68,68,32989964,1,2,468506,13,50,10307452,1,10,3200000
201712,06,318000,065,2085,55254 ,00000 ,44552 ,348,40140, , ,92263      ,4,9,12,Palm Springs,132,132,47312928,0,0,0,0,0,0,0,0,0,132,132,47312928,0,0,0,0,0,0,0,0,0
201712,06,319000,037,2072,55156 ,00000 ,152750 ,348,31080, , ,93550      ,4,9,12,Palmdale,97,97,21965749,0,0,0,0,0,0,3,161,15366092,97,97,21965749,0,0,0,0,0,0,3,161,15366092
201712,06,320000,085,2090,55282 ,00000 ,64403 ,488,41940, ,1,94301      ,4,9,12,Palo Alto,115,115,71733753,0,0,0,0,0,0,0,0,0,115,115,71733753,0,0,0,0,0,0,0,0,0
201712,06,321000,037,2095,55380 ,00000 ,13438 ,348,31080, , ,90274      ,4,9,0,Palos Verdes Estates,19,19,13879568,0,0,0,0,0,0,0,0,0,0,0,0,0,0,0,0,0,0,0,0,0
201712,06,323000,037,2105,55618 ,00000 ,54098 ,348,31080, , ,90723      ,4,9,12,Paramount,13,13,3212817,0,0,0,0,0,0,0,0,0,13,13,3212817,0,0,0,0,0,0,0,0,0
201712,06,324000,019,2120,55856 ,00000 ,14494 ,260,23420, , ,936482433  ,4,9,0,Parlier,17,17,2011865,0,0,0,0,0,0,0,0,0,0,0,0,0,0,0,0,0,0,0,0,0
201712,06,325000,037,5508,56000 ,00000 ,137122 ,348,31080, ,1,911011704  ,4,9,12,Pasadena,30,30,14301795,3,6,1487629,2,8,2267296,3,127,25853503,30,30,14301795,3,6,1487629,2,8,2267296,3,127,25853503
201712,06,328000,065,5568,56700 ,00000 ,68386 ,348,40140, , ,925702200  ,4,9,0,Perris,176,176,20288726,0,0,0,0,0,0,15,110,7646994,0,0,0,0,0,0,0,0,0,0,0,0
201712,06,330000,037,2145,56924 ,00000 ,62942 ,348,31080, , ,906601016  ,4,9,0,Pico Rivera,3,3,705852,0,0,0,0,0,0,0,0,0,0,0,0,0,0,0,0,0,0,0,0,0
201712,06,331000,001,2150,56938 ,00000 ,10667 ,488,41860, , ,94611      ,4,9,12,Piedmont,1,1,2000000,0,0,0,0,0,0,0,0,0,1,1,2000000,0,0,0,0,0,0,0,0,0
201712,06,332000,013,2160,57288 ,00000 ,18390 ,488,41860, , ,94564      ,4,9,0,Pinole,0,0,0,0,0,0,0,0,0,0,0,0,0,0,0,0,0,0,0,0,0,0,0,0
201712,06,334000,013,2175,57456 ,00000 ,63264 ,488,41860, , ,94565      ,4,9,12,Pittsburg,154,154,31534438,0,0,0,0,0,0,0,0,0,154,154,31534438,0,0,0,0,0,0,0,0,0
201712,06,335000,059,2195,57526 ,00000 ,50533 ,348,31080, , ,92870      ,4,9,9,Placentia,11,11,2962124,0,0,0,0,0,0,0,0,0,0,0,0,0,0,0,0,0,0,0,0,0
201712,06,336000,061,    ,99990 ,00000 ,108128 ,472,40900, , ,95603      ,4,9,12,Placer County Unincorporated Area,352,352,163617053,1,2,300537,0,0,0,1,8,1742534,352,352,163617053,1,2,300537,0,0,0,1,8,1742534
201712,06,337000,017,2200,57540 ,00000 ,10389 ,472,40900, , ,95667      ,4,9,12,Placerville,13,13,2903368,0,0,0,0,0,0,0,0,0,13,13,2903368,0,0,0,0,0,0,0,0,0
201712,06,338000,013,2210,57764 ,00000 ,33152 ,488,41860, , ,94523      ,4,9,12,Pleasant Hill,2,2,703260,0,0,0,0,0,0,0,0,0,2,2,703260,0,0,0,0,0,0,0,0,0
201712,06,339000,001,2215,57792 ,00000 ,70285 ,488,41860, ,1,94566      ,4,9,11,Pleasanton,48,48,30282447,7,14,4140745,3,10,2536050,9,68,15601074,41,41,25758370,7,14,4140745,3,10,2536050,7,45,10583255
201712,06,340000,063,    ,99990 ,00000 ,17903 ,999,99999, , ,959719143  ,4,9,12,Plumas County Unincorporated Area,42,42,8014243,0,0,0,0,0,0,0,0,0,42,42,8014243,0,0,0,0,0,0,0,0,0
201712,06,343000,037,2230,58072 ,00000 ,149058 ,348,31080, , ,91766      ,4,9,12,Pomona,181,181,33166615,0,0,0,0,0,0,0,0,0,181,181,33166615,0,0,0,0,0,0,0,0,0
201712,06,345000,107,2245,58240 ,00000 ,54165 ,546,47300, ,1,93257      ,4,9,12,Porterville,47,47,12875099,0,0,0,0,0,0,0,0,0,47,47,12875099,0,0,0,0,0,0,0,0,0
201712,06,346000,063,2255,58352 ,00000 ,2104 ,999,99999, , ,96122      ,4,9,12,Portola,1,1,594000,0,0,0,0,0,0,0,0,0,1,1,594000,0,0,0,0,0,0,0,0,0
201712,06,347000,081,2257,58380 ,00000 ,4353 ,488,41860, , ,94028      ,4,9,12,Portola Valley town,10,10,18489100,0,0,0,0,0,0,0,0,0,10,10,18489100,0,0,0,0,0,0,0,0,0
201712,06,348000,073,2260,58520 ,00000 ,47811 ,999,41740, , ,92064      ,4,9,12,Poway,14,14,10072067,0,0,0,0,0,0,0,0,0,14,14,10072067,0,0,0,0,0,0,0,0,0
201712,06,348900,067,2277,59444 ,00000 ,64776 ,472,40900, ,1,956706111  ,4,9,12,Rancho Cordova,217,217,62375873,0,0,0,0,0,0,3,199,25610000,217,217,62375873,0,0,0,0,0,0,3,199,25610000
201712,06,349000,071,2278,59451 ,00000 ,165269 ,348,40140, , ,91730      ,4,9,12,Rancho Cucamonga,137,137,45257554,0,0,0,1,3,553584,1,172,22756134,137,137,45257554,0,0,0,1,3,553584,1,172,22756134
201712,06,350000,065,2281,59500 ,00000 ,17218 ,348,40140, , ,92270      ,4,9,12,Rancho Mirage,24,24,10139378,0,0,0,0,0,0,0,0,0,24,24,10139378,0,0,0,0,0,0,0,0,0
201712,06,351000,037,2284,59514 ,00000 ,41643 ,348,31080, , ,90274      ,4,9,10,Rancho Palos Verdes,11,11,650316,0,0,0,0,0,0,0,0,0,9,9,370800,0,0,0,0,0,0,0,0,0
201712,06,351500,059,2288,59587 ,00000 ,47853 ,348,31080, , ,926882824  ,4,9,12,Rancho Santa Margarita,0,0,0,0,0,0,0,0,0,0,0,0,0,0,0,0,0,0,0,0,0,0,0,0
201712,06,353000,089,2296,59920 ,00000 ,89861 ,454,39820, ,1,96001      ,4,9,12,Redding,149,149,34046850,0,0,0,0,0,0,0,0,0,149,149,34046850,0,0,0,0,0,0,0,0,0
201712,06,354000,071,2297,59962 ,00000 ,68747 ,348,40140, ,1,92373      ,4,9,7,Redlands,82,82,15007220,0,0,0,0,0,0,1,5,212178,62,62,11351128,0,0,0,0,0,0,0,0,0
201712,06,355000,037,2300,60018 ,00000 ,66748 ,348,31080, , ,90277      ,4,9,12,Redondo Beach,160,160,47359256,1,2,555665,1,3,783155,1,12,1398809,160,160,47359256,1,2,555665,1,3,783155,1,12,1398809
201712,06,356000,081,2305,60102 ,00000 ,76815 ,488,41860, ,1,940640391  ,4,9,1,Redwood City,37,37,14298426,1,2,650000,0,0,0,11,414,66631809,0,0,0,0,0,0,0,0,0,0,0,0
201712,06,357000,019,2315,60242 ,00000 ,24194 ,260,23420, , ,93654      ,4,9,9,Reedley,6,6,820543,0,0,0,0,0,0,0,0,0,3,3,452734,0,0,0,0,0,0,0,0,0
201712,06,358000,071,2320,60466 ,00000 ,99171 ,348,40140, , ,92376      ,4,9,11,Rialto,61,61,5136032,0,0,0,0,0,0,0,0,0,61,61,5136032,0,0,0,0,0,0,0,0,0
201712,06,359000,013,2330,60620 ,00000 ,103701 ,488,41860, , ,94804      ,4,9,11,Richmond,17,17,3227141,0,0,0,0,0,0,3,98,21658475,11,11,1986884,0,0,0,0,0,0,3,98,21658475
201712,06,364000,099,2360,61068 ,00000 ,22678 ,382,33700, , ,95367      ,4,9,12,Riverbank,13,13,1727543,0,0,0,0,0,0,0,0,0,13,13,1727543,0,0,0,0,0,0,0,0,0
201712,06,365000,065,2370,62000 ,00000 ,303871 ,348,40140, ,1,92522      ,4,9,12,Riverside,208,208,52594498,9,18,2751080,0,0,0,15,481,45221604,208,208,52594498,9,18,2751080,0,0,0,15,481,45221604
201712,06,366000,065,    ,99990 ,00000 ,504392 ,348,40140, , ,92501      ,4,9,11,Riverside County Unincorporated Area,1377,1377,367748992,2,4,477114,0,0,0,0,0,0,1240,1240,329829147,2,4,477114,0,0,0,0,0,0
201712,06,367000,061,2375,62364 ,00000 ,56974 ,472,40900, , ,95677      ,4,9,12,Rocklin,722,722,185872953,7,14,2297695,0,0,0,4,253,32987516,722,722,185872953,7,14,2297695,0,0,0,4,253,32987516
201712,06,368000,097,2377,62546 ,00000 ,40971 ,488,42220, , ,949282411  ,4,9,12,Rohnert Park,189,189,31890139,0,0,0,0,0,0,0,0,0,189,189,31890139,0,0,0,0,0,0,0,0,0
201712,06,369000,037,2385,62602 ,00000 ,1860 ,348,31080, , ,918021460  ,4,9,12,Rolling Hills,2,2,5799000,0,0,0,0,0,0,0,0,0,2,2,5799000,0,0,0,0,0,0,0,0,0
201712,06,370000,037,2387,62644 ,00000 ,8067 ,348,31080, , ,918021460  ,4,9,12,Rolling Hills Estates,2,2,721900,0,0,0,0,0,0,0,0,0,2,2,721900,0,0,0,0,0,0,0,0,0
201712,06,371000,037,2400,62896 ,00000 ,53764 ,348,31080, , ,91770      ,4,9,9,Rosemead,70,70,19267438,0,0,0,0,0,0,4,63,7360215,61,61,16755637,0,0,0,0,0,0,1,48,5862615
201712,06,372000,061,2405,62938 ,00000 ,118788 ,472,40900, ,1,95678      ,4,9,12,Roseville,1191,1191,331790263,0,0,0,0,0,0,32,486,51882258,1191,1191,331790263,0,0,0,0,0,0,32,486,51882258
201712,06,373000,041,2407,62980 ,00000 ,2415 ,488,41860, , ,94957      ,4,9,12,Ross town,0,0,0,0,0,0,0,0,0,0,0,0,0,0,0,0,0,0,0,0,0,0,0,0
201712,06,374000,067,2420,64000 ,00000 ,466488 ,472,40900, ,1,95811      ,4,9,12,Sacramento,1728,1728,425320806,23,46,5766856,0,0,0,39,994,172843148,1728,1728,425320806,23,46,5766856,0,0,0,39,994,172843148
201712,06,375000,067,    ,99990 ,00000 ,554554 ,472,40900, , ,95827      ,4,9,12,Sacramento County Unincorporated Area,586,586,213356472,0,0,0,0,0,0,0,0,0,586,586,213356472,0,0,0,0,0,0,0,0,0
201712,06,376000,053,2435,64224 ,00000 ,150441 ,999,41500, ,1,93901      ,4,9,12,Salinas,26,26,6804850,0,0,0,0,0,0,0,0,0,26,26,6804850,0,0,0,0,0,0,0,0,0
201712,06,377000,041,2445,64434 ,00000 ,12336 ,488,41860, , ,94960      ,4,9,10,San Anselmo town,8,8,5535425,0,0,0,0,0,0,0,0,0,7,7,4873800,0,0,0,0,0,0,0,0,0
201712,06,378000,069,    ,99990 ,00000 ,18479 ,488,41940, , ,95023      ,4,9,11,San Benito County Unincorporated Area,46,46,14272278,0,0,0,0,0,0,0,0,0,36,36,11119964,0,0,0,0,0,0,0,0,0
201712,06,379000,071,2450,65000 ,00000 ,209924 ,348,40140, ,1,924180001  ,4,9,6,San Bernardino,28,28,5175122,0,0,0,0,0,0,5,32,2902328,9,9,1603682,0,0,0,0,0,0,0,0,0
201712,06,380000,071,    ,99990 ,00000 ,291776 ,348,40140, , ,924150187  ,4,9,12,San Bernardino County Unincorporated Area,692,692,150762260,0,0,0,0,0,0,6,346,19715450,692,692,150762260,0,0,0,0,0,0,6,346,19715450
201712,06,381000,081,2455,65028 ,00000 ,41114 ,488,41860, , ,94066      ,4,9,9,San Bruno,2,2,528000,0,0,0,0,0,0,3,22,5079879,2,2,528000,0,0,0,0,0,0,0,0,0
201712,06,382000,111,2460,65042 ,00000 ,106433 ,348,37100, ,1,93002      ,4,9,12,San Buenaventura,308,308,51595647,0,0,0,15,58,7327503,28,364,65773617,308,308,51595647,0,0,0,15,58,7327503,28,364,65773617
201712,06,383000,081,2465,65070 ,00000 ,28406 ,488,41860, , ,940703085  ,4,9,12,San Carlos,14,14,9237786,0,0,0,0,0,0,4,28,10786666,14,14,9237786,0,0,0,0,0,0,4,28,10786666
201712,06,384000,059,2470,65084 ,00000 ,63522 ,348,31080, , ,92673      ,4,9,12,San Clemente,82,82,42998782,1,2,700000,1,4,2556903,0,0,0,82,82,42998782,1,2,700000,1,4,2556903,0,0,0
201712,06,385000,073,2475,66000 ,00000 ,1307402 ,999,41740, ,1,921014154  ,4,9,12,San Diego,1138,1138,388109937,31,62,11168563,37,138,24391966,88,4354,719309776,1138,1138,388109937,31,62,11168563,37,138,24391966,88,4354,719309776
201712,06,386000,073,    ,99990 ,00000 ,486604 ,999,41740, , ,92123      ,4,9,12,San Diego County Unincorporated Area,828,828,287620788,0,0,0,9,36,4874567,0,0,0,828,828,287620788,0,0,0,9,36,4874567,0,0,0
201712,06,387000,037,2477,66070 ,00000 ,33371 ,348,31080, , ,91773      ,4,9,12,San Dimas,5,5,2088591,0,0,0,0,0,0,0,0,0,5,5,2088591,0,0,0,0,0,0,0,0,0
201712,06,388000,037,2480,66140 ,00000 ,23645 ,348,31080, , ,91340      ,4,9,4,San Fernando,9,9,630000,1,2,300000,3,9,225000,0,0,0,3,3,150000,1,2,300000,0,0,0,0,0,0
201712,06,389000,075,2485,67000 ,00000 ,805235 ,488,41860, ,1,94103      ,4,9,12,San Francisco,43,43,11777452,12,24,7182189,10,31,8616336,45,4156,1308822857,43,43,11777452,12,24,7182189,10,31,8616336,45,4156,1308822857
201712,06,390000,037,2490,67042 ,00000 ,39718 ,348,31080, , ,917780130  ,4,9,0,San Gabriel,82,82,28555711,0,0,0,0,0,0,3,15,3771408,0,0,0,0,0,0,0,0,0,0,0,0
201712,06,391000,065,2500,67112 ,00000 ,44199 ,348,40140, , ,92583      ,4,9,11,San Jacinto,158,158,22881552,0,0,0,0,0,0,0,0,0,145,145,20928142,0,0,0,0,0,0,0,0,0
201712,06,392000,019,2505,67126 ,00000 ,4001 ,260,23420, , ,93660      ,4,9,9,San Joaquin,0,0,0,0,0,0,0,0,0,0,0,0,0,0,0,0,0,0,0,0,0,0,0,0
201712,06,393000,077,    ,99990 ,00000 ,141995 ,488,44700, , ,95205      ,4,9,12,San Joaquin County Unincorporated Area,467,467,147783703,0,0,0,0,0,0,0,0,0,467,467,147783703,0,0,0,0,0,0,0,0,0
201712,06,394000,085,2510,68000 ,00000 ,945942 ,488,41940, ,1,951131905  ,4,9,12,San Jose,177,177,40305880,4,8,1739039,5,15,2576951,76,2241,445311798,177,177,40305880,4,8,1739039,5,15,2576951,76,2241,445311798
201712,06,395000,069,2515,68014 ,00000 ,1862 ,488,41940, , ,95045      ,4,9,4,San Juan Bautista,8,8,1954400,0,0,0,0,0,0,0,0,0,0,0,0,0,0,0,0,0,0,0,0,0
201712,06,396000,059,2519,68028 ,00000 ,34593 ,348,31080, , ,92675      ,4,9,11,San Juan Capistrano,98,98,38451720,0,0,0,0,0,0,0,0,0,92,92,35710389,0,0,0,0,0,0,0,0,0
201712,06,397000,001,6420,68084 ,00000 ,84950 ,488,41860, ,1,94577      ,4,9,7,San Leandro,2,2,1054840,0,0,0,0,0,0,1,85,11969482,0,0,0,0,0,0,0,0,0,1,85,11969482
201712,06,399000,079,    ,99990 ,00000 ,118118 ,999,42020, , ,93408      ,4,9,4,San Luis Obispo County Unincorporated Area,394,394,149909096,0,0,0,3,9,1808595,8,99,10416080,138,138,52868920,0,0,0,0,0,0,0,0,0
201712,06,400000,073,2537,68196 ,00000 ,83781 ,999,41740, , ,920692918  ,4,9,12,San Marcos,395,395,151053244,3,6,1027382,5,19,3486930,5,50,4988900,395,395,151053244,3,6,1027382,5,19,3486930,5,50,4988900
201712,06,401000,037,2545,68224 ,00000 ,13147 ,348,31080, , ,91108      ,4,9,12,San Marino,7,7,5004041,0,0,0,0,0,0,0,0,0,7,7,5004041,0,0,0,0,0,0,0,0,0
201712,06,402000,081,2555,68252 ,00000 ,97207 ,488,41860, , ,944031388  ,4,9,12,San Mateo,72,72,23094005,1,2,402000,0,0,0,2,371,64494120,72,72,23094005,1,2,402000,0,0,0,2,371,64494120
201712,06,403000,081,    ,99990 ,00000 ,61222 ,488,41860, , ,94063      ,4,9,12,San Mateo County Unincorporated Area,54,54,54416957,0,0,0,0,0,0,1,16,2927200,54,54,54416957,0,0,0,0,0,0,1,16,2927200
201712,06,404000,013,2560,68294 ,00000 ,29139 ,488,41860, , ,94806      ,4,9,8,San Pablo,13,13,3132508,0,0,0,0,0,0,0,0,0,5,5,1110904,0,0,0,0,0,0,0,0,0
201712,06,405000,041,6486,68364 ,00000 ,57713 ,488,41860, ,1,94915      ,4,9,12,San Rafael,3,3,1573884,0,0,0,0,0,0,0,0,0,3,3,1573884,0,0,0,0,0,0,0,0,0
201712,06,406000,013,2567,68378 ,00000 ,72148 ,488,41860, ,1,94583      ,4,9,5,San Ramon,2,2,816122,0,0,0,5,18,847584,3,15,1904418,0,0,0,0,0,0,0,0,0,0,0,0
201712,06,408000,019,6378,67056 ,00000 ,24270 ,260,23420, , ,93657      ,4,9,6,Sanger,27,27,4451674,0,0,0,0,0,0,1,48,9907583,8,8,1800000,0,0,0,0,0,0,1,48,9907583
201712,06,409000,059,2570,69000 ,00000 ,324528 ,348,31080, ,1,92702      ,4,9,12,Santa Ana,197,197,40441263,0,0,0,1,3,2300000,4,241,17938140,197,197,40441263,0,0,0,1,3,2300000,4,241,17938140
201712,06,411000,083,    ,99990 ,00000 ,133417 ,999,42200,2, ,93101      ,4,9,12,Santa Barbara County Unincorporated Area,207,207,109635617,2,4,1089594,9,30,4967280,15,159,21845741,207,207,109635617,2,4,1089594,9,30,4967280,15,159,21845741
201712,06,412000,085,2580,69084 ,00000 ,116468 ,488,41940, ,1,95050      ,4,9,12,Santa Clara,83,83,20074224,2,4,230000,0,0,0,7,1441,216066492,83,83,20074224,2,4,230000,0,0,0,7,1441,216066492
201712,06,413000,085,    ,99990 ,00000 ,89960 ,488,41940, , ,95110      ,4,9,12,Santa Clara County Unincorporated Area,51,51,35282102,0,0,0,0,0,0,0,0,0,51,51,35282102,0,0,0,0,0,0,0,0,0
201712,06,414000,037,2583,69088 ,00000 ,176320 ,348,31080, , ,91355      ,4,9,12,Santa Clarita,440,440,154629281,0,0,0,0,0,0,8,97,17484120,440,440,154629281,0,0,0,0,0,0,8,97,17484120
201712,06,416000,087,    ,99990 ,00000 ,129739 ,488,42100, , ,95060      ,4,9,0,Santa Cruz County Unincorporated Area,117,117,25193350,0,0,0,6,19,2181637,17,94,9560815,0,0,0,0,0,0,0,0,0,0,0,0
201712,06,417000,037,6534,69154 ,00000 ,16223 ,348,31080, , ,90670      ,4,9,12,Santa Fe Springs,15,15,5197890,0,0,0,0,0,0,0,0,0,15,15,5197890,0,0,0,0,0,0,0,0,0
201712,06,419000,037,2600,70000 ,00000 ,89736 ,348,31080, ,1,90401      ,4,9,8,Santa Monica,66,66,59381931,2,4,1297555,0,0,0,2,31,6200000,46,46,46570283,1,2,792133,0,0,0,2,31,6200000
201712,06,421000,097,2615,70098 ,00000 ,167815 ,488,42220,2,1,95404      ,4,9,12,Santa Rosa,232,232,67636929,1,2,350000,0,0,0,6,110,11067063,232,232,67636929,1,2,350000,0,0,0,6,110,11067063
201712,06,422000,073,2623,70224 ,00000 ,53413 ,999,41740, , ,92071      ,4,9,12,Santee,154,154,21615954,0,0,0,0,0,0,0,0,0,154,154,21615954,0,0,0,0,0,0,0,0,0
201712,06,423000,085,2630,70280 ,00000 ,29926 ,488,41940, , ,95070      ,4,9,0,Saratoga,21,21,18138916,0,0,0,0,0,0,0,0,0,0,0,0,0,0,0,0,0,0,0,0,0
201712,06,424000,041,2640,70364 ,00000 ,7061 ,488,41860, , ,94965      ,4,9,11,Sausalito,2,2,2074034,0,0,0,0,0,0,0,0,0,2,2,2074034,0,0,0,0,0,0,0,0,0
201712,06,425000,087,2647,70588 ,00000 ,11580 ,488,42100, , ,95066      ,4,9,0,Scotts Valley,7,7,2674000,0,0,0,0,0,0,0,0,0,0,0,0,0,0,0,0,0,0,0,0,0
201712,06,426000,059,2650,70686 ,00000 ,24168 ,348,31080, , ,90740      ,4,9,11,Seal Beach,7,7,4190202,1,2,678000,0,0,0,0,0,0,6,6,3691220,1,2,678000,0,0,0,0,0,0
201712,06,429000,019,2670,70882 ,00000 ,23219 ,260,23420, , ,936623728  ,4,9,4,Selma,24,24,4504061,0,0,0,0,0,0,0,0,0,2,2,425541,0,0,0,0,0,0,0,0,0
201712,06,432000,091,    ,00000 ,00000 ,2471 ,999,99999, , ,95936      ,4,9,12,Sierra County,7,7,1678722,0,0,0,0,0,0,0,0,0,7,7,1678722,0,0,0,0,0,0,0,0,0
201712,06,433000,037,2690,71806 ,00000 ,10917 ,348,31080, , ,91024      ,4,9,0,Sierra Madre,0,0,0,0,0,0,0,0,0,0,0,0,0,0,0,0,0,0,0,0,0,0,0,0
201712,06,434000,037,2693,71876 ,00000 ,11016 ,348,31080, , ,90755      ,4,9,12,Signal Hill,24,24,10848908,0,0,0,0,0,0,0,0,0,24,24,10848908,0,0,0,0,0,0,0,0,0
201712,06,437000,073,2704,72506 ,00000 ,12867 ,999,41740, , ,920752215  ,4,9,9,Solana Beach,21,21,7618804,0,0,0,0,0,0,0,0,0,18,18,6357490,0,0,0,0,0,0,0,0,0
201712,06,438000,095,    ,99990 ,00000 ,18834 ,488,46700, , ,94533      ,4,9,8,Solano County Unincorporated Area,24,24,7332950,0,0,0,0,0,0,0,0,0,11,11,3416492,0,0,0,0,0,0,0,0,0
201712,06,441000,097,2715,72646 ,00000 ,10648 ,488,42220, , ,954766690  ,4,9,12,Sonoma,7,7,2840835,2,4,715847,1,3,386678,0,0,0,7,7,2840835,2,4,715847,1,3,386678,0,0,0
201712,06,442000,097,    ,99990 ,00000 ,145186 ,488,42220, , ,95403      ,4,9,12,Sonoma County Unincorporated Area,354,354,104542198,1,2,1288341,0,0,0,0,0,0,354,354,104542198,1,2,1288341,0,0,0,0,0,0
201712,06,443000,109,2720,72674 ,00000 ,4903 ,999,99999, , ,95370      ,4,9,12,Sonora,1,1,221453,0,0,0,0,0,0,0,0,0,1,1,221453,0,0,0,0,0,0,0,0,0
201712,06,444000,037,2725,72996 ,00000 ,20116 ,348,31080, , ,91733      ,4,9,11,South El Monte,5,5,1238689,0,0,0,0,0,0,0,0,0,2,2,621670,0,0,0,0,0,0,0,0,0
201712,06,445000,037,2730,73080 ,00000 ,94396 ,348,31080, , ,90280      ,4,9,11,South Gate,16,16,1274814,0,0,0,0,0,0,0,0,0,15,15,1159135,0,0,0,0,0,0,0,0,0
201712,06,446000,017,2737,73108 ,00000 ,21403 ,472,40900, , ,96150      ,4,9,11,South Lake Tahoe,39,39,13884457,2,4,500000,0,0,0,0,0,0,36,36,12245000,2,4,500000,0,0,0,0,0,0
201712,06,447000,037,2755,73220 ,00000 ,25619 ,348,31080, , ,91030      ,4,9,6,South Pasadena,4,4,1988108,0,0,0,0,0,0,0,0,0,1,1,1006000,0,0,0,0,0,0,0,0,0
201712,06,448000,081,2765,73262 ,00000 ,63632 ,488,41860, ,1,94080      ,4,9,12,South San Francisco,1,1,392950,3,6,1062060,0,0,0,2,260,56981702,1,1,392950,3,6,1062060,0,0,0,2,260,56981702
201712,06,451000,059,2802,73962 ,00000 ,38186 ,348,31080, , ,90680      ,4,9,12,Stanton,14,14,4086072,0,0,0,0,0,0,0,0,0,14,14,4086072,0,0,0,0,0,0,0,0,0
201712,06,452000,077,2805,75000 ,00000 ,291707 ,488,44700, ,1,952021997  ,4,9,12,Stockton,261,261,67603941,0,0,0,2,8,909136,17,107,12127582,261,261,67603941,0,0,0,2,8,909136,17,107,12127582
201712,06,454000,085,2835,77000 ,00000 ,140081 ,488,41940, ,1,940883707  ,4,9,12,Sunnyvale,416,416,89057946,0,0,0,0,0,0,6,91,8923861,416,416,89057946,0,0,0,0,0,0,6,91,8923861
201712,06,458000,029,2860,77574 ,00000 ,9327 ,999,12540, , ,93268      ,4,9,3,Taft,12,12,2149986,0,0,0,0,0,0,0,0,0,4,4,756444,0,0,0,0,0,0,0,0,0
201712,06,462000,065,2878,78120 ,00000 ,100097 ,348,40140, ,1,925899033  ,4,9,12,Temecula,86,86,19390556,0,0,0,0,0,0,3,30,2556312,86,86,19390556,0,0,0,0,0,0,3,30,2556312
201712,06,463000,037,2880,78148 ,00000 ,35558 ,348,31080, , ,91780      ,4,9,12,Temple City,92,92,28645571,0,0,0,0,0,0,0,0,0,92,92,28645571,0,0,0,0,0,0,0,0,0
201712,06,465000,041,2903,78666 ,00000 ,8962 ,488,41860, , ,94920      ,4,9,12,Tiburon town,4,4,5570000,0,0,0,0,0,0,0,0,0,4,4,5570000,0,0,0,0,0,0,0,0,0
201712,06,466000,037,7428,80000 ,00000 ,145438 ,348,31080, ,1,90503      ,4,9,12,Torrance,40,40,10688015,2,4,716390,0,0,0,0,0,0,40,40,10688015,2,4,716390,0,0,0,0,0,0
201712,06,470000,107,2945,80644 ,00000 ,59278 ,546,47300, , ,93274      ,4,9,12,Tulare,310,310,56014504,12,24,2100000,0,0,0,0,0,0,310,310,56014504,12,24,2100000,0,0,0,0,0,0
201712,06,471000,107,    ,99990 ,00000 ,142872 ,546,47300,2, ,93277      ,4,9,12,Tulare County Unincorporated Area,189,189,36447416,2,4,170800,0,0,0,0,0,0,189,189,36447416,2,4,170800,0,0,0,0,0,0
201712,06,475000,059,2965,80854 ,00000 ,75540 ,348,31080, ,1,92780      ,4,9,11,Tustin,29,29,10958626,0,0,0,0,0,0,1,5,932012,17,17,6561960,0,0,0,0,0,0,0,0,0
201712,06,476000,071,2971,80994 ,00000 ,25048 ,348,40140, , ,92277      ,4,9,12,Twentynine Palms,11,11,932640,0,0,0,0,0,0,0,0,0,11,11,932640,0,0,0,0,0,0,0,0,0
201712,06,478000,001,2977,81204 ,00000 ,69516 ,488,41860, , ,94587      ,4,9,12,Union City,30,30,7603939,0,0,0,0,0,0,0,0,0,30,30,7603939,0,0,0,0,0,0,0,0,0
201712,06,479000,071,2978,81344 ,00000 ,73732 ,348,40140, , ,91786      ,4,9,0,Upland,77,77,20267425,0,0,0,0,0,0,0,0,0,0,0,0,0,0,0,0,0,0,0,0,0
201712,06,480000,095,2981,81554 ,00000 ,92428 ,488,46700, , ,95688      ,4,9,12,Vacaville,276,276,74216334,0,0,0,0,0,0,0,0,0,276,276,74216334,0,0,0,0,0,0,0,0,0
201712,06,481000,095,2984,81666 ,00000 ,115942 ,488,46700, ,1,94590      ,4,9,12,Vallejo,43,43,11775947,0,0,0,0,0,0,0,0,0,43,43,11775947,0,0,0,0,0,0,0,0,0
201712,06,483000,037,2996,82422 ,00000 ,112 ,348,31080, , ,900581714  ,4,9,10,Vernon,0,0,0,0,0,0,0,0,0,0,0,0,0,0,0,0,0,0,0,0,0,0,0,0
201712,06,484000,071,2997,82590 ,00000 ,115903 ,348,40140, ,1,92392      ,4,9,11,Victorville,154,154,42145519,0,0,0,0,0,0,0,0,0,143,143,39129207,0,0,0,0,0,0,0,0,0
201712,06,485000,059,3010,82744 ,00000 ,5812 ,348,31080, , ,92861      ,4,9,0,Villa Park,0,0,0,0,0,0,0,0,0,0,0,0,0,0,0,0,0,0,0,0,0,0,0,0
201712,06,486000,107,3019,82954 ,00000 ,124442 ,546,47300, ,1,93291      ,4,9,12,Visalia,517,517,136192655,0,0,0,0,0,0,4,32,3708852,517,517,136192655,0,0,0,0,0,0,4,32,3708852
201712,06,487000,073,3021,82996 ,00000 ,93834 ,999,41740, , ,92084      ,4,9,12,Vista,38,38,12498067,0,0,0,2,7,813030,11,131,11767180,38,38,12498067,0,0,0,2,7,813030,11,131,11767180
201712,06,488000,037,3025,83332 ,00000 ,29172 ,348,31080, , ,91789      ,4,9,11,Walnut,51,51,19152732,0,0,0,0,0,0,0,0,0,44,44,17402687,0,0,0,0,0,0,0,0,0
201712,06,489000,013,3030,83346 ,00000 ,64173 ,488,41860, ,1,94596      ,4,9,12,Walnut Creek,37,37,11094924,1,2,472175,8,24,6175465,2,55,16148264,37,37,11094924,1,2,472175,8,24,6175465,2,55,16148264
201712,06,494000,037,3070,84200 ,00000 ,106098 ,348,31080, , ,91790      ,4,9,12,West Covina,1,1,110864,0,0,0,0,0,0,0,0,0,1,1,110864,0,0,0,0,0,0,0,0,0
201712,06,495000,037,3080,84410 ,00000 ,34399 ,348,31080, , ,900694314  ,4,9,11,West Hollywood,9,9,2989258,0,0,0,1,3,651085,10,156,52114696,8,8,2592305,0,0,0,1,3,651085,9,126,46128065
201712,06,496000,113,3098,84816 ,00000 ,48744 ,472,40900, , ,95691      ,4,9,12,West Sacramento,82,82,23067211,0,0,0,0,0,0,1,55,6400000,82,82,23067211,0,0,0,0,0,0,1,55,6400000
201712,06,497000,037,3082,84438 ,00000 ,8270 ,348,31080, , ,918021460  ,4,9,12,Westlake Village,0,0,0,0,0,0,0,0,0,0,0,0,0,0,0,0,0,0,0,0,0,0,0,0
201712,06,498000,059,3085,84550 ,00000 ,89701 ,348,31080, , ,92683      ,4,9,12,Westminster,55,55,12869171,0,0,0,4,13,2073590,0,0,0,55,55,12869171,0,0,0,4,13,2073590,0,0,0
201712,06,501000,037,3110,85292 ,00000 ,85331 ,348,31080, , ,90602      ,4,9,12,Whittier,5,5,1340000,0,0,0,0,0,0,1,50,7500000,5,5,1340000,0,0,0,0,0,0,1,50,7500000
201712,06,501100,065,3112,85446 ,00000 ,32176 ,348,40140, , ,92595      ,4,9,12,Wildomar,83,83,26881966,0,0,0,0,0,0,0,0,0,83,83,26881966,0,0,0,0,0,0,0,0,0
201712,06,504000,021,3125,85684 ,00000 ,6166 ,999,99999, , ,95988      ,4,9,12,Willows,0,0,0,0,0,0,0,0,0,0,0,0,0,0,0,0,0,0,0,0,0,0,0,0
201712,06,505000,113,3135,86034 ,00000 ,6624 ,472,40900, , ,95694      ,4,9,12,Winters,12,12,3171480,0,0,0,0,0,0,0,0,0,12,12,3171480,0,0,0,0,0,0,0,0,0
201712,06,506000,107,3145,86300 ,00000 ,7279 ,546,47300, , ,93286      ,4,9,12,Woodlake,5,5,754060,0,0,0,0,0,0,0,0,0,5,5,754060,0,0,0,0,0,0,0,0,0
201712,06,507000,113,3150,86328 ,00000 ,55468 ,472,40900, , ,95695      ,4,9,12,Woodland,123,123,36965707,0,0,0,0,0,0,15,80,7876636,123,123,36965707,0,0,0,0,0,0,15,80,7876636
201712,06,508000,081,3155,86440 ,00000 ,5287 ,488,41860, , ,94062      ,4,9,12,Woodside town,4,4,11082800,0,0,0,0,0,0,0,0,0,4,4,11082800,0,0,0,0,0,0,0,0,0
201712,06,509000,113,    ,99990 ,00000 ,24391 ,472,40900, , ,95695      ,4,9,12,Yolo County Unincorporated Area,11,11,5289589,0,0,0,0,0,0,2,12,2941875,11,11,5289589,0,0,0,0,0,0,2,12,2941875
201712,06,510000,059,3169,86832 ,00000 ,64234 ,348,31080, , ,928868714  ,4,9,12,Yorba Linda,79,79,40128768,0,0,0,0,0,0,0,0,0,79,79,40128768,0,0,0,0,0,0,0,0,0
201712,06,515000,071,3186,87042 ,00000 ,51367 ,348,40140, , ,923990181  ,4,9,9,Yucaipa,40,40,12051692,0,0,0,0,0,0,0,0,0,13,13,3042500,0,0,0,0,0,0,0,0,0
201712,06,516000,071,3187,87056 ,00000 ,20700 ,348,40140, , ,92284      ,4,9,12,Yucca Valley town,34,34,4883336,0,0,0,0,0,0,0,0,0,34,34,4883336,0,0,0,0,0,0,0,0,0
201712,08,001000,001,    ,99990 ,00000 ,88292 ,216,19740, , ,80601      ,4,8,12,Adams County Unincorporated Area,216,216,67937341,0,0,0,5,20,1677566,0,0,0,216,216,67937341,0,0,0,5,20,1677566,0,0,0
201712,08,007000,003,0015,01090 ,00000 ,8780 ,999,99999, , ,81101      ,4,8,0,Alamosa,20,20,1886915,0,0,0,0,0,0,9,49,2531643,0,0,0,0,0,0,0,0,0,0,0,0
201712,08,011000,093,0020,01530 ,00000 ,270 ,216,19740, , ,80420      ,4,8,0,Alma town,1,1,205346,0,0,0,0,0,0,0,0,0,0,0,0,0,0,0,0,0,0,0,0,0
201712,08,015000,005,    ,99990 ,00000 ,83764 ,216,19740, , ,80112      ,4,8,11,Arapahoe County Unincorporated Area,290,290,63819660,0,0,0,0,0,0,1,98,14200000,265,265,58458274,0,0,0,0,0,0,1,98,14200000
201712,08,023000,059,0040,03455 ,00000 ,103584 ,216,19740,2, ,80002      ,4,8,12,Arvada,598,598,163765117,0,0,0,4,12,859044,14,442,51908153,598,598,163765117,0,0,0,4,12,859044,14,442,51908153
201712,08,031000,005,0055,04000 ,00000 ,285090 ,216,19740,2,1,800121553  ,4,8,12,Aurora,1660,1660,385352179,0,0,0,4,12,2110080,7,257,32550096,1660,1660,385352179,0,0,0,4,12,2110080,7,257,32550096
201712,08,045000,001,0075,06090 ,00000 ,1955 ,216,19740,2, ,801027806  ,4,8,11,Bennett town,5,5,1643687,2,4,818071,0,0,0,0,0,0,5,5,1643687,2,4,818071,0,0,0,0,0,0
201712,08,049000,069,0080,06255 ,00000 ,5042 ,999,22660,2, ,80513      ,4,8,12,Berthoud town,434,434,90896374,0,0,0,0,0,0,0,0,0,434,434,90896374,0,0,0,0,0,0,0,0,0
201712,08,053000,047,0090,07025 ,00000 ,118 ,216,19740, , ,80422      ,4,8,12,Black Hawk,0,0,0,0,0,0,0,0,0,0,0,0,0,0,0,0,0,0,0,0,0,0,0,0
201712,08,063000,013,0110,07850 ,00000 ,97385 ,216,14500, ,1,803060791  ,4,8,12,Boulder,74,74,39237206,0,0,0,3,10,2082044,8,118,25008963,74,74,39237206,0,0,0,3,10,2082044,8,118,25008963
201712,08,065000,013,    ,99990 ,00000 ,43380 ,216,14500,2, ,80306      ,4,8,12,Boulder County Unincorporated Area,43,43,32444382,0,0,0,1,3,555000,0,0,0,43,43,32444382,0,0,0,1,3,555000,0,0,0
201712,08,067000,005,0115,08070 ,00000 ,589 ,216,19740,2, ,801231586  ,4,8,0,Bow Mar town,2,2,3366000,0,0,0,0,0,0,0,0,0,0,0,0,0,0,0,0,0,0,0,0,0
201712,08,075000,001,0130,08675 ,00000 ,33009 ,216,19740,2, ,80601      ,4,8,12,Brighton,174,174,56201120,0,0,0,0,0,0,8,192,7604105,174,174,56201120,0,0,0,0,0,0,8,192,7604105
201712,08,079000,043,0140,09115 ,00000 ,233 ,999,99999, , ,81212      ,4,8,12,Brookside town,1,1,254000,0,0,0,0,0,0,0,0,0,1,1,254000,0,0,0,0,0,0,0,0,0
201712,08,083000,014,0143,09280 ,00000 ,55889 ,216,19740,2,1,80020      ,4,8,12,Broomfield,398,398,121313203,0,0,0,0,0,0,3,18,2728128,398,398,121313203,0,0,0,0,0,0,3,18,2728128
201712,08,095000,041,0165,11260 ,00000 ,780 ,999,17820, , ,808088203  ,4,8,12,Calhan town,0,0,0,0,0,0,0,0,0,0,0,0,0,0,0,0,0,0,0,0,0,0,0,0
201712,08,099000,043,0610,11810 ,00000 ,16400 ,999,99999, , ,812151460  ,4,8,12,Canon City,23,23,5736175,0,0,0,0,0,0,1,30,4496000,23,23,5736175,0,0,0,0,0,0,1,30,4496000
201712,08,102900,035,0186,12387 ,00000 ,10360 ,216,19740, , ,80108      ,4,8,12,Castle Pines,46,46,14903168,0,0,0,0,0,0,0,0,0,46,46,14903168,0,0,0,0,0,0,0,0,0
201712,08,103000,035,0188,12415 ,00000 ,48231 ,216,19740, , ,80104      ,4,8,11,Castle Rock town,897,897,245594689,0,0,0,0,0,0,29,296,24647040,827,827,226564231,0,0,0,0,0,0,27,255,21282385
201712,08,106000,005,0193,12815 ,00000 ,100377 ,216,19740, , ,80112      ,4,8,12,Centennial,150,150,35454466,0,0,0,1,4,564200,0,0,0,150,150,35454466,0,0,0,1,4,564200,0,0,0
201712,08,111000,047,0200,12910 ,00000 ,663 ,216,19740,2, ,80427      ,4,8,12,Central City,0,0,0,0,0,0,0,0,0,0,0,0,0,0,0,0,0,0,0,0,0,0,0,0
201712,08,113000,015,    ,00000 ,00000 ,9219 ,999,99999, , ,81201      ,4,8,0,Chaffee County,132,132,34972653,5,10,1619810,4,12,2198800,0,0,0,0,0,0,0,0,0,0,0,0,0,0,0
201712,08,117000,005,0210,13845 ,00000 ,5987 ,216,19740, , ,80113      ,4,8,12,Cherry Hills Village,6,6,10613900,0,0,0,0,0,0,0,0,0,6,6,10613900,0,0,0,0,0,0,0,0,0
201712,08,119000,017,    ,99990 ,00000 ,757 ,999,99999, , ,808100567  ,4,8,0,Cheyenne County Unincorporated Area,3,3,377600,0,0,0,0,0,0,0,0,0,0,0,0,0,0,0,0,0,0,0,0,0
201712,08,123000,019,    ,99990 ,00000 ,5885 ,216,19740,2, ,80444      ,4,8,12,Clear Creek County Unincorporated Area,17,17,5731766,0,0,0,0,0,0,0,0,0,17,17,5731766,0,0,0,0,0,0,0,0,0
201712,08,133000,005,0244,16385 ,00000 ,1256 ,216,19740, , ,80123      ,4,8,12,Columbine Valley town,17,17,14344765,0,0,0,0,0,0,0,0,0,17,17,14344765,0,0,0,0,0,0,0,0,0
201712,08,135000,001,0245,16495 ,00000 ,45913 ,216,19740, , ,80022      ,4,8,12,Commerce City,555,555,154517101,4,8,874413,0,0,0,10,221,31892912,555,555,154517101,4,8,874413,0,0,0,10,221,31892912
201712,08,147000,079,0796,14765 ,00000 ,290 ,999,99999, , ,81130      ,4,8,12,City of Creede town,5,5,870777,0,0,0,0,0,0,0,0,0,5,5,870777,0,0,0,0,0,0,0,0,0
201712,08,151000,119,0280,18530 ,00000 ,1189 ,999,17820, , ,80813      ,4,8,0,Cripple Creek,0,0,0,0,0,0,0,0,0,0,0,0,0,0,0,0,0,0,0,0,0,0,0,0
201712,08,159000,027,    ,99990 ,00000 ,3100 ,999,99999, , ,81252      ,4,8,12,Custer County Unincorporated Area,61,61,16712086,0,0,0,0,0,0,0,0,0,61,61,16712086,0,0,0,0,0,0,0,0,0
201712,08,161000,123,0295,19080 ,00000 ,4152 ,216,24540, , ,805140186  ,4,8,7,Dacono,37,37,10674078,0,0,0,0,0,0,0,0,0,37,37,10674078,0,0,0,0,0,0,0,0,0
201712,08,165000,005,0305,19630 ,00000 ,546 ,216,19740, , ,80105      ,4,8,3,Deer Trail town,16,16,1371289,0,0,0,0,0,0,0,0,0,8,8,534418,0,0,0,0,0,0,0,0,0
201712,08,173000,031,0320,20000 ,00000 ,600158 ,216,19740,2,1,80202      ,4,8,12,Denver,2370,2370,560293517,95,190,38194085,2,8,972000,58,7957,962026242,2370,2370,560293517,95,190,38194085,2,8,972000,58,7957,962026242
201712,08,181000,083,0335,20770 ,00000 ,936 ,999,99999, , ,81323      ,4,8,10,Dolores town,0,0,0,1,2,213415,0,0,0,0,0,0,0,0,0,1,2,213415,0,0,0,0,0,0
201712,08,183000,035,    ,99990 ,00000 ,171031 ,216,19740,2, ,80104      ,4,8,12,Douglas County Unincorporated Area,965,965,308311054,1,2,418365,0,0,0,17,655,90492783,965,965,308311054,1,2,418365,0,0,0,17,655,90492783
201712,08,193000,037,0360,22200 ,00000 ,6508 ,999,99999, , ,81631      ,4,8,9,Eagle town,35,35,13530900,0,0,0,3,11,1005956,4,23,3147885,23,23,9545652,0,0,0,3,11,1005956,4,23,3147885
201712,08,199000,059,0380,23135 ,00000 ,5170 ,216,19740, , ,80214      ,4,8,6,Edgewater,4,4,1500980,1,2,754606,0,0,0,0,0,0,2,2,882230,1,2,754606,0,0,0,0,0,0
201712,08,201000,041,    ,99990 ,00000 ,165533 ,999,17820,2, ,80910      ,4,8,12,El Paso County Unincorporated Area,3742,3742,1476222763,2,4,456375,1,3,200000,27,1106,143129078,3742,3742,1476222763,2,4,456375,1,3,200000,27,1106,143129078
201712,08,203000,039,    ,99990 ,00000 ,20387 ,216,19740, , ,80117      ,4,8,12,Elbert County Unincorporated Area,162,162,49495003,0,0,0,0,0,0,0,0,0,162,162,49495003,0,0,0,0,0,0,0,0,0
201712,08,205000,039,0385,23740 ,00000 ,1358 ,216,19740, , ,80107      ,4,8,0,Elizabeth town,1,1,160430,0,0,0,0,0,0,0,0,0,0,0,0,0,0,0,0,0,0,0,0,0
201712,08,209000,005,0395,24785 ,00000 ,30255 ,216,19740, , ,80110      ,4,8,12,Englewood,105,105,24129584,0,0,0,0,0,0,0,0,0,105,105,24129584,0,0,0,0,0,0,0,0,0
201712,08,213000,123,0400,24950 ,00000 ,9787 ,216,24540,2, ,805160750  ,4,8,11,Erie town,509,509,140289186,1,2,333587,36,144,15756764,1,5,966852,470,470,129781728,1,2,333587,36,144,15756764,1,5,966852
201712,08,215000,069,0405,25115 ,00000 ,5858 ,999,22660, , ,80517      ,4,8,12,Estes Park town,23,23,9579895,0,0,0,1,3,1049180,0,0,0,23,23,9579895,0,0,0,1,3,1049180,0,0,0
201712,08,217000,123,0415,25280 ,00000 ,18537 ,216,24540, , ,806152036  ,4,8,11,Evans,100,100,18125492,1,2,376476,1,4,484294,4,20,2871632,95,95,17336799,1,2,376476,1,4,484294,4,20,2871632
201712,08,219000,093,0425,25610 ,00000 ,679 ,216,19740, , ,804400267  ,4,8,12,Fairplay town,1,1,250000,0,0,0,1,4,700000,0,0,0,1,1,250000,0,0,0,1,4,700000,0,0,0
201712,08,221000,001,0430,26270 ,00000 ,11467 ,216,19740, , ,80221      ,4,8,12,Federal Heights,0,0,0,0,0,0,0,0,0,0,0,0,0,0,0,0,0,0,0,0,0,0,0,0
201712,08,223000,123,0435,26600 ,00000 ,10147 ,216,24540, , ,80504      ,4,8,12,Firestone town,158,158,45284545,0,0,0,0,0,0,6,141,7920000,158,158,45284545,0,0,0,0,0,0,6,141,7920000
201712,08,231000,069,0455,27425 ,00000 ,143986 ,999,22660, ,1,805228052  ,4,8,12,Fort Collins,657,657,143442813,5,10,1724202,3,12,2486285,39,698,108559313,657,657,143442813,5,10,1724202,3,12,2486285,39,698,108559313
201712,08,240000,005,0483,28105 ,00000 ,685 ,216,19740, , ,80108      ,4,8,12,Foxfield town,1,1,500000,0,0,0,0,0,0,0,0,0,1,1,500000,0,0,0,0,0,0,0,0,0
201712,08,243000,123,0490,28360 ,00000 ,8679 ,216,24540, , ,805300435  ,4,8,11,Frederick town,199,199,48953909,0,0,0,2,8,1434674,0,0,0,181,181,43834401,0,0,0,2,8,1434674,0,0,0
201712,08,257000,019,0520,29735 ,00000 ,1034 ,216,19740, , ,80444      ,4,8,11,Georgetown town,4,4,779906,0,0,0,0,0,0,1,10,1454170,3,3,506374,0,0,0,0,0,0,1,10,1454170
201712,08,261000,047,    ,99990 ,00000 ,4660 ,216,19740, , ,80427      ,4,8,12,Gilpin County Unincorporated Area,34,34,9489619,0,0,0,0,0,0,0,0,0,34,34,9489619,0,0,0,0,0,0,0,0,0
201712,08,263000,005,0530,30340 ,00000 ,4184 ,216,19740, , ,80222      ,4,8,12,Glendale,0,0,0,0,0,0,0,0,0,0,0,0,0,0,0,0,0,0,0,0,0,0,0,0
201712,08,267000,059,0540,30835 ,00000 ,18867 ,216,19740, , ,80401      ,4,8,12,Golden,30,30,7100325,0,0,0,0,0,0,0,0,0,30,30,7100325,0,0,0,0,0,0,0,0,0
201712,08,273000,049,    ,99990 ,00000 ,8178 ,999,99999,2, ,80451      ,4,8,6,Grand County Unincorporated Area,89,89,31208747,0,0,0,0,0,0,0,0,0,41,41,13975917,0,0,0,0,0,0,0,0,0
201712,08,279000,123,0570,32155 ,00000 ,92889 ,216,24540, ,1,80631      ,4,8,12,Greeley,120,120,28889215,1,2,382663,2,8,1129881,16,219,38750415,120,120,28889215,1,2,382663,2,8,1129881,16,219,38750415
201712,08,285000,005,0580,33035 ,00000 ,13925 ,216,19740, , ,80111      ,4,8,12,Greenwood Village,13,13,10229265,0,0,0,0,0,0,1,6,875984,13,13,10229265,0,0,0,0,0,0,1,6,875984
201712,08,287000,123,0585,33310 ,00000 ,137 ,216,24540, , ,80729      ,4,8,12,Grover town,0,0,0,0,0,0,0,0,0,0,0,0,0,0,0,0,0,0,0,0,0,0,0,0
201712,08,321000,073,0655,37875 ,00000 ,730 ,999,99999, , ,80821      ,4,8,12,Hugo town,3,3,491052,0,0,0,0,0,0,0,0,0,3,3,491052,0,0,0,0,0,0,0,0,0
201712,08,323000,019,0660,38370 ,00000 ,1717 ,216,19740, , ,80452      ,4,8,12,Idaho Springs,0,0,0,0,0,0,0,0,0,0,0,0,0,0,0,0,0,0,0,0,0,0,0,0
201712,08,333000,059,    ,99990 ,00000 ,187757 ,216,19740, , ,804193540  ,4,8,12,Jefferson County Unincorporated Area,375,375,108336077,0,0,0,0,0,0,2,45,4639332,375,375,108336077,0,0,0,0,0,0,2,45,4639332
201712,08,335000,123,0690,39855 ,00000 ,9350 ,216,24540,2, ,805340609  ,4,8,12,Johnstown town,135,135,38479326,0,0,0,0,0,0,10,212,18839013,135,135,38479326,0,0,0,0,0,0,10,212,18839013
201712,08,339000,123,0700,40185 ,00000 ,1127 ,216,24540, , ,80643      ,4,8,11,Keenesburg town,3,3,796000,0,0,0,0,0,0,0,0,0,3,3,796000,0,0,0,0,0,0,0,0,0
201712,08,347000,039,0715,40790 ,00000 ,723 ,216,19740, , ,80117      ,4,8,12,Kiowa town,0,0,0,0,0,0,0,0,0,0,0,0,0,0,0,0,0,0,0,0,0,0,0,0
201712,08,359000,067,    ,99990 ,00000 ,31417 ,999,99999, , ,81301      ,4,8,12,La Plata County Unincorporated Area,213,213,130492804,0,0,0,0,0,0,0,0,0,213,213,130492804,0,0,0,0,0,0,0,0,0
201712,08,365000,013,0735,41835 ,00000 ,24453 ,216,14500, , ,80026      ,4,8,11,Lafayette,193,193,49490312,1,2,328644,1,3,348054,4,73,7271327,178,178,46687431,0,0,0,0,0,0,3,68,6531420
201712,08,373000,059,0760,43000 ,00000 ,142980 ,216,19740, ,1,80226      ,4,8,12,Lakewood,187,187,52134598,2,4,521500,1,4,851486,9,644,90976470,187,187,52134598,2,4,521500,1,4,851486,9,644,90976470
201712,08,375000,099,0765,43110 ,00000 ,7804 ,999,99999, , ,81052      ,4,8,12,Lamar,1,1,300000,0,0,0,0,0,0,0,0,0,1,1,300000,0,0,0,0,0,0,0,0,0
201712,08,377000,069,    ,99990 ,00000 ,65860 ,999,22660, , ,805221190  ,4,8,12,Larimer County Unincorporated Area,164,164,57465054,5,10,788727,0,0,0,0,0,0,164,164,57465054,5,10,788727,0,0,0,0,0,0
201712,08,383000,071,    ,99990 ,00000 ,5537 ,999,99999,2, ,81082      ,4,8,1,Las Animas County Unincorporated Area,5,5,839444,0,0,0,0,0,0,0,0,0,1,1,65000,0,0,0,0,0,0,0,0,0
201712,08,391000,005,0810,45255 ,00000 ,39328 ,216,19740,2, ,80165      ,4,8,12,Littleton,58,58,15261625,12,24,2228901,0,0,0,0,0,0,58,58,15261625,12,24,2228901,0,0,0,0,0,0
201712,08,399500,035,0817,45955 ,00000 ,10218 ,216,19740, , ,80124      ,4,8,7,Lone Tree,62,62,21134155,0,0,0,0,0,0,0,0,0,28,28,7601394,0,0,0,0,0,0,0,0,0
201712,08,401000,013,0820,45970 ,00000 ,86240 ,216,14500,2, ,80501      ,4,8,11,Longmont,355,355,128175073,0,0,0,0,0,0,40,637,88808097,328,328,119553400,0,0,0,0,0,0,35,566,82260489
201712,08,403000,013,0825,46355 ,00000 ,18376 ,216,14500, , ,80027      ,4,8,12,Louisville,43,43,12285923,0,0,0,0,0,0,0,0,0,43,43,12285923,0,0,0,0,0,0,0,0,0
201712,08,405000,069,2640,46465 ,00000 ,66859 ,999,22660, , ,80537      ,4,8,12,Loveland,283,283,77842433,0,0,0,0,0,0,4,175,22817406,283,283,77842433,0,0,0,0,0,0,4,175,22817406
201712,08,411000,083,0845,48115 ,00000 ,1336 ,999,99999, , ,81328      ,4,8,3,Mancos town,4,4,768286,0,0,0,0,0,0,0,0,0,1,1,210000,0,0,0,0,0,0,0,0,0
201712,08,425000,077,    ,00000 ,00000 ,71607 ,999,24300, , ,815025001  ,4,8,12,Mesa County,666,666,140060789,7,14,1997617,1,4,555397,2,78,10600139,666,666,140060789,7,14,1997617,1,4,555397,2,78,10600139
201712,08,451000,059,0920,52075 ,00000 ,428 ,216,19740, , ,804653001  ,4,8,12,Morrison town,0,0,0,0,0,0,0,0,0,0,0,0,0,0,0,0,0,0,0,0,0,0,0,0
201712,08,455000,059,0925,52350 ,00000 ,507 ,216,19740, , ,80212      ,4,8,12,Mountain View town,0,0,0,0,0,0,0,0,0,0,0,0,0,0,0,0,0,0,0,0,0,0,0,0
201712,08,463000,001,0943,54330 ,00000 ,35777 ,216,19740,2, ,80233      ,4,8,12,Northglenn,0,0,0,3,6,1239550,0,0,0,0,0,0,0,0,0,3,6,1239550,0,0,0,0,0,0
201712,08,475000,085,0970,55540 ,00000 ,1849 ,999,99999, , ,81425      ,4,8,12,Olathe town,0,0,0,0,0,0,2,8,746640,0,0,0,0,0,0,0,0,0,2,8,746640,0,0,0
201712,08,507000,093,    ,99990 ,00000 ,15257 ,216,19740, , ,80440      ,4,8,12,Park County Unincorporated Area,148,148,31876764,0,0,0,0,0,0,0,0,0,148,148,31876764,0,0,0,0,0,0,0,0,0
201712,08,509000,035,1039,57630 ,00000 ,45297 ,216,19740, , ,80134      ,4,8,12,Parker town,414,414,151822105,0,0,0,0,0,0,19,358,48540272,414,414,151822105,0,0,0,0,0,0,19,358,48540272
201712,08,533000,101,    ,99990 ,00000 ,51976 ,444,39380,2, ,81003      ,4,8,8,Pueblo County Unincorporated Area,345,345,59001950,3,6,823241,0,0,0,2,10,1413226,247,247,42142004,1,2,319017,0,0,0,0,0,0
201712,08,535000,041,1090,62660 ,00000 ,123 ,999,17820, , ,808320129  ,4,8,12,Ramah town,0,0,0,0,0,0,0,0,0,0,0,0,0,0,0,0,0,0,0,0,0,0,0,0
201712,08,565000,109,1155,67005 ,00000 ,485 ,999,99999, , ,811490417  ,4,8,6,Saguache town,0,0,0,0,0,0,0,0,0,0,0,0,0,0,0,0,0,0,0,0,0,0,0,0
201712,08,585000,123,1195,69150 ,00000 ,3165 ,216,24540, , ,80546      ,4,8,12,Severance town,258,258,43439453,0,0,0,0,0,0,0,0,0,258,258,43439453,0,0,0,0,0,0,0,0,0
201712,08,587000,005,1200,69645 ,00000 ,5664 ,216,19740, , ,80110      ,4,8,12,Sheridan,20,20,2585168,0,0,0,6,18,2072072,0,0,0,20,20,2585168,0,0,0,6,18,2072072,0,0,0
201712,08,595000,019,1220,70360 ,00000 ,170 ,216,19740, , ,80476      ,4,8,12,Silver Plume town,0,0,0,0,0,0,0,0,0,0,0,0,0,0,0,0,0,0,0,0,0,0,0,0
201712,08,597000,117,1222,70525 ,00000 ,3887 ,999,99999, , ,80498      ,4,8,12,Silverthorne town,77,77,32004069,0,0,0,0,0,0,1,10,2386275,77,77,32004069,0,0,0,0,0,0,1,10,2386275
201712,08,601000,039,1230,70635 ,00000 ,618 ,216,19740, , ,80835      ,4,8,3,Simla town,0,0,0,0,0,0,0,0,0,0,0,0,0,0,0,0,0,0,0,0,0,0,0,0
201712,08,615000,025,1265,74815 ,00000 ,258 ,999,99999, , ,810760060  ,4,8,12,Sugar City town,0,0,0,0,0,0,0,0,0,0,0,0,0,0,0,0,0,0,0,0,0,0,0,0
201712,08,625000,119,    ,99990 ,00000 ,14536 ,999,17820,2, ,80866      ,4,8,12,Teller County Unincorporated Area,76,76,20475615,0,0,0,0,0,0,0,0,0,76,76,20475615,0,0,0,0,0,0,0,0,0
201712,08,629000,001,1285,77290 ,00000 ,118772 ,216,19740,2, ,80229      ,4,8,11,Thornton,782,782,216474384,0,0,0,3,11,1437337,6,78,9874401,727,727,199157770,0,0,0,2,8,1138462,4,31,3784421
201712,08,631000,069,1290,77510 ,00000 ,625 ,999,22660, , ,80547      ,4,8,12,Timnath town,271,271,75343982,0,0,0,0,0,0,0,0,0,271,271,75343982,0,0,0,0,0,0,0,0,0
201712,08,639000,119,1310,80865 ,00000 ,397 ,999,17820, , ,80860      ,4,8,12,Victor,0,0,0,0,0,0,0,0,0,0,0,0,0,0,0,0,0,0,0,0,0,0,0,0
201712,08,655000,123,    ,99990 ,00000 ,42473 ,216,24540, , ,80631      ,4,8,12,Weld County Unincorporated Area,143,143,42216524,0,0,0,0,0,0,0,0,0,143,143,42216524,0,0,0,0,0,0,0,0,0
201712,08,657000,069,1345,83230 ,00000 ,6289 ,999,22660, , ,80549      ,4,8,12,Wellington town,188,188,45961909,0,0,0,0,0,0,0,0,0,188,188,45961909,0,0,0,0,0,0,0,0,0
201712,08,661000,001,1355,83835 ,00000 ,63696 ,216,19740,2, ,80031      ,4,8,12,Westminster,124,124,33962193,0,0,0,0,0,0,0,0,0,124,124,33962193,0,0,0,0,0,0,0,0,0
201712,08,665000,059,1360,84440 ,00000 ,30166 ,216,19740, , ,800338001  ,4,8,5,Wheat Ridge,29,29,8873848,0,0,0,0,0,0,0,0,0,5,5,1636374,0,0,0,0,0,0,0,0,0
201712,08,673000,123,4560,85485 ,00000 ,14070 ,216,24540,2, ,80550      ,4,8,6,Windsor town,496,496,138970434,1,2,675000,5,17,4752032,13,75,9089700,331,331,87411576,1,2,675000,2,8,1603202,7,42,3498675
201712,08,677000,119,1380,86090 ,00000 ,7200 ,999,17820, , ,80866      ,4,8,12,Woodland Park,34,34,11022706,0,0,0,0,0,0,0,0,0,34,34,11022706,0,0,0,0,0,0,0,0,0
201712,15,001000,001,    ,00000 ,00000 ,185079 ,999,99999, , ,96720      ,4,9,12,Hawaii County,801,801,261211890,5,10,1110320,1,3,300000,10,80,10260000,801,801,261211890,5,10,1110320,1,3,300000,10,80,10260000
201712,15,005000,003,    ,00000 ,00000 ,953207 ,999,46520, ,1,968133006  ,4,9,12,Honolulu County,1028,1028,350184055,0,0,0,0,0,0,19,940,154082093,1028,1028,350184055,0,0,0,0,0,0,19,940,154082093
201712,15,009000,007,    ,00000 ,00000 ,67091 ,999,99999, , ,96766      ,4,9,12,Kauai County,216,216,104152557,14,28,10704703,0,0,0,6,68,30409000,216,216,104152557,14,28,10704703,0,0,0,6,68,30409000
201712,15,013000,009,    ,00000 ,00000 ,154834 ,999,27980, , ,96793      ,4,9,12,Maui County,489,489,149497808,20,40,9664502,4,16,3790476,34,316,46996758,489,489,149497808,20,40,9664502,4,16,3790476,34,316,46996758
201712,16,009000,001,    ,99990 ,00000 ,59731 ,147,14260, , ,83702      ,4,8,12,Ada County Unincorporated Area,515,515,126038499,0,0,0,0,0,0,0,0,0,515,515,126038499,0,0,0,0,0,0,0,0,0
201712,16,025000,019,0050,01990 ,91656 ,13816 ,292,26820, , ,83406      ,4,8,12,Ammon,63,63,14884511,0,0,0,0,0,0,11,258,21484736,63,63,14884511,0,0,0,0,0,0,11,258,21484736
201712,16,033000,005,0080,03340 ,93289 ,355 ,999,38540,2, ,832140061  ,4,8,12,Arimo,0,0,0,0,0,0,0,0,0,0,0,0,0,0,0,0,0,0,0,0,0,0,0,0
201712,16,053000,005,    ,99990 ,00000 ,11628 ,999,38540,2, ,832016210  ,4,8,11,Bannock County Unincorporated Area,48,48,9917227,0,0,0,0,0,0,0,0,0,44,44,9151241,0,0,0,0,0,0,0,0,0
201712,16,065000,013,0140,06220 ,91380 ,2287 ,999,99999, , ,833130825  ,4,8,9,Bellevue,3,3,581000,0,0,0,0,0,0,0,0,0,3,3,581000,0,0,0,0,0,0,0,0,0
201712,16,073000,011,    ,99990 ,00000 ,26405 ,999,99999,2, ,832211700  ,4,8,12,Bingham County Unincorporated Area,97,97,12389739,1,2,145116,0,0,0,0,0,0,97,97,12389739,1,2,145116,0,0,0,0,0,0
201712,16,093000,001,0180,08830 ,92668 ,205671 ,147,14260, ,1,83701      ,4,8,12,Boise City,810,810,221713909,6,12,2541096,15,57,3704716,12,281,37342251,810,810,221713909,6,12,2541096,15,57,3704716,12,281,37342251
201712,16,097000,015,    ,99990 ,00000 ,5621 ,147,14260,2, ,836311300  ,4,8,12,Boise County Unincorporated Area,68,68,15549108,0,0,0,0,0,0,0,0,0,68,68,15549108,0,0,0,0,0,0,0,0,0
201712,16,109000,019,    ,99990 ,00000 ,30213 ,292,26820, , ,83402      ,4,8,12,Bonneville County Unincorporated Area,331,331,49961791,0,0,0,0,0,0,0,0,0,331,331,49961791,0,0,0,0,0,0,0,0,0
201712,16,113000,021,    ,99990 ,00000 ,7711 ,999,99999,2, ,83805      ,4,8,0,Boundary County Unincorporated Area,58,58,14083769,0,0,0,0,0,0,0,0,0,0,0,0,0,0,0,0,0,0,0,0,0
201712,16,137000,023,    ,99990 ,00000 ,1633 ,292,26820, , ,83213      ,4,8,0,Butte County Unincorporated Area,3,3,484938,0,0,0,0,0,0,0,0,0,0,0,0,0,0,0,0,0,0,0,0,0
201712,16,141000,027,0240,12250 ,90483 ,46237 ,147,14260, , ,83605      ,4,8,11,Caldwell,478,478,71119328,0,0,0,2,8,668000,1,8,595000,426,426,64084176,0,0,0,2,8,668000,1,8,595000
201712,16,153000,027,    ,99990 ,00000 ,50187 ,147,14260, , ,83651      ,4,8,12,Canyon County Unincorporated Area,376,376,71913912,0,0,0,0,0,0,0,0,0,376,376,71913912,0,0,0,0,0,0,0,0,0
201712,16,165000,031,    ,99990 ,00000 ,11401 ,999,99999,2, ,833181862  ,4,8,12,Cassia County Unincorporated Area,37,37,11366452,0,0,0,1,4,301285,0,0,0,37,37,11366452,0,0,0,1,4,301285,0,0,0
201712,16,181000,005,0300,14680 ,92852 ,13922 ,999,38540, , ,832020006  ,4,8,12,Chubbuck,54,54,6172493,0,0,0,5,20,902800,0,0,0,54,54,6172493,0,0,0,5,20,902800,0,0,0
201712,16,205000,055,0340,16750 ,90621 ,44137 ,518,17660, ,1,83814      ,4,8,2,Coeur dAlene,293,293,58943253,4,8,1047600,1,3,256875,4,22,1570490,31,31,5910311,0,0,0,0,0,0,0,0,0
201712,16,217000,061,0370,19270 ,90690 ,501 ,999,99999, , ,83523      ,4,8,12,Craigmont,0,0,0,0,0,0,0,0,0,0,0,0,0,0,0,0,0,0,0,0,0,0,0,0
201712,16,277000,001,0520,23410 ,90345 ,19908 ,147,14260, , ,83616      ,4,8,12,Eagle,671,671,239416663,0,0,0,0,0,0,18,250,37632400,671,671,239416663,0,0,0,0,0,0,18,250,37632400
201712,16,281000,017,0530,23680 ,90598 ,210 ,999,99999, , ,838360186  ,4,8,11,East Hope,0,0,0,0,0,0,0,0,0,0,0,0,0,0,0,0,0,0,0,0,0,0,0,0
201712,16,289000,035,0550,25120 ,90920 ,125 ,999,99999, , ,838270202  ,4,8,12,Elk River,0,0,0,0,0,0,0,0,0,0,0,0,0,0,0,0,0,0,0,0,0,0,0,0
201712,16,297000,045,0560,25570 ,90966 ,6557 ,147,14260, , ,83617      ,4,8,11,Emmett,12,12,1349555,0,0,0,0,0,0,1,5,298436,10,10,1113015,0,0,0,0,0,0,0,0,0
201712,16,301000,025,0570,26290 ,93749 ,416 ,999,99999, , ,83327      ,4,8,12,Fairfield,0,0,0,0,0,0,0,0,0,0,0,0,0,0,0,0,0,0,0,0,0,0,0,0
201712,16,329000,043,    ,99990 ,00000 ,6905 ,999,99999,2, ,83445      ,4,8,12,Fremont County Unincorporated Area,102,102,18160138,0,0,0,0,0,0,0,0,0,102,102,18160138,0,0,0,0,0,0,0,0,0
201712,16,337000,001,0650,29620 ,90345 ,10972 ,147,14260, , ,83714      ,4,8,12,Garden City,42,42,6136500,0,0,0,0,0,0,0,0,0,42,42,6136500,0,0,0,0,0,0,0,0,0
201712,16,341000,045,    ,99990 ,00000 ,10162 ,147,14260, , ,83617      ,4,8,12,Gem County Unincorporated Area,44,44,6671230,0,0,0,0,0,0,0,0,0,44,44,6671230,0,0,0,0,0,0,0,0,0
201712,16,377000,027,0730,33490 ,90483 ,846 ,147,14260, , ,83626      ,4,8,0,Greenleaf,0,0,0,0,0,0,0,0,0,0,0,0,0,0,0,0,0,0,0,0,0,0,0,0
201712,16,397000,055,0780,35200 ,91426 ,203 ,518,17660, , ,83833      ,4,8,0,Harrison,0,0,0,0,0,0,0,0,0,0,0,0,0,0,0,0,0,0,0,0,0,0,0,0
201712,16,405000,055,0800,36370 ,90621 ,13294 ,518,17660, , ,83835      ,4,8,12,Hayden,110,110,29332577,1,2,457785,0,0,0,16,96,12897915,110,110,29332577,1,2,457785,0,0,0,16,96,12897915
201712,16,425000,073,0850,38170 ,91518 ,2633 ,147,14260, , ,836280757  ,4,8,12,Homedale,13,13,2462487,0,0,0,0,0,0,0,0,0,13,13,2462487,0,0,0,0,0,0,0,0,0
201712,16,433000,015,0870,38620 ,91541 ,707 ,147,14260, , ,836290246  ,4,8,11,Horseshoe Bend,1,1,141689,0,0,0,0,0,0,0,0,0,1,1,141689,0,0,0,0,0,0,0,0,0
201712,16,441000,015,0890,39610 ,91633 ,485 ,147,14260, , ,836310130  ,4,8,12,Idaho City,1,1,123331,0,0,0,0,0,0,0,0,0,1,1,123331,0,0,0,0,0,0,0,0,0
201712,16,449000,019,0900,39700 ,91656 ,56813 ,292,26820, ,1,834050220  ,4,8,12,Idaho Falls,276,276,35699508,0,0,0,0,0,0,0,0,0,276,276,35699508,0,0,0,0,0,0,0,0,0
201712,16,457000,019,0920,40420 ,91656 ,1803 ,292,26820, , ,83427      ,4,8,12,Iona,26,26,4180000,0,0,0,0,0,0,0,0,0,26,26,4180000,0,0,0,0,0,0,0,0,0
201712,16,469000,051,    ,99990 ,00000 ,19412 ,292,26820,2, ,83442      ,4,8,12,Jefferson County Unincorporated Area,194,194,35320512,0,0,0,0,0,0,0,0,0,194,194,35320512,0,0,0,0,0,0,0,0,0
201712,16,473000,053,0950,41320 ,91748 ,10890 ,999,99999, , ,833382614  ,4,8,12,Jerome,27,27,3317501,0,0,0,0,0,0,0,0,0,27,27,3317501,0,0,0,0,0,0,0,0,0
201712,16,477000,053,    ,99990 ,00000 ,10326 ,999,99999, , ,83338      ,4,8,12,Jerome County Unincorporated Area,32,32,5614273,0,0,0,0,0,0,0,0,0,32,32,5614273,0,0,0,0,0,0,0,0,0
201712,16,517000,055,    ,99990 ,00000 ,39672 ,518,17660, , ,838169000  ,4,8,12,Kootenai County Unincorporated Area,407,407,121869342,0,0,0,0,0,0,0,0,0,407,407,121869342,0,0,0,0,0,0,0,0,0
201712,16,521000,001,1040,44290 ,91863 ,15210 ,147,14260, , ,83634      ,4,8,12,Kuna,508,508,66119644,0,0,0,12,48,5586458,0,0,0,508,508,66119644,0,0,0,12,48,5586458,0,0,0
201712,16,529000,057,    ,99990 ,00000 ,8988 ,999,99999, , ,83843      ,4,8,5,Latah County Unincorporated Area,46,46,14277376,0,0,0,0,0,0,0,0,0,12,12,4302712,0,0,0,0,0,0,0,0,0
201712,16,577000,073,1160,50950 ,92070 ,1031 ,147,14260, , ,83639      ,4,8,10,Marsing,5,5,1011219,1,2,363316,0,0,0,0,0,0,5,5,1011219,1,2,363316,0,0,0,0,0,0
201712,16,589000,027,1170,51850 ,92093 ,513 ,147,14260, , ,83641      ,4,8,12,Melba,1,1,156454,0,0,0,0,0,0,0,0,0,1,1,156454,0,0,0,0,0,0,0,0,0
201712,16,597000,001,1190,52120 ,90345 ,75092 ,147,14260, , ,83642      ,4,8,12,Meridian,1594,1594,400759678,0,0,0,24,96,7902815,65,724,66675497,1594,1594,400759678,0,0,0,24,96,7902815,65,724,66675497
201712,16,601000,027,1200,52660 ,92116 ,5524 ,147,14260, , ,83644      ,4,8,9,Middleton,172,172,37660036,0,0,0,0,0,0,0,0,0,140,140,32054590,0,0,0,0,0,0,0,0,0
201712,16,625000,057,1250,54550 ,92277 ,23800 ,999,99999, , ,83843      ,4,8,12,Moscow,31,31,7885861,2,4,554032,0,0,0,12,197,23414320,31,31,7885861,2,4,554032,0,0,0,12,197,23414320
201712,16,629000,039,1260,54730 ,92300 ,14206 ,999,99999, , ,836470010  ,4,8,12,Mountain Home,16,16,2641318,0,0,0,0,0,0,0,0,0,16,16,2641318,0,0,0,0,0,0,0,0,0
201712,16,649000,027,1320,56260 ,92438 ,81557 ,147,14260, , ,83651      ,4,8,12,Nampa,566,566,79250607,6,12,839582,22,88,5782313,4,48,3365000,566,566,79250607,6,12,839582,22,88,5782313,4,48,3365000
201712,16,673000,027,1370,58060 ,90483 ,531 ,147,14260, , ,836560257  ,4,8,12,Notus,2,2,380615,0,0,0,0,0,0,0,0,0,2,2,380615,0,0,0,0,0,0,0,0,0
201712,16,697000,079,1420,59590 ,93634 ,1555 ,999,99999, , ,83849      ,4,8,12,Osburn,2,2,613046,0,0,0,0,0,0,0,0,0,2,2,613046,0,0,0,0,0,0,0,0,0
201712,16,701000,073,    ,99990 ,00000 ,7410 ,147,14260,2, ,83650      ,4,8,11,Owyhee County Unincorporated Area,15,15,2821843,0,0,0,0,0,0,0,0,0,14,14,2662860,0,0,0,0,0,0,0,0,0
201712,16,717000,027,1460,60940 ,92714 ,1983 ,147,14260, , ,836600608  ,4,8,4,Parma,3,3,892500,0,0,0,0,0,0,0,0,0,0,0,0,0,0,0,0,0,0,0,0,0
201712,16,725000,075,1480,61300 ,92783 ,7433 ,999,99999, , ,83661      ,4,8,12,Payette,27,27,2245874,3,6,357000,0,0,0,0,0,0,27,27,2245874,3,6,357000,0,0,0,0,0,0
201712,16,745000,015,1520,63550 ,91541 ,53 ,147,14260, , ,83666      ,4,8,12,Placerville,0,0,0,0,0,0,0,0,0,0,0,0,0,0,0,0,0,0,0,0,0,0,0,0
201712,16,753000,005,1540,64090 ,93289 ,54239 ,999,38540,2,1,83205      ,4,8,11,Pocatello,101,101,12649222,0,0,0,0,0,0,0,0,0,92,92,11599641,0,0,0,0,0,0,0,0,0
201712,16,765000,055,1560,64810 ,92875 ,27574 ,518,17660, , ,83854      ,4,8,12,Post Falls,349,349,74664541,2,4,567151,0,0,0,12,228,20786512,349,349,74664541,2,4,567151,0,0,0,12,228,20786512
201712,16,777000,041,1580,65260 ,92921 ,5204 ,999,30860, , ,83263      ,4,8,4,Preston,12,12,2575288,0,0,0,0,0,0,0,0,0,2,2,420000,0,0,0,0,0,0,0,0,0
201712,16,793000,065,1620,67420 ,93381 ,25484 ,999,99999, , ,83440      ,4,8,6,Rexburg,63,63,17467027,1,2,96316,32,125,9451097,13,236,25252471,29,29,8015522,0,0,0,27,108,8129193,4,136,14016090
201712,16,813000,051,1660,67960 ,93036 ,598 ,292,26820,2, ,83443      ,4,8,12,Ririe,0,0,0,0,0,0,0,0,0,0,0,0,0,0,0,0,0,0,0,0,0,0,0,0
201712,16,833000,017,1740,72100 ,93197 ,7365 ,999,99999, , ,83864      ,4,8,12,Sandpoint,54,54,8427168,4,8,1765779,0,0,0,1,13,1863000,54,54,8427168,4,8,1765779,0,0,0,1,13,1863000
201712,16,845000,079,    ,99990 ,00000 ,5180 ,999,99999, , ,838732348  ,4,8,12,Shoshone County Unincorporated Area,16,16,2446177,0,0,0,0,0,0,0,0,0,16,16,2446177,0,0,0,0,0,0,0,0,0
201712,16,869000,007,1710,71110 ,92691 ,131 ,999,99999, , ,83272      ,4,8,12,St. Charles,4,4,654000,0,0,0,0,0,0,0,0,0,4,4,654000,0,0,0,0,0,0,0,0,0
201712,16,878000,001,1820,76870 ,90805 ,5781 ,147,14260,2, ,83669      ,4,8,12,Star,334,334,87518566,0,0,0,0,0,0,0,0,0,334,334,87518566,0,0,0,0,0,0,0,0,0
201712,16,897000,019,1870,79120 ,93404 ,204 ,292,26820, , ,83449      ,4,8,12,Swan Valley,4,4,1249448,0,0,0,0,0,0,0,0,0,4,4,1249448,0,0,0,0,0,0,0,0,0
201712,16,913000,081,1900,80470 ,93473 ,269 ,999,99999, , ,83452      ,4,8,12,Tetonia,2,2,360000,0,0,0,0,0,0,0,0,0,2,2,360000,0,0,0,0,0,0,0,0,0
201712,16,921000,083,1920,82810 ,93565 ,44125 ,999,99999, , ,83301      ,4,8,12,Twin Falls,204,204,40185756,4,8,1164182,20,80,6000000,0,0,0,204,204,40185756,4,8,1164182,20,80,6000000,0,0,0
201712,16,925000,083,    ,99990 ,00000 ,21454 ,999,99999,2, ,833016251  ,4,8,12,Twin Falls County Unincorporated Area,78,78,20053200,0,0,0,0,0,0,0,0,0,78,78,20053200,0,0,0,0,0,0,0,0,0
201712,16,977000,027,2030,87670 ,93841 ,1533 ,147,14260, , ,83676      ,4,8,12,Wilder,19,19,3176118,0,0,0,0,0,0,0,0,0,19,19,3176118,0,0,0,0,0,0,0,0,0
201712,30,009000,085,0018,03400 ,00000 ,208 ,999,99999, , ,59212      ,4,8,10,Bainville town,5,5,1183417,0,0,0,0,0,0,0,0,0,4,4,895704,0,0,0,0,0,0,0,0,0
201712,30,015000,000,    ,00000 ,00000 ,99999 ,999,99999,2,0,           ,4,8,0,Balance of State,0,0,0,0,0,0,0,0,0,0,0,0,0,0,0,0,0,0,0,0,0,0,0,0
201712,30,045000,111,0050,06550 ,00000 ,104170 ,999,13740, ,1,59103      ,4,8,12,Billings,432,432,88653701,12,24,3913110,9,36,3151120,0,0,0,432,432,88653701,12,24,3913110,9,36,3151120,0,0,0
201712,30,057000,031,0080,08950 ,00000 ,37280 ,999,99999, , ,597711230  ,4,8,12,Bozeman,403,403,96414583,56,112,18376694,31,105,20468164,19,202,25027563,403,403,96414583,56,112,18376694,31,105,20468164,19,202,25027563
201712,30,085000,093,0110,11397 ,00000 ,33525 ,999,99999,2, ,59701      ,4,8,12,Butte-Silver Bow,70,70,7549441,0,0,0,0,0,0,0,0,0,70,70,7549441,0,0,0,0,0,0,0,0,0
201712,30,097000,013,    ,99990 ,00000 ,21489 ,999,24500, , ,59401      ,4,8,12,Cascade County Unincorporated Area,138,138,38315219,1,2,358195,0,0,0,0,0,0,138,138,38315219,1,2,358195,0,0,0,0,0,0
201712,30,117000,015,    ,99990 ,00000 ,3490 ,999,99999, , ,594420459  ,4,8,0,Chouteau County Unincorporated Area,11,11,3057461,0,0,0,0,0,0,0,0,0,0,0,0,0,0,0,0,0,0,0,0,0
201712,30,249000,009,0270,29575 ,00000 ,438 ,999,13740, , ,59029      ,4,8,0,Fromberg town,0,0,0,0,0,0,0,0,0,0,0,0,0,0,0,0,0,0,0,0,0,0,0,0
201712,30,253000,031,    ,99990 ,00000 ,40184 ,999,99999, , ,59715      ,4,8,12,Gallatin County Unincorporated Area,449,449,130328349,32,64,9549734,12,44,5288152,2,22,2125313,449,449,130328349,32,64,9549734,12,44,5288152,2,22,2125313
201712,30,273000,021,0285,31450 ,00000 ,4935 ,999,99999, , ,59330      ,4,8,0,Glendive,0,0,0,0,0,0,0,0,0,0,0,0,0,0,0,0,0,0,0,0,0,0,0,0
201712,30,289000,013,1370,32800 ,00000 ,58505 ,999,24500, ,1,594035021  ,4,8,12,Great Falls,59,59,14319876,3,6,890000,0,0,0,0,0,0,59,59,14319876,3,6,890000,0,0,0,0,0,0
201712,30,293000,081,0300,33775 ,00000 ,4348 ,999,99999, , ,59840      ,4,8,0,Hamilton,9,9,1210776,4,8,691000,0,0,0,0,0,0,0,0,0,0,0,0,0,0,0,0,0,0
201712,30,313000,049,0325,35600 ,00000 ,28190 ,999,99999, , ,59623      ,4,8,12,Helena,42,42,12191632,6,12,2556570,22,84,10559813,1,6,1067110,42,42,12191632,6,12,2556570,22,84,10559813,1,6,1067110
201712,30,317000,041,    ,99990 ,00000 ,6668 ,999,99999, , ,595010231  ,4,8,0,Hill County Unincorporated Area,0,0,0,0,0,0,0,0,0,0,0,0,0,0,0,0,0,0,0,0,0,0,0,0
201712,30,341000,043,    ,99990 ,00000 ,9185 ,999,99999, , ,596320249  ,4,8,12,Jefferson County Unincorporated Area,6,6,1656377,0,0,0,0,0,0,0,0,0,6,6,1656377,0,0,0,0,0,0,0,0,0
201712,30,349000,033,0365,39925 ,00000 ,343 ,999,99999, , ,59337      ,4,8,12,Jordan town,0,0,0,0,0,0,0,0,0,0,0,0,0,0,0,0,0,0,0,0,0,0,0,0
201712,30,361000,029,0375,40075 ,00000 ,19927 ,999,99999, , ,59903      ,4,8,12,Kalispell,124,124,24231967,14,28,3612287,0,0,0,2,44,3400000,124,124,24231967,14,28,3612287,0,0,0,2,44,3400000
201712,30,449000,063,0455,50200 ,00000 ,66788 ,999,33540, ,1,59802      ,4,8,12,Missoula,236,236,53441486,17,34,3611846,5,16,1541953,23,479,56410569,236,236,53441486,17,34,3611846,5,16,1541953,23,479,56410569
201712,30,453000,063,    ,99990 ,00000 ,42511 ,999,33540, , ,59808      ,4,8,12,Missoula County Unincorporated Area,159,159,22456498,3,6,506368,2,6,231429,2,36,990000,159,159,22456498,3,6,506368,2,6,231429,2,36,990000
201712,30,457000,027,0470,51550 ,00000 ,193 ,999,99999, , ,594640098  ,4,8,0,Moore town,0,0,0,0,0,0,0,0,0,0,0,0,0,0,0,0,0,0,0,0,0,0,0,0
201712,30,513000,047,0530,58750 ,00000 ,4488 ,999,99999, , ,59860      ,4,8,11,Polson,10,10,4443017,0,0,0,4,15,712500,3,35,3688072,8,8,3523000,0,0,0,3,12,570000,3,35,3688072
201712,30,601000,083,0590,67900 ,00000 ,5191 ,999,99999, , ,59270      ,4,8,12,Sidney,1,1,550000,0,0,0,1,3,600000,0,0,0,1,1,550000,0,0,0,1,3,600000,0,0,0
201712,30,681000,057,0655,77125 ,00000 ,190 ,999,99999, , ,59755      ,4,8,0,Virginia City town,0,0,0,0,0,0,0,0,0,0,0,0,0,0,0,0,0,0,0,0,0,0,0,0
201712,30,705000,029,0670,79825 ,00000 ,6357 ,999,99999, , ,59937      ,4,8,12,Whitefish,80,80,29198450,2,4,461520,0,0,0,2,19,3152468,80,80,29198450,2,4,461520,0,0,0,2,19,3152468
201712,32,001000,003,0010,06500 ,00000 ,15023 ,332,29820, , ,89005      ,4,8,12,Boulder City,21,21,4632955,0,0,0,0,0,0,0,0,0,21,21,4632955,0,0,0,0,0,0,0,0,0
201712,32,005000,017,0015,08500 ,00000 ,1130 ,999,99999, , ,890081006  ,4,8,12,Caliente,0,0,0,0,0,0,0,0,0,0,0,0,0,0,0,0,0,0,0,0,0,0,0,0
201712,32,009000,007,0020,08900 ,00000 ,2368 ,999,99999, , ,89822      ,4,8,11,Carlin,3,3,161274,0,0,0,0,0,0,0,0,0,3,3,161274,0,0,0,0,0,0,0,0,0
201712,32,013000,510,0025,09700 ,00000 ,55274 ,456,16180, ,1,89701      ,4,8,12,Carson City,118,118,33192611,0,0,0,5,20,2545672,0,0,0,118,118,33192611,0,0,0,5,20,2545672,0,0,0
201712,32,017000,001,    ,99990 ,00000 ,16271 ,999,99999, , ,894062748  ,4,8,12,Churchill County Unincorporated Area,23,23,5116301,0,0,0,0,0,0,0,0,0,23,23,5116301,0,0,0,0,0,0,0,0,0
201712,32,021000,003,    ,99990 ,00000 ,862524 ,332,29820, , ,89118      ,4,8,12,Clark County Unincorporated Area,4543,4543,610028147,21,42,7299289,49,165,28529528,60,2192,249238671,4543,4543,610028147,21,42,7299289,49,165,28529528,60,2192,249238671
201712,32,025000,005,    ,00000 ,00000 ,46997 ,999,99999, , ,89423      ,4,8,12,Douglas County,173,173,69033834,0,0,0,0,0,0,1,24,2273199,173,173,69033834,0,0,0,0,0,0,1,24,2273199
201712,32,029000,007,0035,22500 ,00000 ,18297 ,999,99999, , ,89801      ,4,8,12,Elko,43,43,8670322,0,0,0,0,0,0,0,0,0,43,43,8670322,0,0,0,0,0,0,0,0,0
201712,32,033000,007,    ,99990 ,00000 ,22451 ,999,99999, , ,89801      ,4,8,12,Elko County Unincorporated Area,114,114,15321687,0,0,0,0,0,0,0,0,0,114,114,15321687,0,0,0,0,0,0,0,0,0
201712,32,037000,033,0040,23500 ,00000 ,4255 ,999,99999,2, ,893011996  ,4,8,2,Ely,0,0,0,0,0,0,0,0,0,0,0,0,0,0,0,0,0,0,0,0,0,0,0,0
201712,32,049000,001,0045,24100 ,00000 ,8606 ,999,99999, , ,89406      ,4,8,12,Fallon,9,9,1857262,0,0,0,0,0,0,0,0,0,9,9,1857262,0,0,0,0,0,0,0,0,0
201712,32,050000,019,0048,24900 ,00000 ,19368 ,999,99999, , ,89408      ,4,8,12,Fernley,210,210,47927017,0,0,0,0,0,0,0,0,0,210,210,47927017,0,0,0,0,0,0,0,0,0
201712,32,057000,003,0058,31900 ,00000 ,257729 ,332,29820, ,1,89015      ,4,8,12,Henderson,2456,2456,672853895,20,40,6508586,0,0,0,62,1281,109550391,2456,2456,672853895,20,40,6508586,0,0,0,62,1281,109550391
201712,32,061000,013,    ,99990 ,00000 ,9132 ,999,99999, , ,89445      ,4,8,12,Humboldt County Unincorporated Area,8,8,1121954,0,0,0,0,0,0,0,0,0,8,8,1121954,0,0,0,0,0,0,0,0,0
201712,32,065000,015,    ,00000 ,00000 ,5775 ,999,99999, , ,89820      ,4,8,12,Lander County,0,0,0,0,0,0,0,0,0,0,0,0,0,0,0,0,0,0,0,0,0,0,0,0
201712,32,069000,003,0065,40000 ,00000 ,583756 ,332,29820, ,1,89107      ,4,8,12,Las Vegas,1531,1531,383148565,0,0,0,3,12,1125000,2,68,9638048,1531,1531,383148565,0,0,0,3,12,1125000,2,68,9638048
201712,32,073000,017,    ,99990 ,00000 ,4215 ,999,99999, , ,89043      ,4,8,10,Lincoln County Unincorporated Area,9,9,2458230,0,0,0,0,0,0,0,0,0,7,7,1917236,0,0,0,0,0,0,0,0,0
201712,32,077000,027,0070,43000 ,00000 ,1894 ,999,99999, , ,89419      ,4,8,12,Lovelock,4,4,262682,0,0,0,0,0,0,0,0,0,4,4,262682,0,0,0,0,0,0,0,0,0
201712,32,081000,019,    ,99990 ,00000 ,29564 ,999,99999, , ,89447      ,4,8,12,Lyon County Unincorporated Area,134,134,34389287,0,0,0,0,0,0,0,0,0,134,134,34389287,0,0,0,0,0,0,0,0,0
201712,32,085000,003,0074,46000 ,00000 ,15276 ,332,29820, , ,890274706  ,4,8,12,Mesquite,329,329,73395816,0,0,0,0,0,0,0,0,0,329,329,73395816,0,0,0,0,0,0,0,0,0
201712,32,089000,021,    ,00000 ,00000 ,4772 ,999,99999, , ,89415      ,4,8,12,Mineral County,0,0,0,0,0,0,0,0,0,0,0,0,0,0,0,0,0,0,0,0,0,0,0,0
201712,32,093000,003,0085,51800 ,00000 ,216961 ,332,29820, , ,89030      ,4,8,12,North Las Vegas,916,916,121248548,0,0,0,2,6,723312,11,300,31437452,916,916,121248548,0,0,0,2,6,723312,11,300,31437452
201712,32,101000,027,    ,99990 ,00000 ,4859 ,999,99999, , ,89419      ,4,8,12,Pershing County Unincorporated Area,0,0,0,0,0,0,0,0,0,0,0,0,0,0,0,0,0,0,0,0,0,0,0,0
201712,32,105000,031,1800,60600 ,00000 ,225221 ,456,39900, ,1,89505      ,4,8,12,Reno,1124,1124,281935257,25,50,1366903,0,0,0,98,1160,129658077,1124,1124,281935257,25,50,1366903,0,0,0,98,1160,129658077
201712,32,109000,031,0100,68400 ,00000 ,90264 ,456,39900, , ,89431      ,4,8,12,Sparks,602,602,130906028,0,0,0,1,4,703078,57,1238,109658176,602,602,130906028,0,0,0,1,4,703078,57,1238,109658176
201712,32,113000,029,    ,00000 ,00000 ,4010 ,456,39900, , ,89440      ,4,8,9,Storey County,10,10,2019077,0,0,0,0,0,0,0,0,0,6,6,1483172,0,0,0,0,0,0,0,0,0
201712,32,117000,031,    ,99990 ,00000 ,105922 ,456,39900, , ,895200027  ,4,8,12,Washoe County Unincorporated Area,355,355,111336763,0,0,0,1,3,440325,1,18,6113397,355,355,111336763,0,0,0,1,3,440325,1,18,6113397
201712,32,121000,007,0120,83000 ,00000 ,1292 ,999,99999, , ,89835      ,4,8,1,Wells,4,4,264000,0,0,0,0,0,0,0,0,0,0,0,0,0,0,0,0,0,0,0,0,0
201712,32,122000,007,0122,83730 ,00000 ,4410 ,999,99999, , ,89883      ,4,8,12,West Wendover,0,0,0,0,0,0,0,0,0,0,0,0,0,0,0,0,0,0,0,0,0,0,0,0
201712,32,125000,033,    ,99990 ,00000 ,5775 ,999,99999,2, ,89301      ,4,8,4,White Pine County,3,3,1068116,0,0,0,0,0,0,0,0,0,1,1,234540,0,0,0,0,0,0,0,0,0
201712,32,129000,013,0130,84800 ,00000 ,7396 ,999,99999, , ,89445      ,4,8,12,Winnemucca,9,9,909247,0,0,0,0,0,0,0,0,0,9,9,909247,0,0,0,0,0,0,0,0,0
201712,32,133000,019,0135,85400 ,00000 ,3048 ,999,99999, , ,89447      ,4,8,12,Yerington,2,2,215000,0,0,0,0,0,0,0,0,0,2,2,215000,0,0,0,0,0,0,0,0,0
201712,35,005000,001,0015,02000 ,00000 ,545852 ,106,10740, ,1,871031293  ,4,8,5,Albuquerque,1088,1088,209908936,1,2,262100,0,0,0,12,182,17955888,444,444,82805011,0,0,0,0,0,0,0,0,0
201712,35,009000,007,0021,03400 ,00000 ,1216 ,999,99999, , ,87710      ,4,8,6,Angel Fire village,18,18,8163002,0,0,0,0,0,0,0,0,0,12,12,5453000,0,0,0,0,0,0,0,0,0
201712,35,013000,015,0023,05220 ,00000 ,11301 ,999,99999, , ,882111310  ,4,8,12,Artesia,25,25,6826660,0,0,0,0,0,0,0,0,0,25,25,6826660,0,0,0,0,0,0,0,0,0
201712,35,021000,000,    ,00000 ,00000 ,99999 ,999,99999,2, ,87504      ,4,8,0,Balance of State,383,383,103850759,0,0,0,0,0,0,0,0,0,0,0,0,0,0,0,0,0,0,0,0,0
201712,35,033000,001,    ,99990 ,00000 ,110013 ,106,10740,2, ,87102      ,4,8,12,Bernalillo County Unincorporated Area,148,148,61915616,1,2,178114,0,0,0,0,0,0,148,148,61915616,1,2,178114,0,0,0,0,0,0
201712,35,037000,043,0040,06970 ,00000 ,8320 ,106,10740, , ,87144      ,4,8,0,Bernalillo town,96,96,20638688,0,0,0,0,0,0,12,69,2874996,0,0,0,0,0,0,0,0,0,0,0,0
201712,35,053000,015,0055,12150 ,00000 ,26138 ,999,99999, , ,88220      ,4,8,12,Carlsbad,125,125,21980706,0,0,0,0,0,0,0,0,0,125,125,21980706,0,0,0,0,0,0,0,0,0
201712,35,077000,005,    ,99990 ,00000 ,14320 ,999,99999,2, ,88202      ,4,8,12,Chaves County Unincorporated Area,18,18,2399706,0,0,0,0,0,0,0,0,0,18,18,2399706,0,0,0,0,0,0,0,0,0
201712,35,093000,035,0080,16280 ,00000 ,674 ,999,99999, , ,88317      ,4,8,10,Cloudcroft village,4,4,1027088,0,0,0,0,0,0,0,0,0,4,4,1027088,0,0,0,0,0,0,0,0,0
201712,35,097000,009,0085,16420 ,00000 ,37775 ,999,99999, , ,881020760  ,4,8,7,Clovis,52,52,13165200,1,2,285889,0,0,0,5,30,2765625,32,32,8238388,1,2,285889,0,0,0,0,0,0
201712,35,117000,043,0094,17960 ,00000 ,8329 ,106,10740, , ,870488607  ,4,8,6,Corrales village,24,24,8367467,0,0,0,0,0,0,0,0,0,15,15,5155484,0,0,0,0,0,0,0,0,0
201712,35,133000,029,0116,20270 ,00000 ,14855 ,999,99999, , ,88031      ,4,8,12,Deming,6,6,1090000,0,0,0,0,0,0,0,0,0,6,6,1090000,0,0,0,0,0,0,0,0,0
201712,35,145000,013,    ,99990 ,00000 ,93665 ,238,29740,2, ,88007      ,4,8,12,Dona Ana County Unincorporated Area,142,142,40741263,0,0,0,0,0,0,0,0,0,142,142,40741263,0,0,0,0,0,0,0,0,0
201712,35,185000,045,0143,25800 ,00000 ,45877 ,999,22140, ,1,87401      ,4,8,10,Farmington,54,54,10722318,0,0,0,0,0,0,0,0,0,45,45,8652246,0,0,0,0,0,0,0,0,0
201712,35,201000,031,0150,28460 ,00000 ,21678 ,999,99999, , ,87305      ,4,8,12,Gallup,10,10,1940000,0,0,0,0,0,0,0,0,0,10,10,1940000,0,0,0,0,0,0,0,0,0
201712,35,241000,025,0180,32520 ,00000 ,34122 ,999,99999, , ,88240      ,4,8,11,Hobbs,85,85,18036800,0,0,0,0,0,0,1,10,1744904,67,67,14573597,0,0,0,0,0,0,0,0,0
201712,35,269000,013,0220,39380 ,00000 ,97618 ,238,29740, ,1,88004      ,4,8,12,Las Cruces,478,478,88852444,0,0,0,2,7,668300,28,308,22782747,478,478,88852444,0,0,0,2,7,668300,28,308,22782747
201712,35,273000,047,0225,39940 ,00000 ,13753 ,999,99999, , ,877010160  ,4,8,0,Las Vegas,1,1,140000,0,0,0,0,0,0,0,0,0,0,0,0,0,0,0,0,0,0,0,0,0
201712,35,293000,028,    ,00000 ,00000 ,17950 ,999,99999, , ,87544      ,4,8,11,Los Alamos County,15,15,4177412,0,0,0,2,8,900000,0,0,0,15,15,4177412,0,0,0,2,8,900000,0,0,0
201712,35,297000,061,0245,43370 ,00000 ,14835 ,106,10740, , ,87031      ,4,8,0,Los Lunas village,110,110,11925320,0,0,0,0,0,0,0,0,0,0,0,0,0,0,0,0,0,0,0,0,0
201712,35,313000,029,    ,99990 ,00000 ,8576 ,999,99999, , ,88030      ,4,8,3,Luna County Unincorporated Area,12,12,2239296,0,0,0,0,0,0,0,0,0,2,2,493786,0,0,0,0,0,0,0,0,0
201712,35,369000,041,0323,59260 ,00000 ,12280 ,999,99999, , ,87505      ,4,8,10,Portales,18,18,2718341,0,0,0,0,0,0,0,0,0,15,15,2228900,0,0,0,0,0,0,0,0,0
201712,35,397000,043,0355,63460 ,00000 ,87391 ,106,10740,2, ,871444501  ,4,8,10,Rio Rancho,530,530,114175536,1,2,283271,1,3,251560,0,0,0,393,393,87198870,0,0,0,0,0,0,0,0,0
201712,35,405000,005,0362,64930 ,00000 ,48366 ,999,99999, , ,88201      ,4,8,12,Roswell,48,48,8710585,2,4,607352,0,0,0,0,0,0,48,48,8710585,2,4,607352,0,0,0,0,0,0
201712,35,413000,027,0365,65280 ,00000 ,2815 ,999,99999, , ,88346      ,4,8,12,Ruidoso Downs,0,0,0,0,0,0,0,0,0,0,0,0,0,0,0,0,0,0,0,0,0,0,0,0
201712,35,417000,027,0364,65210 ,00000 ,8029 ,999,99999, , ,88345      ,4,8,0,Ruidoso village,78,78,19695339,0,0,0,0,0,0,0,0,0,0,0,0,0,0,0,0,0,0,0,0,0
201712,35,425000,045,    ,99990 ,00000 ,69292 ,999,22140,2, ,87410      ,4,8,11,San Juan County Unincorporated Area,40,40,11221466,0,0,0,0,0,0,0,0,0,35,35,9920693,0,0,0,0,0,0,0,0,0
201712,35,441000,049,0381,70500 ,00000 ,67947 ,106,42140, ,1,87504      ,4,8,7,Santa Fe,221,221,50801383,0,0,0,0,0,0,0,0,0,167,167,37325347,0,0,0,0,0,0,0,0,0
201712,35,457000,017,0392,73260 ,00000 ,10315 ,999,99999, , ,88031      ,4,8,0,Silver City town,11,11,1787576,0,0,0,0,0,0,0,0,0,0,0,0,0,0,0,0,0,0,0,0,0
201712,35,461000,053,0396,73540 ,00000 ,9051 ,999,99999, , ,87801      ,4,8,11,Socorro,3,3,538000,0,0,0,0,0,0,0,0,0,3,3,538000,0,0,0,0,0,0,0,0,0
201712,35,469000,013,0400,75640 ,00000 ,14106 ,238,29740, , ,880630470  ,4,8,12,Sunland Park,183,183,35062198,0,0,0,0,0,0,1,8,300000,183,183,35062198,0,0,0,0,0,0,1,8,300000
201712,35,473000,055,    ,99990 ,00000 ,24905 ,999,99999, , ,87571      ,4,8,0,Taos County Unincorporated Area,90,90,9869021,0,0,0,0,0,0,0,0,0,0,0,0,0,0,0,0,0,0,0,0,0
201712,35,475000,055,0408,76480 ,00000 ,69 ,999,99999, , ,87525      ,4,8,11,Taos Ski Valley village,1,1,358563,0,0,0,0,0,0,0,0,0,1,1,358563,0,0,0,0,0,0,0,0,0
201712,35,497000,051,0428,79840 ,00000 ,6475 ,999,99999, , ,87901      ,4,8,12,Truth or Consequences,1,1,95000,0,0,0,0,0,0,0,0,0,1,1,95000,0,0,0,0,0,0,0,0,0
201712,41,009000,043,0010,01000 ,00000 ,43695 ,440,10540,2,1,97321      ,4,9,12,Albany,193,193,48233981,0,0,0,0,0,0,4,48,4765529,193,193,48233981,0,0,0,0,0,0,4,48,4765529
201712,41,011000,071,0025,02000 ,00000 ,1614 ,440,38900, , ,97101      ,4,9,12,Amity,4,4,778850,1,2,80000,0,0,0,0,0,0,4,4,778850,1,2,80000,0,0,0,0,0,0
201712,41,025000,047,0060,03300 ,00000 ,918 ,440,41420, , ,97002      ,4,9,9,Aurora,3,3,708000,0,0,0,0,0,0,0,0,0,3,3,708000,0,0,0,0,0,0,0,0,0
201712,41,030000,000,    ,00000 ,00000 ,99999 ,999,99999,2, ,973090404  ,4,9,0,Balance of State,170,170,25125625,0,0,0,0,0,0,0,0,0,0,0,0,0,0,0,0,0,0,0,0,0
201712,41,039000,067,0095,05350 ,00000 ,89803 ,440,38900, ,1,970764755  ,4,9,12,Beaverton,27,27,8390263,0,0,0,0,0,0,7,539,70200600,27,27,8390263,0,0,0,0,0,0,7,539,70200600
201712,41,041000,017,0100,05800 ,00000 ,76639 ,140,13460,2,1,97703      ,4,9,12,Bend,946,946,234034546,26,52,7033136,0,0,0,7,214,32379771,946,946,234034546,26,52,7033136,0,0,0,7,214,32379771
201712,41,045000,049,0105,07200 ,00000 ,3220 ,999,99999, , ,97818      ,4,9,0,Boardman,7,7,1114449,0,0,0,0,0,0,0,0,0,0,0,0,0,0,0,0,0,0,0,0,0
201712,41,051000,043,0125,09050 ,00000 ,1668 ,440,10540, , ,97327      ,4,9,12,Brownsville,1,1,200000,0,0,0,0,0,0,0,0,0,1,1,200000,0,0,0,0,0,0,0,0,0
201712,41,071000,029,0180,12400 ,00000 ,17169 ,366,32780, , ,97502      ,4,9,12,Central Point,32,32,6644367,2,4,479050,0,0,0,2,12,634345,32,32,6644367,2,4,479050,0,0,0,2,12,634345
201712,41,077000,005,    ,99990 ,00000 ,170591 ,440,38900,2, ,97045      ,4,9,12,Clackamas County Unincorporated Area,426,426,135935741,5,10,1901430,8,26,3391877,2,42,5826382,426,426,135935741,5,10,1901430,8,26,3391877,2,42,5826382
201712,41,085000,009,0200,14750 ,00000 ,1946 ,440,38900, , ,97018      ,4,9,12,Columbia City,0,0,0,0,0,0,0,0,0,0,0,0,0,0,0,0,0,0,0,0,0,0,0,0
201712,41,087000,009,    ,99990 ,00000 ,22092 ,440,38900,2, ,97051      ,4,9,6,Columbia County Unincorporated Area,35,35,11212424,0,0,0,0,0,0,0,0,0,17,17,5472596,0,0,0,0,0,0,0,0,0
201712,41,097000,067,0220,15550 ,00000 ,11869 ,440,38900, , ,97116      ,4,9,12,Cornelius,2,2,363733,0,0,0,0,0,0,1,45,4251929,2,2,363733,0,0,0,0,0,0,1,45,4251929
201712,41,099000,003,0225,15800 ,00000 ,54462 ,440,18700, ,1,973391083  ,4,9,12,Corvallis,59,59,16087384,2,4,800000,2,7,1244470,0,0,0,59,59,16087384,2,4,800000,2,7,1244470,0,0,0
201712,41,115000,071,0260,18250 ,00000 ,2534 ,440,38900, , ,97114      ,4,9,11,Dayton,11,11,2261416,0,0,0,0,0,0,0,0,0,9,9,1803332,0,0,0,0,0,0,0,0,0
201712,41,121000,017,    ,99990 ,00000 ,51188 ,140,13460,2, ,97701      ,4,9,12,Deschutes County Unincorporated Area,520,520,156539105,0,0,0,0,0,0,0,0,0,520,520,156539105,0,0,0,0,0,0,0,0,0
201712,41,127000,019,    ,99990 ,00000 ,58441 ,999,99999,2, ,97470      ,4,9,12,Douglas County Unincorporated Area,235,235,57383564,3,6,756087,0,0,0,0,0,0,235,235,57383564,3,6,756087,0,0,0,0,0,0
201712,41,133000,071,0310,21050 ,00000 ,3162 ,440,38900, , ,971150220  ,4,9,11,Dundee,5,5,1640119,0,0,0,0,0,0,0,0,0,4,4,1354193,0,0,0,0,0,0,0,0,0
201712,41,137000,067,0313,21250 ,00000 ,1351 ,440,38900, , ,97224      ,4,9,12,Durham,1,1,521774,0,0,0,0,0,0,0,0,0,1,1,521774,0,0,0,0,0,0,0,0,0
201712,41,149000,005,0355,23800 ,00000 ,2695 ,440,38900, , ,97401      ,4,9,12,Estacada,55,55,15089082,0,0,0,0,0,0,0,0,0,55,55,15089082,0,0,0,0,0,0,0,0,0
201712,41,151000,039,0360,23850 ,00000 ,156185 ,999,21660, ,1,97401      ,4,9,12,Eugene,364,364,86204543,6,12,2552895,1,3,608316,0,0,0,364,364,86204543,6,12,2552895,1,3,608316,0,0,0
201712,41,153000,051,0370,24250 ,00000 ,8920 ,440,38900, , ,97024      ,4,9,12,Fairview,3,3,821410,0,0,0,0,0,0,4,49,3460891,3,3,821410,0,0,0,0,0,0,4,49,3460891
201712,41,157000,039,0380,26050 ,00000 ,8466 ,999,21660, , ,97439      ,4,9,9,Florence,38,38,8403323,0,0,0,1,4,429792,0,0,0,30,30,6783476,0,0,0,1,4,429792,0,0,0
201712,41,159000,067,0385,26200 ,00000 ,21083 ,440,38900, , ,97116      ,4,9,12,Forest Grove,90,90,27603150,1,2,409043,0,0,0,6,82,7856547,90,90,27603150,1,2,409043,0,0,0,6,82,7856547
201712,41,195000,051,0465,31250 ,00000 ,105594 ,440,38900, , ,97030      ,4,9,12,Gresham,111,111,29077134,0,0,0,0,0,0,4,82,10012160,111,111,29077134,0,0,0,0,0,0,4,82,10012160
201712,41,201000,043,0480,31750 ,00000 ,904 ,440,10540, , ,97348      ,4,9,12,Halsey,2,2,137637,0,0,0,0,0,0,0,0,0,2,2,137637,0,0,0,0,0,0,0,0,0
201712,41,205000,005,0487,32050 ,00000 ,13903 ,440,38900, , ,97086      ,4,9,12,Happy Valley,154,154,53567551,0,0,0,0,0,0,2,71,10832422,154,154,53567551,0,0,0,0,0,0,2,71,10832422
201712,41,207000,025,    ,00000 ,00000 ,3053 ,999,99999, , ,97720      ,4,9,9,Harney County,12,12,2529104,0,0,0,0,0,0,0,0,0,8,8,1630762,0,0,0,0,0,0,0,0,0
201712,41,209000,043,0495,32550 ,00000 ,3567 ,440,10540, , ,97446      ,4,9,12,Harrisburg,2,2,428707,0,0,0,0,0,0,0,0,0,2,2,428707,0,0,0,0,0,0,0,0,0
201712,41,217000,067,0520,34100 ,00000 ,91611 ,440,38900, ,1,97123      ,4,9,12,Hillsboro,212,212,58058136,0,0,0,1,3,551698,10,207,26145826,212,212,58058136,0,0,0,1,3,551698,10,207,26145826
201712,41,223000,027,    ,99990 ,00000 ,14035 ,999,99999,2, ,97031      ,4,9,12,Hood River County Unincorporated Area,62,62,17049322,0,0,0,0,0,0,0,0,0,62,62,17049322,0,0,0,0,0,0,0,0,0
201712,41,243000,029,    ,99990 ,00000 ,62516 ,366,32780,2, ,97501      ,4,9,12,Jackson County Unincorporated Area,166,166,49558145,1,2,303811,0,0,0,0,0,0,166,166,49558145,1,2,303811,0,0,0,0,0,0
201712,41,245000,029,0580,37000 ,00000 ,2785 ,366,32780, , ,97530      ,4,9,0,Jacksonville,0,0,0,0,0,0,0,0,0,0,0,0,0,0,0,0,0,0,0,0,0,0,0,0
201712,41,265000,067,0617,39150 ,00000 ,3111 ,440,38900, , ,97224      ,4,9,12,King City,13,13,3863634,0,0,0,0,0,0,2,20,2525116,13,13,3863634,0,0,0,0,0,0,2,20,2525116
201712,41,267000,035,    ,00000 ,00000 ,42742 ,999,99999, , ,97601      ,4,9,12,Klamath County,98,98,23608814,0,0,0,9,35,3713506,0,0,0,98,98,23608814,0,0,0,9,35,3713506,0,0,0
201712,41,273000,071,0625,40300 ,00000 ,3742 ,440,38900, , ,97127      ,4,9,12,Lafayette,8,8,1355392,0,0,0,0,0,0,0,0,0,8,8,1355392,0,0,0,0,0,0,0,0,0
201712,41,275000,037,    ,99990 ,00000 ,5358 ,999,99999,2, ,97630      ,4,9,12,Lake County Unincorporated Area,13,13,3468248,0,0,0,0,0,0,0,0,0,13,13,3468248,0,0,0,0,0,0,0,0,0
201712,41,277000,005,0633,40550 ,00000 ,34066 ,440,38900,2, ,97034      ,4,9,7,Lake Oswego,101,101,53269301,0,0,0,0,0,0,5,93,13523781,57,57,30707579,0,0,0,0,0,0,0,0,0
201712,41,287000,039,    ,99990 ,00000 ,96150 ,999,21660,2, ,97401      ,4,9,0,Lane County Unincorporated Area,204,204,52139720,0,0,0,0,0,0,0,0,0,0,0,0,0,0,0,0,0,0,0,0,0
201712,41,289000,043,0640,41650 ,00000 ,15518 ,440,10540, , ,97355      ,4,9,0,Lebanon,36,36,7070589,0,0,0,0,0,0,2,10,837366,0,0,0,0,0,0,0,0,0,0,0,0
201712,41,297000,043,    ,99990 ,00000 ,35738 ,440,10540,2, ,97321      ,4,9,11,Linn County Unincorporated Area,78,78,22571136,0,0,0,0,0,0,0,0,0,71,71,20469311,0,0,0,0,0,0,0,0,0
201712,41,307000,043,0670,44300 ,00000 ,1161 ,440,10540, , ,97358      ,4,9,12,Lyons,6,6,1018910,0,0,0,0,0,0,0,0,0,6,6,1018910,0,0,0,0,0,0,0,0,0
201712,41,317000,047,    ,99990 ,00000 ,83664 ,440,41420, , ,973095036  ,4,9,12,Marion County Unincorporated Area,180,180,52382536,1,2,422400,0,0,0,0,0,0,180,180,52382536,1,2,422400,0,0,0,0,0,0
201712,41,323000,071,0675,45000 ,00000 ,32187 ,440,38900, , ,97128      ,4,9,12,McMinnville,61,61,14438324,0,0,0,0,0,0,1,16,1251757,61,61,14438324,0,0,0,0,0,0,1,16,1251757
201712,41,325000,029,0720,47000 ,00000 ,74907 ,366,32780, ,1,97501      ,4,9,12,Medford,343,343,78717443,2,4,592770,4,16,2395494,3,35,3341528,343,343,78717443,2,4,592770,4,16,2395494,3,35,3341528
201712,41,331000,043,0740,48150 ,00000 ,1531 ,440,10540,2, ,97360      ,4,9,12,Mill City,2,2,526743,0,0,0,0,0,0,0,0,0,2,2,526743,0,0,0,0,0,0,0,0,0
201712,41,339000,005,0750,48650 ,00000 ,20291 ,440,38900,2, ,97206      ,4,9,12,Milwaukie,10,10,2945154,0,0,0,0,0,0,0,0,0,10,10,2945154,0,0,0,0,0,0,0,0,0
201712,41,365000,051,    ,99990 ,00000 ,16199 ,440,38900,2, ,97030      ,4,9,12,Multnomah County Part 2 Unincorporated Area,9,9,3146399,0,0,0,0,0,0,0,0,0,9,9,3146399,0,0,0,0,0,0,0,0,0
201712,41,375000,071,0820,52100 ,00000 ,22068 ,440,38900, , ,97132      ,4,9,11,Newberg,89,89,21673669,0,0,0,0,0,0,0,0,0,83,83,20021862,0,0,0,0,0,0,0,0,0
201712,41,391000,045,0865,54900 ,00000 ,11366 ,999,99999, , ,97914      ,4,9,7,Ontario,5,5,1050974,0,0,0,0,0,0,0,0,0,2,2,605033,0,0,0,0,0,0,0,0,0
201712,41,393000,005,0870,55200 ,00000 ,31859 ,440,38900, , ,970450021  ,4,9,12,Oregon City,120,120,38253642,0,0,0,0,0,0,10,222,23915255,120,120,38253642,0,0,0,0,0,0,10,222,23915255
201712,41,411000,051,0905,59000 ,00000 ,581485 ,440,38900,2,1,972015350  ,4,9,12,Portland,868,868,237759956,119,238,43459559,8,28,4520841,111,6250,935788050,868,868,237759956,119,238,43459559,8,28,4520841,111,6250,935788050
201712,41,425000,017,0945,61200 ,00000 ,26215 ,140,13460, ,1,97756      ,4,9,10,Redmond,275,275,68722218,3,6,1181057,12,42,9060305,1,6,399000,237,237,60267771,3,6,1181057,12,42,9060305,1,6,399000
201712,41,427000,019,0950,61300 ,00000 ,4154 ,999,99999, , ,97401      ,4,9,12,Reedsport,3,3,535481,0,0,0,0,0,0,0,0,0,3,3,535481,0,0,0,0,0,0,0,0,0
201712,41,445000,047,1005,64900 ,00000 ,130398 ,440,41420,2,1,97301      ,4,9,12,Salem,319,319,89782071,11,22,3461465,0,0,0,53,633,62872000,319,319,89782071,11,22,3461465,0,0,0,53,633,62872000
201712,41,449000,005,1015,65250 ,00000 ,9570 ,440,38900, , ,97055      ,4,9,12,Sandy,62,62,15833732,2,4,488284,0,0,0,1,9,930780,62,62,15833732,2,4,488284,0,0,0,1,9,930780
201712,41,451000,009,1020,65500 ,00000 ,6592 ,440,38900, , ,97056      ,4,9,6,Scappoose,77,77,20112948,0,0,0,0,0,0,2,10,750000,68,68,17958319,0,0,0,0,0,0,0,0,0
201712,41,453000,043,1025,65650 ,00000 ,838 ,440,10540, , ,97374      ,4,9,12,Scio,5,5,1199845,0,0,0,0,0,0,0,0,0,5,5,1199845,0,0,0,0,0,0,0,0,0
201712,41,465000,071,1045,67050 ,00000 ,6127 ,440,38900, , ,97378      ,4,9,11,Sheridan,5,5,788184,0,0,0,0,0,0,0,0,0,5,5,788184,0,0,0,0,0,0,0,0,0
201712,41,469000,067,1050,67100 ,00000 ,18194 ,440,38900, , ,97140      ,4,9,12,Sherwood,46,46,16465651,0,0,0,0,0,0,0,0,0,46,46,16465651,0,0,0,0,0,0,0,0,0
201712,41,481000,039,1085,69600 ,00000 ,59403 ,999,21660, , ,97477      ,4,9,11,Springfield,92,92,22142501,0,0,0,0,0,0,0,0,0,82,82,19861385,0,0,0,0,0,0,0,0,0
201712,41,483000,009,0995,64600 ,00000 ,12883 ,440,38900, , ,97051      ,4,9,7,St. Helens,24,24,5199861,0,0,0,1,3,432009,0,0,0,14,14,3033261,0,0,0,1,3,432009,0,0,0
201712,41,499000,043,1120,71950 ,00000 ,8925 ,440,10540, , ,97386      ,4,9,11,Sweet Home,46,46,6541215,0,0,0,0,0,0,0,0,0,43,43,6127272,0,0,0,0,0,0,0,0,0
201712,41,503000,043,1123,72600 ,00000 ,1164 ,440,10540, , ,973890251  ,4,9,12,Tangent,4,4,1034117,0,0,0,0,0,0,0,0,0,4,4,1034117,0,0,0,0,0,0,0,0,0
201712,41,505000,067,1132,73650 ,00000 ,48035 ,440,38900, , ,97223      ,4,9,12,Tigard,426,426,118646921,0,0,0,0,0,0,2,187,27463833,426,426,118646921,0,0,0,0,0,0,2,187,27463833
201712,41,509000,057,    ,99990 ,00000 ,15655 ,999,99999,2, ,97141      ,4,9,12,Tillamook County Unincorporated Area,106,106,29028502,0,0,0,0,0,0,0,0,0,106,106,29028502,0,0,0,0,0,0,0,0,0
201712,41,511000,041,1140,74000 ,00000 ,3465 ,999,99999, , ,97365      ,4,9,12,Toledo,4,4,631600,0,0,0,0,0,0,0,0,0,4,4,631600,0,0,0,0,0,0,0,0,0
201712,41,513000,051,1145,74850 ,00000 ,15962 ,440,38900,2, ,970602012  ,4,9,8,Troutdale,6,6,1607027,0,0,0,0,0,0,1,5,760000,5,5,1408955,0,0,0,0,0,0,0,0,0
201712,41,517000,067,1150,74950 ,00000 ,23192 ,440,38900,2, ,970627092  ,4,9,12,Tualatin,22,22,5253189,0,0,0,0,0,0,0,0,0,22,22,5253189,0,0,0,0,0,0,0,0,0
201712,41,551000,067,    ,99990 ,00000 ,213376 ,440,38900,2, ,97124      ,4,9,12,Washington County Unincorporated Area,677,677,214374246,0,0,0,0,0,0,17,263,41430335,677,677,214374246,0,0,0,0,0,0,17,263,41430335
201712,41,555000,005,1215,80150 ,00000 ,25109 ,440,38900, , ,97068      ,4,9,6,West Linn,58,58,25999078,1,2,351800,0,0,0,0,0,0,35,35,16646347,0,0,0,0,0,0,0,0,0
201712,41,569000,005,1233,82800 ,00000 ,17371 ,440,38900,2, ,97070      ,4,9,12,Wilsonville,267,267,62455250,0,0,0,0,0,0,0,0,0,267,267,62455250,0,0,0,0,0,0,0,0,0
201712,41,575000,051,1245,83950 ,00000 ,3878 ,440,38900, , ,970601095  ,4,9,12,Wood Village,0,0,0,0,0,0,0,0,0,0,0,0,0,0,0,0,0,0,0,0,0,0,0,0
201712,41,583000,071,    ,99990 ,00000 ,23546 ,440,38900,2, ,97128      ,4,9,12,Yamhill County Unincorporated Area,146,146,62809358,0,0,0,0,0,0,0,0,0,146,146,62809358,0,0,0,0,0,0,0,0,0
201712,49,001000,049,0005,00540 ,00000 ,9555 ,482,39340, , ,84004      ,4,8,12,Alpine,32,32,21911604,0,0,0,0,0,0,0,0,0,32,32,21911604,0,0,0,0,0,0,0,0,0
201712,49,003000,035,0007,00650 ,00000 ,383 ,482,41620, , ,84092      ,4,8,12,Alta town,0,0,0,0,0,0,0,0,0,0,0,0,0,0,0,0,0,0,0,0,0,0,0,0
201712,49,011000,049,0025,01310 ,00000 ,26263 ,482,39340, , ,84003      ,4,8,12,American Fork,279,279,56860410,1,2,423140,14,56,6555470,45,700,61884714,279,279,56860410,1,2,423140,14,56,6555470,45,700,61884714
201712,49,033000,035,0070,06810 ,00000 ,7598 ,482,41620,2, ,84065      ,4,8,5,Bluffdale,463,463,102608996,0,0,0,0,0,0,0,0,0,121,121,27797000,0,0,0,0,0,0,0,0,0
201712,49,037000,011,0075,07690 ,00000 ,42552 ,482,36260, , ,84010      ,4,8,6,Bountiful,26,26,10565657,0,0,0,5,20,3741212,2,11,1629170,12,12,4777302,0,0,0,5,20,3741212,1,6,754170
201712,49,057000,049,0102,11430 ,00000 ,368 ,482,39340, , ,84013      ,4,8,11,Cedar Fort town,5,5,1022500,0,0,0,0,0,0,0,0,0,4,4,810000,0,0,0,0,0,0,0,0,0
201712,49,059000,049,0103,11440 ,00000 ,9796 ,482,39340, , ,84062      ,4,8,11,Cedar Hills,14,14,8352739,0,0,0,0,0,0,0,0,0,12,12,6986795,0,0,0,0,0,0,0,0,0
201712,49,063000,011,0110,11980 ,00000 ,15335 ,482,36260, , ,84014      ,4,8,12,Centerville,34,34,8924886,0,0,0,0,0,0,0,0,0,34,34,8924886,0,0,0,0,0,0,0,0,0
201712,49,073000,011,0135,13850 ,00000 ,30112 ,482,36260, ,1,84015      ,4,8,12,Clearfield,29,29,3497730,0,0,0,0,0,0,9,216,16144578,29,29,3497730,0,0,0,0,0,0,9,216,16144578
201712,49,077000,011,0145,14290 ,00000 ,20426 ,482,36260, , ,84015      ,4,8,12,Clinton,128,128,32735901,0,0,0,0,0,0,0,0,0,128,128,32735901,0,0,0,0,0,0,0,0,0
201712,49,079000,043,0150,14840 ,00000 ,1363 ,999,99999, , ,84017      ,4,8,10,Coalville,8,8,1048503,0,0,0,0,0,0,0,0,0,3,3,606050,0,0,0,0,0,0,0,0,0
201712,49,083500,035,0168,16270 ,00000 ,33433 ,482,41620, , ,84047      ,4,8,12,Cottonwood Heights,37,37,24008249,0,0,0,0,0,0,6,66,4760000,37,37,24008249,0,0,0,0,0,0,6,66,4760000
201712,49,087000,011,    ,99990 ,00000 ,3818 ,482,36260, , ,840250618  ,4,8,11,Davis County Unincorporated Area,3,3,878478,0,0,0,0,0,0,0,0,0,3,3,878478,0,0,0,0,0,0,0,0,0
201712,49,093000,035,0182,20120 ,00000 ,40532 ,482,41620,2, ,84020      ,4,8,7,Draper,249,249,84320648,1,2,518713,0,0,0,5,26,2011927,148,148,53363223,1,2,518713,0,0,0,0,0,0
201712,49,100900,049,0189,20810 ,00000 ,21415 ,482,39340, , ,84005      ,4,8,12,Eagle Mountain,706,706,193386466,12,24,1915594,82,322,16954627,0,0,0,706,706,193386466,12,24,1915594,82,322,16954627,0,0,0
201712,49,103000,049,0198,22370 ,00000 ,2436 ,482,39340, , ,84651      ,4,8,9,Elk Ridge,98,98,29963276,3,6,1327000,0,0,0,0,0,0,71,71,21890000,3,6,1327000,0,0,0,0,0,0
201712,49,123000,023,0235,24080 ,00000 ,669 ,482,39340, , ,846280156  ,4,8,1,Eureka,0,0,0,0,0,0,0,0,0,0,0,0,0,0,0,0,0,0,0,0,0,0,0,0
201712,49,124900,049,0238,24410 ,00000 ,119 ,482,39340, , ,840130271  ,4,8,0,Fairfield town,2,2,400000,0,0,0,0,0,0,0,0,0,0,0,0,0,0,0,0,0,0,0,0,0
201712,49,127000,011,0245,24740 ,00000 ,18275 ,482,36260, , ,84025      ,4,8,12,Farmington,137,137,36615020,0,0,0,0,0,0,0,0,0,137,137,36615020,0,0,0,0,0,0,0,0,0
201712,49,129000,057,0247,24850 ,00000 ,5928 ,482,36260, , ,84404      ,4,8,12,Farr West,62,62,17463391,0,0,0,0,0,0,0,0,0,62,62,17463391,0,0,0,0,0,0,0,0,0
201712,49,141000,043,0275,26940 ,00000 ,1077 ,999,99999, , ,84036      ,4,8,12,Francis town,23,23,6372604,0,0,0,0,0,0,0,0,0,23,23,6372604,0,0,0,0,0,0,0,0,0
201712,49,143000,011,0280,27490 ,00000 ,4987 ,482,36260, , ,84037      ,4,8,12,Fruit Heights,11,11,4712628,0,0,0,0,0,0,0,0,0,11,11,4712628,0,0,0,0,0,0,0,0,0
201712,49,145000,033,0285,27930 ,00000 ,562 ,999,99999, , ,84028      ,4,8,1,Garden City town,15,15,4056762,0,0,0,0,0,0,0,0,0,0,0,0,0,0,0,0,0,0,0,0,0
201712,49,147000,017,    ,99990 ,00000 ,1249 ,999,99999,2, ,847590000  ,4,8,0,Garfield County Unincorporated Area,0,0,0,0,0,0,0,0,0,0,0,0,0,0,0,0,0,0,0,0,0,0,0,0
201712,49,157000,049,0315,30130 ,00000 ,921 ,482,39340, , ,84633      ,4,8,12,Goshen town,0,0,0,0,0,0,0,0,0,0,0,0,0,0,0,0,0,0,0,0,0,0,0,0
201712,49,161000,045,0320,31120 ,00000 ,8893 ,482,41620, , ,84029      ,4,8,11,Grantsville,149,149,24779424,0,0,0,0,0,0,0,0,0,138,138,22618147,0,0,0,0,0,0,0,0,0
201712,49,169000,057,0336,33540 ,00000 ,5567 ,482,36260, , ,84404      ,4,8,12,Harrisville,25,25,5678621,0,0,0,7,27,4196541,0,0,0,25,25,5678621,0,0,0,7,27,4196541,0,0,0
201712,49,173000,051,0340,34200 ,00000 ,11362 ,999,99999, , ,840321827  ,4,8,12,Heber,169,169,59676996,0,0,0,0,0,0,2,24,3984358,169,169,59676996,0,0,0,0,0,0,2,24,3984358
201712,49,177000,043,0350,34640 ,00000 ,766 ,999,99999, , ,84033      ,4,8,12,Henefer town,9,9,1147467,0,0,0,0,0,0,0,0,0,9,9,1147467,0,0,0,0,0,0,0,0,0
201712,49,183000,035,0357,34970 ,00000 ,21785 ,482,41620, , ,84096      ,4,8,12,Herriman,1295,1295,249905909,0,0,0,0,0,0,28,346,38058745,1295,1295,249905909,0,0,0,0,0,0,28,346,38058745
201712,49,185000,049,0361,35190 ,00000 ,15523 ,482,39340, , ,840039038  ,4,8,12,Highland,133,133,56362390,0,0,0,0,0,0,0,0,0,133,133,56362390,0,0,0,0,0,0,0,0,0
201712,49,187000,053,0362,35300 ,00000 ,2726 ,999,41100, , ,84784      ,4,8,0,Hildale,0,0,0,0,0,0,0,0,0,0,0,0,0,0,0,0,0,0,0,0,0,0,0,0
201712,49,192000,035,0372,36070 ,00000 ,26472 ,482,41620, , ,84117      ,4,8,11,Holladay,39,39,19529632,1,2,291734,0,0,0,1,5,1232459,36,36,17837567,0,0,0,0,0,0,1,5,1232459
201712,49,194000,057,0377,36400 ,00000 ,7218 ,482,36260, , ,84315      ,4,8,0,Hooper,62,62,15166807,0,0,0,5,15,1764800,0,0,0,0,0,0,0,0,0,0,0,0,0,0,0
201712,49,199000,057,0390,37060 ,00000 ,608 ,482,36260, , ,84317      ,4,8,12,Huntsville town,0,0,0,0,0,0,0,0,0,0,0,0,0,0,0,0,0,0,0,0,0,0,0,0
201712,49,207000,021,    ,99990 ,00000 ,7787 ,999,99999,2, ,84720      ,4,8,8,Iron County Unincorporated Area,95,95,15540653,0,0,0,0,0,0,0,0,0,88,88,13494763,0,0,0,0,0,0,0,0,0
201712,49,213000,023,    ,99990 ,00000 ,1067 ,482,39340, , ,84648      ,4,8,12,Juab County Unincorporated Area,11,11,3679853,0,0,0,0,0,0,0,0,0,11,11,3679853,0,0,0,0,0,0,0,0,0
201712,49,217000,043,0425,39810 ,00000 ,1811 ,999,99999, , ,84036      ,4,8,9,Kamas,10,10,3719761,2,4,1184342,1,3,692756,0,0,0,9,9,3321587,2,4,1184342,0,0,0,0,0,0
201712,49,227000,011,0445,40360 ,00000 ,27300 ,482,36260, , ,84037      ,4,8,11,Kaysville,132,132,47529256,0,0,0,0,0,0,0,0,0,116,116,42039144,0,0,0,0,0,0,0,0,0
201712,49,237000,011,0480,43660 ,00000 ,67311 ,482,36260, , ,84041      ,4,8,12,Layton,220,220,58363508,2,4,609671,13,45,6128044,4,33,2796041,220,220,58363508,2,4,609671,13,45,6128044,4,33,2796041
201712,49,243000,049,0495,44320 ,00000 ,47407 ,482,39340, , ,84043      ,4,8,12,Lehi,934,934,256526925,0,0,0,0,0,0,0,0,0,934,934,256526925,0,0,0,0,0,0,0,0,0
201712,49,245000,023,0500,44650 ,00000 ,841 ,482,39340, , ,84639      ,4,8,12,Levan town,4,4,953756,0,0,0,0,0,0,0,0,0,4,4,953756,0,0,0,0,0,0,0,0,0
201712,49,249000,049,0510,45090 ,00000 ,10070 ,482,39340, , ,84042      ,4,8,12,Lindon,47,47,17827280,1,2,350270,0,0,0,0,0,0,47,47,17827280,1,2,350270,0,0,0,0,0,0
201712,49,253000,005,0520,45860 ,00000 ,48174 ,999,30860, ,1,84321      ,4,8,12,Logan,193,193,25454149,0,0,0,0,0,0,5,135,13572364,193,193,25454149,0,0,0,0,0,0,5,135,13572364
201712,49,259000,009,0540,47620 ,00000 ,310 ,999,99999, , ,84046      ,4,8,12,Manila town,3,3,821098,0,0,0,0,0,0,0,0,0,3,3,821098,0,0,0,0,0,0,0,0,0
201712,49,265000,049,0555,47950 ,00000 ,7979 ,482,39340, , ,84664      ,4,8,12,Mapleton,153,153,50272000,0,0,0,0,0,0,0,0,0,153,153,50272000,0,0,0,0,0,0,0,0,0
201712,49,268000,057,0558,48300 ,00000 ,1701 ,482,36260, , ,84404      ,4,8,11,Marriott Slaterville,21,21,6253891,0,0,0,0,0,0,0,0,0,21,21,6253891,0,0,0,0,0,0,0,0,0
201712,49,275000,035,0580,49710 ,00000 ,27964 ,482,41620, , ,84047      ,4,8,12,Midvale,53,53,12569835,1,2,290000,0,0,0,0,0,0,53,53,12569835,1,2,290000,0,0,0,0,0,0
201712,49,281000,027,    ,99990 ,00000 ,3537 ,999,99999,2, ,84624      ,4,8,12,Millard County Unincorporated Area,18,18,3176851,0,0,0,0,0,0,0,0,0,18,18,3176851,0,0,0,0,0,0,0,0,0
201712,49,281900,035,    ,50150 ,00000 , ,482,41620,2,0,84106      ,4,8,5,Millcreek,114,114,26789020,0,0,0,0,0,0,0,0,0,114,114,26789020,0,0,0,0,0,0,0,0,0
201712,49,287000,019,0605,50700 ,00000 ,5046 ,999,99999, , ,84532      ,4,8,0,Moab,31,31,6774293,0,0,0,0,0,0,5,25,1370960,0,0,0,0,0,0,0,0,0,0,0,0
201712,49,289000,023,0610,51140 ,00000 ,1547 ,482,39340, , ,84645      ,4,8,7,Mona,10,10,2737330,0,0,0,0,0,0,0,0,0,6,6,1643202,0,0,0,0,0,0,0,0,0
201712,49,293000,037,0620,51580 ,00000 ,1972 ,999,99999, , ,845350457  ,4,8,0,Monticello,0,0,0,0,0,0,0,0,0,0,0,0,0,0,0,0,0,0,0,0,0,0,0,0
201712,49,295000,029,0625,51910 ,00000 ,3687 ,482,36260, , ,840501085  ,4,8,0,Morgan,12,12,3391212,0,0,0,0,0,0,0,0,0,0,0,0,0,0,0,0,0,0,0,0,0
201712,49,297000,029,    ,99990 ,00000 ,5782 ,482,36260, , ,84050      ,4,8,11,Morgan County Unincorporated Area,64,64,26284027,0,0,0,0,0,0,0,0,0,58,58,24023918,0,0,0,0,0,0,0,0,0
201712,49,303000,035,0640,53230 ,00000 ,46746 ,482,41620, , ,84123      ,4,8,12,Murray,88,88,21621370,0,0,0,0,0,0,0,0,0,88,88,21621370,0,0,0,0,0,0,0,0,0
201712,49,307000,047,0647,53560 ,00000 ,1755 ,999,99999, , ,84078      ,4,8,12,Naples,2,2,610099,0,0,0,0,0,0,0,0,0,2,2,610099,0,0,0,0,0,0,0,0,0
201712,49,309000,023,0650,54220 ,00000 ,5389 ,482,39340, , ,84648      ,4,8,12,Nephi,32,32,8617685,0,0,0,0,0,0,0,0,0,32,32,8617685,0,0,0,0,0,0,0,0,0
201712,49,317000,005,0670,54990 ,00000 ,8269 ,999,30860, , ,843412008  ,4,8,12,North Logan,35,35,11961780,0,0,0,5,20,3990845,6,143,10700000,35,35,11961780,0,0,0,5,20,3990845,6,143,10700000
201712,49,319000,057,0675,55100 ,00000 ,17357 ,482,36260, , ,84414      ,4,8,12,North Ogden,130,130,35639409,0,0,0,2,8,884246,6,33,3659221,130,130,35639409,0,0,0,2,8,884246,6,33,3659221
201712,49,321000,011,0680,55210 ,00000 ,16322 ,482,36260, , ,84054      ,4,8,11,North Salt Lake,106,106,26356338,0,0,0,1,3,282000,5,34,3264000,100,100,24654000,0,0,0,1,3,282000,5,34,3264000
201712,49,323000,027,0685,55430 ,00000 ,578 ,999,99999, , ,84649      ,4,8,12,Oak City town,1,1,217023,0,0,0,0,0,0,0,0,0,1,1,217023,0,0,0,0,0,0,0,0,0
201712,49,325000,043,0690,55650 ,00000 ,1470 ,999,99999, , ,84055      ,4,8,12,Oakley,4,4,1588097,0,0,0,0,0,0,0,0,0,4,4,1588097,0,0,0,0,0,0,0,0,0
201712,49,327000,057,0695,55980 ,00000 ,82825 ,482,36260, ,1,84401      ,4,8,12,Ogden,84,84,12544264,6,12,1540164,0,0,0,0,0,0,84,84,12544264,6,12,1540164,0,0,0,0,0,0
201712,49,333000,025,0715,57080 ,00000 ,577 ,999,99999, , ,847580036  ,4,8,0,Orderville town,0,0,0,0,0,0,0,0,0,0,0,0,0,0,0,0,0,0,0,0,0,0,0,0
201712,49,335000,049,0720,57300 ,00000 ,88328 ,482,39340, ,1,84057      ,4,8,12,Orem,186,186,47011890,0,0,0,0,0,0,8,228,29602079,186,186,47011890,0,0,0,0,0,0,8,228,29602079
201712,49,343000,043,0740,58070 ,00000 ,7547 ,999,99999,2, ,84060      ,4,8,12,Park City,48,48,40716403,0,0,0,0,0,0,1,23,11040213,48,48,40716403,0,0,0,0,0,0,1,23,11040213
201712,49,349000,049,4300,58730 ,00000 ,18294 ,482,39340, , ,84651      ,4,8,12,Payson,50,50,9520919,2,4,497332,0,0,0,1,24,1648000,50,50,9520919,2,4,497332,0,0,0,1,24,1648000
201712,49,355000,057,0765,60710 ,00000 ,5476 ,482,36260, , ,84404      ,4,8,12,Plain City,107,107,30089420,0,0,0,0,0,0,0,0,0,107,107,30089420,0,0,0,0,0,0,0,0,0
201712,49,357000,049,0770,60930 ,00000 ,33509 ,482,39340, , ,84062      ,4,8,12,Pleasant Grove,66,66,24288987,0,0,0,0,0,0,1,5,761502,66,66,24288987,0,0,0,0,0,0,1,5,761502
201712,49,359000,057,0775,61150 ,00000 ,7979 ,482,36260, , ,844141408  ,4,8,6,Pleasant View,66,66,18408010,0,0,0,34,134,21010287,4,20,3198412,19,19,5204645,0,0,0,26,104,16225550,0,0,0
201712,49,369000,049,0800,62470 ,00000 ,112488 ,482,39340, ,1,84601      ,4,8,12,Provo,223,223,50831964,2,4,438160,4,13,2094555,0,0,0,223,223,50831964,2,4,438160,4,13,2094555,0,0,0
201712,49,383000,057,0825,64010 ,00000 ,8426 ,482,36260, , ,844053782  ,4,8,12,Riverdale,6,6,852404,0,0,0,0,0,0,0,0,0,6,6,852404,0,0,0,0,0,0,0,0,0
201712,49,385000,035,0835,64340 ,00000 ,38753 ,482,41620, , ,84065      ,4,8,0,Riverton,240,240,67742443,3,6,900216,21,71,11593503,7,38,6996576,0,0,0,0,0,0,0,0,0,0,0,0
201712,49,387500,023,0838,64590 ,00000 ,733 ,482,39340, , ,84645      ,4,8,11,Rocky Ridge town,1,1,220000,0,0,0,0,0,0,0,0,0,1,1,220000,0,0,0,0,0,0,0,0,0
201712,49,391000,057,0845,65110 ,00000 ,36884 ,482,36260, , ,84067      ,4,8,12,Roy,21,21,2719820,0,0,0,3,11,642000,0,0,0,21,21,2719820,0,0,0,3,11,642000,0,0,0
201712,49,395000,049,0860,65770 ,00000 ,6423 ,482,39340, , ,84653      ,4,8,12,Salem,74,74,24922534,1,2,627804,3,10,1535021,6,31,4200271,74,74,24922534,1,2,627804,3,10,1535021,6,31,4200271
201712,49,399000,035,0870,67000 ,00000 ,186440 ,482,41620, ,1,841145490  ,4,8,12,Salt Lake City,88,88,25201338,6,12,2235089,4,14,1520000,6,516,69340219,88,88,25201338,6,12,2235089,4,14,1520000,6,516,69340219
201712,49,401000,035,    ,99990 ,00000 ,146209 ,482,41620,2, ,841904050  ,4,8,3,Salt Lake County Unincorporated Area,129,129,40402730,6,12,2170697,8,29,2263300,14,96,12123322,23,23,5324905,3,6,594902,8,29,2263300,5,32,3778144
201712,49,405000,035,0875,67440 ,00000 ,87461 ,482,41620, , ,84070      ,4,8,12,Sandy,45,45,12820753,3,6,975511,11,39,6392974,10,295,34926593,45,45,12820753,3,6,975511,11,39,6392974,10,295,34926593
201712,49,407000,039,    ,00000 ,00000 ,4468 ,999,99999, , ,84642      ,4,8,12,Sanpete County,53,53,8240985,0,0,0,0,0,0,0,0,0,53,53,8240985,0,0,0,0,0,0,0,0,0
201712,49,411000,049,0885,67770 ,00000 ,9128 ,482,39340,2, ,84655      ,4,8,12,Santaquin,208,208,55999734,0,0,0,2,8,1956180,1,12,1920304,208,208,55999734,0,0,0,2,8,1956180,1,12,1920304
201712,49,412000,049,0887,67825 ,00000 ,17781 ,482,39340, , ,84045      ,4,8,12,Saratoga Springs,620,620,130296000,0,0,0,0,0,0,0,0,0,620,620,130296000,0,0,0,0,0,0,0,0,0
201712,49,425000,035,0920,70850 ,00000 ,50418 ,482,41620, , ,84095      ,4,8,12,South Jordan,843,843,209812000,4,8,1565000,1,3,527000,2,201,27600000,843,843,209812000,4,8,1565000,1,3,527000,2,201,27600000
201712,49,427000,057,0925,70960 ,00000 ,16532 ,482,36260, , ,84403      ,4,8,10,South Ogden,8,8,2739347,0,0,0,1,3,557419,0,0,0,4,4,1414809,0,0,0,0,0,0,0,0,0
201712,49,429000,035,0930,71070 ,00000 ,23617 ,482,41620, , ,84115      ,4,8,12,South Salt Lake,14,14,2980208,0,0,0,0,0,0,2,200,24891596,14,14,2980208,0,0,0,0,0,0,2,200,24891596
201712,49,431000,011,0935,71180 ,00000 ,6051 ,482,36260, , ,84405      ,4,8,12,South Weber,55,55,18013060,0,0,0,0,0,0,0,0,0,55,55,18013060,0,0,0,0,0,0,0,0,0
201712,49,433000,049,0940,71290 ,00000 ,34691 ,482,39340, , ,84660      ,4,8,12,Spanish Fork,278,278,76855980,0,0,0,5,19,2661054,8,44,5357548,278,278,76855980,0,0,0,5,19,2661054,8,44,5357548
201712,49,439000,049,0955,72280 ,00000 ,29466 ,482,39340, , ,84663      ,4,8,12,Springville,107,107,30584227,2,4,445296,0,0,0,0,0,0,107,107,30584227,2,4,445296,0,0,0,0,0,0
201712,49,441000,053,0855,65330 ,00000 ,72897 ,999,41100, ,1,84770      ,4,8,9,St. George,928,928,147144130,8,16,1291333,16,57,5106636,10,323,33527231,717,717,112692999,7,14,1097000,14,51,4532000,7,302,29982000
201712,49,445000,045,0965,73050 ,00000 ,616 ,482,41620, , ,84071      ,4,8,12,Stockton town,1,1,150000,0,0,0,0,0,0,0,0,0,1,1,150000,0,0,0,0,0,0,0,0,0
201712,49,447000,043,    ,99990 ,00000 ,22290 ,999,99999, , ,840170128  ,4,8,0,Summit County Unincorporated Area,96,96,49320660,0,0,0,2,6,1683060,13,72,12301689,0,0,0,0,0,0,0,0,0,0,0,0
201712,49,451000,011,0975,74480 ,00000 ,5122 ,482,36260, , ,84015      ,4,8,12,Sunset,27,27,1792140,0,0,0,0,0,0,0,0,0,27,27,1792140,0,0,0,0,0,0,0,0,0
201712,49,453000,011,0980,74810 ,00000 ,24331 ,482,36260, , ,84075      ,4,8,12,Syracuse,270,270,65021134,0,0,0,0,0,0,0,0,0,270,270,65021134,0,0,0,0,0,0,0,0,0
201712,49,456000,035,0986,75360 ,00000 ,58652 ,482,41620, , ,84118      ,4,8,9,Taylorsville,13,13,3140830,1,2,333395,3,10,1727730,1,115,16482474,5,5,1109667,0,0,0,3,10,1727730,1,115,16482474
201712,49,457000,045,0990,76680 ,00000 ,31605 ,482,41620, , ,840742191  ,4,8,12,Tooele,90,90,14393953,0,0,0,0,0,0,0,0,0,90,90,14393953,0,0,0,0,0,0,0,0,0
201712,49,459000,045,    ,99990 ,00000 ,14976 ,482,41620,2, ,84074      ,4,8,12,Tooele County Unincorporated Area,328,328,85649688,0,0,0,0,0,0,0,0,0,328,328,85649688,0,0,0,0,0,0,0,0,0
201712,49,471000,047,    ,99990 ,00000 ,20943 ,999,99999, , ,84078      ,4,8,12,Uintah County Unincorporated Area,22,22,5670053,0,0,0,0,0,0,0,0,0,22,22,5670053,0,0,0,0,0,0,0,0,0
201712,49,473000,057,1020,77890 ,00000 ,1322 ,482,36260, , ,84405      ,4,8,12,Uintah town,0,0,0,0,0,0,0,0,0,0,0,0,0,0,0,0,0,0,0,0,0,0,0,0
201712,49,475000,049,    ,99990 ,00000 ,10009 ,482,39340, , ,84601      ,4,8,12,Utah County Unincorporated Area,29,29,16893144,0,0,0,0,0,0,0,0,0,29,29,16893144,0,0,0,0,0,0,0,0,0
201712,49,477000,047,1025,80090 ,00000 ,9089 ,999,99999, , ,84078      ,4,8,12,Vernal,8,8,1789136,0,0,0,0,0,0,0,0,0,8,8,1789136,0,0,0,0,0,0,0,0,0
201712,49,481000,049,1029,80420 ,00000 ,139 ,482,39340, , ,840582032  ,4,8,12,Vineyard town,768,768,200840561,0,0,0,0,0,0,30,635,85894608,768,768,200840561,0,0,0,0,0,0,30,635,85894608
201712,49,491000,053,1045,81960 ,00000 ,18761 ,999,41100, , ,84780      ,4,8,12,Washington,619,619,147238570,0,0,0,0,0,0,0,0,0,619,619,147238570,0,0,0,0,0,0,0,0,0
201712,49,493000,053,    ,99990 ,00000 ,6988 ,999,41100, , ,84770      ,4,8,12,Washington County Unincorporated Area,80,80,16963465,0,0,0,0,0,0,0,0,0,80,80,16963465,0,0,0,0,0,0,0,0,0
201712,49,495000,057,1050,82070 ,00000 ,9067 ,482,36260, , ,84405      ,4,8,2,Washington Terrace,10,10,4033249,0,0,0,0,0,0,0,0,0,6,6,2825297,0,0,0,0,0,0,0,0,0
201712,49,499000,057,    ,99990 ,00000 ,14074 ,482,36260, , ,84401      ,4,8,11,Weber County Unincorporated Area,133,133,34664752,1,2,290105,2,8,1530262,0,0,0,126,126,33115390,1,2,290105,2,8,1530262,0,0,0
201712,49,505000,045,1065,82730 ,00000 ,1400 ,482,41620, , ,84083      ,4,8,9,Wendover,0,0,0,0,0,0,0,0,0,0,0,0,0,0,0,0,0,0,0,0,0,0,0,0
201712,49,507000,011,1070,82840 ,00000 ,5265 ,482,36260, , ,84087      ,4,8,12,West Bountiful,31,31,4510706,0,0,0,0,0,0,0,0,0,31,31,4510706,0,0,0,0,0,0,0,0,0
201712,49,508000,057,1073,82930 ,00000 ,10272 ,482,36260, , ,84401      ,4,8,12,West Haven,250,250,46579118,0,0,0,0,0,0,16,296,26304066,250,250,46579118,0,0,0,0,0,0,16,296,26304066
201712,49,509000,035,1075,82950 ,00000 ,103712 ,482,41620, , ,84088      ,4,8,12,West Jordan,452,452,115438513,0,0,0,0,0,0,10,347,52385390,452,452,115438513,0,0,0,0,0,0,10,347,52385390
201712,49,511000,011,1080,83390 ,00000 ,9511 ,482,36260, , ,84015      ,4,8,12,West Point,29,29,6785000,2,4,532000,6,21,2818000,0,0,0,29,29,6785000,2,4,532000,6,21,2818000,0,0,0
201712,49,513000,035,1082,83470 ,00000 ,129480 ,482,41620, , ,84119      ,4,8,12,West Valley City,224,224,29524194,0,0,0,0,0,0,0,0,0,224,224,29524194,0,0,0,0,0,0,0,0,0
201712,49,517000,049,1091,85050 ,00000 ,1344 ,482,39340, , ,84653      ,4,8,0,Woodland Hills,12,12,5210856,0,0,0,0,0,0,0,0,0,0,0,0,0,0,0,0,0,0,0,0,0
201712,49,521000,011,1095,85370 ,00000 ,9761 ,482,36260, , ,84087      ,4,8,11,Woods Cross,1,1,359796,0,0,0,0,0,0,0,0,0,1,1,359796,0,0,0,0,0,0,0,0,0
201712,53,005000,063,0010,00905 ,00000 ,6114 ,518,44060, , ,990019000  ,4,9,8,Airway Heights,27,27,7971199,0,0,0,4,15,1042913,18,337,42117210,19,19,5622395,0,0,0,3,12,843523,18,337,42117210
201712,53,009000,033,0020,01290 ,00000 ,3014 ,500,42660, , ,98001      ,4,9,12,Algona,9,9,2130594,0,0,0,0,0,0,0,0,0,9,9,2130594,0,0,0,0,0,0,0,0,0
201712,53,013000,057,0030,01990 ,00000 ,15778 ,500,34580, ,1,98221      ,4,9,11,Anacortes,87,87,28641718,1,2,253400,0,0,0,0,0,0,81,81,26870990,1,2,253400,0,0,0,0,0,0
201712,53,015000,061,0035,02585 ,00000 ,17926 ,500,42660, , ,98223      ,4,9,11,Arlington,91,91,22690385,0,0,0,1,3,601146,9,103,10332656,91,91,22690385,0,0,0,1,3,601146,9,103,10332656
201712,53,021000,033,0055,03180 ,00000 ,62761 ,500,42660,2,1,980014998  ,4,9,12,Auburn,139,139,45121624,0,0,0,0,0,0,0,0,0,139,139,45121624,0,0,0,0,0,0,0,0,0
201712,53,022000,035,0058,03736 ,00000 ,23025 ,500,14740, , ,981102824  ,4,9,12,Bainbridge Island,88,88,38821648,0,0,0,1,3,552064,1,18,3670119,88,88,38821648,0,0,0,1,3,552064,1,18,3670119
201712,53,023000,011,0065,04475 ,00000 ,17571 ,440,38900, , ,98604      ,4,9,0,Battle Ground,128,128,28292882,0,0,0,0,0,0,12,90,9493202,0,0,0,0,0,0,0,0,0,0,0,0
201712,53,025000,033,0070,04895 ,00000 ,299 ,500,42660, , ,98004      ,4,9,12,Beaux Arts Village town,0,0,0,0,0,0,0,0,0,0,0,0,0,0,0,0,0,0,0,0,0,0,0,0
201712,53,027000,033,0075,05210 ,00000 ,122363 ,500,42660, ,1,980099012  ,4,9,12,Bellevue,373,373,162755165,0,0,0,10,37,10013154,10,898,118368017,373,373,162755165,0,0,0,10,37,10013154,10,898,118368017
201712,53,029000,073,0080,05280 ,00000 ,80885 ,999,13380, ,1,98225      ,4,9,12,Bellingham,217,217,44954879,8,16,3037366,2,6,1103881,10,332,31319725,217,217,44954879,8,16,3037366,2,6,1103881,10,332,31319725
201712,53,031000,005,0083,05560 ,00000 ,3038 ,999,28420, , ,99320      ,4,9,12,Benton City,21,21,4669208,0,0,0,0,0,0,0,0,0,21,21,4669208,0,0,0,0,0,0,0,0,0
201712,53,033000,005,    ,99990 ,00000 ,32639 ,999,28420, , ,99336      ,4,9,11,Benton County Unincorporated Area,255,255,79473133,0,0,0,0,0,0,0,0,0,233,233,72956032,0,0,0,0,0,0,0,0,0
201712,53,037000,033,0095,06330 ,00000 ,4151 ,500,42660, , ,98010      ,4,9,12,Black Diamond,12,12,4778482,0,0,0,0,0,0,0,0,0,12,12,4778482,0,0,0,0,0,0,0,0,0
201712,53,039000,073,0100,06505 ,00000 ,4684 ,999,13380, , ,98230      ,4,9,12,Blaine,45,45,11622576,1,2,283581,0,0,0,0,0,0,45,45,11622576,1,2,283581,0,0,0,0,0,0
201712,53,041000,053,0105,07170 ,00000 ,17374 ,500,42660, , ,98391      ,4,9,12,Bonney Lake,54,54,14789823,0,0,0,0,0,0,0,0,0,54,54,14789823,0,0,0,0,0,0,0,0,0
201712,53,043000,033,0110,07380 ,00000 ,17090 ,500,42660,2, ,98011      ,4,9,5,Bothell,151,151,65983810,0,0,0,0,0,0,8,430,44348676,50,50,21402698,0,0,0,0,0,0,1,135,13065496
201712,53,047000,035,0115,07695 ,00000 ,37729 ,500,14740, ,1,983371858  ,4,9,12,Bremerton,112,112,27843472,0,0,0,0,0,0,0,0,0,112,112,27843472,0,0,0,0,0,0,0,0,0
201712,53,049000,047,0120,07835 ,00000 ,2370 ,999,99999, , ,988120340  ,4,9,12,Brewster,0,0,0,2,4,422484,0,0,0,0,0,0,0,0,0,2,4,422484,0,0,0,0,0,0
201712,53,051000,017,0123,07870 ,00000 ,2409 ,999,48300, , ,98813      ,4,9,12,Bridgeport,0,0,0,0,0,0,0,0,0,0,0,0,0,0,0,0,0,0,0,0,0,0,0,0
201712,53,053000,061,0124,07940 ,00000 ,6087 ,500,42660, , ,98036      ,4,9,12,Brier,21,21,11353000,0,0,0,0,0,0,0,0,0,21,21,11353000,0,0,0,0,0,0,0,0,0
201712,53,055000,053,0130,08570 ,00000 ,4354 ,500,42660, , ,98321      ,4,9,12,Buckley,49,49,16047637,0,0,0,0,0,0,0,0,0,49,49,16047637,0,0,0,0,0,0,0,0,0
201712,53,058000,033,0828,08850 ,00000 ,33313 ,500,42660, , ,981661973  ,4,9,12,Burien,58,58,18045107,0,0,0,0,0,0,0,0,0,58,58,18045107,0,0,0,0,0,0,0,0,0
201712,53,061000,011,0145,09480 ,00000 ,19355 ,440,38900, , ,986072166  ,4,9,11,Camas,232,232,62367408,0,0,0,0,0,0,0,0,0,216,216,57482115,0,0,0,0,0,0,0,0,0
201712,53,063000,053,0150,09970 ,00000 ,610 ,500,42660, , ,98323      ,4,9,12,Carbonado town,4,4,1204896,0,0,0,0,0,0,0,0,0,4,4,1204896,0,0,0,0,0,0,0,0,0
201712,53,065000,033,0155,10215 ,00000 ,1786 ,500,42660, , ,980141238  ,4,9,0,Carnation,67,67,24420130,0,0,0,0,0,0,0,0,0,0,0,0,0,0,0,0,0,0,0,0,0
201712,53,071000,069,0175,10635 ,00000 ,532 ,999,99999, , ,98612      ,4,9,12,Cathlamet town,0,0,0,0,0,0,0,0,0,0,0,0,0,0,0,0,0,0,0,0,0,0,0,0
201712,53,073000,041,0180,11160 ,00000 ,16336 ,999,99999, , ,98531      ,4,9,12,Centralia,37,37,7039835,1,2,250000,0,0,0,0,0,0,37,37,7039835,1,2,250000,0,0,0,0,0,0
201712,53,079000,007,    ,99990 ,00000 ,30498 ,999,48300, , ,98801      ,4,9,11,Chelan County Unincorporated Area,272,272,44930224,0,0,0,0,0,0,0,0,0,246,246,40284159,0,0,0,0,0,0,0,0,0
201712,53,081000,063,0200,11825 ,00000 ,10590 ,518,44060, , ,99004      ,4,9,12,Cheney,55,55,11782201,0,0,0,0,0,0,0,0,0,55,55,11782201,0,0,0,0,0,0,0,0,0
201712,53,083000,065,0205,12140 ,00000 ,2607 ,518,44060, , ,99109      ,4,9,12,Chewelah,6,6,1795858,0,0,0,0,0,0,0,0,0,6,6,1795858,0,0,0,0,0,0,0,0,0
201712,53,085000,009,    ,99990 ,00000 ,42228 ,999,99999, , ,983620149  ,4,9,2,Clallam County Unincorporated Area,175,175,37236081,2,4,760946,0,0,0,0,0,0,19,19,4316825,0,0,0,0,0,0,0,0,0
201712,53,087000,011,    ,99990 ,00000 ,203339 ,440,38900,2, ,986669810  ,4,9,8,Clark County Unincorporated Area,1548,1548,469931668,0,0,0,2,7,774401,17,273,27728263,1040,1040,313752653,0,0,0,1,4,422084,12,193,19350243
201712,53,089000,003,0215,12630 ,00000 ,7229 ,999,30300, , ,99403      ,4,9,12,Clarkston,0,0,0,0,0,0,0,0,0,0,0,0,0,0,0,0,0,0,0,0,0,0,0,0
201712,53,091000,037,0220,12945 ,00000 ,1872 ,999,99999, , ,98922      ,4,9,12,Cle Elum,3,3,635507,0,0,0,0,0,0,0,0,0,3,3,635507,0,0,0,0,0,0,0,0,0
201712,53,093000,033,0225,13365 ,00000 ,2984 ,500,42660, , ,98004      ,4,9,12,Clyde Hill,22,22,45668555,0,0,0,0,0,0,0,0,0,22,22,45668555,0,0,0,0,0,0,0,0,0
201712,53,109000,021,0263,14485 ,00000 ,4209 ,999,28420, , ,99326      ,4,9,12,Connell,10,10,1652093,0,0,0,0,0,0,0,0,0,10,10,1652093,0,0,0,0,0,0,0,0,0
201712,53,121000,029,0290,15185 ,00000 ,1831 ,999,99999, , ,98239      ,4,9,12,Coupeville town,9,9,4075233,1,2,678745,0,0,0,0,0,0,9,9,4075233,1,2,678745,0,0,0,0,0,0
201712,53,122000,033,0291,15290 ,00000 ,17575 ,500,42660, , ,98042      ,4,9,12,Covington,85,85,37302575,0,0,0,0,0,0,0,0,0,85,85,37302575,0,0,0,0,0,0,0,0,0
201712,53,123000,015,    ,99990 ,00000 ,44085 ,440,31020, , ,98626      ,4,9,12,Cowlitz County Unincorporated Area,197,197,43037116,4,8,1358773,0,0,0,0,0,0,197,197,43037116,4,8,1358773,0,0,0,0,0,0
201712,53,129000,061,0305,16690 ,00000 ,1347 ,500,42660, , ,98241      ,4,9,12,Darrington town,4,4,736000,0,0,0,0,0,0,0,0,0,4,4,736000,0,0,0,0,0,0,0,0,0
201712,53,135000,063,0317,17320 ,00000 ,3652 ,518,44060, , ,990060888  ,4,9,12,Deer Park,24,24,5097314,3,6,803546,0,0,0,3,36,5044002,24,24,5097314,3,6,803546,0,0,0,3,36,5044002
201712,53,137000,033,0325,17635 ,00000 ,29673 ,500,42660, , ,981986340  ,4,9,12,Des Moines,45,45,17046389,0,0,0,2,6,1266772,12,400,73176399,45,45,17046389,0,0,0,2,6,1266772,12,400,73176399
201712,53,139000,017,    ,99990 ,00000 ,20399 ,999,48300, , ,98802      ,4,9,12,Douglas County Unincorporated Area,173,173,44907965,0,0,0,0,0,0,0,0,0,173,173,44907965,0,0,0,0,0,0,0,0,0
201712,53,141000,053,0330,18965 ,00000 ,8199 ,500,42660, , ,983279002  ,4,9,12,DuPont,0,0,0,0,0,0,0,0,0,0,0,0,0,0,0,0,0,0,0,0,0,0,0,0
201712,53,143000,033,0335,19035 ,00000 ,6695 ,500,42660, , ,98019      ,4,9,12,Duvall,78,78,28648810,0,0,0,0,0,0,0,0,0,78,78,28648810,0,0,0,0,0,0,0,0,0
201712,53,145000,017,0350,20155 ,00000 ,13190 ,999,48300, , ,98802      ,4,9,12,East Wenatchee,4,4,946350,1,2,286631,0,0,0,0,0,0,4,4,946350,1,2,286631,0,0,0,0,0,0
201712,53,147000,053,0357,20260 ,00000 ,2758 ,500,42660, , ,98328      ,4,9,12,Eatonville town,6,6,2416136,0,0,0,1,4,1007894,0,0,0,6,6,2416136,0,0,0,1,4,1007894,0,0,0
201712,53,148000,053,0362,20645 ,00000 ,9387 ,500,42660, , ,983721513  ,4,9,12,Edgewood,165,165,59710433,2,4,506344,0,0,0,0,0,0,165,165,59710433,2,4,506344,0,0,0,0,0,0
201712,53,149000,061,0367,20750 ,00000 ,39709 ,500,42660, , ,98020      ,4,9,12,Edmonds,58,58,20242759,2,4,788348,0,0,0,3,120,15649610,58,58,20242759,2,4,788348,0,0,0,3,120,15649610
201712,53,153000,037,0380,21240 ,00000 ,18174 ,999,99999, , ,98926      ,4,9,12,Ellensburg,93,93,19103937,4,8,647374,0,0,0,6,159,18260077,93,93,19103937,4,8,647374,0,0,0,6,159,18260077
201712,53,163000,033,2016,22045 ,00000 ,10669 ,500,42660, , ,98022      ,4,9,11,Enumclaw,25,25,7074421,0,0,0,0,0,0,0,0,0,22,22,6379093,0,0,0,0,0,0,0,0,0
201712,53,167000,061,0420,22640 ,00000 ,103019 ,500,42660, ,1,98201      ,4,9,11,Everett,270,270,63682297,9,18,3366474,1,3,469680,2,11,818508,254,254,59704827,9,18,3366474,1,3,469680,1,6,200000
201712,53,171000,063,0430,22990 ,00000 ,612 ,518,44060, , ,99012      ,4,9,11,Fairfield town,1,1,150000,0,0,0,0,0,0,0,0,0,1,1,150000,0,0,0,0,0,0,0,0,0
201712,53,175000,033,0443,23515 ,00000 ,89306 ,500,42660, , ,98003      ,4,9,12,Federal Way,52,52,21580716,3,6,891989,4,16,2420248,0,0,0,52,52,21580716,3,6,891989,4,16,2420248,0,0,0
201712,53,177000,073,2184,23620 ,00000 ,11415 ,999,13380, , ,98248      ,4,9,9,Ferndale,124,124,31452109,1,2,311149,3,12,2193096,3,15,1463646,103,103,26106400,1,2,311149,2,8,1531975,0,0,0
201712,53,181000,053,0450,23795 ,00000 ,9173 ,500,42660, , ,98424      ,4,9,12,Fife,3,3,651738,0,0,0,1,4,677103,0,0,0,3,3,651738,0,0,0,1,4,677103,0,0,0
201712,53,183000,053,0455,23970 ,00000 ,6497 ,500,42660, , ,984666912  ,4,9,12,Fircrest,2,2,464409,0,0,0,0,0,0,0,0,0,2,2,464409,0,0,0,0,0,0,0,0,0
201712,53,187000,021,    ,99990 ,00000 ,13491 ,999,28420, , ,99301      ,4,9,1,Franklin County Unincorporated Area,107,107,32804179,0,0,0,0,0,0,0,0,0,5,5,2289602,0,0,0,0,0,0,0,0,0
201712,53,189000,055,0470,25615 ,00000 ,2162 ,999,99999, , ,98250      ,4,9,12,Friday Harbor town,7,7,1160000,0,0,0,1,3,500000,0,0,0,7,7,1160000,0,0,0,1,3,500000,0,0,0
201712,53,197000,053,0490,26735 ,00000 ,7126 ,500,42660, , ,98335      ,4,9,11,Gig Harbor,245,245,65656871,1,2,68000,0,0,0,0,0,0,228,228,60002260,1,2,68000,0,0,0,0,0,0
201712,53,199000,061,0495,27365 ,00000 ,2075 ,500,42660, , ,98251      ,4,9,12,Gold Bar,13,13,1870089,0,0,0,0,0,0,0,0,0,13,13,1870089,0,0,0,0,0,0,0,0,0
201712,53,205000,077,0515,27925 ,00000 ,10862 ,999,49420, , ,989301360  ,4,9,11,Grandview,7,7,1566129,0,0,0,0,0,0,0,0,0,7,7,1566129,0,0,0,0,0,0,0,0,0
201712,53,209000,061,0523,27995 ,00000 ,3364 ,500,42660, , ,98252      ,4,9,12,Granite Falls,75,75,18221310,0,0,0,0,0,0,0,0,0,75,75,18221310,0,0,0,0,0,0,0,0,0
201712,53,211000,025,    ,99990 ,00000 ,40134 ,999,99999,2, ,98823      ,4,9,12,Grant County Unincorporated Area,147,147,40310940,0,0,0,0,0,0,0,0,0,147,147,40310940,0,0,0,0,0,0,0,0,0
201712,53,213000,027,    ,99990 ,00000 ,28438 ,999,99999, , ,985633614  ,4,9,12,Grays Harbor County Unincorporated Area,109,109,26660717,0,0,0,0,0,0,0,0,0,109,109,26660717,0,0,0,0,0,0,0,0,0
201712,53,221000,025,0547,29920 ,00000 ,151 ,999,99999, , ,99135      ,4,9,12,Hartline town,0,0,0,0,0,0,0,0,0,0,0,0,0,0,0,0,0,0,0,0,0,0,0,0
201712,53,227000,033,0570,32755 ,00000 ,394 ,500,42660, , ,98004      ,4,9,12,Hunts Point town,1,1,2400000,0,0,0,0,0,0,0,0,0,1,1,2400000,0,0,0,0,0,0,0,0,0
201712,53,235000,029,    ,99990 ,00000 ,53565 ,999,99999, , ,98239      ,4,9,11,Island County Unincorporated Area,358,358,93223570,0,0,0,0,0,0,0,0,0,339,339,88180567,0,0,0,0,0,0,0,0,0
201712,53,237000,033,0587,33805 ,00000 ,30434 ,500,42660, , ,98027      ,4,9,12,Issaquah,119,119,50801327,1,2,465000,1,4,1101000,18,706,96344963,119,119,50801327,1,2,465000,1,4,1101000,18,706,96344963
201712,53,239000,031,    ,99990 ,00000 ,20759 ,999,99999, , ,98368      ,4,9,11,Jefferson County Unincorporated Area,122,122,28501039,0,0,0,0,0,0,0,0,0,113,113,26915544,0,0,0,0,0,0,0,0,0
201712,53,241000,021,0597,34575 ,00000 ,193 ,999,28420, , ,99335      ,4,9,8,Kahlotus,0,0,0,0,0,0,0,0,0,0,0,0,0,0,0,0,0,0,0,0,0,0,0,0
201712,53,246000,033,0608,35170 ,00000 ,20460 ,500,42660, , ,98028      ,4,9,12,Kenmore,74,74,23987309,0,0,0,0,0,0,0,0,0,74,74,23987309,0,0,0,0,0,0,0,0,0
201712,53,247000,005,0610,35275 ,00000 ,73917 ,999,28420, ,1,99336      ,4,9,12,Kennewick,217,217,58103945,2,4,620960,0,0,0,5,166,16763815,217,217,58103945,2,4,620960,0,0,0,5,166,16763815
201712,53,249000,033,0615,35415 ,00000 ,92411 ,500,42660, ,1,98032      ,4,9,11,Kent,283,283,98784702,1,2,373591,2,8,1334700,3,39,3687847,265,265,92812352,0,0,0,2,8,1334700,2,24,2400314
201712,53,253000,033,    ,99990 ,00000 ,325002 ,500,42660, , ,98065      ,4,9,12,King County Unincorporated Area,435,435,119176872,14,28,6584887,1,3,697937,5,404,75155365,435,435,119176872,14,28,6584887,1,3,697937,5,404,75155365
201712,53,255000,033,0625,35940 ,00000 ,48787 ,500,42660, , ,98033      ,4,9,12,Kirkland,328,328,154532699,0,0,0,3,9,1884000,1,12,2257253,328,328,154532699,0,0,0,3,9,1884000,1,12,2257253
201712,53,257000,035,    ,99990 ,00000 ,170035 ,500,14740, , ,983664682  ,4,9,12,Kitsap County Unincorporated Area,574,574,160524819,2,4,679261,0,0,0,3,41,4299620,574,574,160524819,2,4,679261,0,0,0,3,41,4299620
201712,53,261000,037,    ,99990 ,00000 ,18063 ,999,99999, , ,98926      ,4,9,12,Kittitas County Unincorporated Area,257,257,81826074,0,0,0,0,0,0,0,0,0,257,257,81826074,0,0,0,0,0,0,0,0,0
201712,53,263000,039,    ,99990 ,00000 ,13975 ,999,99999, , ,98620      ,4,9,12,Klickitat County Unincorporated Area,82,82,14881152,0,0,0,0,0,0,0,0,0,82,82,14881152,0,0,0,0,0,0,0,0,0
201712,53,267000,011,3204,36710 ,00000 ,2800 ,440,38900, , ,98629      ,4,9,10,La Center,21,21,5438041,2,4,618680,0,0,0,0,0,0,17,17,4413295,2,4,618680,0,0,0,0,0,0
201712,53,273000,067,0634,36745 ,00000 ,42393 ,500,36500, , ,98503      ,4,9,12,Lacey,163,163,47087777,0,0,0,0,0,0,0,0,0,163,163,47087777,0,0,0,0,0,0,0,0,0
201712,53,275000,033,0641,37270 ,00000 ,12598 ,500,42660, , ,98155      ,4,9,12,Lake Forest Park,26,26,9549001,0,0,0,10,38,5523068,0,0,0,26,26,9549001,0,0,0,10,38,5523068,0,0,0
201712,53,277000,061,0654,37900 ,00000 ,28069 ,500,42660, , ,98258      ,4,9,11,Lake Stevens,187,187,59324577,1,2,355348,0,0,0,0,0,0,154,154,50106287,1,2,355348,0,0,0,0,0,0
201712,53,278000,053,0667,38038 ,00000 ,58163 ,500,42660, ,1,98499      ,4,9,12,Lakewood,49,49,13702197,0,0,0,1,4,492342,1,7,861599,49,49,13702197,0,0,0,1,4,492342,1,7,861599
201712,53,287000,041,    ,99990 ,00000 ,44892 ,999,99999,2, ,98532      ,4,9,12,Lewis County Unincorporated Area,163,163,24667687,0,0,0,2,8,640000,0,0,0,163,163,24667687,0,0,0,2,8,640000,0,0,0
201712,53,288000,063,0684,39335 ,00000 ,7591 ,518,44060, , ,99019      ,4,9,12,Liberty Lake,138,138,38013079,0,0,0,0,0,0,13,168,18715798,138,138,38013079,0,0,0,0,0,0,13,168,18715798
201712,53,289000,043,    ,99990 ,00000 ,5081 ,999,99999,2, ,99122      ,4,9,12,Lincoln County Unincorporated Area,41,41,8003001,0,0,0,0,0,0,0,0,0,41,41,8003001,0,0,0,0,0,0,0,0,0
201712,53,299000,073,0710,40805 ,00000 ,11951 ,999,13380, , ,98264      ,4,9,12,Lynden,78,78,20044262,6,12,2277781,0,0,0,6,60,5073620,78,78,20044262,6,12,2277781,0,0,0,6,60,5073620
201712,53,301000,061,0715,40840 ,00000 ,35836 ,500,42660, , ,98036      ,4,9,11,Lynnwood,43,43,13435363,0,0,0,0,0,0,0,0,0,41,41,12698555,0,0,0,0,0,0,0,0,0
201712,53,307000,017,0735,42800 ,00000 ,320 ,999,48300, , ,988300218  ,4,9,12,Mansfield town,0,0,0,0,0,0,0,0,0,0,0,0,0,0,0,0,0,0,0,0,0,0,0,0
201712,53,307900,033,0738,43150 ,00000 ,22684 ,500,42660, , ,980380320  ,4,9,12,Maple Valley,117,117,38098330,0,0,0,0,0,0,28,326,45704301,117,117,38098330,0,0,0,0,0,0,28,326,45704301
201712,53,311000,061,0748,43955 ,00000 ,60020 ,500,42660, , ,98270      ,4,9,12,Marysville,77,77,21284391,2,4,710166,1,4,798642,10,150,12845902,77,77,21284391,2,4,710166,1,4,798642,10,150,12845902
201712,53,313000,045,    ,99990 ,00000 ,50865 ,999,99999, , ,98584      ,4,9,12,Mason County Unincorporated Area,189,189,46932112,0,0,0,0,0,0,0,0,0,189,189,46932112,0,0,0,0,0,0,0,0,0
201712,53,319000,063,0755,44690 ,00000 ,5060 ,518,44060, , ,99022      ,4,9,3,Medical Lake,2,2,412000,0,0,0,0,0,0,0,0,0,2,2,412000,0,0,0,0,0,0,0,0,0
201712,53,321000,033,0760,44725 ,00000 ,2969 ,500,42660, , ,98039      ,4,9,12,Medina,8,8,17125493,0,0,0,0,0,0,0,0,0,8,8,17125493,0,0,0,0,0,0,0,0,0
201712,53,323000,033,0763,45005 ,00000 ,22699 ,500,42660, , ,980403732  ,4,9,6,Mercer Island,78,78,64614298,0,0,0,0,0,0,0,0,0,39,39,34086990,0,0,0,0,0,0,0,0,0
201712,53,325000,021,0765,45180 ,00000 ,489 ,999,28420, , ,99343      ,4,9,12,Mesa,0,0,0,0,0,0,0,0,0,0,0,0,0,0,0,0,0,0,0,0,0,0,0,0
201712,53,331000,061,0778,45865 ,00000 ,18244 ,500,42660, , ,98258      ,4,9,12,Mill Creek,34,34,10060626,0,0,0,0,0,0,0,0,0,34,34,10060626,0,0,0,0,0,0,0,0,0
201712,53,333000,063,4188,45985 ,00000 ,1786 ,518,44060, , ,992064399  ,4,9,12,Millwood,0,0,0,0,0,0,0,0,0,0,0,0,0,0,0,0,0,0,0,0,0,0,0,0
201712,53,337000,053,0785,46020 ,00000 ,6137 ,500,42660,2, ,98354      ,4,9,4,Milton,3,3,930845,1,2,303794,0,0,0,0,0,0,1,1,372865,0,0,0,0,0,0,0,0,0
201712,53,339000,061,0790,46685 ,00000 ,17304 ,500,42660, , ,98272      ,4,9,11,Monroe,142,142,47870272,0,0,0,0,0,0,2,24,2822104,129,129,43624913,0,0,0,0,0,0,2,24,2822104
201712,53,341000,027,0795,46895 ,00000 ,3976 ,999,99999, , ,98563      ,4,9,11,Montesano,10,10,1914309,0,0,0,0,0,0,0,0,0,10,10,1914309,0,0,0,0,0,0,0,0,0
201712,53,345000,025,0805,47245 ,00000 ,20366 ,999,99999, , ,98837      ,4,9,12,Moses Lake,117,117,24855518,3,6,897069,1,3,286638,4,72,5945278,117,117,24855518,3,6,897069,1,3,286638,4,72,5945278
201712,53,349000,057,0820,47560 ,00000 ,31743 ,500,34580, ,1,98273      ,4,9,0,Mount Vernon,159,159,26122587,0,0,0,0,0,0,0,0,0,0,0,0,0,0,0,0,0,0,0,0,0
201712,53,351000,061,0815,47490 ,00000 ,19909 ,500,42660, , ,98043      ,4,9,12,Mountlake Terrace,3,3,1001798,0,0,0,0,0,0,0,0,0,3,3,1001798,0,0,0,0,0,0,0,0,0
201712,53,353000,077,0825,47665 ,00000 ,3308 ,999,49420, , ,98936      ,4,9,12,Moxee,2,2,763909,0,0,0,3,12,1206531,0,0,0,2,2,763909,0,0,0,3,12,1206531,0,0,0
201712,53,355000,061,0830,47735 ,00000 ,20254 ,500,42660, , ,98275      ,4,9,11,Mukilteo,4,4,1480156,0,0,0,0,0,0,0,0,0,3,3,1151807,0,0,0,0,0,0,0,0,0
201712,53,362000,033,0858,48645 ,00000 ,10380 ,500,42660, , ,98056      ,4,9,11,Newcastle,55,55,24706486,0,0,0,0,0,0,0,0,0,49,49,22675761,0,0,0,0,0,0,0,0,0
201712,53,367000,033,0870,49415 ,00000 ,6335 ,500,42660, , ,98166      ,4,9,12,Normandy Park,0,0,0,0,0,0,0,0,0,0,0,0,0,0,0,0,0,0,0,0,0,0,0,0
201712,53,369000,033,0875,49485 ,00000 ,5731 ,500,42660, , ,980450896  ,4,9,12,North Bend,120,120,35903784,0,0,0,0,0,0,0,0,0,120,120,35903784,0,0,0,0,0,0,0,0,0
201712,53,371000,059,0877,49555 ,00000 ,956 ,440,38900, , ,986390007  ,4,9,11,North Bonneville,2,2,203000,0,0,0,0,0,0,0,0,0,2,2,203000,0,0,0,0,0,0,0,0,0
201712,53,375000,029,0895,50360 ,00000 ,22075 ,999,99999, , ,98277      ,4,9,12,Oak Harbor,30,30,8291714,0,0,0,0,0,0,1,5,507385,30,30,8291714,0,0,0,0,0,0,1,5,507385
201712,53,381000,027,0907,50570 ,00000 ,5569 ,999,99999, , ,98569      ,4,9,12,Ocean Shores,105,105,19598749,0,0,0,0,0,0,0,0,0,105,105,19598749,0,0,0,0,0,0,0,0,0
201712,53,387000,047,    ,99990 ,00000 ,24780 ,999,99999,2, ,98840      ,4,9,12,Okanogan County Unincorporated Area,100,100,14594846,0,0,0,0,0,0,0,0,0,100,100,14594846,0,0,0,0,0,0,0,0,0
201712,53,389000,067,0920,51300 ,00000 ,46478 ,500,36500, ,1,98507      ,4,9,12,Olympia,94,94,23213776,0,0,0,5,15,2399100,3,18,2894805,94,94,23213776,0,0,0,5,15,2399100,3,18,2894805
201712,53,391000,047,0925,51340 ,00000 ,4845 ,999,99999, , ,98841      ,4,9,11,Omak,5,5,767253,0,0,0,0,0,0,0,0,0,5,5,767253,0,0,0,0,0,0,0,0,0
201712,53,395000,053,0940,52005 ,00000 ,6746 ,500,42660, , ,983600489  ,4,9,12,Orting,139,139,42089550,0,0,0,0,0,0,0,0,0,139,139,42089550,0,0,0,0,0,0,0,0,0
201712,53,399000,033,0950,52495 ,00000 ,6514 ,500,42660,2, ,98047      ,4,9,12,Pacific,7,7,1687268,0,0,0,0,0,0,0,0,0,7,7,1687268,0,0,0,0,0,0,0,0,0
201712,53,403000,049,    ,99990 ,00000 ,14073 ,999,99999, , ,98631      ,4,9,0,Pacific County Unincorporated Area,76,76,11776697,0,0,0,0,0,0,0,0,0,0,0,0,0,0,0,0,0,0,0,0,0
201712,53,407000,021,0960,53545 ,00000 ,59781 ,999,28420, , ,99301      ,4,9,0,Pasco,421,421,102797879,17,34,5742508,0,0,0,0,0,0,0,0,0,0,0,0,0,0,0,0,0,0
201712,53,413000,051,    ,99990 ,00000 ,9810 ,518,44060,2, ,99156      ,4,9,12,Pend Oreille County Unincorporated Area,39,39,10359621,0,0,0,0,0,0,0,0,0,39,39,10359621,0,0,0,0,0,0,0,0,0
201712,53,415000,053,    ,99990 ,00000 ,366738 ,500,42660, , ,98409      ,4,9,12,Pierce County Unincorporated Area,1877,1877,563248787,14,28,5347029,2,7,1274858,46,666,78076928,1877,1877,563248787,14,28,5347029,2,7,1274858,46,666,78076928
201712,53,417000,023,0985,55120 ,00000 ,1425 ,999,99999, , ,993470370  ,4,9,12,Pomeroy,0,0,0,0,0,0,0,0,0,0,0,0,0,0,0,0,0,0,0,0,0,0,0,0
201712,53,419000,009,0990,55365 ,00000 ,19038 ,999,99999, , ,98362      ,4,9,3,Port Angeles,24,24,3798389,0,0,0,0,0,0,0,0,0,5,5,732899,0,0,0,0,0,0,0,0,0
201712,53,421000,035,1000,55785 ,00000 ,11144 ,500,14740, , ,98366      ,4,9,12,Port Orchard,77,77,21370775,0,0,0,0,0,0,2,76,3994180,77,77,21370775,0,0,0,0,0,0,2,76,3994180
201712,53,423000,031,1005,55855 ,00000 ,9113 ,999,99999, , ,98368      ,4,9,12,Port Townsend,53,53,8768317,0,0,0,0,0,0,0,0,0,53,53,8768317,0,0,0,0,0,0,0,0,0
201712,53,425000,035,1010,55995 ,00000 ,9200 ,500,14740, , ,983707437  ,4,9,12,Poulsbo,101,101,29503486,0,0,0,0,0,0,0,0,0,101,101,29503486,0,0,0,0,0,0,0,0,0
201712,53,429000,005,1020,56450 ,00000 ,5714 ,999,28420, , ,99350      ,4,9,12,Prosser,8,8,1802589,0,0,0,0,0,0,0,0,0,8,8,1802589,0,0,0,0,0,0,0,0,0
201712,53,431000,075,1025,56625 ,00000 ,29799 ,999,99999, , ,99163      ,4,9,11,Pullman,54,54,15531809,2,4,788405,0,0,0,14,158,16007545,51,51,14714246,2,4,788405,0,0,0,13,148,14748986
201712,53,433000,053,1030,56695 ,00000 ,37022 ,500,42660, , ,98371      ,4,9,12,Puyallup,117,117,32049978,0,0,0,0,0,0,4,236,46598846,117,117,32049978,0,0,0,0,0,0,4,236,46598846
201712,53,435000,025,1040,57115 ,00000 ,6750 ,999,99999, , ,98848      ,4,9,7,Quincy,38,38,6447095,1,2,203333,0,0,0,0,0,0,19,19,3121139,0,0,0,0,0,0,0,0,0
201712,53,443000,033,1065,57535 ,00000 ,54144 ,500,42660, ,1,980739710  ,4,9,12,Redmond,93,93,39957277,0,0,0,0,0,0,5,1257,112434606,93,93,39957277,0,0,0,0,0,0,5,1257,112434606
201712,53,445000,033,1070,57745 ,00000 ,90927 ,500,42660, ,1,98055      ,4,9,12,Renton,122,122,46827141,0,0,0,0,0,0,4,127,15955523,122,122,46827141,0,0,0,0,0,0,4,127,15955523
201712,53,449000,005,1080,58235 ,00000 ,48058 ,999,28420, ,1,99352      ,4,9,0,Richland,301,301,97837556,4,8,1062004,3,9,1220022,9,193,18175701,0,0,0,0,0,0,0,0,0,0,0,0
201712,53,451000,011,1085,58410 ,00000 ,4763 ,440,38900, , ,98642      ,4,9,10,Ridgefield,197,197,57296029,0,0,0,0,0,0,0,0,0,140,140,41930502,0,0,0,0,0,0,0,0,0
201712,53,455000,047,1095,58795 ,00000 ,280 ,999,99999, , ,98849      ,4,9,12,Riverside town,0,0,0,0,0,0,0,0,0,0,0,0,0,0,0,0,0,0,0,0,0,0,0,0
201712,53,459000,063,1100,59145 ,00000 ,470 ,518,44060, , ,99030      ,4,9,11,Rockford town,2,2,314034,0,0,0,0,0,0,0,0,0,2,2,314034,0,0,0,0,0,0,0,0,0
201712,53,465000,053,1125,60160 ,00000 ,793 ,500,42660, , ,98580      ,4,9,12,Roy,0,0,0,0,0,0,0,0,0,0,0,0,0,0,0,0,0,0,0,0,0,0,0,0
201712,53,469000,053,1130,60510 ,00000 ,749 ,500,42660, , ,984076597  ,4,9,10,Ruston town,7,7,2520697,0,0,0,0,0,0,0,0,0,6,6,2070973,0,0,0,0,0,0,0,0,0
201712,53,469900,033,1136,61115 ,00000 ,45780 ,500,42660, , ,98075      ,4,9,12,Sammamish,367,367,148545072,0,0,0,0,0,0,0,0,0,367,367,148545072,0,0,0,0,0,0,0,0,0
201712,53,471000,055,    ,99990 ,00000 ,13607 ,999,99999, , ,98250      ,4,9,11,San Juan County Unincorporated Area,105,105,23423661,0,0,0,0,0,0,0,0,0,99,99,22020009,0,0,0,0,0,0,0,0,0
201712,53,473000,033,1139,62288 ,00000 ,26909 ,500,42660, , ,98188      ,4,9,10,Seatac,28,28,10253772,0,0,0,0,0,0,0,0,0,17,17,6532523,0,0,0,0,0,0,0,0,0
201712,53,475000,033,1140,63000 ,00000 ,608660 ,500,42660, ,1,981244019  ,4,9,12,Seattle,593,593,162452219,171,342,68417573,104,354,68893266,159,8598,1424752552,593,593,162452219,171,342,68417573,104,354,68893266,159,8598,1424752552
201712,53,484000,033,1169,63960 ,00000 ,53007 ,500,42660, , ,981334905  ,4,9,11,Shoreline,81,81,28584016,0,0,0,0,0,0,3,139,17722043,74,74,26321482,0,0,0,0,0,0,2,114,14397627
201712,53,485000,057,    ,99990 ,00000 ,48117 ,500,34580,2, ,98273      ,4,9,12,Skagit County Unincorporated Area,235,235,54831816,1,2,249025,4,16,1690566,0,0,0,235,235,54831816,1,2,249025,4,16,1690566,0,0,0
201712,53,487000,059,    ,99990 ,00000 ,8645 ,440,38900, , ,98648      ,4,9,10,Skamania County Unincorporated Area,40,40,8813380,0,0,0,0,0,0,0,0,0,33,33,7330392,0,0,0,0,0,0,0,0,0
201712,53,489000,033,1175,64855 ,00000 ,198 ,500,42660, , ,98288      ,4,9,0,Skykomish town,0,0,0,0,0,0,0,0,0,1,5,139350,0,0,0,0,0,0,0,0,0,0,0,0
201712,53,491000,061,1180,65170 ,00000 ,9098 ,500,42660, , ,98290      ,4,9,12,Snohomish,15,15,3816619,1,2,410755,1,3,404502,1,5,816409,15,15,3816619,1,2,410755,1,3,404502,1,5,816409
201712,53,493000,061,    ,99990 ,00000 ,302292 ,500,42660,2, ,98201      ,4,9,12,Snohomish County Unincorporated Area,1582,1582,482036823,20,40,10143289,28,106,20892750,33,440,60619912,1582,1582,482036823,20,40,10143289,28,106,20892750,33,440,60619912
201712,53,495000,033,1185,65205 ,00000 ,10670 ,500,42660, , ,98065      ,4,9,12,Snoqualmie,80,80,30843173,0,0,0,0,0,0,0,0,0,80,80,30843173,0,0,0,0,0,0,0,0,0
201712,53,503000,053,1210,66045 ,00000 ,434 ,500,42660, , ,98409      ,4,9,12,South Prairie town,0,0,0,0,0,0,0,0,0,0,0,0,0,0,0,0,0,0,0,0,0,0,0,0
201712,53,507000,063,6120,67000 ,00000 ,208916 ,518,44060, ,1,992013269  ,4,9,12,Spokane,333,333,87445919,5,10,1729011,7,26,3353618,23,463,56546077,333,333,87445919,5,10,1729011,7,26,3353618,23,463,56546077
201712,53,509000,063,    ,99990 ,00000 ,136108 ,518,44060,2, ,992600500  ,4,9,12,Spokane County Unincorporated Area,896,896,233914929,19,38,7092436,0,0,0,6,57,4889788,896,896,233914929,19,38,7092436,0,0,0,6,57,4889788
201712,53,509500,063,1222,67167 ,00000 ,89755 ,518,44060, ,1,99206      ,4,9,7,Spokane Valley,143,143,30678443,35,70,12073143,12,42,6437706,23,636,67273187,60,60,13776126,23,46,8170407,7,24,3654114,12,390,43705136
201712,53,517000,061,1235,67455 ,00000 ,6231 ,500,42660, , ,98292      ,4,9,12,Stanwood,29,29,5899620,0,0,0,0,0,0,0,0,0,29,29,5899620,0,0,0,0,0,0,0,0,0
201712,53,521000,053,1245,67770 ,00000 ,5985 ,500,42660, , ,98388      ,4,9,12,Steilacoom town,11,11,5089000,0,0,0,0,0,0,0,0,0,11,11,5089000,0,0,0,0,0,0,0,0,0
201712,53,523000,065,    ,99990 ,00000 ,33893 ,518,44060, , ,991142847  ,4,9,12,Stevens County Unincorporated Area,125,125,22878701,0,0,0,0,0,0,0,0,0,125,125,22878701,0,0,0,0,0,0,0,0,0
201712,53,525000,059,1250,67875 ,00000 ,1465 ,440,38900, , ,98648      ,4,9,12,Stevenson,13,13,4126657,0,0,0,0,0,0,0,0,0,13,13,4126657,0,0,0,0,0,0,0,0,0
201712,53,527000,061,1255,68260 ,00000 ,4651 ,500,42660, , ,982941099  ,4,9,0,Sultan,12,12,3193092,0,0,0,0,0,0,0,0,0,0,0,0,0,0,0,0,0,0,0,0,0
201712,53,531000,053,1272,68435 ,00000 ,9451 ,500,42660, , ,98390      ,4,9,12,Sumner,26,26,7708413,0,0,0,0,0,0,0,0,0,26,26,7708413,0,0,0,0,0,0,0,0,0
201712,53,535000,053,1280,70000 ,00000 ,198397 ,500,42660, ,1,98402      ,4,9,12,Tacoma,139,139,38079241,4,8,600000,1,4,570647,24,976,121447880,139,139,38079241,4,8,600000,1,4,570647,24,976,121447880
201712,53,541000,067,    ,99990 ,00000 ,135123 ,500,36500, , ,985026065  ,4,9,12,Thurston County Unincorporated Area,511,511,142416220,0,0,0,0,0,0,0,0,0,511,511,142416220,0,0,0,0,0,0,0,0,0
201712,53,551000,033,1320,72625 ,00000 ,19107 ,500,42660, , ,981882544  ,4,9,12,Tukwila,46,46,15147624,0,0,0,0,0,0,0,0,0,46,46,15147624,0,0,0,0,0,0,0,0,0
201712,53,553000,067,1325,72905 ,00000 ,17371 ,500,36500, ,1,98501      ,4,9,6,Tumwater,113,113,23346542,3,6,1118772,0,0,0,7,64,7306420,46,46,10021006,0,0,0,0,0,0,1,20,2262078
201712,53,560000,053,1343,73465 ,00000 ,31144 ,500,42660, , ,984660289  ,4,9,12,University Place,118,118,34616078,1,2,361232,0,0,0,0,0,0,118,118,34616078,1,2,361232,0,0,0,0,0,0
201712,53,563000,011,1347,74060 ,00000 ,161791 ,440,38900, ,1,986681995  ,4,9,12,Vancouver,177,177,18417930,15,30,3186460,3,12,1651876,49,1327,85782217,177,177,18417930,15,30,3186460,3,12,1651876,49,1327,85782217
201712,53,567000,071,1360,75565 ,00000 ,1217 ,999,47460, , ,99361      ,4,9,0,Waitsburg,7,7,700000,0,0,0,0,0,0,0,0,0,0,0,0,0,0,0,0,0,0,0,0,0
201712,53,569000,071,1365,75775 ,00000 ,31731 ,999,47460, ,1,99362      ,4,9,12,Walla Walla,45,45,10783360,0,0,0,0,0,0,0,0,0,45,45,10783360,0,0,0,0,0,0,0,0,0
201712,53,571000,071,    ,99990 ,00000 ,16750 ,999,47460, , ,993622857  ,4,9,12,Walla Walla County Unincorporated Area,49,49,15081463,0,0,0,0,0,0,0,0,0,49,49,15081463,0,0,0,0,0,0,0,0,0
201712,53,577000,011,1385,76405 ,00000 ,14095 ,440,38900, , ,98671      ,4,9,12,Washougal,73,73,22545952,0,0,0,0,0,0,13,97,10560000,73,73,22545952,0,0,0,0,0,0,13,97,10560000
201712,53,581000,017,1395,76510 ,00000 ,1138 ,999,48300, , ,98858      ,4,9,12,Waterville town,0,0,0,0,0,0,0,0,0,0,0,0,0,0,0,0,0,0,0,0,0,0,0,0
201712,53,583000,063,1400,76720 ,00000 ,106 ,518,44060, , ,99039      ,4,9,11,Waverly town,0,0,0,0,0,0,0,0,0,0,0,0,0,0,0,0,0,0,0,0,0,0,0,0
201712,53,585000,007,1405,77105 ,00000 ,31925 ,999,48300, ,1,98807      ,4,9,12,Wenatchee,61,61,11858317,4,8,1260927,0,0,0,0,0,0,61,61,11858317,4,8,1260927,0,0,0,0,0,0
201712,53,587000,005,1425,77665 ,00000 ,11811 ,999,28420, , ,99353      ,4,9,12,West Richland,91,91,29740926,2,4,859580,0,0,0,0,0,0,91,91,29740926,2,4,859580,0,0,0,0,0,0
201712,53,591000,073,    ,99990 ,00000 ,87079 ,999,13380, , ,982269050  ,4,9,10,Whatcom County Unincorporated Area,319,319,96371655,1,2,420267,0,0,0,0,0,0,268,268,80668540,1,2,420267,0,0,0,0,0,0
201712,53,599000,053,1445,78925 ,00000 ,477 ,500,42660, , ,98396      ,4,9,12,Wilkeson town,0,0,0,0,0,0,0,0,0,0,0,0,0,0,0,0,0,0,0,0,0,0,0,0
201712,53,607000,047,1465,79380 ,00000 ,394 ,999,99999, , ,98862      ,4,9,0,Winthrop town,3,3,271168,0,0,0,0,0,0,0,0,0,0,0,0,0,0,0,0,0,0,0,0,0
201712,53,608500,033,1468,79590 ,00000 ,10938 ,500,42660, , ,98072      ,4,9,8,Woodinville,85,85,35857582,0,0,0,0,0,0,3,236,30042295,80,80,33386117,0,0,0,0,0,0,3,236,30042295
201712,53,613000,061,1475,79835 ,00000 ,1307 ,500,42660, , ,98020      ,4,9,11,Woodway,0,0,0,0,0,0,0,0,0,0,0,0,0,0,0,0,0,0,0,0,0,0,0,0
201712,53,615000,011,1480,79975 ,00000 ,1566 ,440,38900,2, ,98675      ,4,9,12,Yacolt town,22,22,4352988,0,0,0,0,0,0,0,0,0,22,22,4352988,0,0,0,0,0,0,0,0,0
201712,53,617000,077,1485,80010 ,00000 ,91067 ,999,49420, ,1,98901      ,4,9,12,Yakima,122,122,25795006,0,0,0,1,3,169957,0,0,0,122,122,25795006,0,0,0,1,3,169957,0,0,0
201712,53,619000,077,    ,99990 ,00000 ,83889 ,999,49420,2, ,989012614  ,4,9,9,Yakima County Unincorporated Area,172,172,50159597,0,0,0,0,0,0,0,0,0,124,124,35880078,0,0,0,0,0,0,0,0,0
201712,53,621000,033,1490,80150 ,00000 ,1001 ,500,42660, , ,98004      ,4,9,12,Yarrow Point town,7,7,13679690,0,0,0,0,0,0,0,0,0,7,7,13679690,0,0,0,0,0,0,0,0,0
201712,53,623000,067,1495,80220 ,00000 ,6848 ,500,36500, , ,98597      ,4,9,12,Yelm,52,52,16015851,0,0,0,0,0,0,0,0,0,52,52,16015851,0,0,0,0,0,0,0,0,0
201712,56,005000,001,    ,99990 ,00000 ,5238 ,999,99999, , ,82070      ,4,8,12,Albany County Unincorporated Area,55,55,9952652,0,0,0,5,20,1155000,0,0,0,55,55,9952652,0,0,0,5,20,1155000,0,0,0
201712,56,025000,025,0029,05245 ,00000 ,2213 ,999,16220, , ,82601      ,4,8,12,Bar Nunn town,8,8,1073400,0,0,0,0,0,0,0,0,0,8,8,1073400,0,0,0,0,0,0,0,0,0
201712,56,053000,003,0047,11700 ,00000 ,593 ,999,99999, , ,82412      ,4,8,10,Byron town,1,1,100000,0,0,0,0,0,0,0,0,0,0,0,0,0,0,0,0,0,0,0,0,0
201712,56,057000,005,    ,99990 ,00000 ,15239 ,999,99999,2, ,827164239  ,4,8,0,Campbell County Unincorporated Area,40,40,10207298,0,0,0,0,0,0,0,0,0,0,0,0,0,0,0,0,0,0,0,0,0
201712,56,061000,007,    ,99990 ,00000 ,2148 ,999,99999, , ,82301      ,4,8,12,Carbon County Unincorporated Area,11,11,2633760,0,0,0,0,0,0,0,0,0,11,11,2633760,0,0,0,0,0,0,0,0,0
201712,56,065000,025,0051,13150 ,00000 ,55316 ,999,16220, ,1,82601      ,4,8,12,Casper,66,66,19612935,9,18,1449000,1,4,399000,4,100,12212888,66,66,19612935,9,18,1449000,1,4,399000,4,100,12212888
201712,56,069000,021,0054,13900 ,00000 ,59466 ,999,16940, ,1,82001      ,4,8,12,Cheyenne,224,224,41948370,3,6,955000,20,76,6543545,6,102,12300000,224,224,41948370,3,6,955000,20,76,6543545,6,102,12300000
201712,56,081000,029,0065,15760 ,00000 ,9520 ,999,99999, , ,82414      ,4,8,11,Cody,39,39,6903467,4,8,741000,0,0,0,0,0,0,37,37,6546000,3,6,603000,0,0,0,0,0,0
201712,56,093000,003,0075,17645 ,00000 ,655 ,999,99999, , ,82420      ,4,8,2,Cowley town,4,4,970667,0,0,0,0,0,0,0,0,0,1,1,400000,0,0,0,0,0,0,0,0,0
201712,56,117000,009,0100,21125 ,00000 ,6120 ,999,99999, , ,82633      ,4,8,12,Douglas,1,1,140000,0,0,0,0,0,0,0,0,0,1,1,140000,0,0,0,0,0,0,0,0,0
201712,56,137000,041,0135,25620 ,00000 ,12359 ,999,99999, , ,82930      ,4,8,10,Evanston,3,3,827908,0,0,0,0,0,0,0,0,0,1,1,250000,0,0,0,0,0,0,0,0,0
201712,56,141000,025,1300,25765 ,00000 ,2544 ,999,16220, , ,82636      ,4,8,12,Evansville town,10,10,1430000,0,0,0,0,0,0,0,0,0,10,10,1430000,0,0,0,0,0,0,0,0,0
201712,56,161000,005,0160,31855 ,00000 ,29087 ,999,99999, , ,82716      ,4,8,12,Gillette,17,17,4783272,0,0,0,0,0,0,0,0,0,17,17,4783272,0,0,0,0,0,0,0,0,0
201712,56,185000,037,0180,33740 ,00000 ,12515 ,999,99999, , ,82935      ,4,8,12,Green River,8,8,2233000,0,0,0,0,0,0,2,38,3732384,8,8,2233000,0,0,0,0,0,0,2,38,3732384
201712,56,217000,039,0215,40120 ,00000 ,9577 ,999,99999, , ,83001      ,4,8,0,Jackson town,21,21,10868132,5,10,3116596,3,11,427163,1,5,1040398,0,0,0,0,0,0,0,0,0,0,0,0
201712,56,245000,013,0245,44760 ,00000 ,7487 ,999,99999, , ,82520      ,4,8,2,Lander,6,6,1380858,0,0,0,0,0,0,0,0,0,0,0,0,0,0,0,0,0,0,0,0,0
201712,56,249000,001,0250,45050 ,00000 ,30816 ,999,99999, , ,82073      ,4,8,12,Laramie,40,40,6739785,0,0,0,0,0,0,1,8,878000,40,40,6739785,0,0,0,0,0,0,1,8,878000
201712,56,253000,021,    ,99990 ,00000 ,30661 ,999,16940, , ,82009      ,4,8,12,Laramie County Unincorporated Area,164,164,26129139,0,0,0,0,0,0,0,0,0,164,164,26129139,0,0,0,0,0,0,0,0,0
201712,56,257000,023,    ,99990 ,00000 ,8923 ,999,99999, , ,83101      ,4,8,12,Lincoln County Unincorporated Area,102,102,29673920,1,2,301442,0,0,0,0,0,0,102,102,29673920,1,2,301442,0,0,0,0,0,0
201712,56,289000,035,0295,50415 ,00000 ,1094 ,999,99999, , ,831136502  ,4,8,12,Marbleton town,2,2,582103,0,0,0,0,0,0,0,0,0,2,2,582103,0,0,0,0,0,0,0,0,0
201712,56,297000,029,0305,51720 ,00000 ,327 ,999,99999, , ,82433      ,4,8,12,Meeteetse town,0,0,0,0,0,0,0,0,0,0,0,0,0,0,0,0,0,0,0,0,0,0,0,0
201712,56,305000,025,0310,53460 ,00000 ,3461 ,999,16220, , ,826440789  ,4,8,12,Mills town,32,32,4378000,0,0,0,0,0,0,0,0,0,32,32,4378000,0,0,0,0,0,0,0,0,0
201712,56,317000,025,    ,99990 ,00000 ,11317 ,999,16220,2, ,82601      ,4,8,12,Natrona County Unincorporated Area,35,35,8096550,0,0,0,0,0,0,0,0,0,35,35,8096550,0,0,0,0,0,0,0,0,0
201712,56,333000,029,    ,99990 ,00000 ,12025 ,999,99999,2, ,82414      ,4,8,12,Park County Unincorporated Area,71,71,20647977,0,0,0,0,0,0,0,0,0,71,71,20647977,0,0,0,0,0,0,0,0,0
201712,56,349000,035,0350,61580 ,00000 ,2030 ,999,99999, , ,82941      ,4,8,12,Pinedale town,4,4,1359000,0,0,0,0,0,0,0,0,0,4,4,1359000,0,0,0,0,0,0,0,0,0
201712,56,357000,029,0357,62450 ,00000 ,6314 ,999,99999, , ,82435      ,4,8,12,Powell,14,14,2055250,0,0,0,0,0,0,0,0,0,14,14,2055250,0,0,0,0,0,0,0,0,0
201712,56,369000,007,0375,66075 ,00000 ,52 ,999,99999, , ,82325      ,4,8,12,Riverside town,1,1,300000,0,0,0,0,0,0,0,0,0,1,1,300000,0,0,0,0,0,0,0,0,0
201712,56,373000,013,0380,66220 ,00000 ,10615 ,999,99999, , ,82501      ,4,8,12,Riverton,9,9,1307000,0,0,0,0,0,0,0,0,0,9,9,1307000,0,0,0,0,0,0,0,0,0
201712,56,381000,037,0390,67235 ,00000 ,23036 ,999,99999, , ,82901      ,4,8,12,Rock Springs,47,47,12532800,0,0,0,0,0,0,0,0,0,47,47,12532800,0,0,0,0,0,0,0,0,0
201712,56,393000,033,0400,69845 ,00000 ,17444 ,999,99999, , ,82801      ,4,8,12,Sheridan,45,45,9319001,7,14,1743617,0,0,0,1,8,600000,45,45,9319001,7,14,1743617,0,0,0,1,8,600000
201712,56,397000,033,    ,99990 ,00000 ,9918 ,999,99999, , ,82801      ,4,8,0,Sheridan County Unincorporated Area,93,93,26815447,0,0,0,0,0,0,0,0,0,0,0,0,0,0,0,0,0,0,0,0,0
201712,56,409000,035,    ,99990 ,00000 ,6571 ,999,99999, , ,82941      ,4,8,3,Sublette County Unincorporated Area,23,23,6622007,0,0,0,0,0,0,0,0,0,2,2,575427,0,0,0,0,0,0,0,0,0
201712,56,417000,037,0427,74775 ,00000 ,336 ,999,99999, , ,829450040  ,4,8,12,Superior town,0,0,0,0,0,0,0,0,0,0,0,0,0,0,0,0,0,0,0,0,0,0,0,0
201712,56,421000,037,    ,99990 ,00000 ,7223 ,999,99999, , ,82935      ,4,8,12,Sweetwater County Unincorporated Area,12,12,3287911,0,0,0,0,0,0,0,0,0,12,12,3287911,0,0,0,0,0,0,0,0,0
201712,56,429000,039,    ,99990 ,00000 ,11717 ,999,99999, , ,83001      ,4,8,12,Teton County Unincorporated Area,122,122,169595375,8,16,2400000,0,0,0,1,5,850000,122,122,169595375,8,16,2400000,0,0,0,1,5,850000
201712,56,441000,015,0450,77530 ,00000 ,6501 ,999,99999, , ,82240      ,4,8,10,Torrington,0,0,0,0,0,0,0,0,0,0,0,0,0,0,0,0,0,0,0,0,0,0,0,0
201712,56,445000,041,    ,99990 ,00000 ,4840 ,999,99999, , ,82930      ,4,8,11,Uinta County Unincorporated Area,28,28,6185571,0,0,0,0,0,0,0,0,0,26,26,5788000,0,0,0,0,0,0,0,0,0
201712,56,453000,027,0460,79705 ,00000 ,15 ,999,99999, , ,82242      ,4,8,0,Van Tassell town,0,0,0,0,0,0,0,0,0,0,0,0,0,0,0,0,0,0,0,0,0,0,0,0
