Survey,State,6-Digit,County,Census Place,FIPS Place,FIPS MCD,Pop,CSA,CBSA,Footnote,Central,Zip,Region,Division,Number of,Place,,1-unit,,,2-units,,,3-4 units,,,5+ units,,,1-unit rep,,,2-units rep,,,3-4 units rep,,,5+ units rep
Date,Code,ID,Code,Code,Code,Code,  ,Code,Code,Code,City,Code,Code,Code,Months Rep,Name,Bldgs,Units,Value,Bldgs,Units,Value,Bldgs,Units,Value,Bldgs,Units,Value,Bldgs,Units,Value,Bldgs,Units,Value,Bldgs,Units,Value,Bldgs,Units,Value
 
201912,02,009000,013,0070,01090 ,00000 ,1027 ,999,99999, , ,99503      ,4,9,0,Akutan,0,0,0,0,0,0,0,0,0,0,0,0,0,0,0,0,0,0,0,0,0,0,0,0
201912,02,041000,020,0140,03000 ,00000 ,291826 ,999,11260, ,1,995196650  ,4,9,0,Municipality of Anchorage,838,838,262513354,0,0,0,13,48,8338126,20,173,27350531,0,0,0,0,0,0,0,0,0,0,0,0
201912,02,049000,105,0160,03440 ,00000 ,459 ,999,99999,2, ,998200189  ,4,9,0,Angoon,0,0,0,0,0,0,0,0,0,0,0,0,0,0,0,0,0,0,0,0,0,0,0,0
201912,02,085000,050,0310,06520 ,00000 ,6080 ,999,99999, , ,99559      ,4,9,11,Bethel,8,8,2267366,2,4,691566,1,3,372759,0,0,0,8,8,2267366,2,4,691566,1,3,372759,0,0,0
201912,02,097000,060,    ,99990 ,00000 ,997 ,999,99999, , ,996330189  ,4,9,10,Bristol Bay Borough,8,8,925000,0,0,0,0,0,0,0,0,0,8,8,925000,0,0,0,0,0,0,0,0,0
201912,02,133000,261,0820,17410 ,00000 ,2239 ,999,99999, , ,99574      ,4,9,12,Cordova,5,5,1228000,0,0,0,0,0,0,0,0,0,5,5,1228000,0,0,0,0,0,0,0,0,0
201912,02,137000,198,0830,17740 ,00000 ,1201 ,999,99999, , ,99921      ,4,9,12,Craig,3,3,850848,3,6,1036329,0,0,0,0,0,0,3,3,850848,3,6,1036329,0,0,0,0,0,0
201912,02,149000,070,0880,18950 ,00000 ,2329 ,999,99999, , ,99576      ,4,9,12,Dillingham,2,2,565670,0,0,0,0,0,0,0,0,0,2,2,565670,0,0,0,0,0,0,0,0,0
201912,02,173000,158,0900,22910 ,00000 ,762 ,999,99999,2, ,99581      ,4,9,0,Emmonak,0,0,0,0,0,0,0,0,0,0,0,0,0,0,0,0,0,0,0,0,0,0,0,0
201912,02,177000,090,1080,24230 ,00000 ,31535 ,999,21820,2,1,99701      ,4,9,0,Fairbanks,0,0,0,0,0,0,0,0,0,0,0,0,0,0,0,0,0,0,0,0,0,0,0,0
201912,02,209000,100,    ,99990 ,00000 ,2508 ,999,99999, , ,99827      ,4,9,12,Haines Borough,9,9,1345000,0,0,0,0,0,0,0,0,0,9,9,1345000,0,0,0,0,0,0,0,0,0
201912,02,221000,122,1370,33140 ,00000 ,5003 ,999,99999, , ,99603      ,4,9,12,Homer,37,37,10736000,1,2,500000,0,0,0,0,0,0,37,37,10736000,1,2,500000,0,0,0,0,0,0
201912,02,225000,105,1380,33360 ,00000 ,760 ,999,99999, , ,99829      ,4,9,11,Hoonah,4,4,949052,0,0,0,0,0,0,0,0,0,4,4,949052,0,0,0,0,0,0,0,0,0
201912,02,233000,170,1410,33800 ,00000 ,1912 ,999,11260, , ,996940027  ,4,9,8,Houston,4,4,1136026,0,0,0,0,0,0,0,0,0,2,2,565670,0,0,0,0,0,0,0,0,0
201912,02,253000,110,    ,99990 ,00000 ,31275 ,999,99999, , ,99801      ,4,9,12,Juneau city and borough,53,53,10106735,1,2,288784,1,4,456905,15,115,14013503,53,53,10106735,1,2,288784,1,4,456905,15,115,14013503
201912,02,277000,122,1630,38420 ,00000 ,7100 ,999,99999, , ,99611      ,4,9,6,Kenai,12,12,2840233,0,0,0,0,0,0,0,0,0,5,5,1340000,0,0,0,0,0,0,0,0,0
201912,02,289000,130,    ,99990 ,00000 ,5016 ,999,99999, , ,999016059  ,4,9,12,Ketchikan Gateway Borough,34,34,9651536,3,6,1036329,2,7,856036,0,0,0,34,34,9651536,3,6,1036329,2,7,856036,0,0,0
201912,02,297000,013,1670,39410 ,00000 ,938 ,999,99999, , ,99612      ,4,9,4,King Cove,0,0,0,0,0,0,0,0,0,0,0,0,0,0,0,0,0,0,0,0,0,0,0,0
201912,02,317000,150,1750,40950 ,00000 ,6130 ,999,99999, , ,99615      ,4,9,12,Kodiak City-Kodiak Island Borough,10,10,3905806,0,0,0,0,0,0,1,20,4527884,10,10,3905806,0,0,0,0,0,0,1,20,4527884
201912,02,329000,188,1800,41830 ,00000 ,3201 ,999,99999, , ,99752      ,4,9,11,Kotzebue,5,5,1485670,0,0,0,0,0,0,0,0,0,5,5,1485670,0,0,0,0,0,0,0,0,0
201912,02,409000,290,2330,54150 ,00000 ,94 ,999,99999, , ,996910045  ,4,9,4,Nikolai,0,0,0,0,0,0,0,0,0,0,0,0,0,0,0,0,0,0,0,0,0,0,0,0
201912,02,413000,180,2370,54920 ,00000 ,3598 ,999,99999, , ,997620281  ,4,9,1,Nome,0,0,0,0,0,0,0,0,0,0,0,0,0,0,0,0,0,0,0,0,0,0,0,0
201912,02,425000,090,2410,55910 ,00000 ,2117 ,999,21820, , ,99705      ,4,9,11,North Pole,7,7,2356675,0,0,0,4,16,2228168,0,0,0,6,6,2088721,0,0,0,4,16,2228168,0,0,0
201912,02,429000,185,    ,99990 ,00000 ,2790 ,999,99999, , ,997230069  ,4,9,11,North Slope Borough,0,0,0,0,0,0,0,0,0,0,0,0,0,0,0,0,0,0,0,0,0,0,0,0
201912,02,433000,188,    ,99990 ,00000 ,881 ,999,99999,2, ,99752      ,4,9,2,Northwest Arctic Borough Unincorporated Area,6,6,3560000,0,0,0,0,0,0,0,0,0,0,0,0,0,0,0,0,0,0,0,0,0
201912,02,457000,170,2510,58660 ,00000 ,5937 ,999,11260, , ,996456748  ,4,9,12,Palmer,13,13,3184411,0,0,0,0,0,0,2,52,6450000,13,13,3184411,0,0,0,0,0,0,2,52,6450000
201912,02,461000,105,2550,59650 ,00000 ,88 ,999,99999, , ,99832      ,4,9,12,Pelican,0,0,0,0,0,0,0,0,0,0,0,0,0,0,0,0,0,0,0,0,0,0,0,0
201912,02,465000,195,    ,99990 ,00000 ,2948 ,999,99999, , ,99833      ,4,9,10,Petersburg Borough,11,11,2117938,0,0,0,0,0,0,0,0,0,9,9,1741380,0,0,0,0,0,0,0,0,0
201912,02,505000,013,2900,67020 ,00000 ,976 ,999,99999, , ,99661      ,4,9,12,Sand Point,0,0,0,0,0,0,0,0,0,0,0,0,0,0,0,0,0,0,0,0,0,0,0,0
201912,02,525000,122,2950,68340 ,00000 ,255 ,999,99999, , ,99663      ,4,9,10,Seldovia,1,1,35000,0,0,0,0,0,0,0,0,0,1,1,35000,0,0,0,0,0,0,0,0,0
201912,02,529000,122,2960,68560 ,00000 ,2693 ,999,99999, , ,99664      ,4,9,12,Seward,5,5,1040000,3,6,889200,1,4,800000,3,34,1600000,5,5,1040000,3,6,889200,1,4,800000,3,34,1600000
201912,02,557000,220,    ,99990 ,00000 ,8881 ,999,99999, , ,99835      ,4,9,0,Sitka city and borough,10,10,2444738,1,2,306156,0,0,0,0,0,0,0,0,0,0,0,0,0,0,0,0,0,0
201912,02,561000,230,3050,70760 ,00000 ,968 ,999,99999, , ,998400415  ,4,9,4,Municipality of Skagway,4,4,566470,6,12,1316666,0,0,0,0,0,0,1,1,50000,0,0,0,0,0,0,0,0,0
201912,02,565000,122,3070,71640 ,00000 ,4163 ,999,99999, , ,99669      ,4,9,3,Soldotna,16,16,3290522,0,0,0,0,0,0,0,0,0,0,0,0,0,0,0,0,0,0,0,0,0
201912,02,581000,016,2880,66470 ,00000 ,479 ,999,99999, , ,99660      ,4,9,8,St. Paul,0,0,0,0,0,0,0,0,0,0,0,0,0,0,0,0,0,0,0,0,0,0,0,0
201912,02,597000,105,3290,76260 ,00000 ,131 ,999,99999, , ,998410052  ,4,9,12,Tenakee Springs,1,1,282835,0,0,0,0,0,0,0,0,0,1,1,282835,0,0,0,0,0,0,0,0,0
201912,02,625000,016,3430,80770 ,00000 ,4376 ,999,99999, , ,99685      ,4,9,3,Unalaska,4,4,392472,0,0,0,0,0,0,0,0,0,0,0,0,0,0,0,0,0,0,0,0,0
201912,02,633000,261,3470,82200 ,00000 ,3976 ,999,99999, , ,99686      ,4,9,12,Valdez,10,10,2087000,0,0,0,0,0,0,0,0,0,10,10,2087000,0,0,0,0,0,0,0,0,0
201912,02,645000,170,3520,83080 ,00000 ,7831 ,999,11260, , ,99654      ,4,9,9,Wasilla,24,24,6854901,11,22,3771056,1,3,359024,0,0,0,13,13,3697943,3,6,1035309,0,0,0,0,0,0
201912,02,653000,261,3550,84510 ,00000 ,220 ,999,99999, , ,996930608  ,4,9,0,Whittier,0,0,0,0,0,0,0,0,0,0,0,0,0,0,0,0,0,0,0,0,0,0,0,0
201912,02,657000,275,    ,86380 ,00000 ,2369 ,999,99999, , ,99929      ,4,9,12,Wrangell city and borough,3,3,234500,0,0,0,0,0,0,0,0,0,3,3,234500,0,0,0,0,0,0,0,0,0
201912,02,661000,282,3610,86490 ,00000 ,662 ,999,99999, , ,99689      ,4,9,7,Yakutat city and borough,5,5,834615,0,0,0,0,0,0,0,0,0,0,0,0,0,0,0,0,0,0,0,0,0
201912,04,001000,001,    ,99990 ,00000 ,61192 ,999,99999, , ,85936      ,4,8,12,Apache County Unincorporated Area,38,38,9308975,0,0,0,0,0,0,0,0,0,38,38,9308975,0,0,0,0,0,0,0,0,0
201912,04,009000,021,0007,02830 ,00000 ,35546 ,429,38060,2, ,851192899  ,4,8,12,Apache Junction,108,108,15493969,0,0,0,0,0,0,0,0,0,108,108,15493969,0,0,0,0,0,0,0,0,0
201912,04,013000,013,0013,04720 ,00000 ,76238 ,429,38060, , ,85323      ,4,8,12,Avondale,104,104,28612820,0,0,0,0,0,0,0,0,0,104,104,28612820,0,0,0,0,0,0,0,0,0
201912,04,025000,013,0030,07940 ,00000 ,50876 ,429,38060, , ,85326      ,4,8,12,Buckeye,2652,2652,710665806,0,0,0,0,0,0,0,0,0,2652,2652,710665806,0,0,0,0,0,0,0,0,0
201912,04,029000,015,0031,08220 ,00000 ,39540 ,999,29420, , ,86442      ,4,8,12,Bullhead City,246,246,56590384,1,2,378887,0,0,0,0,0,0,246,246,56590384,1,2,378887,0,0,0,0,0,0
201912,04,037000,013,0039,10180 ,00000 ,3363 ,429,38060, , ,85377      ,4,8,12,Carefree town,15,15,7917219,0,0,0,0,0,0,0,0,0,15,15,7917219,0,0,0,0,0,0,0,0,0
201912,04,041000,021,0040,10530 ,00000 ,48571 ,429,38060, ,1,85122      ,4,8,12,Casa Grande,567,567,132998214,0,0,0,0,0,0,0,0,0,567,567,132998214,0,0,0,0,0,0,0,0,0
201912,04,045000,013,0044,11300 ,00000 ,5015 ,429,38060, , ,85331      ,4,8,12,Cave Creek town,52,52,17050461,0,0,0,0,0,0,0,0,0,52,52,17050461,0,0,0,0,0,0,0,0,0
201912,04,049000,013,0050,12000 ,00000 ,236123 ,429,38060, ,1,852444008  ,4,8,12,Chandler,581,581,206073303,63,126,31458255,24,74,15826656,35,252,58111676,581,581,206073303,63,126,31458255,24,74,15826656,35,252,58111676
201912,04,065000,003,    ,99990 ,00000 ,52410 ,999,43420, , ,85603      ,4,8,12,Cochise County Unincorporated Area,161,161,34605089,0,0,0,0,0,0,0,0,0,161,161,34605089,0,0,0,0,0,0,0,0,0
201912,04,069000,005,    ,99990 ,00000 ,54125 ,999,22380, , ,860019331  ,4,8,12,Coconino County Unincorporated Area,208,208,39808315,0,0,0,0,0,0,0,0,0,208,208,39808315,0,0,0,0,0,0,0,0,0
201912,04,077000,021,0067,15500 ,00000 ,11825 ,429,38060, , ,85228      ,4,8,11,Coolidge,176,176,26630059,4,8,521000,1,3,300000,1,36,3500000,172,172,26010294,4,8,521000,1,3,300000,1,36,3500000
201912,04,085000,003,0080,20050 ,00000 ,17378 ,999,43420, ,1,856072030  ,4,8,1,Douglas,4,4,294334,0,0,0,0,0,0,1,5,482581,2,2,135000,0,0,0,0,0,0,0,0,0
201912,04,097000,013,0100,22220 ,00000 ,31797 ,429,38060, , ,853352955  ,4,8,12,El Mirage,123,123,26910494,0,0,0,0,0,0,0,0,0,123,123,26910494,0,0,0,0,0,0,0,0,0
201912,04,101000,021,0105,22360 ,00000 ,16631 ,429,38060, , ,852312517  ,4,8,0,Eloy,127,127,24372541,0,0,0,0,0,0,0,0,0,0,0,0,0,0,0,0,0,0,0,0,0
201912,04,105000,005,0115,23620 ,00000 ,65870 ,999,22380, ,1,86001      ,4,8,12,Flagstaff,283,283,52676948,3,6,685800,0,0,0,5,183,16303100,283,283,52676948,3,6,685800,0,0,0,5,183,16303100
201912,04,109000,021,0120,23760 ,00000 ,25536 ,429,38060, , ,85132      ,4,8,12,Florence town,385,385,111945714,0,0,0,0,0,0,0,0,0,385,385,111945714,0,0,0,0,0,0,0,0,0
201912,04,113000,013,0124,25300 ,00000 ,22489 ,429,38060, , ,85268      ,4,8,12,Fountain Hills town,55,55,18570896,5,10,2824005,0,0,0,0,0,0,55,55,18570896,5,10,2824005,0,0,0,0,0,0
201912,04,117000,005,0125,25720 ,00000 ,1314 ,999,22380, , ,86022      ,4,8,9,Fredonia town,0,0,0,0,0,0,0,0,0,0,0,0,0,0,0,0,0,0,0,0,0,0,0,0
201912,04,121000,013,0129,27050 ,00000 ,1922 ,429,38060, , ,85337      ,4,8,12,Gila Bend town,2,2,230000,0,0,0,0,0,0,0,0,0,2,2,230000,0,0,0,0,0,0,0,0,0
201912,04,125000,007,    ,99990 ,00000 ,25602 ,999,99999, , ,85501      ,4,8,12,Gila County Unincorporated Area,70,70,12066977,0,0,0,0,0,0,0,0,0,70,70,12066977,0,0,0,0,0,0,0,0,0
201912,04,129000,013,0135,27400 ,00000 ,208453 ,429,38060, , ,85296      ,4,8,12,Gilbert town,1143,1143,334513604,0,0,0,0,0,0,20,562,67072924,1143,1143,334513604,0,0,0,0,0,0,20,562,67072924
201912,04,133000,013,0140,27820 ,00000 ,226721 ,429,38060, , ,85301      ,4,8,12,Glendale,246,246,73261845,6,12,1629346,14,48,5990105,21,277,32685362,246,246,73261845,6,12,1629346,14,48,5990105,21,277,32685362
201912,04,141000,013,0150,28380 ,00000 ,65275 ,429,38060, , ,85338      ,4,8,12,Goodyear,1602,1602,465008060,22,44,3621992,0,0,0,16,412,42322894,1602,1602,465008060,22,44,3621992,0,0,0,16,412,42322894
201912,04,145000,009,    ,99990 ,00000 ,20402 ,999,99999, , ,85546      ,4,8,12,Graham County Unincorporated Area,28,28,7810923,0,0,0,0,0,0,0,0,0,28,28,7810923,0,0,0,0,0,0,0,0,0
201912,04,153000,013,0158,30270 ,00000 ,5523 ,429,38060, , ,852832538  ,4,8,12,Guadalupe town,6,6,797064,0,0,0,0,0,0,0,0,0,6,6,797064,0,0,0,0,0,0,0,0,0
201912,04,157000,007,0160,32020 ,00000 ,662 ,999,99999,2, ,85135      ,4,8,12,Hayden town,0,0,0,0,0,0,0,0,0,0,0,0,0,0,0,0,0,0,0,0,0,0,0,0
201912,04,181000,015,0185,37620 ,00000 ,28068 ,999,29420, ,1,86401      ,4,8,12,Kingman,279,279,47413030,8,16,1782002,0,0,0,0,0,0,279,279,47413030,8,16,1782002,0,0,0,0,0,0
201912,04,189000,015,0188,39370 ,00000 ,52527 ,999,29420, ,1,86403      ,4,8,12,Lake Havasu City,309,309,61093641,22,44,2979064,0,0,0,0,0,0,309,309,61093641,22,44,2979064,0,0,0,0,0,0
201912,04,193000,013,0196,41330 ,00000 ,5476 ,429,38060, , ,85340      ,4,8,12,Litchfield Park,38,38,15122669,0,0,0,3,11,2555946,0,0,0,38,38,15122669,0,0,0,3,11,2555946,0,0,0
201912,04,201000,019,0210,44270 ,00000 ,34961 ,536,46060,2, ,85653      ,4,8,12,Marana town,808,808,259357735,0,0,0,0,0,0,0,0,0,808,808,259357735,0,0,0,0,0,0,0,0,0
201912,04,205000,013,    ,99990 ,00000 ,284404 ,429,38060, , ,85008      ,4,8,12,Maricopa County Unincorporated Area,1994,1994,529541416,19,38,1856699,0,0,0,0,0,0,1994,1994,529541416,19,38,1856699,0,0,0,0,0,0
201912,04,205100,021,0212,44410 ,00000 ,43482 ,429,38060, , ,85238      ,4,8,12,Maricopa,1003,1003,253631818,0,0,0,0,0,0,0,0,0,1003,1003,253631818,0,0,0,0,0,0,0,0,0
201912,04,209000,013,0215,46000 ,00000 ,439041 ,429,38060, ,1,852111466  ,4,8,11,Mesa,1710,1710,473350824,0,0,0,0,0,0,5,275,40176764,1475,1475,405394515,0,0,0,0,0,0,3,247,36192739
201912,04,217000,015,    ,99990 ,00000 ,75230 ,999,29420, , ,864027000  ,4,8,12,Mohave County Unincorporated Area,210,210,59547643,0,0,0,0,0,0,0,0,0,210,210,59547643,0,0,0,0,0,0,0,0,0
201912,04,221000,017,    ,99990 ,00000 ,68097 ,999,99999, , ,85901      ,4,8,2,Navajo County Unincorporated Area,147,147,29041793,0,0,0,0,0,0,3,15,892581,18,18,3303154,0,0,0,0,0,0,0,0,0
201912,04,229000,019,0238,51600 ,00000 ,41011 ,536,46060, , ,85737      ,4,8,12,Oro Valley town,215,215,82050093,3,6,3497258,0,0,0,0,0,0,215,215,82050093,3,6,3497258,0,0,0,0,0,0
201912,04,237000,013,0242,52930 ,00000 ,12820 ,429,38060, , ,852534328  ,4,8,12,Paradise Valley town,83,83,119798381,0,0,0,3,12,8943090,0,0,0,83,83,119798381,0,0,0,3,12,8943090,0,0,0
201912,04,249000,007,0252,53700 ,00000 ,15301 ,999,99999, , ,855414306  ,4,8,12,Payson town,72,72,22046974,2,4,505399,0,0,0,0,0,0,72,72,22046974,2,4,505399,0,0,0,0,0,0
201912,04,253000,013,0255,54050 ,00000 ,154058 ,429,38060,2, ,85345      ,4,8,12,Peoria,1362,1362,265224380,0,0,0,0,0,0,23,627,49936348,1362,1362,265224380,0,0,0,0,0,0,23,627,49936348
201912,04,257000,013,2650,55000 ,00000 ,1445632 ,429,38060, ,1,850031611  ,4,8,12,Phoenix,4130,4130,1035559291,154,308,33501026,3,11,1866756,79,5025,724713747,4130,4130,1035559291,154,308,33501026,3,11,1866756,79,5025,724713747
201912,04,261000,019,    ,99990 ,00000 ,353264 ,536,46060, , ,85701      ,4,8,12,Pima County Unincorporated Area,1123,1123,328060491,0,0,0,0,0,0,0,0,0,1123,1123,328060491,0,0,0,0,0,0,0,0,0
201912,04,269000,021,    ,99990 ,00000 ,187517 ,429,38060,2, ,85132      ,4,8,12,Pinal County Unincorporated Area,2567,2567,415404019,48,96,6021977,0,0,0,0,0,0,2567,2567,415404019,48,96,6021977,0,0,0,0,0,0
201912,04,277000,025,0280,57380 ,00000 ,39843 ,999,39150, ,1,86301      ,4,8,12,Prescott,434,434,140498187,2,4,463900,0,0,0,2,104,10431302,434,434,140498187,2,4,463900,0,0,0,2,104,10431302
201912,04,281000,025,0282,57450 ,00000 ,38822 ,999,39150, ,1,863142275  ,4,8,12,Prescott Valley town,454,454,122602434,26,52,7476948,0,0,0,17,214,27609988,454,454,122602434,26,52,7476948,0,0,0,17,214,27609988
201912,04,289000,013,0284,58150 ,00000 ,25912 ,429,38060,2, ,852429311  ,4,8,12,Queen Creek town,1485,1485,545472227,0,0,0,0,0,0,0,0,0,1485,1485,545472227,0,0,0,0,0,0,0,0,0
201912,04,293000,009,0298,62000 ,00000 ,9566 ,999,99999, , ,85548      ,4,8,12,Safford,44,44,5376575,0,0,0,0,0,0,0,0,0,44,44,5376575,0,0,0,0,0,0,0,0,0
201912,04,294000,019,0303,62140 ,00000 ,25259 ,536,46060, , ,85629      ,4,8,12,Sahuarita town,342,342,100674479,0,0,0,0,0,0,0,0,0,342,342,100674479,0,0,0,0,0,0,0,0,0
201912,04,297000,027,0321,63470 ,00000 ,25505 ,999,49740, , ,85349      ,4,8,12,San Luis,339,339,50573006,0,0,0,0,0,0,0,0,0,339,339,50573006,0,0,0,0,0,0,0,0,0
201912,04,301000,023,    ,99990 ,00000 ,25670 ,999,99999, , ,856481090  ,4,8,12,Santa Cruz County Unincorporated Area,147,147,35176311,0,0,0,0,0,0,0,0,0,147,147,35176311,0,0,0,0,0,0,0,0,0
201912,04,305000,013,0327,65000 ,00000 ,217385 ,429,38060, ,1,85251      ,4,8,12,Scottsdale,578,578,158822585,5,10,1636156,1,3,846758,9,651,89970187,578,578,158822585,5,10,1636156,1,3,846758,9,651,89970187
201912,04,317000,017,0337,66470 ,00000 ,10660 ,999,99999, , ,85901      ,4,8,12,Show Low,111,111,27951289,2,4,877161,0,0,0,0,0,0,111,111,27951289,2,4,877161,0,0,0,0,0,0
201912,04,321000,003,0338,66820 ,00000 ,43888 ,999,43420, ,1,85635      ,4,8,12,Sierra Vista,75,75,13505872,0,0,0,0,0,0,0,0,0,75,75,13505872,0,0,0,0,0,0,0,0,0
201912,04,329000,027,0342,68080 ,00000 ,14287 ,999,49740, , ,85350      ,4,8,12,Somerton,39,39,7155967,0,0,0,0,0,0,0,0,0,39,39,7155967,0,0,0,0,0,0,0,0,0
201912,04,333000,019,0344,68850 ,00000 ,5652 ,536,46060, , ,857132803  ,4,8,12,South Tucson,3,3,368000,0,0,0,0,0,0,0,0,0,3,3,368000,0,0,0,0,0,0,0,0,0
201912,04,349000,013,0361,71510 ,00000 ,117517 ,429,38060, , ,85374      ,4,8,12,Surprise,1715,1715,531714663,0,0,0,0,0,0,3,229,38251209,1715,1715,531714663,0,0,0,0,0,0,3,229,38251209
201912,04,353000,017,0366,72420 ,00000 ,4112 ,999,99999, , ,85939      ,4,8,0,Taylor town,17,17,2731749,0,0,0,0,0,0,0,0,0,0,0,0,0,0,0,0,0,0,0,0,0
201912,04,357000,013,0368,73000 ,00000 ,161719 ,429,38060, ,1,85281      ,4,8,0,Tempe,102,102,21278350,6,12,1558083,0,0,0,12,1287,223967389,0,0,0,0,0,0,0,0,0,0,0,0
201912,04,365000,013,0372,74190 ,00000 ,6545 ,429,38060, , ,85353      ,4,8,11,Tolleson,56,56,18473598,0,0,0,0,0,0,0,0,0,55,55,18128551,0,0,0,0,0,0,0,0,0
201912,04,373000,019,0385,77000 ,00000 ,520116 ,536,46060,2,1,85726      ,4,8,0,Tucson,692,692,174001768,15,30,3881780,0,0,0,64,1032,152710591,0,0,0,0,0,0,0,0,0,0,0,0
201912,04,381000,013,0397,82740 ,00000 ,6363 ,429,38060,2, ,85390      ,4,8,12,Wickenburg town,168,168,64926730,0,0,0,1,4,575000,0,0,0,168,168,64926730,0,0,0,1,4,575000,0,0,0
201912,04,401000,025,    ,99990 ,00000 ,83782 ,999,39150, , ,86305      ,4,8,10,Yavapai County Unincorporated Area,452,452,133598018,1,2,308400,0,0,0,0,0,0,381,381,116623927,1,2,308400,0,0,0,0,0,0
201912,04,405000,013,0416,85400 ,00000 ,6156 ,429,38060, , ,853631212  ,4,8,12,Youngtown town,2,2,180000,0,0,0,0,0,0,0,0,0,2,2,180000,0,0,0,0,0,0,0,0,0
201912,04,409000,027,0420,85540 ,00000 ,93064 ,999,49740, ,1,853641436  ,4,8,12,Yuma,530,530,90424042,3,6,586091,0,0,0,0,0,0,530,530,90424042,3,6,586091,0,0,0,0,0,0
201912,04,413000,027,    ,99990 ,00000 ,60013 ,999,49740, , ,85364      ,4,8,12,Yuma County Unincorporated Area,244,244,29630841,0,0,0,0,0,0,0,0,0,244,244,29630841,0,0,0,0,0,0,0,0,0
201912,06,001000,071,0003,00296 ,00000 ,31765 ,348,40140, , ,92301      ,4,9,12,Adelanto,63,63,16178890,0,0,0,0,0,0,0,0,0,63,63,16178890,0,0,0,0,0,0,0,0,0
201912,06,002000,037,0007,00394 ,00000 ,20330 ,348,31080, , ,91301      ,4,9,12,Agoura Hills,3,3,1689616,0,0,0,0,0,0,0,0,0,3,3,1689616,0,0,0,0,0,0,0,0,0
201912,06,003000,001,0010,00562 ,00000 ,73812 ,488,41860, , ,94501      ,4,9,12,Alameda,61,61,11763913,0,0,0,0,0,0,6,622,123282122,61,61,11763913,0,0,0,0,0,0,6,622,123282122
201912,06,004000,001,    ,99990 ,00000 ,141266 ,488,41860, , ,94544      ,4,9,12,Alameda County Unincorporated Area,87,87,19382412,1,2,746766,1,4,835736,0,0,0,87,87,19382412,1,2,746766,1,4,835736,0,0,0
201912,06,005000,001,0020,00674 ,00000 ,18539 ,488,41860, , ,94706      ,4,9,12,Albany,12,12,1190619,0,0,0,0,0,0,0,0,0,12,12,1190619,0,0,0,0,0,0,0,0,0
201912,06,006000,037,0025,00884 ,00000 ,83089 ,348,31080, , ,91801      ,4,9,11,Alhambra,40,40,5753415,8,16,2940320,18,66,12822930,0,0,0,37,37,5373783,8,16,2940320,18,66,12822930,0,0,0
201912,06,006200,059,0027,00947 ,00000 ,47823 ,348,31080, , ,92656      ,4,9,12,Aliso Viejo,0,0,0,0,0,0,0,0,0,0,0,0,0,0,0,0,0,0,0,0,0,0,0,0
201912,06,011000,059,0070,02000 ,00000 ,336265 ,348,31080, ,1,92803      ,4,9,12,Anaheim,99,99,18172552,2,4,340000,6,19,2530100,19,543,30240057,99,99,18172552,2,4,340000,6,19,2530100,19,543,30240057
201912,06,014000,013,0085,02252 ,00000 ,102372 ,488,41860, , ,94531      ,4,9,12,Antioch,232,232,73751459,0,0,0,0,0,0,4,98,1800000,232,232,73751459,0,0,0,0,0,0,4,98,1800000
201912,06,015000,071,0090,02364 ,00000 ,69135 ,348,40140, , ,92307      ,4,9,12,Apple Valley town,101,101,15890057,0,0,0,1,4,428305,0,0,0,101,101,15890057,0,0,0,1,4,428305,0,0,0
201912,06,016000,037,0246,02462 ,00000 ,56364 ,348,31080, ,1,91007      ,4,9,0,Arcadia,85,85,50834319,1,2,429010,4,12,2610316,5,46,7357736,0,0,0,0,0,0,0,0,0,0,0,0
201912,06,019000,037,0135,02896 ,00000 ,16522 ,348,31080, , ,90701      ,4,9,0,Artesia,11,11,4769234,0,0,0,0,0,0,0,0,0,0,0,0,0,0,0,0,0,0,0,0,0
201912,06,022000,081,0150,03092 ,00000 ,6914 ,488,41860, , ,94027      ,4,9,12,Atherton town,20,20,63473810,1,2,1806700,0,0,0,0,0,0,20,20,63473810,1,2,1806700,0,0,0,0,0,0
201912,06,024000,061,0160,03204 ,00000 ,13330 ,472,40900, , ,95603      ,4,9,12,Auburn,11,11,4666178,0,0,0,0,0,0,0,0,0,11,11,4666178,0,0,0,0,0,0,0,0,0
201912,06,025000,037,0165,03274 ,00000 ,3728 ,348,31080, , ,90704      ,4,9,12,Avalon,0,0,0,0,0,0,0,0,0,0,0,0,0,0,0,0,0,0,0,0,0,0,0,0
201912,06,027000,037,0378,03386 ,00000 ,46361 ,348,31080, , ,917022514  ,4,9,10,Azusa,17,17,5626373,0,0,0,1,3,714161,3,177,23931923,7,7,1228628,0,0,0,0,0,0,1,163,21000000
201912,06,028000,029,0180,03526 ,00000 ,347483 ,999,12540, ,1,93301      ,4,9,9,Bakersfield,1394,1394,387604725,10,20,2210739,3,9,754587,8,45,12443416,1134,1134,314136857,6,12,1406935,2,6,425820,6,35,8939120
201912,06,029000,037,0185,03666 ,00000 ,75390 ,348,31080, , ,91706      ,4,9,12,Baldwin Park,12,12,2145378,0,0,0,2,8,1099688,0,0,0,12,12,2145378,0,0,0,2,8,1099688,0,0,0
201912,06,030000,065,0190,03820 ,00000 ,29603 ,348,40140, , ,92220      ,4,9,10,Banning,8,8,2215339,0,0,0,0,0,0,0,0,0,8,8,2215339,0,0,0,0,0,0,0,0,0
201912,06,031000,071,0414,04030 ,00000 ,22639 ,348,40140, , ,92311      ,4,9,12,Barstow,1,1,150000,0,0,0,0,0,0,0,0,0,1,1,150000,0,0,0,0,0,0,0,0,0
201912,06,032000,065,0205,04758 ,00000 ,36877 ,348,40140, , ,92223      ,4,9,12,Beaumont,535,535,164595071,0,0,0,0,0,0,0,0,0,535,535,164595071,0,0,0,0,0,0,0,0,0
201912,06,033000,037,0210,04870 ,00000 ,35477 ,348,31080, , ,90201      ,4,9,0,Bell,11,11,1376573,0,0,0,0,0,0,10,52,7323700,0,0,0,0,0,0,0,0,0,0,0,0
201912,06,034000,037,0220,04996 ,00000 ,42072 ,348,31080, , ,902013253  ,4,9,10,Bell Gardens,1,1,178640,2,4,749974,0,0,0,1,5,743851,0,0,0,2,4,749974,0,0,0,0,0,0
201912,06,035000,037,0215,04982 ,00000 ,76616 ,348,31080, , ,907065494  ,4,9,12,Bellflower,3,3,282000,0,0,0,1,3,494730,2,13,3056000,3,3,282000,0,0,0,1,3,494730,2,13,3056000
201912,06,036000,081,0225,05108 ,00000 ,25835 ,488,41860, , ,94002      ,4,9,12,Belmont,1,1,486500,0,0,0,0,0,0,0,0,0,1,1,486500,0,0,0,0,0,0,0,0,0
201912,06,037000,041,0230,05164 ,00000 ,2068 ,488,41860, , ,94920      ,4,9,1,Belvedere,5,5,9835976,0,0,0,0,0,0,0,0,0,1,1,4000000,0,0,0,0,0,0,0,0,0
201912,06,038000,095,0235,05290 ,00000 ,26997 ,488,46700, , ,94510      ,4,9,12,Benicia,6,6,2240000,0,0,0,0,0,0,0,0,0,6,6,2240000,0,0,0,0,0,0,0,0,0
201912,06,039000,001,0245,06000 ,00000 ,112580 ,488,41860, ,1,94704      ,4,9,9,Berkeley,80,80,16788167,1,2,464021,0,0,0,6,223,49451417,64,64,13345618,0,0,0,0,0,0,3,186,43327590
201912,06,040000,037,0250,06308 ,00000 ,34109 ,348,31080, , ,90210      ,4,9,12,Beverly Hills,17,17,37495000,0,0,0,0,0,0,1,8,3200000,17,17,37495000,0,0,0,0,0,0,1,8,3200000
201912,06,041000,071,0255,06434 ,00000 ,5019 ,348,40140, , ,923158900  ,4,9,12,Big Bear Lake,25,25,7759006,0,0,0,0,0,0,0,0,0,25,25,7759006,0,0,0,0,0,0,0,0,0
201912,06,043000,027,0275,06798 ,00000 ,3879 ,999,99999, , ,93514      ,4,9,12,Bishop,1,1,250000,0,0,0,0,0,0,0,0,0,1,1,250000,0,0,0,0,0,0,0,0,0
201912,06,045000,065,0290,07218 ,00000 ,20817 ,348,40140, , ,92225      ,4,9,12,Blythe,1,1,319599,0,0,0,0,0,0,0,0,0,1,1,319599,0,0,0,0,0,0,0,0,0
201912,06,046000,037,0315,07946 ,00000 ,1048 ,348,31080, , ,91008      ,4,9,12,Bradbury,2,2,5115020,0,0,0,0,0,0,0,0,0,2,2,5115020,0,0,0,0,0,0,0,0,0
201912,06,048000,059,0325,08100 ,00000 ,39282 ,348,31080, , ,92621      ,4,9,12,Brea,40,40,10044042,0,0,0,0,0,0,3,669,85874067,40,40,10044042,0,0,0,0,0,0,3,669,85874067
201912,06,049000,013,0327,08142 ,00000 ,51481 ,488,41860, , ,94513      ,4,9,12,Brentwood,295,295,68998172,0,0,0,0,0,0,0,0,0,295,295,68998172,0,0,0,0,0,0,0,0,0
201912,06,050000,081,0330,08310 ,00000 ,4282 ,488,41860, , ,94005      ,4,9,6,Brisbane,4,4,4630000,0,0,0,0,0,0,0,0,0,1,1,2500000,0,0,0,0,0,0,0,0,0
201912,06,051000,059,0335,08786 ,00000 ,80530 ,348,31080, , ,90621      ,4,9,12,Buena Park,0,0,0,0,0,0,0,0,0,0,0,0,0,0,0,0,0,0,0,0,0,0,0,0
201912,06,052000,037,0340,08954 ,00000 ,103340 ,348,31080, ,1,915021232  ,4,9,3,Burbank,43,43,4974426,0,0,0,0,0,0,0,0,0,30,30,2227620,0,0,0,0,0,0,0,0,0
201912,06,053000,081,0345,09066 ,00000 ,28806 ,488,41860, , ,94010      ,4,9,9,Burlingame,25,25,17593569,0,0,0,0,0,0,3,83,22115164,16,16,13788000,0,0,0,0,0,0,0,0,0
201912,06,054500,037,0362,09598 ,00000 ,23058 ,348,31080, , ,91302      ,4,9,12,Calabasas,7,7,14405303,0,0,0,0,0,0,0,0,0,7,7,14405303,0,0,0,0,0,0,0,0,0
201912,06,058000,065,0368,09864 ,00000 ,7879 ,348,40140, , ,92320      ,4,9,12,Calimesa,286,286,60136238,0,0,0,0,0,0,0,0,0,286,286,60136238,0,0,0,0,0,0,0,0,0
201912,06,061000,111,0379,10046 ,00000 ,65201 ,348,37100, ,1,93010      ,4,9,12,Camarillo,49,49,11457730,0,0,0,0,0,0,26,211,19841007,49,49,11457730,0,0,0,0,0,0,26,211,19841007
201912,06,062000,085,0390,10345 ,00000 ,39349 ,488,41940, , ,95008      ,4,9,12,Campbell,51,51,18165127,0,0,0,0,0,0,0,0,0,51,51,18165127,0,0,0,0,0,0,0,0,0
201912,06,062500,065,0397,10928 ,00000 ,10561 ,348,40140, , ,92587      ,4,9,0,Canyon Lake,14,14,5071279,0,0,0,0,0,0,0,0,0,0,0,0,0,0,0,0,0,0,0,0,0
201912,06,064000,073,0405,11194 ,00000 ,105328 ,999,41740, ,1,920087314  ,4,9,12,Carlsbad,227,227,69510232,0,0,0,1,4,728058,2,62,12292397,227,227,69510232,0,0,0,1,4,728058,2,62,12292397
201912,06,067000,037,0440,11530 ,00000 ,91714 ,348,31080, ,1,918021460  ,4,9,12,Carson,9,9,1177700,0,0,0,0,0,0,16,200,25426510,9,9,1177700,0,0,0,0,0,0,16,200,25426510
201912,06,068000,065,0465,12048 ,00000 ,51200 ,348,40140, , ,92234      ,4,9,11,Cathedral City,107,107,23041683,1,2,274608,0,0,0,8,152,1925500,99,99,21436791,1,2,274608,0,0,0,8,152,1925500
201912,06,070000,037,0487,12552 ,00000 ,49041 ,348,31080, , ,90703      ,4,9,12,Cerritos,0,0,0,0,0,0,0,0,0,0,0,0,0,0,0,0,0,0,0,0,0,0,0,0
201912,06,071000,007,0500,13014 ,00000 ,86187 ,999,17020, ,1,95927      ,4,9,12,Chico,293,293,55174837,3,6,915104,16,64,6307007,34,459,57748837,293,293,55174837,3,6,915104,16,64,6307007,34,459,57748837
201912,06,072000,071,0510,13210 ,00000 ,77983 ,348,40140, ,1,91710      ,4,9,12,Chino,531,531,127195026,0,0,0,0,0,0,0,0,0,531,531,127195026,0,0,0,0,0,0,0,0,0
201912,06,072500,071,0511,13214 ,00000 ,74799 ,348,40140, , ,917095442  ,4,9,12,Chino Hills,76,76,20683377,0,0,0,0,0,0,0,0,0,76,76,20683377,0,0,0,0,0,0,0,0,0
201912,06,074000,073,0525,13392 ,00000 ,243916 ,999,41740, ,1,91910      ,4,9,12,Chula Vista,282,282,94129273,0,0,0,21,68,16022100,20,489,73465439,282,282,94129273,0,0,0,21,68,16022100,20,489,73465439
201912,06,074500,067,0530,13588 ,00000 ,83301 ,472,40900, , ,95621      ,4,9,2,Citrus Heights,15,15,3478786,0,0,0,0,0,0,0,0,0,0,0,0,0,0,0,0,0,0,0,0,0
201912,06,075000,037,0535,13756 ,00000 ,34926 ,348,31080, , ,91711      ,4,9,6,Claremont,25,25,8552053,0,0,0,1,3,924735,5,112,9540730,6,6,2897582,0,0,0,1,3,924735,0,0,0
201912,06,079000,019,0550,14218 ,00000 ,95631 ,260,23420, , ,93612      ,4,9,11,Clovis,760,760,224146429,0,0,0,68,206,13137420,15,176,27270529,678,678,200718611,0,0,0,67,202,12673652,14,160,26307926
201912,06,080000,065,0555,14260 ,00000 ,40704 ,348,40140, , ,92236      ,4,9,4,Coachella,9,9,459257,0,0,0,0,0,0,4,26,2219847,8,8,268875,0,0,0,0,0,0,0,0,0
201912,06,081000,019,0560,14274 ,00000 ,13380 ,260,23420, , ,93210      ,4,9,12,Coalinga,70,70,17219712,0,0,0,0,0,0,0,0,0,70,70,17219712,0,0,0,0,0,0,0,0,0
201912,06,082000,061,0565,14498 ,00000 ,1963 ,472,40900, , ,95713      ,4,9,3,Colfax,10,10,1535159,0,0,0,0,0,0,0,0,0,10,10,1535159,0,0,0,0,0,0,0,0,0
201912,06,083000,081,0575,14736 ,00000 ,1792 ,488,41860, , ,94014      ,4,9,12,Colma town,0,0,0,0,0,0,0,0,0,0,0,0,0,0,0,0,0,0,0,0,0,0,0,0
201912,06,084000,071,0580,14890 ,00000 ,52154 ,348,40140, , ,92324      ,4,9,12,Colton,65,65,12604873,0,0,0,0,0,0,0,0,0,65,65,12604873,0,0,0,0,0,0,0,0,0
201912,06,087000,037,0587,14974 ,00000 ,12823 ,348,31080, , ,90040      ,4,9,10,Commerce,0,0,0,0,0,0,0,0,0,0,0,0,0,0,0,0,0,0,0,0,0,0,0,0
201912,06,088000,037,0590,15044 ,00000 ,96455 ,348,31080, , ,90220      ,4,9,3,Compton,29,29,5228599,2,4,609966,3,9,824463,0,0,0,25,25,4764267,0,0,0,0,0,0,0,0,0
201912,06,089000,013,0595,16000 ,00000 ,122067 ,488,41860, , ,94519      ,4,9,12,Concord,38,38,6557139,0,0,0,0,0,0,0,0,0,38,38,6557139,0,0,0,0,0,0,0,0,0
201912,06,090000,013,    ,99990 ,00000 ,159785 ,488,41860,2, ,94553      ,4,9,12,Contra Costa County Unincorporated Area,350,350,168501322,1,2,20488,0,0,0,11,497,103516504,350,350,168501322,1,2,20488,0,0,0,11,497,103516504
201912,06,093000,065,0610,16350 ,00000 ,152374 ,348,40140, ,1,928822187  ,4,9,11,Corona,219,219,66688978,4,8,1681192,7,24,4376459,19,376,51327095,205,205,62552300,3,6,1260894,6,21,3842284,17,350,47704655
201912,06,094000,073,0615,16378 ,00000 ,18912 ,999,41740, , ,92118      ,4,9,12,Coronado,22,22,17711244,1,2,1300000,2,8,4800000,0,0,0,22,22,17711244,1,2,1300000,2,8,4800000,0,0,0
201912,06,095000,041,0620,16462 ,00000 ,9253 ,488,41860, , ,94925      ,4,9,0,Corte Madera town,0,0,0,0,0,0,0,0,0,0,0,0,0,0,0,0,0,0,0,0,0,0,0,0
201912,06,096000,059,0625,16532 ,00000 ,109960 ,348,31080, ,1,926261200  ,4,9,12,Costa Mesa,74,74,21442020,0,0,0,0,0,0,1,111,19381650,74,74,21442020,0,0,0,0,0,0,1,111,19381650
201912,06,098000,037,0635,16742 ,00000 ,47796 ,348,31080, , ,91722      ,4,9,0,Covina,4,4,1126668,0,0,0,0,0,0,0,0,0,0,0,0,0,0,0,0,0,0,0,0,0
201912,06,100000,037,0658,17498 ,00000 ,23805 ,348,31080, , ,90201      ,4,9,2,Cudahy,2,2,434000,0,0,0,0,0,0,0,0,0,0,0,0,0,0,0,0,0,0,0,0,0
201912,06,101000,037,0665,17568 ,00000 ,38883 ,348,31080, , ,90232      ,4,9,12,Culver City,14,14,840000,1,2,299000,0,0,0,1,15,1570800,14,14,840000,1,2,299000,0,0,0,1,15,1570800
201912,06,102000,085,0670,17610 ,00000 ,58302 ,488,41940, ,1,95014      ,4,9,12,Cupertino,68,68,34785387,0,0,0,0,0,0,0,0,0,68,68,34785387,0,0,0,0,0,0,0,0,0
201912,06,103000,059,0685,17750 ,00000 ,47802 ,348,31080, , ,90630      ,4,9,2,Cypress,190,190,35091275,0,0,0,0,0,0,0,0,0,53,53,13616368,0,0,0,0,0,0,0,0,0
201912,06,104000,081,0700,17918 ,00000 ,101123 ,488,41860, , ,94015      ,4,9,12,Daly City,72,72,26496505,0,0,0,0,0,0,0,0,0,72,72,26496505,0,0,0,0,0,0,0,0,0
201912,06,105000,059,0705,17946 ,00000 ,33351 ,348,31080, , ,92629      ,4,9,12,Dana Point,82,82,53245386,0,0,0,0,0,0,1,10,6984315,82,82,53245386,0,0,0,0,0,0,1,10,6984315
201912,06,106000,013,0706,17988 ,00000 ,42039 ,488,41860, , ,94526      ,4,9,12,Danville town,40,40,24152208,0,0,0,0,0,0,3,144,31729741,40,40,24152208,0,0,0,0,0,0,3,144,31729741
201912,06,107000,113,0715,18100 ,00000 ,65622 ,472,40900, , ,95616      ,4,9,12,Davis,28,28,9508702,5,10,2414000,0,0,0,0,0,0,28,28,9508702,5,10,2414000,0,0,0,0,0,0
201912,06,108000,073,0735,18506 ,00000 ,4161 ,999,41740, , ,92075      ,4,9,12,Del Mar,10,10,8401000,0,0,0,0,0,0,0,0,0,10,10,8401000,0,0,0,0,0,0,0,0,0
201912,06,111000,029,0725,18394 ,00000 ,53041 ,999,12540, , ,93215      ,4,9,9,Delano,69,69,12100544,0,0,0,0,0,0,1,12,1788917,48,48,8584994,0,0,0,0,0,0,0,0,0
201912,06,112000,065,0765,18996 ,00000 ,25938 ,348,40140, , ,92240      ,4,9,7,Desert Hot Springs,30,30,6990574,0,0,0,0,0,0,0,0,0,15,15,3697496,0,0,0,0,0,0,0,0,0
201912,06,113000,037,0771,19192 ,00000 ,55544 ,348,31080, , ,91765      ,4,9,6,Diamond Bar,16,16,5953846,0,0,0,0,0,0,0,0,0,0,0,0,0,0,0,0,0,0,0,0,0
201912,06,114000,107,0775,19318 ,00000 ,21453 ,999,47300, , ,936181612  ,4,9,12,Dinuba,236,236,33221340,0,0,0,0,0,0,0,0,0,236,236,33221340,0,0,0,0,0,0,0,0,0
201912,06,118000,037,0795,19766 ,00000 ,111772 ,348,31080, , ,90241      ,4,9,12,Downey,20,20,7356253,0,0,0,4,16,2534748,0,0,0,20,20,7356253,0,0,0,4,16,2534748,0,0,0
201912,06,119000,037,0800,19990 ,00000 ,21321 ,348,31080, , ,91010      ,4,9,12,Duarte,13,13,3319537,0,0,0,2,6,1480805,2,167,26592366,13,13,3319537,0,0,0,2,6,1480805,2,167,26592366
201912,06,120000,001,0802,20018 ,00000 ,46036 ,488,41860, , ,94568      ,4,9,12,Dublin,145,145,64900780,7,14,4337943,0,0,0,11,82,31614851,145,145,64900780,7,14,4337943,0,0,0,11,82,31614851
201912,06,122000,081,0827,20956 ,00000 ,28155 ,488,41860, , ,94303      ,4,9,0,East Palo Alto,3,3,976562,0,0,0,0,0,0,0,0,0,0,0,0,0,0,0,0,0,0,0,0,0
201912,06,123000,073,0850,21712 ,00000 ,99478 ,999,41740, , ,92020      ,4,9,12,El Cajon,149,149,34786077,1,2,501151,0,0,0,0,0,0,149,149,34786077,1,2,501151,0,0,0,0,0,0
201912,06,124000,025,0855,21782 ,00000 ,42598 ,999,20940, ,1,922444450  ,4,9,12,El Centro,14,14,2810416,0,0,0,0,0,0,6,72,5396600,14,14,2810416,0,0,0,0,0,0,6,72,5396600
201912,06,125000,013,0860,21796 ,00000 ,23549 ,488,41860, , ,94530      ,4,9,11,El Cerrito,34,34,6031201,3,6,1754643,0,0,0,0,0,0,34,34,6031201,3,6,1754643,0,0,0,0,0,0
201912,06,126000,017,    ,99990 ,00000 ,149266 ,472,40900, , ,95667      ,4,9,12,El Dorado County Unincorporated Area,558,558,190884663,0,0,0,0,0,0,0,0,0,558,558,190884663,0,0,0,0,0,0,0,0,0
201912,06,127000,037,0880,22230 ,00000 ,113475 ,348,31080, , ,917313293  ,4,9,8,El Monte,35,35,8353699,0,0,0,2,6,1111496,5,46,9316507,28,28,6823961,0,0,0,0,0,0,1,7,1603711
201912,06,128000,037,0895,22412 ,00000 ,16654 ,348,31080, , ,90245      ,4,9,12,El Segundo,8,8,4290000,0,0,0,1,3,513240,0,0,0,8,8,4290000,0,0,0,1,3,513240,0,0,0
201912,06,128500,067,0870,22020 ,00000 ,153015 ,472,40900, , ,95758      ,4,9,12,Elk Grove,764,764,158596971,0,0,0,0,0,0,0,0,0,764,764,158596971,0,0,0,0,0,0,0,0,0
201912,06,129000,001,0910,22594 ,00000 ,10080 ,488,41860, , ,94608      ,4,9,12,Emeryville,1,1,182246,0,0,0,0,0,0,0,0,0,1,1,182246,0,0,0,0,0,0,0,0,0
201912,06,130000,073,0920,22678 ,00000 ,59518 ,999,41740, , ,920243633  ,4,9,11,Encinitas,175,175,33601527,0,0,0,0,0,0,0,0,0,162,162,30513713,0,0,0,0,0,0,0,0,0
201912,06,132000,073,0935,22804 ,00000 ,143911 ,999,41740, , ,92025      ,4,9,11,Escondido,34,34,7630580,0,0,0,0,0,0,1,11,883417,18,18,3180336,0,0,0,0,0,0,0,0,0
201912,06,136000,041,0955,23168 ,00000 ,7441 ,488,41860, , ,94930      ,4,9,0,Fairfax town,0,0,0,0,0,0,0,0,0,0,0,0,0,0,0,0,0,0,0,0,0,0,0,0
201912,06,137000,095,0960,23182 ,00000 ,105321 ,488,46700, , ,94533      ,4,9,12,Fairfield,348,348,102736571,0,0,0,0,0,0,0,0,0,348,348,102736571,0,0,0,0,0,0,0,0,0
201912,06,141000,019,1015,24134 ,00000 ,7549 ,260,23420, , ,93622      ,4,9,11,Firebaugh,2,2,393786,0,0,0,0,0,0,0,0,0,2,2,393786,0,0,0,0,0,0,0,0,0
201912,06,142000,067,2532,24638 ,00000 ,72203 ,472,40900, ,1,95630      ,4,9,12,Folsom,453,453,134753870,15,30,8400337,0,0,0,21,150,22680514,453,453,134753870,15,30,8400337,0,0,0,21,150,22680514
201912,06,143000,071,1030,24680 ,00000 ,196069 ,348,40140, , ,92335      ,4,9,12,Fontana,642,642,203499813,14,28,3001592,2,8,1071887,12,158,17559262,642,642,203499813,14,28,3001592,2,8,1071887,12,158,17559262
201912,06,147000,081,1062,25338 ,00000 ,30567 ,488,41860, , ,94404      ,4,9,12,Foster City,20,20,14722075,0,0,0,0,0,0,0,0,0,20,20,14722075,0,0,0,0,0,0,0,0,0
201912,06,148000,059,1065,25380 ,00000 ,55313 ,348,31080, ,1,92708      ,4,9,12,Fountain Valley,24,24,5482447,0,0,0,0,0,0,1,106,16813793,24,24,5482447,0,0,0,0,0,0,1,106,16813793
201912,06,149000,019,1070,25436 ,00000 ,5570 ,260,23420, , ,93625      ,4,9,11,Fowler,54,54,14571347,0,0,0,0,0,0,0,0,0,51,51,13495499,0,0,0,0,0,0,0,0,0
201912,06,150000,001,1080,26000 ,00000 ,214089 ,488,41860, , ,94538      ,4,9,11,Fremont,172,172,61748011,0,0,0,13,47,11460855,44,1092,223330526,159,159,57158300,0,0,0,12,44,10808534,40,900,178679381
201912,06,151000,019,1090,27000 ,00000 ,494665 ,260,23420, ,1,937213604  ,4,9,7,Fresno,961,961,304159727,35,70,12530517,3,9,372966,57,461,55763736,668,668,214893705,22,44,7010243,0,0,0,34,250,34230690
201912,06,152000,019,    ,99990 ,00000 ,171705 ,260,23420, , ,93721      ,4,9,10,Fresno County Unincorporated Area,140,140,72137427,0,0,0,0,0,0,0,0,0,107,107,62918732,0,0,0,0,0,0,0,0,0
201912,06,153000,059,1095,28000 ,00000 ,135161 ,348,31080, , ,92832      ,4,9,12,Fullerton,23,23,4544060,4,8,1119710,0,0,0,4,392,44629446,23,23,4544060,4,8,1119710,0,0,0,4,392,44629446
201912,06,154000,067,1100,28112 ,00000 ,23647 ,472,40900, , ,956322039  ,4,9,12,Galt,57,57,8260868,0,0,0,0,0,0,0,0,0,57,57,8260868,0,0,0,0,0,0,0,0,0
201912,06,155000,059,1110,29000 ,00000 ,170883 ,348,31080, , ,92840      ,4,9,12,Garden Grove,169,169,23514856,2,4,650000,0,0,0,2,404,2515120,169,169,23514856,2,4,650000,0,0,0,2,404,2515120
201912,06,156000,037,1105,28168 ,00000 ,58829 ,348,31080, ,1,90247      ,4,9,12,Gardena,43,43,5384441,0,0,0,0,0,0,0,0,0,43,43,5384441,0,0,0,0,0,0,0,0,0
201912,06,157000,085,1115,29504 ,00000 ,48821 ,488,41940, , ,950206141  ,4,9,7,Gilroy,232,232,97918343,0,0,0,0,0,0,5,116,18164985,179,179,75471016,0,0,0,0,0,0,0,0,0
201912,06,158000,037,2790,30000 ,00000 ,191719 ,348,31080, ,1,91206      ,4,9,10,Glendale,148,148,17754666,1,2,710000,0,0,0,6,67,9930370,134,134,15652800,1,2,710000,0,0,0,4,56,8150000
201912,06,159000,037,1135,30014 ,00000 ,50073 ,348,31080, , ,91741      ,4,9,12,Glendora,41,41,8589268,0,0,0,0,0,0,0,0,0,41,41,8589268,0,0,0,0,0,0,0,0,0
201912,06,161000,053,1143,30392 ,00000 ,8187 ,999,41500, , ,93926      ,4,9,12,Gonzales,0,0,0,0,0,0,0,0,0,0,0,0,0,0,0,0,0,0,0,0,0,0,0,0
201912,06,162000,071,1147,30658 ,00000 ,12040 ,348,40140, , ,923135295  ,4,9,12,Grand Terrace,18,18,4807125,0,0,0,0,0,0,0,0,0,18,18,4807125,0,0,0,0,0,0,0,0,0
201912,06,164000,053,1160,30994 ,00000 ,16330 ,999,41500, , ,93927      ,4,9,12,Greenfield,10,10,2140730,0,0,0,0,0,0,0,0,0,10,10,2140730,0,0,0,0,0,0,0,0,0
201912,06,169000,081,1195,31708 ,00000 ,11324 ,488,41860, , ,94019      ,4,9,12,Half Moon Bay,6,6,2392500,1,2,300000,0,0,0,0,0,0,6,6,2392500,1,2,300000,0,0,0,0,0,0
201912,06,171000,037,1217,32506 ,00000 ,14254 ,348,31080, , ,90716      ,4,9,10,Hawaiian Gardens,5,5,1247648,0,0,0,0,0,0,0,0,0,3,3,761000,0,0,0,0,0,0,0,0,0
201912,06,172000,037,1220,32548 ,00000 ,84293 ,348,31080, , ,90250      ,4,9,0,Hawthorne,26,26,20054871,0,0,0,0,0,0,1,5,369672,0,0,0,0,0,0,0,0,0,0,0,0
201912,06,173000,001,1225,33000 ,00000 ,144186 ,488,41860, , ,94541      ,4,9,11,Hayward,695,695,238987156,0,0,0,0,0,0,6,653,92744108,670,670,229482554,0,0,0,0,0,0,6,653,92744108
201912,06,174000,097,1230,33056 ,00000 ,11254 ,488,42220, , ,95448      ,4,9,12,Healdsburg,26,26,10072375,0,0,0,0,0,0,0,0,0,26,26,10072375,0,0,0,0,0,0,0,0,0
201912,06,175000,065,1235,33182 ,00000 ,78657 ,348,40140, , ,92343      ,4,9,12,Hemet,76,76,14949358,0,0,0,0,0,0,0,0,0,76,76,14949358,0,0,0,0,0,0,0,0,0
201912,06,177000,037,1246,33364 ,00000 ,19506 ,348,31080, , ,90254      ,4,9,2,Hermosa Beach,43,43,25241939,0,0,0,0,0,0,0,0,0,7,7,3601775,0,0,0,0,0,0,0,0,0
201912,06,178000,071,1247,33434 ,00000 ,90173 ,348,40140, , ,923453493  ,4,9,12,Hesperia,200,200,41500132,16,32,5369564,0,0,0,20,159,13040870,200,200,41500132,16,32,5369564,0,0,0,20,159,13040870
201912,06,179000,037,1252,33518 ,00000 ,1856 ,348,31080, , ,91302      ,4,9,12,Hidden Hills,10,10,10840296,0,0,0,0,0,0,0,0,0,10,10,10840296,0,0,0,0,0,0,0,0,0
201912,06,180000,071,1260,33588 ,00000 ,53104 ,348,40140, , ,923463125  ,4,9,1,Highland,62,62,16889250,0,0,0,0,0,0,0,0,0,1,1,50000,0,0,0,0,0,0,0,0,0
201912,06,181000,081,1265,33798 ,00000 ,10825 ,488,41860, , ,94010      ,4,9,12,Hillsborough town,8,8,11173975,0,0,0,0,0,0,0,0,0,8,8,11173975,0,0,0,0,0,0,0,0,0
201912,06,182000,069,1270,34120 ,00000 ,34928 ,488,41940, , ,95023      ,4,9,9,Hollister,423,423,140131324,1,2,548703,1,3,595698,0,0,0,293,293,106892214,1,2,548703,1,3,595698,0,0,0
201912,06,183000,025,1280,34246 ,00000 ,5939 ,999,20940,2, ,92250      ,4,9,0,Holtville,1,1,215065,0,0,0,0,0,0,0,0,0,0,0,0,0,0,0,0,0,0,0,0,0
201912,06,185000,023,    ,99990 ,00000 ,71916 ,999,99999, , ,95501      ,4,9,12,Humboldt County Unincorporated Area,202,202,33168692,1,2,230660,6,23,2327983,9,69,5037627,202,202,33168692,1,2,230660,6,23,2327983,9,69,5037627
201912,06,186000,059,1300,36000 ,00000 ,189992 ,348,31080, , ,92648      ,4,9,12,Huntington Beach,154,154,57085651,2,4,668856,2,7,1650000,0,0,0,154,154,57085651,2,4,668856,2,7,1650000,0,0,0
201912,06,187000,037,1305,36056 ,00000 ,58114 ,348,31080, , ,90255      ,4,9,8,Huntington Park,3,3,120000,0,0,0,0,0,0,0,0,0,0,0,0,0,0,0,0,0,0,0,0,0
201912,06,188000,019,1310,36084 ,00000 ,6754 ,260,23420, , ,93234      ,4,9,12,Huron,18,18,3892311,0,0,0,0,0,0,0,0,0,18,18,3892311,0,0,0,0,0,0,0,0,0
201912,06,189000,025,1317,36280 ,00000 ,14758 ,999,20940,2, ,92251      ,4,9,12,Imperial,178,178,34622821,0,0,0,0,0,0,0,0,0,178,178,34622821,0,0,0,0,0,0,0,0,0
201912,06,190000,073,1320,36294 ,00000 ,26324 ,999,41740, , ,91932      ,4,9,11,Imperial Beach,18,18,2448429,0,0,0,0,0,0,1,5,707054,16,16,2126911,0,0,0,0,0,0,0,0,0
201912,06,191000,025,    ,99990 ,00000 ,37778 ,999,20940,2, ,922432811  ,4,9,12,Imperial County Unincorporated Area,10,10,2038422,0,0,0,0,0,0,0,0,0,10,10,2038422,0,0,0,0,0,0,0,0,0
201912,06,192000,065,1327,36434 ,00000 ,4958 ,348,40140, , ,92260      ,4,9,11,Indian Wells,53,53,23875727,0,0,0,0,0,0,0,0,0,49,49,21595798,0,0,0,0,0,0,0,0,0
201912,06,193000,065,1330,36448 ,00000 ,76036 ,348,40140, , ,92201      ,4,9,12,Indio,261,261,41514049,0,0,0,0,0,0,0,0,0,261,261,41514049,0,0,0,0,0,0,0,0,0
201912,06,194000,037,1335,36490 ,00000 ,219 ,348,31080, , ,918021460  ,4,9,12,Industry,0,0,0,0,0,0,0,0,0,0,0,0,0,0,0,0,0,0,0,0,0,0,0,0
201912,06,195000,037,1340,36546 ,00000 ,109673 ,348,31080, , ,90301      ,4,9,4,Inglewood,3,3,460000,2,4,897000,1,3,850000,3,15,3125001,1,1,78000,1,2,560000,1,3,850000,0,0,0
201912,06,198000,059,1347,36770 ,00000 ,212375 ,348,31080, ,1,92714      ,4,9,12,Irvine,918,918,252441137,82,164,42009270,21,74,16951344,39,1353,210938971,918,918,252441137,82,164,42009270,21,74,16951344,39,1353,210938971
201912,06,199000,037,1350,36826 ,00000 ,1422 ,348,31080, , ,91706      ,4,9,12,Irwindale,6,6,1313000,0,0,0,0,0,0,0,0,0,6,6,1313000,0,0,0,0,0,0,0,0,0
201912,06,200000,067,1355,36882 ,00000 ,804 ,472,40900, , ,95641      ,4,9,12,Isleton,0,0,0,0,0,0,0,0,0,0,0,0,0,0,0,0,0,0,0,0,0,0,0,0
201912,06,202000,019,1390,38226 ,00000 ,13544 ,260,23420, , ,93630      ,4,9,12,Kerman,71,71,13813639,0,0,0,0,0,0,6,61,7500000,71,71,13813639,0,0,0,0,0,0,6,61,7500000
201912,06,203000,029,    ,99990 ,00000 ,297932 ,999,12540, , ,93301      ,4,9,12,Kern County Unincorporated Area,229,229,41037953,0,0,0,0,0,0,0,0,0,229,229,41037953,0,0,0,0,0,0,0,0,0
201912,06,206000,019,1405,38562 ,00000 ,11382 ,260,23420, , ,936311908  ,4,9,12,Kingsburg,33,33,9638952,0,0,0,1,4,565040,2,47,6332221,33,33,9638952,0,0,0,1,4,565040,2,47,6332221
201912,06,207000,037,1410,39003 ,00000 ,20246 ,348,31080, , ,910112137  ,4,9,6,La Canada Flintridge,13,13,13908278,0,0,0,0,0,0,0,0,0,5,5,5240040,0,0,0,0,0,0,0,0,0
201912,06,208000,059,1428,39290 ,00000 ,60239 ,348,31080, , ,90631      ,4,9,12,La Habra,29,29,5794196,0,0,0,0,0,0,0,0,0,29,29,5794196,0,0,0,0,0,0,0,0,0
201912,06,209000,037,1429,39304 ,00000 ,5325 ,348,31080, , ,90631      ,4,9,12,La Habra Heights,2,2,2533990,0,0,0,0,0,0,0,0,0,2,2,2533990,0,0,0,0,0,0,0,0,0
201912,06,210000,073,1460,40004 ,00000 ,57065 ,999,41740, , ,919425502  ,4,9,12,La Mesa,15,15,958442,3,6,719076,0,0,0,9,181,16022878,15,15,958442,3,6,719076,0,0,0,9,181,16022878
201912,06,211000,037,1462,40032 ,00000 ,48527 ,348,31080, , ,90638      ,4,9,1,La Mirada,14,14,5637570,0,0,0,0,0,0,0,0,0,0,0,0,0,0,0,0,0,0,0,0,0
201912,06,212000,059,1477,40256 ,00000 ,15568 ,348,31080, , ,90623      ,4,9,12,La Palma,0,0,0,0,0,0,0,0,0,0,0,0,0,0,0,0,0,0,0,0,0,0,0,0
201912,06,213000,037,1480,40340 ,00000 ,39816 ,348,31080, , ,917444719  ,4,9,12,La Puente,18,18,4472461,0,0,0,0,0,0,0,0,0,18,18,4472461,0,0,0,0,0,0,0,0,0
201912,06,214000,065,1482,40354 ,00000 ,37467 ,348,40140, , ,92253      ,4,9,12,La Quinta,139,139,42667709,0,0,0,0,0,0,0,0,0,139,139,42667709,0,0,0,0,0,0,0,0,0
201912,06,215000,037,1500,40830 ,00000 ,31063 ,348,31080, , ,91750      ,4,9,12,La Verne,6,6,3295000,0,0,0,0,0,0,0,0,0,6,6,3295000,0,0,0,0,0,0,0,0,0
201912,06,217000,059,1418,39178 ,00000 ,22723 ,348,31080, , ,92651      ,4,9,11,Laguna Beach,23,23,15249433,0,0,0,0,0,0,0,0,0,22,22,14410018,0,0,0,0,0,0,0,0,0
201912,06,217500,059,1419,39220 ,00000 ,30344 ,348,31080, , ,92653      ,4,9,12,Laguna Hills,3,3,220000,0,0,0,0,0,0,0,0,0,3,3,220000,0,0,0,0,0,0,0,0,0
201912,06,218000,059,1421,39248 ,00000 ,62979 ,348,31080, , ,92677      ,4,9,0,Laguna Niguel,5,5,5062500,0,0,0,0,0,0,12,274,65713252,0,0,0,0,0,0,0,0,0,0,0,0
201912,06,218500,059,1425,39259 ,00000 ,16192 ,348,31080, , ,92637      ,4,9,12,Laguna Woods,0,0,0,0,0,0,0,0,0,0,0,0,0,0,0,0,0,0,0,0,0,0,0,0
201912,06,220000,065,1438,39486 ,00000 ,51821 ,348,40140, , ,92330      ,4,9,9,Lake Elsinore,283,283,74009805,1,2,478637,0,0,0,4,81,10619515,178,178,42820329,1,2,478637,0,0,0,4,81,10619515
201912,06,220500,059,3714,39496 ,00000 ,77264 ,348,31080, , ,92630      ,4,9,12,Lake Forest,358,358,111662176,0,0,0,0,0,0,1,58,6120259,358,358,111662176,0,0,0,0,0,0,1,58,6120259
201912,06,222000,037,1459,39892 ,00000 ,80048 ,348,31080, , ,90712      ,4,9,12,Lakewood,7,7,884430,0,0,0,0,0,0,4,24,6370000,7,7,884430,0,0,0,0,0,0,4,24,6370000
201912,06,223000,037,1476,40130 ,00000 ,156633 ,348,31080, , ,93534      ,4,9,12,Lancaster,207,207,54118090,0,0,0,0,0,0,2,51,2726461,207,207,54118090,0,0,0,0,0,0,2,51,2726461
201912,06,224000,041,1485,40438 ,00000 ,11926 ,488,41860, , ,949392035  ,4,9,11,Larkspur,1,1,877000,0,0,0,0,0,0,0,0,0,1,1,877000,0,0,0,0,0,0,0,0,0
201912,06,226000,077,1490,40704 ,00000 ,18023 ,488,44700, , ,95330      ,4,9,11,Lathrop,405,405,135554649,0,0,0,0,0,0,0,0,0,375,375,127062997,0,0,0,0,0,0,0,0,0
201912,06,227000,037,1505,40886 ,00000 ,32769 ,348,31080, , ,90260      ,4,9,12,Lawndale,6,6,1349000,1,2,375000,0,0,0,0,0,0,6,6,1349000,1,2,375000,0,0,0,0,0,0
201912,06,228000,073,1512,41124 ,00000 ,25320 ,999,41740, , ,91945      ,4,9,10,Lemon Grove,7,7,837531,0,0,0,1,3,118858,1,5,699777,6,6,612737,0,0,0,0,0,0,0,0,0
201912,06,230000,061,1535,41474 ,00000 ,42819 ,472,40900, , ,95648      ,4,9,12,Lincoln,260,260,83783788,0,0,0,0,0,0,0,0,0,260,260,83783788,0,0,0,0,0,0,0,0,0
201912,06,233000,001,1570,41992 ,00000 ,80968 ,488,41860, ,1,94550      ,4,9,12,Livermore,53,53,15068914,0,0,0,0,0,0,2,49,11153623,53,53,15068914,0,0,0,0,0,0,2,49,11153623
201912,06,234000,047,1575,42006 ,00000 ,13058 ,488,32900, , ,95334      ,4,9,12,Livingston,67,67,14625583,0,0,0,0,0,0,0,0,0,67,67,14625583,0,0,0,0,0,0,0,0,0
201912,06,236000,071,1588,42370 ,00000 ,23261 ,348,40140, , ,92354      ,4,9,0,Loma Linda,19,19,4697204,0,0,0,0,0,0,11,70,3862068,0,0,0,0,0,0,0,0,0,0,0,0
201912,06,237000,037,4146,42468 ,00000 ,20256 ,348,31080, , ,918021460  ,4,9,12,Lomita,16,16,4466000,2,4,780000,1,3,900000,0,0,738350,16,16,4466000,2,4,780000,1,3,900000,0,0,738350
201912,06,239000,037,1610,43000 ,00000 ,462257 ,348,31080, ,1,90802      ,4,9,12,Long Beach,100,100,16938594,19,38,1407547,4,12,2052960,31,1011,208594047,100,100,16938594,19,38,1407547,4,12,2052960,31,1011,208594047
201912,06,240000,061,1612,43140 ,00000 ,6430 ,472,40900, , ,956501330  ,4,9,12,Loomis town,4,4,3831543,0,0,0,0,0,0,0,0,0,4,4,3831543,0,0,0,0,0,0,0,0,0
201912,06,241000,059,4200,43224 ,00000 ,11449 ,348,31080, , ,90720      ,4,9,12,Los Alamitos,0,0,0,0,0,0,1,4,896321,4,22,4570113,0,0,0,0,0,0,1,4,896321,4,22,4570113
201912,06,242000,085,1620,43280 ,00000 ,28976 ,488,41940, , ,94022      ,4,9,12,Los Altos,53,53,46711170,0,0,0,0,0,0,0,0,0,53,53,46711170,0,0,0,0,0,0,0,0,0
201912,06,243000,085,1625,43294 ,00000 ,7922 ,488,41940, , ,94022      ,4,9,12,Los Altos Hills town,11,11,14078347,0,0,0,0,0,0,0,0,0,11,11,14078347,0,0,0,0,0,0,0,0,0
201912,06,244000,037,1630,44000 ,00000 ,3792621 ,348,31080, ,1,90012      ,4,9,12,Los Angeles,2647,2647,810418848,605,1210,222041419,0,0,0,264,10530,2278633692,2647,2647,810418848,605,1210,222041419,0,0,0,264,10530,2278633692
201912,06,245000,037,    ,99990 ,00000 ,1057426 ,348,31080, , ,918021460  ,4,9,12,Los Angeles County Unincorporated Area,538,538,184620375,31,62,15528420,5,18,3547687,16,306,63940613,538,538,184620375,31,62,15528420,5,18,3547687,16,306,63940613
201912,06,247000,085,1640,44112 ,00000 ,29413 ,488,41940, , ,95030      ,4,9,12,Los Gatos town,25,25,19082802,0,0,0,1,4,600000,0,0,0,25,25,19082802,0,0,0,1,4,600000,0,0,0
201912,06,249000,037,1660,44574 ,00000 ,69772 ,348,31080, , ,90262      ,4,9,12,Lynwood,14,14,2086000,1,2,356000,1,4,407000,0,0,0,14,14,2086000,1,2,356000,1,4,407000,0,0,0
201912,06,250000,039,1680,45022 ,00000 ,61416 ,260,31460, ,1,93637      ,4,9,12,Madera,171,171,29340000,0,0,0,0,0,0,0,0,0,171,171,29340000,0,0,0,0,0,0,0,0,0
201912,06,251000,039,    ,99990 ,00000 ,70729 ,260,31460, , ,93637      ,4,9,12,Madera County Unincorporated Area,462,462,131879999,0,0,0,0,0,0,0,0,0,462,462,131879999,0,0,0,0,0,0,0,0,0
201912,06,251500,037,1685,45246 ,00000 ,12645 ,348,31080, , ,902654865  ,4,9,12,Malibu,64,64,95363050,0,0,0,0,0,0,0,0,0,64,64,95363050,0,0,0,0,0,0,0,0,0
201912,06,252000,051,1687,45358 ,00000 ,8234 ,999,99999, , ,93546      ,4,9,11,Mammoth Lakes town,34,34,9447860,1,2,593569,2,6,1567524,0,0,0,32,32,8802162,1,2,593569,2,6,1567524,0,0,0
201912,06,253000,037,1690,45400 ,00000 ,35135 ,348,31080, , ,90266      ,4,9,6,Manhattan Beach,96,96,67613227,1,2,735012,0,0,0,0,0,0,42,42,32291902,1,2,735012,0,0,0,0,0,0
201912,06,254000,077,4434,45484 ,00000 ,67096 ,488,44700, , ,95337      ,4,9,12,Manteca,517,517,168161269,0,0,0,0,0,0,10,172,22051342,517,517,168161269,0,0,0,0,0,0,10,172,22051342
201912,06,256000,041,    ,99990 ,00000 ,67427 ,488,41860, , ,94903      ,4,9,12,Marin County Unincorporated Area,49,49,34198000,0,0,0,0,0,0,0,0,0,49,49,34198000,0,0,0,0,0,0,0,0,0
201912,06,259000,013,1710,46114 ,00000 ,35824 ,488,41860, , ,945532394  ,4,9,12,Martinez,4,4,926000,0,0,0,0,0,0,0,0,0,4,4,926000,0,0,0,0,0,0,0,0,0
201912,06,261000,037,1730,46492 ,00000 ,27395 ,348,31080, , ,90270      ,4,9,12,Maywood,3,3,295834,2,4,606919,0,0,0,0,0,0,3,3,295834,2,4,606919,0,0,0,0,0,0
201912,06,263000,045,    ,99990 ,00000 ,59156 ,999,99999,2, ,95482      ,4,9,0,Mendocino County Unincorporated Area,122,122,13877901,0,0,0,0,0,0,0,0,0,0,0,0,0,0,0,0,0,0,0,0,0
201912,06,264000,019,1740,46828 ,00000 ,11014 ,260,23420, , ,93640      ,4,9,0,Mendota,0,0,0,0,0,0,0,0,0,0,0,0,0,0,0,0,0,0,0,0,0,0,0,0
201912,06,265000,081,1745,46870 ,00000 ,32026 ,488,41860, , ,94025      ,4,9,8,Menlo Park,49,49,39040415,0,0,0,0,0,0,5,196,53034351,31,31,26870511,0,0,0,0,0,0,1,138,45750000
201912,06,265300,065,1743,46842 ,00000 ,77519 ,348,40140, , ,92586      ,4,9,12,Menifee,1017,1017,279614730,6,12,2156052,0,0,0,32,320,40656642,1017,1017,279614730,6,12,2156052,0,0,0,32,320,40656642
201912,06,267000,047,    ,99990 ,00000 ,89167 ,488,32900, , ,95340      ,4,9,12,Merced County Unincorporated Area,108,108,25282827,0,0,0,0,0,0,0,0,0,108,108,25282827,0,0,0,0,0,0,0,0,0
201912,06,268000,041,1765,47710 ,00000 ,13903 ,488,41860, , ,94941      ,4,9,7,Mill Valley,25,25,16104850,5,10,7656250,0,0,0,0,0,0,17,17,8873885,0,0,0,0,0,0,0,0,0
201912,06,269000,081,1760,47486 ,00000 ,21532 ,488,41860, , ,94030      ,4,9,11,Millbrae,0,0,0,0,0,0,0,0,0,0,0,0,0,0,0,0,0,0,0,0,0,0,0,0
201912,06,270000,085,1770,47766 ,00000 ,66790 ,488,41940, ,1,950355479  ,4,9,12,Milpitas,131,131,42421593,0,0,0,0,0,0,3,228,68768260,131,131,42421593,0,0,0,0,0,0,3,228,68768260
201912,06,271000,059,1786,48256 ,00000 ,93305 ,348,31080, , ,92691      ,4,9,12,Mission Viejo,0,0,0,0,0,0,0,0,0,0,0,0,0,0,0,0,0,0,0,0,0,0,0,0
201912,06,275000,037,1800,48648 ,00000 ,36590 ,348,31080, , ,910165107  ,4,9,6,Monrovia,18,18,2791493,1,2,405000,0,0,0,0,0,0,7,7,567775,1,2,405000,0,0,0,0,0,0
201912,06,277000,071,1815,48788 ,00000 ,36664 ,348,40140, , ,91763      ,4,9,12,Montclair,0,0,0,0,0,0,0,0,0,0,0,0,0,0,0,0,0,0,0,0,0,0,0,0
201912,06,278000,085,1835,48956 ,00000 ,3341 ,488,41940, , ,95030      ,4,9,12,Monte Sereno,10,10,14985608,0,0,0,0,0,0,0,0,0,10,10,14985608,0,0,0,0,0,0,0,0,0
201912,06,279000,037,1820,48816 ,00000 ,62500 ,348,31080, , ,90640      ,4,9,9,Montebello,13,13,4821259,0,0,0,0,0,0,0,0,0,10,10,4300000,0,0,0,0,0,0,0,0,0
201912,06,281000,053,    ,99990 ,00000 ,100213 ,999,41500, , ,93901      ,4,9,12,Monterey County Unincorporated Area,154,154,57152421,0,0,0,4,13,4081208,7,42,11426338,154,154,57152421,0,0,0,4,13,4081208,7,42,11426338
201912,06,282000,037,1830,48914 ,00000 ,60269 ,348,31080, , ,91754      ,4,9,12,Monterey Park,13,13,4255352,0,0,0,0,0,0,0,0,0,13,13,4255352,0,0,0,0,0,0,0,0,0
201912,06,285000,065,1849,49270 ,00000 ,193365 ,348,40140, , ,925520805  ,4,9,12,Moreno Valley,315,315,79983080,0,0,0,0,0,0,1,14,2850930,315,315,79983080,0,0,0,0,0,0,1,14,2850930
201912,06,286000,085,1850,49278 ,00000 ,37882 ,488,41940, , ,95037      ,4,9,12,Morgan Hill,133,133,41705214,9,18,5335329,3,9,2233618,1,39,10640624,133,133,41705214,9,18,5335329,3,9,2233618,1,39,10640624
201912,06,289000,085,1863,49670 ,00000 ,74066 ,488,41940, ,1,94039      ,4,9,6,Mountain View,79,79,27042937,2,4,1041264,6,21,5565900,21,565,95037399,35,35,11401138,2,4,1041264,5,18,4809008,13,343,60551967
201912,06,290000,065,1877,50076 ,00000 ,103466 ,348,40140, , ,92562      ,4,9,12,Murrieta,162,162,44634650,15,30,10680000,1,4,126018,5,132,17461908,162,162,44634650,15,30,10680000,1,4,126018,5,132,17461908
201912,06,293000,073,1885,50398 ,00000 ,58582 ,999,41740, , ,919504397  ,4,9,11,National City,4,4,579470,0,0,0,0,0,0,2,29,2603906,4,4,579470,0,0,0,0,0,0,1,13,598780
201912,06,294000,071,1890,50734 ,00000 ,4844 ,348,40140, , ,92363      ,4,9,12,Needles,3,3,1292986,0,0,0,0,0,0,0,0,0,3,3,1292986,0,0,0,0,0,0,0,0,0
201912,06,296000,057,    ,99990 ,00000 ,66656 ,999,99999,2, ,95959      ,4,9,12,Nevada County Unincorporated Area,273,273,81938281,0,0,0,0,0,0,0,0,0,273,273,81938281,0,0,0,0,0,0,0,0,0
201912,06,297000,001,1900,50916 ,00000 ,42573 ,488,41860, , ,94560      ,4,9,0,Newark,266,266,81414762,0,0,0,7,22,6282547,21,155,40327097,0,0,0,0,0,0,0,0,0,0,0,0
201912,06,299000,059,1912,51182 ,00000 ,85186 ,348,31080, ,1,92660      ,4,9,0,Newport Beach,125,125,103899963,25,50,16666964,0,0,0,0,0,0,0,0,0,0,0,0,0,0,0,0,0,0
201912,06,300000,065,1919,51560 ,00000 ,27063 ,348,40140, , ,92860      ,4,9,12,Norco,5,5,1833644,0,0,0,0,0,0,0,0,0,5,5,1833644,0,0,0,0,0,0,0,0,0
201912,06,301000,037,1950,52526 ,00000 ,105549 ,348,31080, , ,90650      ,4,9,12,Norwalk,6,6,1527197,0,0,0,0,0,0,0,0,0,6,6,1527197,0,0,0,0,0,0,0,0,0
201912,06,302000,041,1955,52582 ,00000 ,51904 ,488,41860, , ,94945      ,4,9,11,Novato,75,75,21898953,0,0,0,0,0,0,1,49,10531745,74,74,20923865,0,0,0,0,0,0,1,49,10531745
201912,06,304000,001,1970,53000 ,00000 ,390724 ,488,41860, ,1,94612      ,4,9,12,Oakland,282,282,79035786,15,30,7706638,8,31,7517090,26,1519,266612760,282,282,79035786,15,30,7706638,8,31,7517090,26,1519,266612760
201912,06,304100,013,1975,53070 ,00000 ,35432 ,488,41860, , ,94561      ,4,9,12,Oakley,262,262,72635720,0,0,0,0,0,0,0,0,0,262,262,72635720,0,0,0,0,0,0,0,0,0
201912,06,305000,073,1990,53322 ,00000 ,167086 ,999,41740, , ,92054      ,4,9,12,Oceanside,71,71,12624356,8,16,4154655,19,70,14569521,34,199,33572601,71,71,12624356,8,16,4154655,19,70,14569521,34,199,33572601
201912,06,307000,071,2005,53896 ,00000 ,163924 ,348,40140, ,1,91764      ,4,9,12,Ontario,1167,1167,291300584,0,0,0,3,9,1088042,21,255,33691137,1167,1167,291300584,0,0,0,3,9,1088042,21,255,33691137
201912,06,308000,059,2015,53980 ,00000 ,136416 ,348,31080, ,1,92866      ,4,9,12,Orange,75,75,22486229,0,0,0,1,3,585989,2,362,40001533,75,75,22486229,0,0,0,1,3,585989,2,362,40001533
201912,06,309000,059,    ,99990 ,00000 ,121160 ,348,31080, , ,92701      ,4,9,12,Orange County Unincorporated Area,217,217,59619812,15,30,6338987,1,4,931215,0,0,0,217,217,59619812,15,30,6338987,1,4,931215,0,0,0
201912,06,310000,019,2020,54008 ,00000 ,9078 ,260,23420, , ,93646      ,4,9,11,Orange Cove,0,0,0,0,0,0,0,0,0,0,0,0,0,0,0,0,0,0,0,0,0,0,0,0
201912,06,313000,007,2045,54386 ,00000 ,15546 ,999,17020, , ,95965      ,4,9,12,Oroville,60,60,14819924,0,0,0,0,0,0,2,12,533000,60,60,14819924,0,0,0,0,0,0,2,12,533000
201912,06,314000,111,2050,54652 ,00000 ,197899 ,348,37100, ,1,93030      ,4,9,12,Oxnard,63,63,22414254,15,30,8467864,9,27,7257247,1,20,3856665,63,63,22414254,15,30,8467864,9,27,7257247,1,20,3856665
201912,06,316000,081,2060,54806 ,00000 ,37234 ,488,41860, , ,94044      ,4,9,4,Pacifica,6,6,2898508,0,0,0,0,0,0,0,0,0,2,2,800000,0,0,0,0,0,0,0,0,0
201912,06,317000,065,2080,55184 ,00000 ,48445 ,348,40140, ,1,92260      ,4,9,12,Palm Desert,88,88,41590347,0,0,0,2,6,932278,2,304,57155200,88,88,41590347,0,0,0,2,6,932278,2,304,57155200
201912,06,318000,065,2085,55254 ,00000 ,44552 ,348,40140, , ,92263      ,4,9,12,Palm Springs,200,200,59668207,0,0,0,1,3,3874998,1,5,350000,200,200,59668207,0,0,0,1,3,3874998,1,5,350000
201912,06,319000,037,2072,55156 ,00000 ,152750 ,348,31080, , ,93550      ,4,9,12,Palmdale,73,73,17843944,0,0,0,0,0,0,1,80,5646901,73,73,17843944,0,0,0,0,0,0,1,80,5646901
201912,06,320000,085,2090,55282 ,00000 ,64403 ,488,41940, ,1,94301      ,4,9,12,Palo Alto,102,102,73761458,0,0,0,0,0,0,0,0,0,102,102,73761458,0,0,0,0,0,0,0,0,0
201912,06,321000,037,2095,55380 ,00000 ,13438 ,348,31080, , ,90274      ,4,9,0,Palos Verdes Estates,21,21,15340815,0,0,0,0,0,0,0,0,0,0,0,0,0,0,0,0,0,0,0,0,0
201912,06,323000,037,2105,55618 ,00000 ,54098 ,348,31080, , ,90723      ,4,9,12,Paramount,3,3,861025,0,0,0,0,0,0,0,0,0,3,3,861025,0,0,0,0,0,0,0,0,0
201912,06,324000,019,2120,55856 ,00000 ,14494 ,260,23420, , ,936482433  ,4,9,5,Parlier,19,19,3312347,0,0,0,0,0,0,5,27,3596248,10,10,2112580,0,0,0,0,0,0,0,0,0
201912,06,325000,037,5508,56000 ,00000 ,137122 ,348,31080, ,1,911011704  ,4,9,12,Pasadena,35,35,9324278,3,6,1549003,2,8,2215165,13,203,43200420,35,35,9324278,3,6,1549003,2,8,2215165,13,203,43200420
201912,06,328000,065,5568,56700 ,00000 ,68386 ,348,40140, , ,925702200  ,4,9,3,Perris,137,137,23941860,0,0,0,0,0,0,3,20,1390362,35,35,6133198,0,0,0,0,0,0,0,0,0
201912,06,330000,037,2145,56924 ,00000 ,62942 ,348,31080, , ,906601016  ,4,9,0,Pico Rivera,13,13,2990088,0,0,0,0,0,0,0,0,0,0,0,0,0,0,0,0,0,0,0,0,0
201912,06,331000,001,2150,56938 ,00000 ,10667 ,488,41860, , ,94611      ,4,9,12,Piedmont,1,1,1300000,0,0,0,0,0,0,0,0,0,1,1,1300000,0,0,0,0,0,0,0,0,0
201912,06,332000,013,2160,57288 ,00000 ,18390 ,488,41860, , ,94564      ,4,9,0,Pinole,0,0,0,0,0,0,0,0,0,0,0,0,0,0,0,0,0,0,0,0,0,0,0,0
201912,06,334000,013,2175,57456 ,00000 ,63264 ,488,41860, , ,94565      ,4,9,12,Pittsburg,99,99,20915878,0,0,0,0,0,0,0,0,0,99,99,20915878,0,0,0,0,0,0,0,0,0
201912,06,335000,059,2195,57526 ,00000 ,50533 ,348,31080, , ,92870      ,4,9,1,Placentia,0,0,0,0,0,0,0,0,0,0,0,0,0,0,0,0,0,0,0,0,0,0,0,0
201912,06,336000,061,    ,99990 ,00000 ,108128 ,472,40900, , ,95603      ,4,9,12,Placer County Unincorporated Area,313,313,158518604,1,2,740377,0,0,0,1,90,29065922,313,313,158518604,1,2,740377,0,0,0,1,90,29065922
201912,06,337000,017,2200,57540 ,00000 ,10389 ,472,40900, , ,95667      ,4,9,12,Placerville,12,12,3894604,0,0,0,0,0,0,0,0,0,12,12,3894604,0,0,0,0,0,0,0,0,0
201912,06,338000,013,2210,57764 ,00000 ,33152 ,488,41860, , ,94523      ,4,9,12,Pleasant Hill,20,20,6387991,0,0,0,0,0,0,0,0,0,20,20,6387991,0,0,0,0,0,0,0,0,0
201912,06,339000,001,2215,57792 ,00000 ,70285 ,488,41860, ,1,94566      ,4,9,4,Pleasanton,71,71,37698756,3,6,1728837,0,0,0,9,72,11487148,41,41,20639723,0,0,0,0,0,0,1,31,3970400
201912,06,340000,063,    ,99990 ,00000 ,17903 ,999,99999, , ,959719143  ,4,9,12,Plumas County Unincorporated Area,38,38,7369881,0,0,0,0,0,0,0,0,0,38,38,7369881,0,0,0,0,0,0,0,0,0
201912,06,343000,037,2230,58072 ,00000 ,149058 ,348,31080, , ,91766      ,4,9,12,Pomona,98,98,14553617,1,2,367755,2,8,1070751,0,0,0,98,98,14553617,1,2,367755,2,8,1070751,0,0,0
201912,06,345000,107,2245,58240 ,00000 ,54165 ,999,47300, , ,93257      ,4,9,12,Porterville,104,104,29478100,0,0,0,2,8,1187900,0,0,0,104,104,29478100,0,0,0,2,8,1187900,0,0,0
201912,06,346000,063,2255,58352 ,00000 ,2104 ,999,99999, , ,96122      ,4,9,12,Portola,0,0,0,0,0,0,0,0,0,0,0,0,0,0,0,0,0,0,0,0,0,0,0,0
201912,06,347000,081,2257,58380 ,00000 ,4353 ,488,41860, , ,94028      ,4,9,12,Portola Valley town,10,10,15062056,0,0,0,0,0,0,0,0,0,10,10,15062056,0,0,0,0,0,0,0,0,0
201912,06,348000,073,2260,58520 ,00000 ,47811 ,999,41740, ,1,92064      ,4,9,12,Poway,20,20,6076352,0,0,0,0,0,0,1,54,7151378,20,20,6076352,0,0,0,0,0,0,1,54,7151378
201912,06,348900,067,2277,59444 ,00000 ,64776 ,472,40900, ,1,956706111  ,4,9,12,Rancho Cordova,561,561,156536708,0,0,0,0,0,0,0,0,0,561,561,156536708,0,0,0,0,0,0,0,0,0
201912,06,349000,071,2278,59451 ,00000 ,165269 ,348,40140, , ,91730      ,4,9,12,Rancho Cucamonga,137,137,23896403,0,0,0,11,41,7494399,18,256,46222182,137,137,23896403,0,0,0,11,41,7494399,18,256,46222182
201912,06,350000,065,2281,59500 ,00000 ,17218 ,348,40140, , ,92270      ,4,9,12,Rancho Mirage,194,194,51542291,0,0,0,0,0,0,0,0,0,194,194,51542291,0,0,0,0,0,0,0,0,0
201912,06,351000,037,2284,59514 ,00000 ,41643 ,348,31080, , ,90274      ,4,9,11,Rancho Palos Verdes,15,15,13345694,0,0,0,0,0,0,0,0,0,13,13,12481043,0,0,0,0,0,0,0,0,0
201912,06,351500,059,2288,59587 ,00000 ,47853 ,348,31080, , ,926882824  ,4,9,12,Rancho Santa Margarita,0,0,0,0,0,0,0,0,0,0,0,0,0,0,0,0,0,0,0,0,0,0,0,0
201912,06,353000,089,2296,59920 ,00000 ,89861 ,454,39820, ,1,96001      ,4,9,12,Redding,227,227,66071957,0,0,0,0,0,0,3,67,7217640,227,227,66071957,0,0,0,0,0,0,3,67,7217640
201912,06,354000,071,2297,59962 ,00000 ,68747 ,348,40140, ,1,92373      ,4,9,12,Redlands,113,113,33873690,0,0,0,0,0,0,0,0,0,113,113,33873690,0,0,0,0,0,0,0,0,0
201912,06,355000,037,2300,60018 ,00000 ,66748 ,348,31080, , ,90277      ,4,9,12,Redondo Beach,94,94,33595365,2,4,984465,6,18,6092254,0,0,0,94,94,33595365,2,4,984465,6,18,6092254,0,0,0
201912,06,356000,081,2305,60102 ,00000 ,76815 ,488,41860, ,1,940640391  ,4,9,12,Redwood City,41,41,13087927,1,2,519360,2,8,2222717,6,150,41092208,41,41,13087927,1,2,519360,2,8,2222717,6,150,41092208
201912,06,357000,019,2315,60242 ,00000 ,24194 ,260,23420, , ,93654      ,4,9,9,Reedley,3,3,385000,0,0,0,0,0,0,0,0,0,3,3,385000,0,0,0,0,0,0,0,0,0
201912,06,358000,071,2320,60466 ,00000 ,99171 ,348,40140, , ,92376      ,4,9,12,Rialto,42,42,11762867,0,0,0,0,0,0,0,0,0,42,42,11762867,0,0,0,0,0,0,0,0,0
201912,06,359000,013,2330,60620 ,00000 ,103701 ,488,41860, , ,94804      ,4,9,12,Richmond,50,50,5217841,0,0,0,0,0,0,0,0,0,50,50,5217841,0,0,0,0,0,0,0,0,0
201912,06,364000,099,2360,61068 ,00000 ,22678 ,488,33700, , ,95367      ,4,9,12,Riverbank,16,16,2946406,0,0,0,0,0,0,0,0,0,16,16,2946406,0,0,0,0,0,0,0,0,0
201912,06,365000,065,2370,62000 ,00000 ,303871 ,348,40140, ,1,92522      ,4,9,12,Riverside,170,170,35892006,4,8,1222156,0,0,0,17,501,63113062,170,170,35892006,4,8,1222156,0,0,0,17,501,63113062
201912,06,366000,065,    ,99990 ,00000 ,504392 ,348,40140, , ,92501      ,4,9,12,Riverside County Unincorporated Area,1750,1750,558777774,0,0,0,0,0,0,0,0,0,1750,1750,558777774,0,0,0,0,0,0,0,0,0
201912,06,367000,061,2375,62364 ,00000 ,56974 ,472,40900, , ,95677      ,4,9,12,Rocklin,439,439,154147433,0,0,0,0,0,0,0,0,0,439,439,154147433,0,0,0,0,0,0,0,0,0
201912,06,368000,097,2377,62546 ,00000 ,40971 ,488,42220, , ,949282411  ,4,9,12,Rohnert Park,195,195,42615796,0,0,0,0,0,0,0,0,0,195,195,42615796,0,0,0,0,0,0,0,0,0
201912,06,369000,037,2385,62602 ,00000 ,1860 ,348,31080, , ,918021460  ,4,9,12,Rolling Hills,1,1,1040000,0,0,0,0,0,0,0,0,0,1,1,1040000,0,0,0,0,0,0,0,0,0
201912,06,370000,037,2387,62644 ,00000 ,8067 ,348,31080, , ,918021460  ,4,9,12,Rolling Hills Estates,3,3,1923000,0,0,0,0,0,0,0,0,0,3,3,1923000,0,0,0,0,0,0,0,0,0
201912,06,371000,037,2400,62896 ,00000 ,53764 ,348,31080, , ,91770      ,4,9,4,Rosemead,68,68,14621344,0,0,0,0,0,0,8,40,4577245,22,22,3817707,0,0,0,0,0,0,0,0,0
201912,06,372000,061,2405,62938 ,00000 ,118788 ,472,40900, ,1,95678      ,4,9,12,Roseville,998,998,264809748,0,0,0,0,0,0,3,215,12200429,998,998,264809748,0,0,0,0,0,0,3,215,12200429
201912,06,373000,041,2407,62980 ,00000 ,2415 ,488,41860, , ,94957      ,4,9,12,Ross town,2,2,1055350,0,0,0,0,0,0,0,0,0,2,2,1055350,0,0,0,0,0,0,0,0,0
201912,06,374000,067,2420,64000 ,00000 ,466488 ,472,40900, ,1,95811      ,4,9,12,Sacramento,1538,1538,413386269,62,124,18059344,9,34,5990567,27,1305,194840441,1538,1538,413386269,62,124,18059344,9,34,5990567,27,1305,194840441
201912,06,375000,067,    ,99990 ,00000 ,554554 ,472,40900, , ,95827      ,4,9,12,Sacramento County Unincorporated Area,509,509,191235547,0,0,0,0,0,0,0,0,0,509,509,191235547,0,0,0,0,0,0,0,0,0
201912,06,376000,053,2435,64224 ,00000 ,150441 ,999,41500, ,1,93901      ,4,9,12,Salinas,80,80,16944039,2,4,892480,0,0,0,2,12,700000,80,80,16944039,2,4,892480,0,0,0,2,12,700000
201912,06,377000,041,2445,64434 ,00000 ,12336 ,488,41860, , ,94960      ,4,9,8,San Anselmo town,6,6,2437328,1,2,950000,0,0,0,0,0,0,3,3,1355000,1,2,950000,0,0,0,0,0,0
201912,06,378000,069,    ,99990 ,00000 ,18479 ,488,41940, , ,95023      ,4,9,12,San Benito County Unincorporated Area,234,234,65780848,1,2,250000,0,0,0,0,0,0,234,234,65780848,1,2,250000,0,0,0,0,0,0
201912,06,379000,071,2450,65000 ,00000 ,209924 ,348,40140, ,1,924180001  ,4,9,12,San Bernardino,59,59,18336718,0,0,0,0,0,0,4,32,2957106,59,59,18336718,0,0,0,0,0,0,4,32,2957106
201912,06,380000,071,    ,99990 ,00000 ,291776 ,348,40140, , ,924150187  ,4,9,12,San Bernardino County Unincorporated Area,164,164,45475503,0,0,0,0,0,0,0,0,0,164,164,45475503,0,0,0,0,0,0,0,0,0
201912,06,381000,081,2455,65028 ,00000 ,41114 ,488,41860, , ,94066      ,4,9,12,San Bruno,2,2,610000,0,0,0,0,0,0,2,30,13485700,2,2,610000,0,0,0,0,0,0,2,30,13485700
201912,06,382000,111,2460,65042 ,00000 ,106433 ,348,37100, ,1,93002      ,4,9,10,San Buenaventura,14,14,2713951,1,2,204705,0,0,0,12,241,31441198,3,3,348311,0,0,0,0,0,0,10,231,29502196
201912,06,383000,081,2465,65070 ,00000 ,28406 ,488,41860, , ,940703085  ,4,9,12,San Carlos,3,3,1070000,0,0,0,0,0,0,4,33,12963545,3,3,1070000,0,0,0,0,0,0,4,33,12963545
201912,06,384000,059,2470,65084 ,00000 ,63522 ,348,31080, , ,92673      ,4,9,12,San Clemente,43,43,21732319,1,2,646432,0,0,0,0,0,0,43,43,21732319,1,2,646432,0,0,0,0,0,0
201912,06,385000,073,2475,66000 ,00000 ,1307402 ,999,41740, ,1,921014154  ,4,9,12,San Diego,580,580,203935147,26,52,10106190,68,241,50339108,65,3068,427648021,580,580,203935147,26,52,10106190,68,241,50339108,65,3068,427648021
201912,06,386000,073,    ,99990 ,00000 ,486604 ,999,41740, , ,92123      ,4,9,12,San Diego County Unincorporated Area,972,972,378566616,7,14,4220442,0,0,0,7,48,4907634,972,972,378566616,7,14,4220442,0,0,0,7,48,4907634
201912,06,387000,037,2477,66070 ,00000 ,33371 ,348,31080, , ,91773      ,4,9,12,San Dimas,20,20,8964528,0,0,0,0,0,0,0,0,0,20,20,8964528,0,0,0,0,0,0,0,0,0
201912,06,388000,037,2480,66140 ,00000 ,23645 ,348,31080, , ,91340      ,4,9,6,San Fernando,48,48,2292535,2,4,600000,3,9,225000,0,0,0,43,43,1928900,0,0,0,0,0,0,0,0,0
201912,06,389000,075,2485,67000 ,00000 ,805235 ,488,41860, ,1,94103      ,4,9,12,San Francisco,22,22,6073858,18,36,6709517,12,40,8115497,31,3102,892895418,22,22,6073858,18,36,6709517,12,40,8115497,31,3102,892895418
201912,06,390000,037,2490,67042 ,00000 ,39718 ,348,31080, , ,917780130  ,4,9,12,San Gabriel,15,15,2073672,0,0,0,0,0,0,0,0,0,15,15,2073672,0,0,0,0,0,0,0,0,0
201912,06,391000,065,2500,67112 ,00000 ,44199 ,348,40140, , ,92583      ,4,9,12,San Jacinto,147,147,19391037,0,0,0,0,0,0,0,0,0,147,147,19391037,0,0,0,0,0,0,0,0,0
201912,06,392000,019,2505,67126 ,00000 ,4001 ,260,23420, , ,93660      ,4,9,11,San Joaquin,0,0,0,0,0,0,0,0,0,0,0,0,0,0,0,0,0,0,0,0,0,0,0,0
201912,06,393000,077,    ,99990 ,00000 ,141995 ,488,44700, , ,95205      ,4,9,10,San Joaquin County Unincorporated Area,645,645,193966711,0,0,0,0,0,0,0,0,0,530,530,158418673,0,0,0,0,0,0,0,0,0
201912,06,394000,085,2510,68000 ,00000 ,945942 ,488,41940, ,1,951131905  ,4,9,12,San Jose,514,514,83729638,0,0,0,2,8,1319814,74,1823,244500429,514,514,83729638,0,0,0,2,8,1319814,74,1823,244500429
201912,06,395000,069,2515,68014 ,00000 ,1862 ,488,41940, , ,95045      ,4,9,12,San Juan Bautista,76,76,34651484,0,0,0,0,0,0,0,0,0,76,76,34651484,0,0,0,0,0,0,0,0,0
201912,06,396000,059,2519,68028 ,00000 ,34593 ,348,31080, , ,92675      ,4,9,9,San Juan Capistrano,45,45,21363628,0,0,0,7,21,4626846,0,0,0,34,34,17050737,0,0,0,4,12,2646270,0,0,0
201912,06,397000,001,6420,68084 ,00000 ,84950 ,488,41860, , ,94577      ,4,9,12,San Leandro,34,34,3291226,2,4,156148,0,0,0,0,0,0,34,34,3291226,2,4,156148,0,0,0,0,0,0
201912,06,399000,079,    ,99990 ,00000 ,118118 ,999,42020, , ,93408      ,4,9,12,San Luis Obispo County Unincorporated Area,339,339,102405674,1,2,695955,0,0,0,0,0,0,339,339,102405674,1,2,695955,0,0,0,0,0,0
201912,06,400000,073,2537,68196 ,00000 ,83781 ,999,41740, , ,920692918  ,4,9,12,San Marcos,172,172,31006768,9,18,2819844,5,15,2892771,0,0,0,172,172,31006768,9,18,2819844,5,15,2892771,0,0,0
201912,06,401000,037,2545,68224 ,00000 ,13147 ,348,31080, , ,91108      ,4,9,4,San Marino,8,8,6250300,0,0,0,0,0,0,0,0,0,0,0,0,0,0,0,0,0,0,0,0,0
201912,06,402000,081,2555,68252 ,00000 ,97207 ,488,41860, ,1,944031388  ,4,9,12,San Mateo,9,9,5134000,0,0,0,0,0,0,4,330,103592177,9,9,5134000,0,0,0,0,0,0,4,330,103592177
201912,06,403000,081,    ,99990 ,00000 ,61222 ,488,41860, , ,94063      ,4,9,11,San Mateo County Unincorporated Area,39,39,32193930,1,2,480300,0,0,0,1,67,10047420,35,35,28430074,1,2,480300,0,0,0,1,67,10047420
201912,06,404000,013,2560,68294 ,00000 ,29139 ,488,41860, , ,94806      ,4,9,12,San Pablo,6,6,634262,0,0,0,0,0,0,0,0,0,6,6,634262,0,0,0,0,0,0,0,0,0
201912,06,405000,041,6486,68364 ,00000 ,57713 ,488,41860, ,1,94901      ,4,9,11,San Rafael,11,11,4828633,0,0,0,0,0,0,0,0,0,10,10,4304005,0,0,0,0,0,0,0,0,0
201912,06,406000,013,2567,68378 ,00000 ,72148 ,488,41860, ,1,94583      ,4,9,12,San Ramon,74,74,22877492,0,0,0,0,0,0,4,20,4638420,74,74,22877492,0,0,0,0,0,0,4,20,4638420
201912,06,408000,019,6378,67056 ,00000 ,24270 ,260,23420, , ,93657      ,4,9,12,Sanger,52,52,9054000,0,0,0,0,0,0,0,0,0,52,52,9054000,0,0,0,0,0,0,0,0,0
201912,06,409000,059,2570,69000 ,00000 ,324528 ,348,31080, ,1,92702      ,4,9,7,Santa Ana,116,116,27347304,0,0,0,0,0,0,6,127,16877067,44,44,12571611,0,0,0,0,0,0,1,6,2157308
201912,06,411000,083,    ,99990 ,00000 ,133417 ,999,42200,2, ,93101      ,4,9,12,Santa Barbara County Unincorporated Area,241,241,125104667,0,0,0,0,0,0,3,17,2984226,241,241,125104667,0,0,0,0,0,0,3,17,2984226
201912,06,412000,085,2580,69084 ,00000 ,116468 ,488,41940, ,1,95050      ,4,9,11,Santa Clara,175,175,46041536,0,0,0,2,8,2623860,11,540,139069364,162,162,42623112,0,0,0,2,8,2623860,10,423,109882012
201912,06,413000,085,    ,99990 ,00000 ,89960 ,488,41940, , ,95110      ,4,9,12,Santa Clara County Unincorporated Area,50,50,39277175,0,0,0,0,0,0,0,0,0,50,50,39277175,0,0,0,0,0,0,0,0,0
201912,06,414000,037,2583,69088 ,00000 ,176320 ,348,31080, , ,91355      ,4,9,12,Santa Clarita,389,389,103828052,6,12,3741588,0,0,0,15,493,72135070,389,389,103828052,6,12,3741588,0,0,0,15,493,72135070
201912,06,416000,087,    ,99990 ,00000 ,129739 ,488,42100, , ,95060      ,4,9,0,Santa Cruz County Unincorporated Area,120,120,25839336,0,0,0,8,26,2985398,18,110,11188189,0,0,0,0,0,0,0,0,0,0,0,0
201912,06,417000,037,6534,69154 ,00000 ,16223 ,348,31080, , ,90670      ,4,9,12,Santa Fe Springs,0,0,0,0,0,0,0,0,0,0,0,0,0,0,0,0,0,0,0,0,0,0,0,0
201912,06,419000,037,2600,70000 ,00000 ,89736 ,348,31080, ,1,90401      ,4,9,1,Santa Monica,74,74,61326763,4,8,3146334,0,0,0,3,15,3000000,11,11,6363193,1,2,1200000,0,0,0,0,0,0
201912,06,421000,097,2615,70098 ,00000 ,167815 ,488,42220, ,1,95404      ,4,9,12,Santa Rosa,939,939,429962446,0,0,0,0,0,0,13,251,41604470,939,939,429962446,0,0,0,0,0,0,13,251,41604470
201912,06,422000,073,2623,70224 ,00000 ,53413 ,999,41740, , ,92071      ,4,9,12,Santee,2,2,502000,0,0,0,0,0,0,12,133,14241857,2,2,502000,0,0,0,0,0,0,12,133,14241857
201912,06,423000,085,2630,70280 ,00000 ,29926 ,488,41940, , ,95070      ,4,9,11,Saratoga,51,51,45466449,0,0,0,0,0,0,0,0,0,48,48,42783726,0,0,0,0,0,0,0,0,0
201912,06,424000,041,2640,70364 ,00000 ,7061 ,488,41860, , ,94965      ,4,9,12,Sausalito,2,2,866807,0,0,0,0,0,0,0,0,0,2,2,866807,0,0,0,0,0,0,0,0,0
201912,06,425000,087,2647,70588 ,00000 ,11580 ,488,42100, , ,95066      ,4,9,5,Scotts Valley,8,8,1264600,0,0,0,0,0,0,0,0,0,6,6,500600,0,0,0,0,0,0,0,0,0
201912,06,426000,059,2650,70686 ,00000 ,24168 ,348,31080, , ,90740      ,4,9,11,Seal Beach,11,11,5439025,0,0,0,0,0,0,0,0,0,11,11,5439025,0,0,0,0,0,0,0,0,0
201912,06,429000,019,2670,70882 ,00000 ,23219 ,260,23420, , ,936623728  ,4,9,0,Selma,26,26,4869568,0,0,0,0,0,0,0,0,0,0,0,0,0,0,0,0,0,0,0,0,0
201912,06,432000,091,    ,00000 ,00000 ,2471 ,999,99999, , ,95936      ,4,9,12,Sierra County,5,5,1755670,0,0,0,0,0,0,0,0,0,5,5,1755670,0,0,0,0,0,0,0,0,0
201912,06,433000,037,2690,71806 ,00000 ,10917 ,348,31080, , ,91024      ,4,9,12,Sierra Madre,0,0,0,0,0,0,0,0,0,0,0,0,0,0,0,0,0,0,0,0,0,0,0,0
201912,06,434000,037,2693,71876 ,00000 ,11016 ,348,31080, , ,90755      ,4,9,12,Signal Hill,1,1,125000,0,0,0,0,0,0,0,0,0,1,1,125000,0,0,0,0,0,0,0,0,0
201912,06,437000,073,2704,72506 ,00000 ,12867 ,999,41740, , ,920752215  ,4,9,12,Solana Beach,9,9,5502000,0,0,0,0,0,0,0,0,0,9,9,5502000,0,0,0,0,0,0,0,0,0
201912,06,438000,095,    ,99990 ,00000 ,18834 ,488,46700, , ,94533      ,4,9,12,Solano County Unincorporated Area,30,30,7580000,0,0,0,0,0,0,0,0,0,30,30,7580000,0,0,0,0,0,0,0,0,0
201912,06,441000,097,2715,72646 ,00000 ,10648 ,488,42220, , ,954766690  ,4,9,12,Sonoma,72,72,13983176,0,0,0,0,0,0,0,0,0,72,72,13983176,0,0,0,0,0,0,0,0,0
201912,06,442000,097,    ,99990 ,00000 ,145186 ,488,42220, , ,95403      ,4,9,12,Sonoma County Unincorporated Area,761,761,180347293,0,0,0,0,0,0,0,0,0,761,761,180347293,0,0,0,0,0,0,0,0,0
201912,06,443000,109,2720,72674 ,00000 ,4903 ,999,99999, , ,95370      ,4,9,12,Sonora,2,2,302940,0,0,0,0,0,0,0,0,0,2,2,302940,0,0,0,0,0,0,0,0,0
201912,06,444000,037,2725,72996 ,00000 ,20116 ,348,31080, , ,91733      ,4,9,11,South El Monte,30,30,5774119,2,4,740000,0,0,0,0,0,0,29,29,5690924,2,4,740000,0,0,0,0,0,0
201912,06,445000,037,2730,73080 ,00000 ,94396 ,348,31080, , ,90280      ,4,9,10,South Gate,41,41,2150446,1,2,291184,2,6,1077273,1,244,33492946,37,37,1947860,1,2,291184,2,6,1077273,1,244,33492946
201912,06,446000,017,2737,73108 ,00000 ,21403 ,472,40900, , ,96150      ,4,9,12,South Lake Tahoe,8,8,4371000,1,2,275000,0,0,0,1,16,13500000,8,8,4371000,1,2,275000,0,0,0,1,16,13500000
201912,06,447000,037,2755,73220 ,00000 ,25619 ,348,31080, , ,91030      ,4,9,8,South Pasadena,6,6,1247500,1,2,724000,0,0,0,1,5,1111111,5,5,757000,0,0,0,0,0,0,0,0,0
201912,06,448000,081,2765,73262 ,00000 ,63632 ,488,41860, ,1,94080      ,4,9,12,South San Francisco,32,32,20453788,0,0,0,0,0,0,1,172,41164326,32,32,20453788,0,0,0,0,0,0,1,172,41164326
201912,06,451000,059,2802,73962 ,00000 ,38186 ,348,31080, , ,90680      ,4,9,12,Stanton,114,114,26609121,0,0,0,0,0,0,0,0,0,114,114,26609121,0,0,0,0,0,0,0,0,0
201912,06,452000,077,2805,75000 ,00000 ,291707 ,488,44700, ,1,952021997  ,4,9,12,Stockton,302,302,99157420,0,0,0,0,0,0,14,162,18918674,302,302,99157420,0,0,0,0,0,0,14,162,18918674
201912,06,454000,085,2835,77000 ,00000 ,140081 ,488,41940, ,1,940883707  ,4,9,12,Sunnyvale,147,147,30501465,0,0,0,0,0,0,9,530,85545817,147,147,30501465,0,0,0,0,0,0,9,530,85545817
201912,06,458000,029,2860,77574 ,00000 ,9327 ,999,12540, , ,93268      ,4,9,11,Taft,13,13,2095047,0,0,0,0,0,0,0,0,0,12,12,1910913,0,0,0,0,0,0,0,0,0
201912,06,462000,065,2878,78120 ,00000 ,100097 ,348,40140, ,1,92590      ,4,9,12,Temecula,54,54,10707684,0,0,0,3,9,372716,8,160,14165951,54,54,10707684,0,0,0,3,9,372716,8,160,14165951
201912,06,463000,037,2880,78148 ,00000 ,35558 ,348,31080, , ,91780      ,4,9,12,Temple City,76,76,20991410,0,0,0,0,0,0,0,0,0,76,76,20991410,0,0,0,0,0,0,0,0,0
201912,06,465000,041,2903,78666 ,00000 ,8962 ,488,41860, , ,94920      ,4,9,12,Tiburon town,4,4,4726341,0,0,0,0,0,0,0,0,0,4,4,4726341,0,0,0,0,0,0,0,0,0
201912,06,466000,037,7428,80000 ,00000 ,145438 ,348,31080, ,1,90503      ,4,9,12,Torrance,78,78,16657093,0,0,0,1,3,800000,0,0,0,78,78,16657093,0,0,0,1,3,800000,0,0,0
201912,06,470000,107,2945,80644 ,00000 ,59278 ,999,47300, , ,93274      ,4,9,12,Tulare,330,330,72725601,18,36,3535000,0,0,0,11,96,8458284,330,330,72725601,18,36,3535000,0,0,0,11,96,8458284
201912,06,471000,107,    ,99990 ,00000 ,142872 ,999,47300,2, ,93277      ,4,9,12,Tulare County Unincorporated Area,177,177,46887789,3,6,73400,1,4,391280,0,0,0,177,177,46887789,3,6,73400,1,4,391280,0,0,0
201912,06,475000,059,2965,80854 ,00000 ,75540 ,348,31080, ,1,92780      ,4,9,11,Tustin,238,238,61665599,0,0,0,0,0,0,0,0,0,237,237,61279601,0,0,0,0,0,0,0,0,0
201912,06,476000,071,2971,80994 ,00000 ,25048 ,348,40140, , ,92277      ,4,9,11,Twentynine Palms,5,5,303800,0,0,0,0,0,0,0,0,0,3,3,176908,0,0,0,0,0,0,0,0,0
201912,06,478000,001,2977,81204 ,00000 ,69516 ,488,41860, , ,94587      ,4,9,12,Union City,15,15,4272350,0,0,0,0,0,0,0,0,0,15,15,4272350,0,0,0,0,0,0,0,0,0
201912,06,479000,071,2978,81344 ,00000 ,73732 ,348,40140, , ,91786      ,4,9,11,Upland,125,125,26691674,0,0,0,14,56,8229166,9,262,28779779,112,112,23184369,0,0,0,14,56,8229166,9,262,28779779
201912,06,480000,095,2981,81554 ,00000 ,92428 ,488,46700, , ,95688      ,4,9,12,Vacaville,378,378,108372939,0,0,0,0,0,0,0,0,0,378,378,108372939,0,0,0,0,0,0,0,0,0
201912,06,481000,095,2984,81666 ,00000 ,115942 ,488,46700, ,1,94590      ,4,9,12,Vallejo,54,54,14788650,0,0,0,0,0,0,0,0,0,54,54,14788650,0,0,0,0,0,0,0,0,0
201912,06,483000,037,2996,82422 ,00000 ,112 ,348,31080, , ,900581714  ,4,9,8,Vernon,0,0,0,0,0,0,0,0,0,0,0,0,0,0,0,0,0,0,0,0,0,0,0,0
201912,06,484000,071,2997,82590 ,00000 ,115903 ,348,40140, , ,92392      ,4,9,12,Victorville,439,439,129367494,0,0,0,0,0,0,0,0,0,439,439,129367494,0,0,0,0,0,0,0,0,0
201912,06,485000,059,3010,82744 ,00000 ,5812 ,348,31080, , ,92861      ,4,9,2,Villa Park,0,0,0,0,0,0,0,0,0,0,0,0,0,0,0,0,0,0,0,0,0,0,0,0
201912,06,486000,107,3019,82954 ,00000 ,124442 ,999,47300, ,1,93291      ,4,9,12,Visalia,678,678,167273461,0,0,0,1,3,334768,2,18,1307383,678,678,167273461,0,0,0,1,3,334768,2,18,1307383
201912,06,487000,073,3021,82996 ,00000 ,93834 ,999,41740, , ,92084      ,4,9,9,Vista,254,254,57415959,0,0,0,0,0,0,6,256,32876951,210,210,48081151,0,0,0,0,0,0,3,164,17998533
201912,06,488000,037,3025,83332 ,00000 ,29172 ,348,31080, , ,91789      ,4,9,12,Walnut,14,14,6776867,0,0,0,0,0,0,0,0,0,14,14,6776867,0,0,0,0,0,0,0,0,0
201912,06,489000,013,3030,83346 ,00000 ,64173 ,488,41860, ,1,94596      ,4,9,12,Walnut Creek,17,17,2838744,2,4,1500000,0,0,0,1,358,54119837,17,17,2838744,2,4,1500000,0,0,0,1,358,54119837
201912,06,494000,037,3070,84200 ,00000 ,106098 ,348,31080, , ,91790      ,4,9,12,West Covina,57,57,14358766,0,0,0,0,0,0,0,0,0,57,57,14358766,0,0,0,0,0,0,0,0,0
201912,06,495000,037,3080,84410 ,00000 ,34399 ,348,31080, , ,900694314  ,4,9,12,West Hollywood,16,16,5652239,0,0,0,2,7,1946801,13,162,41002403,16,16,5652239,0,0,0,2,7,1946801,13,162,41002403
201912,06,496000,113,3098,84816 ,00000 ,48744 ,472,40900, ,1,95691      ,4,9,12,West Sacramento,161,161,45147066,1,2,58853,0,0,0,3,156,20991903,161,161,45147066,1,2,58853,0,0,0,3,156,20991903
201912,06,497000,037,3082,84438 ,00000 ,8270 ,348,31080, , ,918021460  ,4,9,12,Westlake Village,1,1,130000,0,0,0,0,0,0,0,0,0,1,1,130000,0,0,0,0,0,0,0,0,0
201912,06,498000,059,3085,84550 ,00000 ,89701 ,348,31080, , ,92683      ,4,9,12,Westminster,74,74,10617339,1,2,304256,1,3,484579,4,113,11945171,74,74,10617339,1,2,304256,1,3,484579,4,113,11945171
201912,06,501000,037,3110,85292 ,00000 ,85331 ,348,31080, , ,90602      ,4,9,6,Whittier,25,25,6158888,2,4,804173,0,0,0,2,10,1853217,24,24,5895693,1,2,434000,0,0,0,1,5,1103217
201912,06,501100,065,3112,85446 ,00000 ,32176 ,348,40140, , ,92595      ,4,9,12,Wildomar,7,7,1586803,0,0,0,0,0,0,0,0,0,7,7,1586803,0,0,0,0,0,0,0,0,0
201912,06,504000,021,3125,85684 ,00000 ,6166 ,999,99999, , ,95988      ,4,9,12,Willows,4,4,770029,0,0,0,0,0,0,0,0,0,4,4,770029,0,0,0,0,0,0,0,0,0
201912,06,505000,113,3135,86034 ,00000 ,6624 ,472,40900, , ,95694      ,4,9,12,Winters,77,77,23166283,0,0,0,0,0,0,1,63,16167417,77,77,23166283,0,0,0,0,0,0,1,63,16167417
201912,06,506000,107,3145,86300 ,00000 ,7279 ,999,47300, , ,93286      ,4,9,12,Woodlake,47,47,5486810,0,0,0,0,0,0,0,0,0,47,47,5486810,0,0,0,0,0,0,0,0,0
201912,06,507000,113,3150,86328 ,00000 ,55468 ,472,40900, , ,95695      ,4,9,12,Woodland,386,386,121898556,0,0,0,0,0,0,0,0,0,386,386,121898556,0,0,0,0,0,0,0,0,0
201912,06,508000,081,3155,86440 ,00000 ,5287 ,488,41860, , ,94062      ,4,9,12,Woodside town,10,10,27280327,0,0,0,0,0,0,0,0,0,10,10,27280327,0,0,0,0,0,0,0,0,0
201912,06,509000,113,    ,99990 ,00000 ,24391 ,472,40900, , ,95695      ,4,9,12,Yolo County Unincorporated Area,12,12,5822996,0,0,0,0,0,0,0,0,0,12,12,5822996,0,0,0,0,0,0,0,0,0
201912,06,510000,059,3169,86832 ,00000 ,64234 ,348,31080, , ,928868714  ,4,9,12,Yorba Linda,108,108,35457846,0,0,0,0,0,0,0,0,0,108,108,35457846,0,0,0,0,0,0,0,0,0
201912,06,515000,071,3186,87042 ,00000 ,51367 ,348,40140, , ,923990181  ,4,9,0,Yucaipa,46,46,11815590,0,0,0,0,0,0,7,61,5401042,0,0,0,0,0,0,0,0,0,0,0,0
201912,06,516000,071,3187,87056 ,00000 ,20700 ,348,40140, , ,92284      ,4,9,10,Yucca Valley town,33,33,4317729,0,0,0,0,0,0,0,0,0,25,25,2803000,0,0,0,0,0,0,0,0,0
201912,08,001000,001,    ,99990 ,00000 ,88292 ,216,19740, , ,80601      ,4,8,12,Adams County Unincorporated Area,290,290,64708436,2,4,100000,1,3,499711,0,0,0,290,290,64708436,2,4,100000,1,3,499711,0,0,0
201912,08,007000,003,0015,01090 ,00000 ,8780 ,999,99999, , ,81101      ,4,8,12,Alamosa,18,18,3776043,5,10,2192955,0,0,0,0,0,0,18,18,3776043,5,10,2192955,0,0,0,0,0,0
201912,08,011000,093,0020,01530 ,00000 ,270 ,216,19740, , ,80420      ,4,8,2,Alma town,1,1,277935,0,0,0,0,0,0,0,0,0,1,1,277935,0,0,0,0,0,0,0,0,0
201912,08,015000,005,    ,99990 ,00000 ,83764 ,216,19740, , ,80112      ,4,8,11,Arapahoe County Unincorporated Area,473,473,134491465,0,0,0,0,0,0,3,218,28385710,451,451,128037922,0,0,0,0,0,0,3,218,28385710
201912,08,023000,059,0040,03455 ,00000 ,103584 ,216,19740,2, ,80002      ,4,8,12,Arvada,294,294,80483414,0,0,0,0,0,0,0,0,0,294,294,80483414,0,0,0,0,0,0,0,0,0
201912,08,031000,005,0055,04000 ,00000 ,285090 ,216,19740,2,1,800121553  ,4,8,12,Aurora,1523,1523,408835911,0,0,0,8,25,5336326,11,780,134178745,1523,1523,408835911,0,0,0,8,25,5336326,11,780,134178745
201912,08,045000,001,0075,06090 ,00000 ,1955 ,216,19740,2, ,801027806  ,4,8,12,Bennett town,55,55,17880082,0,0,0,2,8,1328168,0,0,0,55,55,17880082,0,0,0,2,8,1328168,0,0,0
201912,08,049000,069,0080,06255 ,00000 ,5042 ,999,22660,2, ,80513      ,4,8,10,Berthoud town,361,361,86235781,0,0,0,0,0,0,19,136,12058000,280,280,67922271,0,0,0,0,0,0,19,136,12058000
201912,08,053000,047,0090,07025 ,00000 ,118 ,216,19740, , ,80422      ,4,8,12,Black Hawk,0,0,0,0,0,0,0,0,0,0,0,0,0,0,0,0,0,0,0,0,0,0,0,0
201912,08,063000,013,0110,07850 ,00000 ,97385 ,216,14500, ,1,803060791  ,4,8,12,Boulder,41,41,39694759,0,0,0,0,0,0,17,286,60464330,41,41,39694759,0,0,0,0,0,0,17,286,60464330
201912,08,065000,013,    ,99990 ,00000 ,43380 ,216,14500,2, ,80306      ,4,8,12,Boulder County Unincorporated Area,61,61,39672827,0,0,0,0,0,0,0,0,0,61,61,39672827,0,0,0,0,0,0,0,0,0
201912,08,067000,005,0115,08070 ,00000 ,589 ,216,19740,2, ,801231586  ,4,8,0,Bow Mar town,0,0,0,0,0,0,0,0,0,0,0,0,0,0,0,0,0,0,0,0,0,0,0,0
201912,08,075000,001,0130,08675 ,00000 ,33009 ,216,19740,2, ,80601      ,4,8,11,Brighton,435,435,127321746,0,0,0,0,0,0,0,0,0,411,411,118659047,0,0,0,0,0,0,0,0,0
201912,08,079000,043,0140,09115 ,00000 ,233 ,999,99999, , ,81212      ,4,8,12,Brookside town,0,0,0,0,0,0,0,0,0,0,0,0,0,0,0,0,0,0,0,0,0,0,0,0
201912,08,083000,014,0143,09280 ,00000 ,55889 ,216,19740,2,1,80020      ,4,8,12,Broomfield,333,333,118197893,2,4,955282,0,0,0,1,6,1210636,333,333,118197893,2,4,955282,0,0,0,1,6,1210636
201912,08,095000,041,0165,11260 ,00000 ,780 ,999,17820, , ,808088203  ,4,8,11,Calhan town,0,0,0,0,0,0,0,0,0,0,0,0,0,0,0,0,0,0,0,0,0,0,0,0
201912,08,099000,043,0610,11810 ,00000 ,16400 ,999,99999, , ,812151460  ,4,8,12,Canon City,33,33,9181833,1,2,320081,0,0,0,1,8,1000000,33,33,9181833,1,2,320081,0,0,0,1,8,1000000
201912,08,102900,035,0186,12387 ,00000 ,10360 ,216,19740, , ,80108      ,4,8,12,Castle Pines,254,254,83008301,0,0,0,0,0,0,0,0,0,254,254,83008301,0,0,0,0,0,0,0,0,0
201912,08,103000,035,0188,12415 ,00000 ,48231 ,216,19740, , ,80104      ,4,8,11,Castle Rock town,935,935,255765541,0,0,0,0,0,0,8,78,10295556,849,849,232563370,0,0,0,0,0,0,5,30,3847094
201912,08,106000,005,0193,12815 ,00000 ,100377 ,216,19740, ,1,80112      ,4,8,12,Centennial,104,104,29204419,1,2,406062,1,4,806202,0,0,0,104,104,29204419,1,2,406062,1,4,806202,0,0,0
201912,08,111000,047,0200,12910 ,00000 ,663 ,216,19740,2, ,80427      ,4,8,12,Central City,0,0,0,0,0,0,0,0,0,0,0,0,0,0,0,0,0,0,0,0,0,0,0,0
201912,08,113000,015,    ,00000 ,00000 ,9219 ,999,99999, , ,81201      ,4,8,2,Chaffee County,143,143,36895077,3,6,971886,5,15,2748500,0,0,0,30,30,6957079,0,0,0,0,0,0,0,0,0
201912,08,117000,005,0210,13845 ,00000 ,5987 ,216,19740, , ,80113      ,4,8,12,Cherry Hills Village,7,7,21237070,0,0,0,0,0,0,0,0,0,7,7,21237070,0,0,0,0,0,0,0,0,0
201912,08,119000,017,    ,99990 ,00000 ,757 ,999,99999, , ,808100567  ,4,8,0,Cheyenne County Unincorporated Area,6,6,714510,0,0,0,0,0,0,0,0,0,0,0,0,0,0,0,0,0,0,0,0,0
201912,08,123000,019,    ,99990 ,00000 ,5885 ,216,19740,2, ,80444      ,4,8,11,Clear Creek County Unincorporated Area,17,17,4849946,0,0,0,0,0,0,0,0,0,16,16,4590388,0,0,0,0,0,0,0,0,0
201912,08,133000,005,0244,16385 ,00000 ,1256 ,216,19740, , ,80123      ,4,8,12,Columbine Valley town,10,10,10051185,0,0,0,0,0,0,0,0,0,10,10,10051185,0,0,0,0,0,0,0,0,0
201912,08,135000,001,0245,16495 ,00000 ,45913 ,216,19740, ,1,80022      ,4,8,12,Commerce City,629,629,184446241,0,0,0,0,0,0,0,0,0,629,629,184446241,0,0,0,0,0,0,0,0,0
201912,08,147000,079,0796,14765 ,00000 ,290 ,999,99999, , ,81130      ,4,8,12,City of Creede town,4,4,845404,0,0,0,0,0,0,0,0,0,4,4,845404,0,0,0,0,0,0,0,0,0
201912,08,151000,119,0280,18530 ,00000 ,1189 ,999,17820, , ,80813      ,4,8,0,Cripple Creek,0,0,0,0,0,0,0,0,0,0,0,0,0,0,0,0,0,0,0,0,0,0,0,0
201912,08,159000,027,    ,99990 ,00000 ,3100 ,999,99999, , ,81252      ,4,8,12,Custer County Unincorporated Area,76,76,21528259,0,0,0,0,0,0,0,0,0,76,76,21528259,0,0,0,0,0,0,0,0,0
201912,08,161000,123,0295,19080 ,00000 ,4152 ,216,24540, , ,805140186  ,4,8,12,Dacono,72,72,16735860,0,0,0,0,0,0,0,0,0,72,72,16735860,0,0,0,0,0,0,0,0,0
201912,08,165000,005,0305,19630 ,00000 ,546 ,216,19740, , ,80105      ,4,8,11,Deer Trail town,57,57,10117660,0,0,0,0,0,0,0,0,0,54,54,9590371,0,0,0,0,0,0,0,0,0
201912,08,173000,031,0320,20000 ,00000 ,600158 ,216,19740,2,1,80202      ,4,8,12,Denver,2257,2257,619450228,0,0,0,2,7,1197560,51,5066,646993135,2257,2257,619450228,0,0,0,2,7,1197560,51,5066,646993135
201912,08,181000,083,0335,20770 ,00000 ,936 ,999,99999, , ,81323      ,4,8,4,Dolores town,3,3,255789,1,2,230000,0,0,0,0,0,0,0,0,0,1,2,230000,0,0,0,0,0,0
201912,08,183000,035,    ,99990 ,00000 ,171031 ,216,19740,2, ,80104      ,4,8,12,Douglas County Unincorporated Area,970,970,296903812,14,28,4821482,12,41,6482384,20,331,30348611,970,970,296903812,14,28,4821482,12,41,6482384,20,331,30348611
201912,08,193000,037,0360,22200 ,00000 ,6508 ,999,99999, , ,81631      ,4,8,12,Eagle town,19,19,7313676,0,0,0,5,18,2200644,2,28,3210133,19,19,7313676,0,0,0,5,18,2200644,2,28,3210133
201912,08,199000,059,0380,23135 ,00000 ,5170 ,216,19740, , ,80214      ,4,8,6,Edgewater,1,1,255600,0,0,0,0,0,0,0,0,0,0,0,0,0,0,0,0,0,0,0,0,0
201912,08,201000,041,    ,99990 ,00000 ,165533 ,999,17820,2, ,80910      ,4,8,12,El Paso County Unincorporated Area,3931,3931,1479124495,49,98,8320689,11,43,6742242,46,1316,178253695,3931,3931,1479124495,49,98,8320689,11,43,6742242,46,1316,178253695
201912,08,203000,039,    ,99990 ,00000 ,20387 ,216,19740, , ,80117      ,4,8,12,Elbert County Unincorporated Area,122,122,40714068,0,0,0,0,0,0,0,0,0,122,122,40714068,0,0,0,0,0,0,0,0,0
201912,08,205000,039,0385,23740 ,00000 ,1358 ,216,19740, , ,80107      ,4,8,12,Elizabeth town,71,71,18412608,0,0,0,0,0,0,0,0,0,71,71,18412608,0,0,0,0,0,0,0,0,0
201912,08,209000,005,0395,24785 ,00000 ,30255 ,216,19740, , ,80110      ,4,8,12,Englewood,120,120,26391984,0,0,0,0,0,0,3,36,1853280,120,120,26391984,0,0,0,0,0,0,3,36,1853280
201912,08,213000,123,0400,24950 ,00000 ,9787 ,216,24540,2, ,805160750  ,4,8,10,Erie town,583,583,171335318,0,0,0,4,15,1641330,1,7,1076708,502,502,149185983,0,0,0,0,0,0,0,0,0
201912,08,215000,069,0405,25115 ,00000 ,5858 ,999,22660, , ,80517      ,4,8,12,Estes Park town,23,23,13126344,0,0,0,4,16,1600000,0,0,0,23,23,13126344,0,0,0,4,16,1600000,0,0,0
201912,08,217000,123,0415,25280 ,00000 ,18537 ,216,24540, , ,806152036  ,4,8,6,Evans,82,82,16007972,2,4,739716,0,0,0,1,5,717908,35,35,7305968,0,0,0,0,0,0,0,0,0
201912,08,219000,093,0425,25610 ,00000 ,679 ,216,19740, , ,804400267  ,4,8,12,Fairplay town,1,1,120000,0,0,0,0,0,0,0,0,0,1,1,120000,0,0,0,0,0,0,0,0,0
201912,08,221000,001,0430,26270 ,00000 ,11467 ,216,19740, , ,80221      ,4,8,12,Federal Heights,0,0,0,0,0,0,0,0,0,0,0,0,0,0,0,0,0,0,0,0,0,0,0,0
201912,08,223000,123,0435,26600 ,00000 ,10147 ,216,24540, , ,80504      ,4,8,12,Firestone town,261,261,74339565,0,0,0,0,0,0,7,159,10332680,261,261,74339565,0,0,0,0,0,0,7,159,10332680
201912,08,231000,069,0455,27425 ,00000 ,143986 ,999,22660, ,1,805228052  ,4,8,12,Fort Collins,316,316,76806070,3,6,502198,5,19,3112989,31,607,78817542,316,316,76806070,3,6,502198,5,19,3112989,31,607,78817542
201912,08,240000,005,0483,28105 ,00000 ,685 ,216,19740, , ,80108      ,4,8,12,Foxfield town,1,1,1900000,0,0,0,0,0,0,0,0,0,1,1,1900000,0,0,0,0,0,0,0,0,0
201912,08,243000,123,0490,28360 ,00000 ,8679 ,216,24540, , ,805300435  ,4,8,11,Frederick town,277,277,71639434,0,0,0,0,0,0,0,0,0,263,263,68116683,0,0,0,0,0,0,0,0,0
201912,08,257000,019,0520,29735 ,00000 ,1034 ,216,19740, , ,80444      ,4,8,11,Georgetown town,3,3,932290,0,0,0,0,0,0,0,0,0,3,3,932290,0,0,0,0,0,0,0,0,0
201912,08,261000,047,    ,99990 ,00000 ,4660 ,216,19740, , ,80427      ,4,8,12,Gilpin County Unincorporated Area,32,32,8812497,0,0,0,0,0,0,0,0,0,32,32,8812497,0,0,0,0,0,0,0,0,0
201912,08,263000,005,0530,30340 ,00000 ,4184 ,216,19740, , ,80246      ,4,8,12,Glendale,0,0,0,0,0,0,0,0,0,0,0,0,0,0,0,0,0,0,0,0,0,0,0,0
201912,08,267000,059,0540,30835 ,00000 ,18867 ,216,19740, , ,80401      ,4,8,7,Golden,13,13,4393235,0,0,0,0,0,0,0,0,0,5,5,1900000,0,0,0,0,0,0,0,0,0
201912,08,273000,049,    ,99990 ,00000 ,8178 ,999,99999,2, ,80451      ,4,8,12,Grand County Unincorporated Area,119,119,42784917,2,4,600497,0,0,0,0,0,0,119,119,42784917,2,4,600497,0,0,0,0,0,0
201912,08,279000,123,0570,32155 ,00000 ,92889 ,216,24540, ,1,80631      ,4,8,12,Greeley,170,170,42927644,0,0,0,6,22,4942072,25,675,85969899,170,170,42927644,0,0,0,6,22,4942072,25,675,85969899
201912,08,285000,005,0580,33035 ,00000 ,13925 ,216,19740, , ,80111      ,4,8,12,Greenwood Village,14,14,20089746,0,0,0,0,0,0,0,0,0,14,14,20089746,0,0,0,0,0,0,0,0,0
201912,08,287000,123,0585,33310 ,00000 ,137 ,216,24540, , ,80729      ,4,8,12,Grover town,0,0,0,0,0,0,0,0,0,0,0,0,0,0,0,0,0,0,0,0,0,0,0,0
201912,08,321000,073,0655,37875 ,00000 ,730 ,999,99999, , ,80821      ,4,8,12,Hugo town,6,6,1363505,0,0,0,0,0,0,0,0,0,6,6,1363505,0,0,0,0,0,0,0,0,0
201912,08,323000,019,0660,38370 ,00000 ,1717 ,216,19740, , ,80452      ,4,8,12,Idaho Springs,0,0,0,0,0,0,0,0,0,2,47,9500000,0,0,0,0,0,0,0,0,0,2,47,9500000
201912,08,333000,059,    ,99990 ,00000 ,187757 ,216,19740, , ,804193540  ,4,8,12,Jefferson County Unincorporated Area,207,207,90207866,0,0,0,0,0,0,2,334,41713975,207,207,90207866,0,0,0,0,0,0,2,334,41713975
201912,08,335000,123,0690,39855 ,00000 ,9350 ,216,24540,2, ,805340609  ,4,8,12,Johnstown town,86,86,20197073,0,0,0,0,0,0,0,0,0,86,86,20197073,0,0,0,0,0,0,0,0,0
201912,08,339000,123,0700,40185 ,00000 ,1127 ,216,24540, , ,80643      ,4,8,11,Keenesburg town,4,4,602792,0,0,0,0,0,0,0,0,0,4,4,602792,0,0,0,0,0,0,0,0,0
201912,08,347000,039,0715,40790 ,00000 ,723 ,216,19740, , ,80117      ,4,8,12,Kiowa town,3,3,427000,0,0,0,0,0,0,0,0,0,3,3,427000,0,0,0,0,0,0,0,0,0
201912,08,359000,067,    ,99990 ,00000 ,31417 ,999,99999, , ,81301      ,4,8,12,La Plata County Unincorporated Area,150,150,87928822,0,0,0,0,0,0,0,0,0,150,150,87928822,0,0,0,0,0,0,0,0,0
201912,08,365000,013,0735,41835 ,00000 ,24453 ,216,14500, , ,80026      ,4,8,11,Lafayette,97,97,22770083,0,0,0,0,0,0,3,81,9379311,84,84,19323650,0,0,0,0,0,0,0,0,0
201912,08,373000,059,0760,43000 ,00000 ,142980 ,216,19740, ,1,80226      ,4,8,12,Lakewood,235,235,36194137,16,32,5512505,0,0,0,10,648,93193703,235,235,36194137,16,32,5512505,0,0,0,10,648,93193703
201912,08,375000,099,0765,43110 ,00000 ,7804 ,999,99999, , ,81052      ,4,8,12,Lamar,2,2,265000,0,0,0,0,0,0,0,0,0,2,2,265000,0,0,0,0,0,0,0,0,0
201912,08,377000,069,    ,99990 ,00000 ,65860 ,999,22660, , ,805221190  ,4,8,12,Larimer County Unincorporated Area,144,144,47934878,3,6,1012657,0,0,0,0,0,0,144,144,47934878,3,6,1012657,0,0,0,0,0,0
201912,08,383000,071,    ,99990 ,00000 ,5537 ,999,99999,2, ,81082      ,4,8,12,Las Animas County Unincorporated Area,28,28,4043000,0,0,0,0,0,0,0,0,0,28,28,4043000,0,0,0,0,0,0,0,0,0
201912,08,391000,005,0810,45255 ,00000 ,39328 ,216,19740,2, ,80165      ,4,8,11,Littleton,29,29,7919479,1,2,185742,0,0,0,2,65,10753090,25,25,6866953,0,0,0,0,0,0,2,65,10753090
201912,08,399500,035,0817,45955 ,00000 ,10218 ,216,19740, , ,80124      ,4,8,6,Lone Tree,47,47,18051461,0,0,0,0,0,0,0,0,0,15,15,7040172,0,0,0,0,0,0,0,0,0
201912,08,401000,013,0820,45970 ,00000 ,86240 ,216,14500,2, ,80501      ,4,8,12,Longmont,427,427,148754680,0,0,0,0,0,0,23,539,67793522,427,427,148754680,0,0,0,0,0,0,23,539,67793522
201912,08,403000,013,0825,46355 ,00000 ,18376 ,216,14500, , ,80027      ,4,8,12,Louisville,32,32,7618577,0,0,0,0,0,0,0,0,0,32,32,7618577,0,0,0,0,0,0,0,0,0
201912,08,405000,069,2640,46465 ,00000 ,66859 ,999,22660, , ,80537      ,4,8,11,Loveland,269,269,72815752,0,0,0,1,3,206922,2,76,16141745,242,242,65389089,0,0,0,1,3,206922,1,58,13794812
201912,08,411000,083,0845,48115 ,00000 ,1336 ,999,99999, , ,81328      ,4,8,0,Mancos town,3,3,585180,0,0,0,0,0,0,0,0,0,0,0,0,0,0,0,0,0,0,0,0,0
201912,08,425000,077,    ,00000 ,00000 ,71607 ,999,24300, , ,815025001  ,4,8,12,Mesa County,619,619,111351061,7,14,1772923,0,0,0,4,126,9309566,619,619,111351061,7,14,1772923,0,0,0,4,126,9309566
201912,08,451000,059,0920,52075 ,00000 ,428 ,216,19740, , ,804653001  ,4,8,12,Morrison town,0,0,0,0,0,0,0,0,0,0,0,0,0,0,0,0,0,0,0,0,0,0,0,0
201912,08,455000,059,0925,52350 ,00000 ,507 ,216,19740, , ,80212      ,4,8,10,Mountain View town,2,2,850075,0,0,0,0,0,0,0,0,0,1,1,400000,0,0,0,0,0,0,0,0,0
201912,08,463000,001,0943,54330 ,00000 ,35777 ,216,19740,2, ,80233      ,4,8,10,Northglenn,2,2,869793,4,8,930631,0,0,0,0,0,0,2,2,869793,4,8,930631,0,0,0,0,0,0
201912,08,475000,085,0970,55540 ,00000 ,1849 ,999,99999, , ,81425      ,4,8,11,Olathe town,0,0,0,0,0,0,0,0,0,0,0,0,0,0,0,0,0,0,0,0,0,0,0,0
201912,08,507000,093,    ,99990 ,00000 ,15257 ,216,19740, , ,80440      ,4,8,12,Park County Unincorporated Area,172,172,46097729,0,0,0,0,0,0,0,0,0,172,172,46097729,0,0,0,0,0,0,0,0,0
201912,08,509000,035,1039,57630 ,00000 ,45297 ,216,19740, , ,80134      ,4,8,12,Parker town,417,417,148208079,0,0,0,0,0,0,2,58,10322595,417,417,148208079,0,0,0,0,0,0,2,58,10322595
201912,08,533000,101,    ,99990 ,00000 ,51976 ,444,39380,2, ,81003      ,4,8,12,Pueblo County Unincorporated Area,484,484,78252607,0,0,0,1,4,509924,0,0,0,484,484,78252607,0,0,0,1,4,509924,0,0,0
201912,08,535000,041,1090,62660 ,00000 ,123 ,999,17820, , ,808320129  ,4,8,11,Ramah town,0,0,0,0,0,0,0,0,0,0,0,0,0,0,0,0,0,0,0,0,0,0,0,0
201912,08,565000,109,1155,67005 ,00000 ,485 ,999,99999, , ,811490417  ,4,8,2,Saguache town,0,0,0,0,0,0,0,0,0,0,0,0,0,0,0,0,0,0,0,0,0,0,0,0
201912,08,585000,123,1195,69150 ,00000 ,3165 ,216,24540, , ,80546      ,4,8,12,Severance town,433,433,108933023,0,0,0,0,0,0,0,0,0,433,433,108933023,0,0,0,0,0,0,0,0,0
201912,08,587000,005,1200,69645 ,00000 ,5664 ,216,19740, , ,80110      ,4,8,0,Sheridan,13,13,2162327,1,2,247333,4,12,1396207,0,0,0,0,0,0,0,0,0,0,0,0,0,0,0
201912,08,595000,019,1220,70360 ,00000 ,170 ,216,19740, , ,80476      ,4,8,12,Silver Plume town,0,0,0,0,0,0,0,0,0,0,0,0,0,0,0,0,0,0,0,0,0,0,0,0
201912,08,597000,117,1222,70525 ,00000 ,3887 ,999,99999, , ,80498      ,4,8,12,Silverthorne town,126,126,55522444,0,0,0,0,0,0,4,54,10704870,126,126,55522444,0,0,0,0,0,0,4,54,10704870
201912,08,601000,039,1230,70635 ,00000 ,618 ,216,19740, , ,80835      ,4,8,9,Simla town,0,0,0,0,0,0,0,0,0,0,0,0,0,0,0,0,0,0,0,0,0,0,0,0
201912,08,615000,025,1265,74815 ,00000 ,258 ,999,99999, , ,810760060  ,4,8,12,Sugar City town,1,1,86000,0,0,0,0,0,0,0,0,0,1,1,86000,0,0,0,0,0,0,0,0,0
201912,08,625000,119,    ,99990 ,00000 ,14536 ,999,17820,2, ,80866      ,4,8,12,Teller County Unincorporated Area,91,91,25378488,0,0,0,0,0,0,0,0,0,91,91,25378488,0,0,0,0,0,0,0,0,0
201912,08,629000,001,1285,77290 ,00000 ,118772 ,216,19740,2, ,80229      ,4,8,12,Thornton,752,752,206751742,0,0,0,0,0,0,10,128,35307922,752,752,206751742,0,0,0,0,0,0,10,128,35307922
201912,08,631000,069,1290,77510 ,00000 ,625 ,999,22660,2, ,80547      ,4,8,12,Timnath town,368,368,104415991,0,0,0,4,16,1158582,0,0,0,368,368,104415991,0,0,0,4,16,1158582,0,0,0
201912,08,639000,119,1310,80865 ,00000 ,397 ,999,17820, , ,80860      ,4,8,11,Victor,0,0,0,0,0,0,0,0,0,0,0,0,0,0,0,0,0,0,0,0,0,0,0,0
201912,08,655000,123,    ,99990 ,00000 ,42473 ,216,24540, , ,80631      ,4,8,12,Weld County Unincorporated Area,157,157,52726636,0,0,0,0,0,0,0,0,0,157,157,52726636,0,0,0,0,0,0,0,0,0
201912,08,657000,069,1345,83230 ,00000 ,6289 ,999,22660, , ,80549      ,4,8,12,Wellington town,115,115,28963346,1,2,450000,0,0,0,10,58,12477136,115,115,28963346,1,2,450000,0,0,0,10,58,12477136
201912,08,661000,001,1355,83835 ,00000 ,63696 ,216,19740,2, ,80031      ,4,8,12,Westminster,108,108,29642441,0,0,0,0,0,0,3,242,28772039,108,108,29642441,0,0,0,0,0,0,3,242,28772039
201912,08,665000,059,1360,84440 ,00000 ,30166 ,216,19740, , ,800338001  ,4,8,12,Wheat Ridge,42,42,11139964,2,4,884799,1,4,765696,0,0,0,42,42,11139964,2,4,884799,1,4,765696,0,0,0
201912,08,673000,123,4560,85485 ,00000 ,14070 ,216,24540,2, ,80550      ,4,8,11,Windsor town,782,782,215709964,0,0,0,3,11,2560035,12,92,15544819,739,739,204114639,0,0,0,3,11,2560035,11,85,14647952
201912,08,677000,119,1380,86090 ,00000 ,7200 ,999,17820, , ,80866      ,4,8,12,Woodland Park,29,29,12035548,0,0,0,0,0,0,0,0,0,29,29,12035548,0,0,0,0,0,0,0,0,0
201912,15,001000,001,    ,00000 ,00000 ,185079 ,999,99999, , ,96720      ,4,9,5,Hawaii County,948,948,297549798,0,0,0,0,0,0,2,29,3229167,340,340,108808054,0,0,0,0,0,0,1,24,2900000
201912,15,005000,003,    ,00000 ,00000 ,953207 ,999,46520, ,1,968133006  ,4,9,10,Honolulu County,970,970,388404880,0,0,0,8,24,15590983,48,1614,304999317,817,817,331338887,0,0,0,8,24,15590983,42,1315,246498406
201912,15,009000,007,    ,00000 ,00000 ,67091 ,999,99999, , ,96766      ,4,9,12,Kauai County,174,174,122119494,3,6,1647275,0,0,0,0,0,0,174,174,122119494,3,6,1647275,0,0,0,0,0,0
201912,15,013000,009,    ,00000 ,00000 ,154834 ,999,27980, , ,96793      ,4,9,12,Maui County,513,513,170614755,6,12,2786465,17,68,28225000,2,64,16429729,513,513,170614755,6,12,2786465,17,68,28225000,2,64,16429729
201912,16,009000,001,    ,99990 ,00000 ,59731 ,147,14260, , ,83702      ,4,8,11,Ada County Unincorporated Area,565,565,189457013,0,0,0,0,0,0,0,0,0,523,523,177130092,0,0,0,0,0,0,0,0,0
201912,16,025000,019,0050,01990 ,91656 ,13816 ,292,26820, , ,83406      ,4,8,12,Ammon,175,175,35137265,0,0,0,0,0,0,0,0,0,175,175,35137265,0,0,0,0,0,0,0,0,0
201912,16,033000,005,0080,03340 ,93289 ,355 ,999,38540, , ,832140061  ,4,8,12,Arimo,1,1,164000,0,0,0,0,0,0,0,0,0,1,1,164000,0,0,0,0,0,0,0,0,0
201912,16,053000,005,    ,99990 ,00000 ,11628 ,999,38540, , ,832016210  ,4,8,2,Bannock County Unincorporated Area,38,38,8663817,0,0,0,0,0,0,0,0,0,3,3,560000,0,0,0,0,0,0,0,0,0
201912,16,065000,013,0140,06220 ,91380 ,2287 ,999,99999, , ,833130825  ,4,8,3,Bellevue,6,6,1153759,2,4,375829,0,0,0,0,0,0,4,4,703990,2,4,375829,0,0,0,0,0,0
201912,16,073000,011,    ,99990 ,00000 ,26405 ,999,99999,2, ,832211700  ,4,8,12,Bingham County Unincorporated Area,139,139,19918980,0,0,0,0,0,0,0,0,0,139,139,19918980,0,0,0,0,0,0,0,0,0
201912,16,093000,001,0180,08830 ,92668 ,205671 ,147,14260, ,1,83701      ,4,8,12,Boise City,698,698,203195315,10,20,3479360,6,24,2200056,23,839,114749727,698,698,203195315,10,20,3479360,6,24,2200056,23,839,114749727
201912,16,097000,015,    ,99990 ,00000 ,5621 ,147,14260,2, ,836311300  ,4,8,12,Boise County Unincorporated Area,69,69,21982912,0,0,0,0,0,0,0,0,0,69,69,21982912,0,0,0,0,0,0,0,0,0
201912,16,109000,019,    ,99990 ,00000 ,30213 ,292,26820, , ,83402      ,4,8,12,Bonneville County Unincorporated Area,268,268,41284525,0,0,0,2,8,500000,0,0,0,268,268,41284525,0,0,0,2,8,500000,0,0,0
201912,16,113000,021,    ,99990 ,00000 ,7711 ,999,99999,2, ,83805      ,4,8,0,Boundary County Unincorporated Area,60,60,14569696,0,0,0,0,0,0,0,0,0,0,0,0,0,0,0,0,0,0,0,0,0
201912,16,137000,023,    ,99990 ,00000 ,1633 ,292,26820, , ,83213      ,4,8,0,Butte County Unincorporated Area,0,0,0,0,0,0,0,0,0,0,0,0,0,0,0,0,0,0,0,0,0,0,0,0
201912,16,141000,027,0240,12250 ,90483 ,46237 ,147,14260, , ,83605      ,4,8,12,Caldwell,739,739,101656795,11,22,2222376,11,44,3293367,7,126,14179990,739,739,101656795,11,22,2222376,11,44,3293367,7,126,14179990
201912,16,153000,027,    ,99990 ,00000 ,50187 ,147,14260, , ,83651      ,4,8,10,Canyon County Unincorporated Area,460,460,82859063,0,0,0,0,0,0,0,0,0,408,408,72530490,0,0,0,0,0,0,0,0,0
201912,16,165000,031,    ,99990 ,00000 ,11401 ,999,99999,2, ,833181862  ,4,8,12,Cassia County Unincorporated Area,38,38,7756510,1,2,359896,0,0,0,0,0,0,38,38,7756510,1,2,359896,0,0,0,0,0,0
201912,16,181000,005,0300,14680 ,92852 ,13922 ,999,38540, , ,832020006  ,4,8,12,Chubbuck,96,96,9568332,0,0,0,5,20,1160000,0,0,0,96,96,9568332,0,0,0,5,20,1160000,0,0,0
201912,16,205000,055,0340,16750 ,90621 ,44137 ,518,17660, ,1,83814      ,4,8,6,Coeur dAlene,284,284,64439120,7,14,2952502,1,3,208794,9,273,30591734,152,152,38420964,2,4,894517,0,0,0,3,72,6926783
201912,16,217000,061,0370,19270 ,90690 ,501 ,999,99999, , ,83523      ,4,8,12,Craigmont,0,0,0,0,0,0,0,0,0,0,0,0,0,0,0,0,0,0,0,0,0,0,0,0
201912,16,277000,001,0520,23410 ,90345 ,19908 ,147,14260, , ,83616      ,4,8,12,Eagle,460,460,164995165,0,0,0,5,20,2663410,22,390,41218062,460,460,164995165,0,0,0,5,20,2663410,22,390,41218062
201912,16,281000,017,0530,23680 ,90598 ,210 ,999,99999, , ,838360186  ,4,8,12,East Hope,0,0,0,0,0,0,0,0,0,0,0,0,0,0,0,0,0,0,0,0,0,0,0,0
201912,16,289000,035,0550,25120 ,90920 ,125 ,999,99999, , ,838270202  ,4,8,12,Elk River,0,0,0,0,0,0,0,0,0,0,0,0,0,0,0,0,0,0,0,0,0,0,0,0
201912,16,297000,045,0560,25570 ,90966 ,6557 ,147,14260, , ,83617      ,4,8,11,Emmett,45,45,6071879,1,2,129910,1,4,392897,0,0,0,44,44,5950056,1,2,129910,1,4,392897,0,0,0
201912,16,301000,025,0570,26290 ,93749 ,416 ,999,99999, , ,83327      ,4,8,12,Fairfield,1,1,130000,0,0,0,0,0,0,0,0,0,1,1,130000,0,0,0,0,0,0,0,0,0
201912,16,329000,043,    ,99990 ,00000 ,6905 ,999,99999,2, ,83445      ,4,8,12,Fremont County Unincorporated Area,127,127,20604765,0,0,0,0,0,0,0,0,0,127,127,20604765,0,0,0,0,0,0,0,0,0
201912,16,337000,001,0650,29620 ,90345 ,10972 ,147,14260, , ,83714      ,4,8,11,Garden City,46,46,4903342,0,0,0,0,0,0,0,0,0,38,38,3640000,0,0,0,0,0,0,0,0,0
201912,16,341000,045,    ,99990 ,00000 ,10162 ,147,14260, , ,83617      ,4,8,12,Gem County Unincorporated Area,86,86,14433541,0,0,0,0,0,0,0,0,0,86,86,14433541,0,0,0,0,0,0,0,0,0
201912,16,369000,073,0710,32770 ,91311 ,452 ,147,14260,2, ,836240069  ,4,8,12,Grand View,1,1,36000,0,0,0,0,0,0,0,0,0,1,1,36000,0,0,0,0,0,0,0,0,0
201912,16,377000,027,0730,33490 ,90483 ,846 ,147,14260, , ,83626      ,4,8,0,Greenleaf,0,0,0,0,0,0,0,0,0,0,0,0,0,0,0,0,0,0,0,0,0,0,0,0
201912,16,389000,051,0760,34570 ,91403 ,48 ,292,26820,2, ,834250205  ,4,8,8,Hamer,0,0,0,0,0,0,0,0,0,0,0,0,0,0,0,0,0,0,0,0,0,0,0,0
201912,16,397000,055,0780,35200 ,91426 ,203 ,518,17660, , ,83833      ,4,8,0,Harrison,0,0,0,0,0,0,0,0,0,0,0,0,0,0,0,0,0,0,0,0,0,0,0,0
201912,16,405000,055,0800,36370 ,90621 ,13294 ,518,17660, , ,83835      ,4,8,3,Hayden,133,133,32634469,0,0,0,0,0,0,2,17,2284006,28,28,7290924,0,0,0,0,0,0,0,0,0
201912,16,425000,073,0850,38170 ,91518 ,2633 ,147,14260, , ,836280757  ,4,8,11,Homedale,20,20,3742007,1,2,160254,0,0,0,0,0,0,19,19,3570341,1,2,160254,0,0,0,0,0,0
201912,16,433000,015,0870,38620 ,91541 ,707 ,147,14260, , ,836290246  ,4,8,10,Horseshoe Bend,8,8,1229356,0,0,0,0,0,0,0,0,0,7,7,1076586,0,0,0,0,0,0,0,0,0
201912,16,441000,015,0890,39610 ,91633 ,485 ,147,14260, , ,836310130  ,4,8,12,Idaho City,4,4,856935,0,0,0,0,0,0,0,0,0,4,4,856935,0,0,0,0,0,0,0,0,0
201912,16,449000,019,0900,39700 ,91656 ,56813 ,292,26820, ,1,834050220  ,4,8,12,Idaho Falls,314,314,49058410,0,0,0,0,0,0,0,0,0,314,314,49058410,0,0,0,0,0,0,0,0,0
201912,16,457000,019,0920,40420 ,91656 ,1803 ,292,26820, , ,83427      ,4,8,12,Iona,23,23,5429000,0,0,0,0,0,0,0,0,0,23,23,5429000,0,0,0,0,0,0,0,0,0
201912,16,469000,051,    ,99990 ,00000 ,19412 ,292,26820,2, ,83442      ,4,8,12,Jefferson County Unincorporated Area,212,212,39049563,0,0,0,11,44,3580491,1,6,581491,212,212,39049563,0,0,0,11,44,3580491,1,6,581491
201912,16,473000,053,0950,41320 ,91748 ,10890 ,999,46300, , ,833382614  ,4,8,11,Jerome,49,49,6455177,0,0,0,0,0,0,0,0,0,46,46,6061605,0,0,0,0,0,0,0,0,0
201912,16,477000,053,    ,99990 ,00000 ,10326 ,999,46300, , ,83338      ,4,8,12,Jerome County Unincorporated Area,36,36,5999520,0,0,0,0,0,0,0,0,0,36,36,5999520,0,0,0,0,0,0,0,0,0
201912,16,517000,055,    ,99990 ,00000 ,39672 ,518,17660, , ,838169000  ,4,8,12,Kootenai County Unincorporated Area,484,484,137711363,2,4,662865,0,0,0,0,0,0,484,484,137711363,2,4,662865,0,0,0,0,0,0
201912,16,521000,001,1040,44290 ,91863 ,15210 ,147,14260, , ,83634      ,4,8,12,Kuna,599,599,123229384,2,4,685169,17,62,7921381,0,0,0,599,599,123229384,2,4,685169,17,62,7921381,0,0,0
201912,16,529000,057,    ,99990 ,00000 ,8988 ,999,99999,2, ,83843      ,4,8,10,Latah County Unincorporated Area,46,46,12899111,0,0,0,0,0,0,0,0,0,41,41,11134789,0,0,0,0,0,0,0,0,0
201912,16,553000,051,1090,46720 ,91978 ,458 ,292,26820,2, ,834310160  ,4,8,8,Lewisville,0,0,0,0,0,0,0,0,0,0,0,0,0,0,0,0,0,0,0,0,0,0,0,0
201912,16,577000,073,1160,50950 ,92070 ,1031 ,147,14260, , ,83639      ,4,8,12,Marsing,6,6,1368000,0,0,0,0,0,0,0,0,0,6,6,1368000,0,0,0,0,0,0,0,0,0
201912,16,589000,027,1170,51850 ,92093 ,513 ,147,14260, , ,83641      ,4,8,12,Melba,1,1,120000,0,0,0,0,0,0,0,0,0,1,1,120000,0,0,0,0,0,0,0,0,0
201912,16,597000,001,1190,52120 ,90345 ,75092 ,147,14260, , ,83642      ,4,8,12,Meridian,2163,2163,509597060,0,0,0,5,20,1759341,76,841,90810702,2163,2163,509597060,0,0,0,5,20,1759341,76,841,90810702
201912,16,601000,027,1200,52660 ,92116 ,5524 ,147,14260, , ,83644      ,4,8,11,Middleton,179,179,39502970,0,0,0,1,3,289705,0,0,0,167,167,36350136,0,0,0,0,0,0,0,0,0
201912,16,625000,057,1250,54550 ,92277 ,23800 ,999,99999, , ,83843      ,4,8,12,Moscow,38,38,9587337,1,2,275301,0,0,0,2,24,4093454,38,38,9587337,1,2,275301,0,0,0,2,24,4093454
201912,16,629000,039,1260,54730 ,92300 ,14206 ,999,99999, , ,836470010  ,4,8,12,Mountain Home,56,56,9107595,0,0,0,0,0,0,0,0,0,56,56,9107595,0,0,0,0,0,0,0,0,0
201912,16,649000,027,1320,56260 ,92438 ,81557 ,147,14260, , ,83651      ,4,8,12,Nampa,1113,1113,155684266,13,26,1608224,13,52,3866167,28,564,46232838,1113,1113,155684266,13,26,1608224,13,52,3866167,28,564,46232838
201912,16,673000,027,1370,58060 ,90483 ,531 ,147,14260, , ,836560257  ,4,8,12,Notus,1,1,286732,0,0,0,0,0,0,0,0,0,1,1,286732,0,0,0,0,0,0,0,0,0
201912,16,697000,079,1420,59590 ,93634 ,1555 ,999,99999, , ,83849      ,4,8,12,Osburn,6,6,885082,0,0,0,0,0,0,0,0,0,6,6,885082,0,0,0,0,0,0,0,0,0
201912,16,701000,073,    ,99990 ,00000 ,7410 ,147,14260,2, ,83650      ,4,8,2,Owyhee County Unincorporated Area,16,16,2985519,0,0,0,0,0,0,0,0,0,0,0,0,0,0,0,0,0,0,0,0,0
201912,16,717000,027,1460,60940 ,92714 ,1983 ,147,14260, , ,836600608  ,4,8,12,Parma,2,2,216000,0,0,0,0,0,0,0,0,0,2,2,216000,0,0,0,0,0,0,0,0,0
201912,16,725000,075,1480,61300 ,92783 ,7433 ,999,99999, , ,83661      ,4,8,12,Payette,18,18,2111000,0,0,0,2,8,410000,0,0,0,18,18,2111000,0,0,0,2,8,410000,0,0,0
201912,16,745000,015,1520,63550 ,91541 ,53 ,147,14260, , ,83666      ,4,8,12,Placerville,0,0,0,0,0,0,0,0,0,0,0,0,0,0,0,0,0,0,0,0,0,0,0,0
201912,16,753000,005,1540,64090 ,93289 ,54239 ,999,38540,2,1,83205      ,4,8,12,Pocatello,107,107,11932000,2,4,246893,0,0,0,1,6,450000,107,107,11932000,2,4,246893,0,0,0,1,6,450000
201912,16,765000,055,1560,64810 ,92875 ,27574 ,518,17660, , ,83854      ,4,8,12,Post Falls,523,523,111812843,22,44,6559057,8,32,1208130,42,562,50724963,523,523,111812843,22,44,6559057,8,32,1208130,42,562,50724963
201912,16,793000,065,1620,67420 ,93381 ,25484 ,999,99999, , ,83440      ,4,8,12,Rexburg,47,47,13351473,0,0,0,20,75,7964766,8,120,11565642,47,47,13351473,0,0,0,20,75,7964766,8,120,11565642
201912,16,813000,051,1660,67960 ,93036 ,598 ,292,26820,2, ,83443      ,4,8,12,Ririe,6,6,1140000,0,0,0,0,0,0,0,0,0,6,6,1140000,0,0,0,0,0,0,0,0,0
201912,16,817000,051,1670,68500 ,93059 ,580 ,292,26820,2, ,834440242  ,4,8,8,Roberts,0,0,0,0,0,0,0,0,0,0,0,0,0,0,0,0,0,0,0,0,0,0,0,0
201912,16,833000,017,1740,72100 ,93197 ,7365 ,999,99999, , ,83864      ,4,8,9,Sandpoint,50,50,10393233,1,2,395660,1,3,340135,0,0,0,41,41,8522896,1,2,395660,1,3,340135,0,0,0
201912,16,845000,079,    ,99990 ,00000 ,5180 ,999,99999, , ,838732348  ,4,8,12,Shoshone County Unincorporated Area,20,20,4143980,0,0,0,0,0,0,0,0,0,20,20,4143980,0,0,0,0,0,0,0,0,0
201912,16,869000,007,1710,71110 ,92691 ,131 ,999,99999, , ,83272      ,4,8,12,St. Charles,2,2,583500,0,0,0,0,0,0,0,0,0,2,2,583500,0,0,0,0,0,0,0,0,0
201912,16,878000,001,1820,76870 ,90805 ,5781 ,147,14260,2, ,83669      ,4,8,12,Star,313,313,107725084,0,0,0,0,0,0,0,0,0,313,313,107725084,0,0,0,0,0,0,0,0,0
201912,16,897000,019,1870,79120 ,93404 ,204 ,292,26820, , ,83449      ,4,8,12,Swan Valley,36,36,4895743,0,0,0,0,0,0,0,0,0,36,36,4895743,0,0,0,0,0,0,0,0,0
201912,16,913000,081,1900,80470 ,93473 ,269 ,999,99999, , ,83452      ,4,8,10,Tetonia,0,0,0,0,0,0,0,0,0,0,0,0,0,0,0,0,0,0,0,0,0,0,0,0
201912,16,921000,083,1920,82810 ,93565 ,44125 ,999,46300, ,1,83301      ,4,8,12,Twin Falls,355,355,63384603,16,32,4518791,48,192,16393861,1,6,533520,355,355,63384603,16,32,4518791,48,192,16393861,1,6,533520
201912,16,925000,083,    ,99990 ,00000 ,21454 ,999,46300,2, ,833016251  ,4,8,12,Twin Falls County Unincorporated Area,89,89,22227814,0,0,0,0,0,0,0,0,0,89,89,22227814,0,0,0,0,0,0,0,0,0
201912,16,977000,027,2030,87670 ,93841 ,1533 ,147,14260, , ,83676      ,4,8,11,Wilder,0,0,0,0,0,0,0,0,0,0,0,0,0,0,0,0,0,0,0,0,0,0,0,0
201912,30,009000,085,0018,03400 ,00000 ,208 ,999,99999, , ,59212      ,4,8,12,Bainville town,1,1,60000,0,0,0,0,0,0,0,0,0,1,1,60000,0,0,0,0,0,0,0,0,0
201912,30,015000,000,    ,00000 ,00000 ,99999 ,999,99999,2, ,596200517  ,4,8,0,Balance of State,0,0,0,0,0,0,0,0,0,0,0,0,0,0,0,0,0,0,0,0,0,0,0,0
201912,30,045000,111,0050,06550 ,00000 ,104170 ,999,13740, ,1,59103      ,4,8,12,Billings,308,308,81575758,25,50,9224206,6,22,2935036,0,0,0,308,308,81575758,25,50,9224206,6,22,2935036,0,0,0
201912,30,057000,031,0080,08950 ,00000 ,37280 ,999,99999, , ,597711230  ,4,8,11,Bozeman,254,254,61905268,37,74,14544722,18,68,11095064,23,438,54851644,241,241,58366960,35,70,13804991,15,56,8996955,20,398,50177844
201912,30,085000,093,0110,11397 ,00000 ,33525 ,999,99999,2, ,59701      ,4,8,12,Butte-Silver Bow,47,47,4925332,9,18,2220000,0,0,0,0,0,0,47,47,4925332,9,18,2220000,0,0,0,0,0,0
201912,30,097000,013,    ,99990 ,00000 ,21489 ,999,24500,2, ,59401      ,4,8,12,Cascade County Unincorporated Area,80,80,24674114,0,0,0,0,0,0,0,0,0,80,80,24674114,0,0,0,0,0,0,0,0,0
201912,30,117000,015,    ,99990 ,00000 ,3490 ,999,99999, , ,594420459  ,4,8,0,Chouteau County Unincorporated Area,11,11,3057461,0,0,0,0,0,0,0,0,0,0,0,0,0,0,0,0,0,0,0,0,0
201912,30,249000,009,0270,29575 ,00000 ,438 ,999,13740, , ,59029      ,4,8,12,Fromberg town,0,0,0,0,0,0,0,0,0,0,0,0,0,0,0,0,0,0,0,0,0,0,0,0
201912,30,253000,031,    ,99990 ,00000 ,40184 ,999,99999, , ,59715      ,4,8,12,Gallatin County Unincorporated Area,349,349,99091337,25,50,8619085,6,18,2181614,1,24,3078288,349,349,99091337,25,50,8619085,6,18,2181614,1,24,3078288
201912,30,273000,021,0285,31450 ,00000 ,4935 ,999,99999, , ,59330      ,4,8,0,Glendive,0,0,0,0,0,0,0,0,0,0,0,0,0,0,0,0,0,0,0,0,0,0,0,0
201912,30,289000,013,1370,32800 ,00000 ,58505 ,999,24500, ,1,594035021  ,4,8,12,Great Falls,42,42,9012886,0,0,0,0,0,0,1,12,1002000,42,42,9012886,0,0,0,0,0,0,1,12,1002000
201912,30,293000,081,0300,33775 ,00000 ,4348 ,999,99999, , ,59840      ,4,8,0,Hamilton,11,11,1485115,5,10,863750,0,0,0,0,0,0,0,0,0,0,0,0,0,0,0,0,0,0
201912,30,313000,049,0325,35600 ,00000 ,28190 ,999,99999, , ,59623      ,4,8,12,Helena,48,48,13050495,12,24,4596345,30,117,15010137,3,15,1498782,48,48,13050495,12,24,4596345,30,117,15010137,3,15,1498782
201912,30,317000,041,    ,99990 ,00000 ,6668 ,999,99999, , ,595010231  ,4,8,0,Hill County Unincorporated Area,0,0,0,0,0,0,0,0,0,0,0,0,0,0,0,0,0,0,0,0,0,0,0,0
201912,30,341000,043,    ,99990 ,00000 ,9185 ,999,99999, , ,596320249  ,4,8,12,Jefferson County Unincorporated Area,3,3,853191,1,2,344763,0,0,0,0,0,0,3,3,853191,1,2,344763,0,0,0,0,0,0
201912,30,349000,033,0365,39925 ,00000 ,343 ,999,99999, , ,59337      ,4,8,12,Jordan town,0,0,0,0,0,0,0,0,0,0,0,0,0,0,0,0,0,0,0,0,0,0,0,0
201912,30,361000,029,0375,40075 ,00000 ,19927 ,999,99999, , ,59903      ,4,8,12,Kalispell,106,106,27460345,19,38,5815647,8,29,3319350,3,72,6400000,106,106,27460345,19,38,5815647,8,29,3319350,3,72,6400000
201912,30,449000,063,0455,50200 ,00000 ,66788 ,999,33540, ,1,59802      ,4,8,12,Missoula,252,252,68715088,3,6,439927,5,18,652007,10,164,16393440,252,252,68715088,3,6,439927,5,18,652007,10,164,16393440
201912,30,453000,063,    ,99990 ,00000 ,42511 ,999,33540, , ,59808      ,4,8,12,Missoula County Unincorporated Area,169,169,25226890,8,16,1379816,2,8,251074,4,26,973555,169,169,25226890,8,16,1379816,2,8,251074,4,26,973555
201912,30,457000,027,0470,51550 ,00000 ,193 ,999,99999, , ,594640098  ,4,8,0,Moore town,0,0,0,0,0,0,0,0,0,0,0,0,0,0,0,0,0,0,0,0,0,0,0,0
201912,30,513000,047,0530,58750 ,00000 ,4488 ,999,99999, , ,59860      ,4,8,5,Polson,10,10,2545875,0,0,0,0,0,0,2,10,1053734,7,7,1613000,0,0,0,0,0,0,0,0,0
201912,30,601000,083,0590,67900 ,00000 ,5191 ,999,99999, , ,59270      ,4,8,7,Sidney,0,0,0,0,0,0,0,0,0,0,0,0,0,0,0,0,0,0,0,0,0,0,0,0
201912,30,681000,057,0655,77125 ,00000 ,190 ,999,99999, , ,59755      ,4,8,0,Virginia City town,0,0,0,0,0,0,0,0,0,0,0,0,0,0,0,0,0,0,0,0,0,0,0,0
201912,30,705000,029,0670,79825 ,00000 ,6357 ,999,99999, , ,59937      ,4,8,12,Whitefish,169,169,68844870,4,8,1451000,4,13,3048345,2,18,3343500,169,169,68844870,4,8,1451000,4,13,3048345,2,18,3343500
201912,32,001000,003,0010,06500 ,00000 ,15023 ,332,29820, , ,89005      ,4,8,12,Boulder City,33,33,11030283,0,0,0,0,0,0,0,0,0,33,33,11030283,0,0,0,0,0,0,0,0,0
201912,32,005000,017,0015,08500 ,00000 ,1130 ,999,99999, , ,890081006  ,4,8,10,Caliente,0,0,0,0,0,0,0,0,0,0,0,0,0,0,0,0,0,0,0,0,0,0,0,0
201912,32,009000,007,0020,08900 ,00000 ,2368 ,999,99999, , ,89822      ,4,8,12,Carlin,0,0,0,0,0,0,0,0,0,0,0,0,0,0,0,0,0,0,0,0,0,0,0,0
201912,32,013000,510,0025,09700 ,00000 ,55274 ,456,16180, ,1,89701      ,4,8,4,Carson City,172,172,45786252,0,0,0,1,3,381851,6,73,7288654,59,59,15855784,0,0,0,0,0,0,0,0,0
201912,32,017000,001,    ,99990 ,00000 ,16271 ,999,99999, , ,894062748  ,4,8,12,Churchill County Unincorporated Area,79,79,14266051,0,0,0,0,0,0,0,0,0,79,79,14266051,0,0,0,0,0,0,0,0,0
201912,32,021000,003,    ,99990 ,00000 ,862524 ,332,29820, , ,89118      ,4,8,12,Clark County Unincorporated Area,3121,3121,686791858,17,34,6345419,28,93,16392218,60,1647,174260912,3121,3121,686791858,17,34,6345419,28,93,16392218,60,1647,174260912
201912,32,025000,005,    ,00000 ,00000 ,46997 ,999,99999, , ,89423      ,4,8,11,Douglas County,160,160,73384967,0,0,0,0,0,0,0,0,0,148,148,68402380,0,0,0,0,0,0,0,0,0
201912,32,029000,007,0035,22500 ,00000 ,18297 ,999,99999, , ,89801      ,4,8,12,Elko,48,48,9429477,0,0,0,0,0,0,0,0,0,48,48,9429477,0,0,0,0,0,0,0,0,0
201912,32,033000,007,    ,99990 ,00000 ,22451 ,999,99999, , ,89801      ,4,8,12,Elko County Unincorporated Area,85,85,11783721,3,6,537311,0,0,0,0,0,0,85,85,11783721,3,6,537311,0,0,0,0,0,0
201912,32,049000,001,0045,24100 ,00000 ,8606 ,999,99999, , ,89406      ,4,8,12,Fallon,18,18,3651926,1,2,139828,0,0,0,0,0,0,18,18,3651926,1,2,139828,0,0,0,0,0,0
201912,32,050000,019,0048,24900 ,00000 ,19368 ,999,99999, , ,89408      ,4,8,10,Fernley,175,175,49403449,0,0,0,0,0,0,0,0,0,146,146,42784957,0,0,0,0,0,0,0,0,0
201912,32,057000,003,0058,31900 ,00000 ,257729 ,332,29820, ,1,89015      ,4,8,12,Henderson,2314,2314,634763271,0,0,0,0,0,0,20,512,25483204,2314,2314,634763271,0,0,0,0,0,0,20,512,25483204
201912,32,061000,013,    ,99990 ,00000 ,9132 ,999,99999, , ,89445      ,4,8,12,Humboldt County Unincorporated Area,5,5,861180,0,0,0,0,0,0,0,0,0,5,5,861180,0,0,0,0,0,0,0,0,0
201912,32,065000,015,    ,00000 ,00000 ,5775 ,999,99999, , ,89820      ,4,8,12,Lander County,3,3,430682,0,0,0,0,0,0,0,0,0,3,3,430682,0,0,0,0,0,0,0,0,0
201912,32,069000,003,0065,40000 ,00000 ,583756 ,332,29820, ,1,89107      ,4,8,12,Las Vegas,1885,1885,517613570,0,0,0,0,0,0,10,780,95585894,1885,1885,517613570,0,0,0,0,0,0,10,780,95585894
201912,32,073000,017,    ,99990 ,00000 ,4215 ,999,99999, , ,89043      ,4,8,1,Lincoln County Unincorporated Area,9,9,2518438,0,0,0,0,0,0,0,0,0,1,1,285178,0,0,0,0,0,0,0,0,0
201912,32,077000,027,0070,43000 ,00000 ,1894 ,999,99999, , ,89419      ,4,8,12,Lovelock,2,2,131342,0,0,0,0,0,0,0,0,0,2,2,131342,0,0,0,0,0,0,0,0,0
201912,32,081000,019,    ,99990 ,00000 ,29564 ,999,99999, , ,89447      ,4,8,5,Lyon County Unincorporated Area,138,138,35628892,0,0,0,0,0,0,0,0,0,67,67,17062414,0,0,0,0,0,0,0,0,0
201912,32,085000,003,0074,46000 ,00000 ,15276 ,332,29820, , ,890274706  ,4,8,12,Mesquite,305,305,67680288,0,0,0,0,0,0,1,12,505440,305,305,67680288,0,0,0,0,0,0,1,12,505440
201912,32,089000,021,    ,00000 ,00000 ,4772 ,999,99999, , ,894151450  ,4,8,4,Mineral County,0,0,0,0,0,0,0,0,0,0,0,0,0,0,0,0,0,0,0,0,0,0,0,0
201912,32,093000,003,0085,51800 ,00000 ,216961 ,332,29820, , ,89030      ,4,8,12,North Las Vegas,1703,1703,218853113,0,0,0,39,117,13799702,12,158,17159708,1703,1703,218853113,0,0,0,39,117,13799702,12,158,17159708
201912,32,101000,027,    ,99990 ,00000 ,4859 ,999,99999, , ,89419      ,4,8,12,Pershing County Unincorporated Area,0,0,0,0,0,0,0,0,0,0,0,0,0,0,0,0,0,0,0,0,0,0,0,0
201912,32,105000,031,1800,60600 ,00000 ,225221 ,456,39900, ,1,89505      ,4,8,6,Reno,1176,1176,335881357,22,44,4551845,13,46,6202273,109,2054,269263066,504,504,155569414,16,32,3167561,11,38,5335863,54,1018,154920831
201912,32,109000,031,0100,68400 ,00000 ,90264 ,456,39900, , ,89431      ,4,8,12,Sparks,376,376,98932565,1,2,48559,4,12,2091513,39,948,106206121,376,376,98932565,1,2,48559,4,12,2091513,39,948,106206121
201912,32,113000,029,    ,00000 ,00000 ,4010 ,456,39900, , ,89440      ,4,8,12,Storey County,12,12,1794784,0,0,0,0,0,0,0,0,0,12,12,1794784,0,0,0,0,0,0,0,0,0
201912,32,117000,031,    ,99990 ,00000 ,105922 ,456,39900, , ,895200027  ,4,8,5,Washoe County Unincorporated Area,519,519,150731466,0,0,0,0,0,0,0,0,0,206,206,56797398,0,0,0,0,0,0,0,0,0
201912,32,121000,007,0120,83000 ,00000 ,1292 ,999,99999, , ,89835      ,4,8,5,Wells,2,2,133334,0,0,0,0,0,0,0,0,0,0,0,0,0,0,0,0,0,0,0,0,0
201912,32,122000,007,0122,83730 ,00000 ,4410 ,999,99999, , ,89883      ,4,8,12,West Wendover,6,6,1337000,0,0,0,0,0,0,0,0,0,6,6,1337000,0,0,0,0,0,0,0,0,0
201912,32,125000,033,    ,99990 ,00000 ,5775 ,999,99999, , ,89301      ,4,8,8,White Pine County,3,3,845294,0,0,0,0,0,0,0,0,0,2,2,537072,0,0,0,0,0,0,0,0,0
201912,32,129000,013,0130,84800 ,00000 ,7396 ,999,99999, , ,89445      ,4,8,12,Winnemucca,8,8,1366759,0,0,0,1,4,168942,0,0,0,8,8,1366759,0,0,0,1,4,168942,0,0,0
201912,32,133000,019,0135,85400 ,00000 ,3048 ,999,99999, , ,89447      ,4,8,12,Yerington,0,0,0,0,0,0,0,0,0,0,0,0,0,0,0,0,0,0,0,0,0,0,0,0
201912,35,005000,001,0015,02000 ,00000 ,545852 ,106,10740, ,1,871031293  ,4,8,11,Albuquerque,906,906,194518130,0,0,0,0,0,0,2,188,20078521,823,823,177943529,0,0,0,0,0,0,2,188,20078521
201912,35,013000,015,0023,05220 ,00000 ,11301 ,999,99999, , ,882111310  ,4,8,12,Artesia,52,52,15616389,0,0,0,0,0,0,0,0,0,52,52,15616389,0,0,0,0,0,0,0,0,0
201912,35,021000,000,    ,00000 ,00000 ,99999 ,999,99999,2, ,87504      ,4,8,0,Balance of State,365,365,98947184,0,0,0,0,0,0,0,0,0,0,0,0,0,0,0,0,0,0,0,0,0
201912,35,033000,001,    ,99990 ,00000 ,110013 ,106,10740,2, ,87102      ,4,8,12,Bernalillo County Unincorporated Area,214,214,89927473,0,0,0,0,0,0,0,0,0,214,214,89927473,0,0,0,0,0,0,0,0,0
201912,35,037000,043,0040,06970 ,00000 ,8320 ,106,10740, , ,87144      ,4,8,0,Bernalillo town,102,102,21928604,0,0,0,0,0,0,12,74,3083330,0,0,0,0,0,0,0,0,0,0,0,0
201912,35,053000,015,0055,12150 ,00000 ,26138 ,999,99999, , ,88220      ,4,8,10,Carlsbad,192,192,54087747,0,0,0,0,0,0,2,21,1584905,175,175,50770287,0,0,0,0,0,0,0,0,0
201912,35,077000,005,    ,99990 ,00000 ,14320 ,999,99999,2, ,88202      ,4,8,9,Chaves County Unincorporated Area,14,14,2649884,0,0,0,0,0,0,0,0,0,10,10,2065000,0,0,0,0,0,0,0,0,0
201912,35,093000,035,0080,16280 ,00000 ,674 ,999,99999, , ,88317      ,4,8,12,Cloudcroft village,0,0,0,0,0,0,0,0,0,0,0,0,0,0,0,0,0,0,0,0,0,0,0,0
201912,35,097000,009,0085,16420 ,00000 ,37775 ,999,99999, , ,881020760  ,4,8,0,Clovis,54,54,13627245,0,0,0,0,0,0,9,46,4240629,0,0,0,0,0,0,0,0,0,0,0,0
201912,35,117000,043,0094,17960 ,00000 ,8329 ,106,10740, , ,870488607  ,4,8,0,Corrales village,29,29,10636937,0,0,0,0,0,0,0,0,0,0,0,0,0,0,0,0,0,0,0,0,0
201912,35,133000,029,0116,20270 ,00000 ,14855 ,999,99999, , ,88031      ,4,8,12,Deming,5,5,894000,0,0,0,0,0,0,0,0,0,5,5,894000,0,0,0,0,0,0,0,0,0
201912,35,145000,013,    ,99990 ,00000 ,93665 ,238,29740,2, ,88007      ,4,8,11,Dona Ana County Unincorporated Area,167,167,50108902,0,0,0,0,0,0,0,0,0,153,153,46244246,0,0,0,0,0,0,0,0,0
201912,35,185000,045,0143,25800 ,00000 ,45877 ,999,22140, ,1,87401      ,4,8,12,Farmington,43,43,8695142,2,4,650880,1,3,179819,1,8,500000,43,43,8695142,2,4,650880,1,3,179819,1,8,500000
201912,35,201000,031,0150,28460 ,00000 ,21678 ,999,99999, , ,87305      ,4,8,12,Gallup,2,2,375000,0,0,0,0,0,0,0,0,0,2,2,375000,0,0,0,0,0,0,0,0,0
201912,35,241000,025,0180,32520 ,00000 ,34122 ,999,99999, , ,88240      ,4,8,4,Hobbs,164,164,35938249,0,0,0,0,0,0,0,0,0,62,62,14383234,0,0,0,0,0,0,0,0,0
201912,35,269000,013,0220,39380 ,00000 ,97618 ,238,29740, ,1,88004      ,4,8,12,Las Cruces,584,584,142671429,3,6,640340,0,0,0,4,96,9585000,584,584,142671429,3,6,640340,0,0,0,4,96,9585000
201912,35,273000,047,0225,39940 ,00000 ,13753 ,999,99999, , ,877010160  ,4,8,0,Las Vegas,1,1,140000,0,0,0,0,0,0,0,0,0,0,0,0,0,0,0,0,0,0,0,0,0
201912,35,293000,028,    ,00000 ,00000 ,17950 ,999,99999, , ,87544      ,4,8,12,Los Alamos County,40,40,9458028,0,0,0,0,0,0,0,0,0,40,40,9458028,0,0,0,0,0,0,0,0,0
201912,35,297000,061,0245,43370 ,00000 ,14835 ,106,10740, , ,87031      ,4,8,12,Los Lunas village,75,75,12169664,0,0,0,0,0,0,0,0,0,75,75,12169664,0,0,0,0,0,0,0,0,0
201912,35,313000,029,    ,99990 ,00000 ,8576 ,999,99999, , ,88030      ,4,8,11,Luna County Unincorporated Area,3,3,748990,0,0,0,0,0,0,0,0,0,2,2,565670,0,0,0,0,0,0,0,0,0
201912,35,369000,041,0323,59260 ,00000 ,12280 ,999,99999, , ,87505      ,4,8,0,Portales,22,22,3362844,0,0,0,0,0,0,0,0,0,0,0,0,0,0,0,0,0,0,0,0,0
201912,35,397000,043,0355,63460 ,00000 ,87391 ,106,10740,2, ,871444501  ,4,8,0,Rio Rancho,546,546,117712099,1,2,283271,4,12,1296286,0,0,0,0,0,0,0,0,0,0,0,0,0,0,0
201912,35,405000,005,0362,64930 ,00000 ,48366 ,999,99999, , ,88201      ,4,8,11,Roswell,36,36,6271140,0,0,0,1,4,47000,0,0,0,34,34,5922370,0,0,0,1,4,47000,0,0,0
201912,35,413000,027,0365,65280 ,00000 ,2815 ,999,99999, , ,88346      ,4,8,11,Ruidoso Downs,0,0,0,0,0,0,0,0,0,0,0,0,0,0,0,0,0,0,0,0,0,0,0,0
201912,35,417000,027,0364,65210 ,00000 ,8029 ,999,99999, , ,88345      ,4,8,12,Ruidoso village,64,64,19100264,0,0,0,0,0,0,0,0,0,64,64,19100264,0,0,0,0,0,0,0,0,0
201912,35,425000,045,    ,99990 ,00000 ,69292 ,999,22140,2, ,87410      ,4,8,11,San Juan County Unincorporated Area,31,31,8232696,0,0,0,0,0,0,0,0,0,28,28,7365856,0,0,0,0,0,0,0,0,0
201912,35,441000,049,0381,70500 ,00000 ,67947 ,106,42140, ,1,87504      ,4,8,12,Santa Fe,344,344,78684810,0,0,0,0,0,0,8,245,30036663,344,344,78684810,0,0,0,0,0,0,8,245,30036663
201912,35,457000,017,0392,73260 ,00000 ,10315 ,999,99999, , ,88031      ,4,8,0,Silver City town,10,10,1620805,0,0,0,0,0,0,0,0,0,0,0,0,0,0,0,0,0,0,0,0,0
201912,35,469000,013,0400,75640 ,00000 ,14106 ,238,29740, , ,880630470  ,4,8,12,Sunland Park,122,122,27215320,0,0,0,0,0,0,0,0,0,122,122,27215320,0,0,0,0,0,0,0,0,0
201912,35,473000,055,    ,99990 ,00000 ,24905 ,999,99999, , ,87571      ,4,8,12,Taos County Unincorporated Area,90,90,15063164,1,2,192400,0,0,0,0,0,0,90,90,15063164,1,2,192400,0,0,0,0,0,0
201912,35,475000,055,0408,76480 ,00000 ,69 ,999,99999, , ,87525      ,4,8,6,Taos Ski Valley village,4,4,954555,0,0,0,0,0,0,0,0,0,0,0,0,0,0,0,0,0,0,0,0,0
201912,35,497000,051,0428,79840 ,00000 ,6475 ,999,99999, , ,87901      ,4,8,0,Truth or Consequences,0,0,0,0,0,0,0,0,0,0,0,0,0,0,0,0,0,0,0,0,0,0,0,0
201912,41,009000,043,0010,01000 ,00000 ,43695 ,440,10540,2,1,97321      ,4,9,12,Albany,220,220,50869374,0,0,0,0,0,0,18,210,20200619,220,220,50869374,0,0,0,0,0,0,18,210,20200619
201912,41,025000,047,0060,03300 ,00000 ,918 ,440,41420, , ,97002      ,4,9,12,Aurora,2,2,726094,0,0,0,0,0,0,0,0,0,2,2,726094,0,0,0,0,0,0,0,0,0
201912,41,030000,000,    ,00000 ,00000 ,99999 ,999,99999,2, ,973090404  ,4,9,5,Balance of State,255,255,30004007,0,0,0,0,0,0,0,0,0,158,158,18916825,0,0,0,0,0,0,0,0,0
201912,41,039000,067,0095,05350 ,00000 ,89803 ,440,38900, ,1,970764755  ,4,9,12,Beaverton,168,168,53059230,0,0,0,0,0,0,2,216,22958638,168,168,53059230,0,0,0,0,0,0,2,216,22958638
201912,41,041000,017,0100,05800 ,00000 ,76639 ,140,13460, ,1,97703      ,4,9,12,Bend,642,642,134644476,33,66,8472775,0,0,0,2,48,7324830,642,642,134644476,33,66,8472775,0,0,0,2,48,7324830
201912,41,045000,049,0105,07200 ,00000 ,3220 ,999,99999, , ,97818      ,4,9,12,Boardman,8,8,2450659,1,2,354478,0,0,0,0,0,0,8,8,2450659,1,2,354478,0,0,0,0,0,0
201912,41,051000,043,0125,09050 ,00000 ,1668 ,440,10540, , ,97327      ,4,9,12,Brownsville,7,7,2092651,0,0,0,0,0,0,0,0,0,7,7,2092651,0,0,0,0,0,0,0,0,0
201912,41,071000,029,0180,12400 ,00000 ,17169 ,366,32780, , ,97502      ,4,9,12,Central Point,27,27,6810427,0,0,0,4,16,1914142,8,108,11654419,27,27,6810427,0,0,0,4,16,1914142,8,108,11654419
201912,41,077000,005,    ,99990 ,00000 ,170591 ,440,38900,2, ,97045      ,4,9,12,Clackamas County Unincorporated Area,521,521,161964056,1,2,511373,4,14,1452182,2,10,459432,521,521,161964056,1,2,511373,4,14,1452182,2,10,459432
201912,41,085000,009,0200,14750 ,00000 ,1946 ,440,38900, , ,97018      ,4,9,12,Columbia City,1,1,253204,0,0,0,0,0,0,0,0,0,1,1,253204,0,0,0,0,0,0,0,0,0
201912,41,087000,009,    ,99990 ,00000 ,22092 ,440,38900,2, ,97051      ,4,9,12,Columbia County Unincorporated Area,41,41,14125767,0,0,0,0,0,0,0,0,0,41,41,14125767,0,0,0,0,0,0,0,0,0
201912,41,097000,067,0220,15550 ,00000 ,11869 ,440,38900, , ,97116      ,4,9,12,Cornelius,121,121,30988818,0,0,0,0,0,0,1,8,1191145,121,121,30988818,0,0,0,0,0,0,1,8,1191145
201912,41,099000,003,0225,15800 ,00000 ,54462 ,440,18700, ,1,973391083  ,4,9,12,Corvallis,92,92,22773863,0,0,0,6,24,5354879,6,300,48797508,92,92,22773863,0,0,0,6,24,5354879,6,300,48797508
201912,41,115000,071,0260,18250 ,00000 ,2534 ,440,38900, , ,97114      ,4,9,12,Dayton,2,2,361082,0,0,0,0,0,0,0,0,0,2,2,361082,0,0,0,0,0,0,0,0,0
201912,41,121000,017,    ,99990 ,00000 ,51188 ,140,13460,2, ,97701      ,4,9,12,Deschutes County Unincorporated Area,485,485,163127476,3,6,1458802,1,4,273588,1,9,693925,485,485,163127476,3,6,1458802,1,4,273588,1,9,693925
201912,41,127000,019,    ,99990 ,00000 ,58441 ,999,99999,2, ,97470      ,4,9,12,Douglas County Unincorporated Area,266,266,72364827,1,2,238795,0,0,0,0,0,0,266,266,72364827,1,2,238795,0,0,0,0,0,0
201912,41,133000,071,0310,21050 ,00000 ,3162 ,440,38900, , ,971150220  ,4,9,12,Dundee,16,16,4595857,0,0,0,0,0,0,0,0,0,16,16,4595857,0,0,0,0,0,0,0,0,0
201912,41,137000,067,0313,21250 ,00000 ,1351 ,440,38900, , ,97224      ,4,9,12,Durham,0,0,0,0,0,0,0,0,0,0,0,0,0,0,0,0,0,0,0,0,0,0,0,0
201912,41,149000,005,0355,23800 ,00000 ,2695 ,440,38900, , ,97401      ,4,9,11,Estacada,180,180,33098530,0,0,0,0,0,0,0,0,0,171,171,31467161,0,0,0,0,0,0,0,0,0
201912,41,151000,039,0360,23850 ,00000 ,156185 ,999,21660, ,1,97401      ,4,9,12,Eugene,312,312,76178147,4,8,1607575,4,16,1451703,34,304,34226066,312,312,76178147,4,8,1607575,4,16,1451703,34,304,34226066
201912,41,153000,051,0370,24250 ,00000 ,8920 ,440,38900, , ,97024      ,4,9,12,Fairview,2,2,720315,1,2,411464,0,0,0,0,0,0,2,2,720315,1,2,411464,0,0,0,0,0,0
201912,41,157000,039,0380,26050 ,00000 ,8466 ,999,21660, , ,97439      ,4,9,6,Florence,41,41,8569971,0,0,0,0,0,0,0,0,0,22,22,4455308,0,0,0,0,0,0,0,0,0
201912,41,159000,067,0385,26200 ,00000 ,21083 ,440,38900, , ,97116      ,4,9,12,Forest Grove,84,84,23605646,6,12,2728617,0,0,0,0,0,0,84,84,23605646,6,12,2728617,0,0,0,0,0,0
201912,41,195000,051,0465,31250 ,00000 ,105594 ,440,38900, , ,97030      ,4,9,12,Gresham,205,205,47327435,0,0,0,1,4,760468,20,608,73834261,205,205,47327435,0,0,0,1,4,760468,20,608,73834261
201912,41,201000,043,0480,31750 ,00000 ,904 ,440,10540, , ,97348      ,4,9,11,Halsey,0,0,0,0,0,0,0,0,0,0,0,0,0,0,0,0,0,0,0,0,0,0,0,0
201912,41,205000,005,0487,32050 ,00000 ,13903 ,440,38900, , ,97086      ,4,9,12,Happy Valley,259,259,85135143,0,0,0,0,0,0,4,166,20114687,259,259,85135143,0,0,0,0,0,0,4,166,20114687
201912,41,207000,025,    ,00000 ,00000 ,3053 ,999,99999, , ,97720      ,4,9,12,Harney County,4,4,1429958,0,0,0,0,0,0,0,0,0,4,4,1429958,0,0,0,0,0,0,0,0,0
201912,41,209000,043,0495,32550 ,00000 ,3567 ,440,10540, , ,97446      ,4,9,10,Harrisburg,5,5,1035666,0,0,0,0,0,0,0,0,0,3,3,728634,0,0,0,0,0,0,0,0,0
201912,41,217000,067,0520,34100 ,00000 ,91611 ,440,38900, ,1,97123      ,4,9,12,Hillsboro,476,476,130782616,0,0,0,3,9,717637,17,819,122009262,476,476,130782616,0,0,0,3,9,717637,17,819,122009262
201912,41,223000,027,    ,99990 ,00000 ,14035 ,999,99999,2, ,97031      ,4,9,12,Hood River County Unincorporated Area,30,30,9365316,2,4,365881,0,0,0,0,0,0,30,30,9365316,2,4,365881,0,0,0,0,0,0
201912,41,243000,029,    ,99990 ,00000 ,62516 ,366,32780,2, ,97501      ,4,9,12,Jackson County Unincorporated Area,170,170,47895939,2,4,500288,0,0,0,0,0,0,170,170,47895939,2,4,500288,0,0,0,0,0,0
201912,41,245000,029,0580,37000 ,00000 ,2785 ,366,32780, , ,97530      ,4,9,0,Jacksonville,0,0,0,0,0,0,0,0,0,0,0,0,0,0,0,0,0,0,0,0,0,0,0,0
201912,41,265000,067,0617,39150 ,00000 ,3111 ,440,38900, , ,97224      ,4,9,12,King City,0,0,0,0,0,0,0,0,0,0,0,0,0,0,0,0,0,0,0,0,0,0,0,0
201912,41,267000,035,    ,00000 ,00000 ,42742 ,999,99999, , ,97601      ,4,9,12,Klamath County,137,137,35520139,0,0,0,0,0,0,0,0,0,137,137,35520139,0,0,0,0,0,0,0,0,0
201912,41,273000,071,0625,40300 ,00000 ,3742 ,440,38900, , ,97127      ,4,9,10,Lafayette,3,3,436961,2,4,730747,0,0,0,0,0,0,2,2,243537,2,4,730747,0,0,0,0,0,0
201912,41,275000,037,    ,99990 ,00000 ,5358 ,999,99999,2, ,97630      ,4,9,12,Lake County Unincorporated Area,10,10,3423668,0,0,0,0,0,0,0,0,0,10,10,3423668,0,0,0,0,0,0,0,0,0
201912,41,277000,005,0633,40550 ,00000 ,34066 ,440,38900,2, ,97034      ,4,9,11,Lake Oswego,65,65,36695519,1,2,728158,0,0,0,1,13,1890421,56,56,31980540,1,2,728158,0,0,0,0,0,0
201912,41,287000,039,    ,99990 ,00000 ,96150 ,999,21660,2, ,97401      ,4,9,0,Lane County Unincorporated Area,214,214,54695587,0,0,0,0,0,0,0,0,0,0,0,0,0,0,0,0,0,0,0,0,0
201912,41,289000,043,0640,41650 ,00000 ,15518 ,440,10540, ,1,97355      ,4,9,0,Lebanon,38,38,7464209,0,0,0,0,0,0,8,40,3349464,0,0,0,0,0,0,0,0,0,0,0,0
201912,41,297000,043,    ,99990 ,00000 ,35738 ,440,10540,2, ,97321      ,4,9,12,Linn County Unincorporated Area,70,70,22041820,0,0,0,0,0,0,0,0,0,70,70,22041820,0,0,0,0,0,0,0,0,0
201912,41,307000,043,0670,44300 ,00000 ,1161 ,440,10540, , ,97358      ,4,9,12,Lyons,2,2,608814,0,0,0,0,0,0,0,0,0,2,2,608814,0,0,0,0,0,0,0,0,0
201912,41,317000,047,    ,99990 ,00000 ,83664 ,440,41420,2, ,973095036  ,4,9,12,Marion County Unincorporated Area,277,277,84090715,8,16,2827068,2,7,1488057,10,186,16295609,277,277,84090715,8,16,2827068,2,7,1488057,10,186,16295609
201912,41,323000,071,0675,45000 ,00000 ,32187 ,440,38900, , ,97128      ,4,9,12,McMinnville,157,157,39025573,0,0,0,4,14,1369811,11,119,12344853,157,157,39025573,0,0,0,4,14,1369811,11,119,12344853
201912,41,325000,029,0720,47000 ,00000 ,74907 ,366,32780, ,1,97501      ,4,9,12,Medford,303,303,73959773,4,8,1263570,0,0,0,2,24,3164658,303,303,73959773,4,8,1263570,0,0,0,2,24,3164658
201912,41,331000,043,0740,48150 ,00000 ,1531 ,440,10540,2, ,97360      ,4,9,11,Mill City,6,6,1330265,0,0,0,0,0,0,0,0,0,6,6,1330265,0,0,0,0,0,0,0,0,0
201912,41,339000,005,0750,48650 ,00000 ,20291 ,440,38900,2, ,97206      ,4,9,12,Milwaukie,37,37,11881498,0,0,0,0,0,0,0,0,0,37,37,11881498,0,0,0,0,0,0,0,0,0
201912,41,365000,051,    ,99990 ,00000 ,16199 ,440,38900,2, ,97030      ,4,9,12,Multnomah County Part 2 Unincorporated Area,10,10,3970125,0,0,0,0,0,0,0,0,0,10,10,3970125,0,0,0,0,0,0,0,0,0
201912,41,375000,071,0820,52100 ,00000 ,22068 ,440,38900, , ,97132      ,4,9,10,Newberg,93,93,24343339,0,0,0,0,0,0,1,20,2134844,75,75,20096630,0,0,0,0,0,0,1,20,2134844
201912,41,391000,045,0865,54900 ,00000 ,11366 ,999,99999, , ,97914      ,4,9,2,Ontario,1,1,210195,0,0,0,0,0,0,0,0,0,0,0,0,0,0,0,0,0,0,0,0,0
201912,41,393000,005,0870,55200 ,00000 ,31859 ,440,38900, , ,970450021  ,4,9,12,Oregon City,118,118,38802407,0,0,0,5,19,3724139,9,183,22428791,118,118,38802407,0,0,0,5,19,3724139,9,183,22428791
201912,41,411000,051,0905,59000 ,00000 ,581485 ,440,38900,2,1,972015350  ,4,9,12,Portland,703,703,192676950,95,190,36589209,11,38,6719319,98,4163,543239556,703,703,192676950,95,190,36589209,11,38,6719319,98,4163,543239556
201912,41,425000,017,0945,61200 ,00000 ,26215 ,140,13460, , ,977562213  ,4,9,12,Redmond,361,361,89271858,1,2,500516,1,4,588443,21,401,44061455,361,361,89271858,1,2,500516,1,4,588443,21,401,44061455
201912,41,427000,019,0950,61300 ,00000 ,4154 ,999,99999, , ,97401      ,4,9,11,Reedsport,2,2,550616,0,0,0,0,0,0,0,0,0,2,2,550616,0,0,0,0,0,0,0,0,0
201912,41,445000,047,1005,64900 ,00000 ,130398 ,440,41420,2,1,97301      ,4,9,12,Salem,432,432,127709023,17,34,6881348,2,6,765607,37,562,54447587,432,432,127709023,17,34,6881348,2,6,765607,37,562,54447587
201912,41,449000,005,1015,65250 ,00000 ,9570 ,440,38900, , ,97055      ,4,9,12,Sandy,57,57,15777006,1,2,361319,0,0,0,0,0,0,57,57,15777006,1,2,361319,0,0,0,0,0,0
201912,41,451000,009,1020,65500 ,00000 ,6592 ,440,38900, , ,97056      ,4,9,11,Scappoose,8,8,2386954,0,0,0,1,4,611957,0,0,0,7,7,2125956,0,0,0,1,4,611957,0,0,0
201912,41,453000,043,1025,65650 ,00000 ,838 ,440,10540, , ,97374      ,4,9,12,Scio,2,2,495334,0,0,0,0,0,0,0,0,0,2,2,495334,0,0,0,0,0,0,0,0,0
201912,41,469000,067,1050,67100 ,00000 ,18194 ,440,38900, , ,97140      ,4,9,12,Sherwood,26,26,8943290,0,0,0,0,0,0,0,0,0,26,26,8943290,0,0,0,0,0,0,0,0,0
201912,41,481000,039,1085,69600 ,00000 ,59403 ,999,21660, ,1,97477      ,4,9,12,Springfield,57,57,13991324,2,4,282500,0,0,0,0,0,0,57,57,13991324,2,4,282500,0,0,0,0,0,0
201912,41,483000,009,0995,64600 ,00000 ,12883 ,440,38900, , ,97051      ,4,9,10,St. Helens,21,21,4251393,1,2,314704,1,4,437500,10,106,12981553,19,19,3820831,1,2,314704,1,4,437500,9,101,12556405
201912,41,499000,043,1120,71950 ,00000 ,8925 ,440,10540, , ,97386      ,4,9,12,Sweet Home,33,33,2649895,0,0,0,0,0,0,0,0,0,33,33,2649895,0,0,0,0,0,0,0,0,0
201912,41,503000,043,1123,72600 ,00000 ,1164 ,440,10540, , ,973890251  ,4,9,12,Tangent,1,1,269541,0,0,0,0,0,0,0,0,0,1,1,269541,0,0,0,0,0,0,0,0,0
201912,41,505000,067,1132,73650 ,00000 ,48035 ,440,38900, ,1,97223      ,4,9,12,Tigard,255,255,70522126,0,0,0,0,0,0,6,312,32044390,255,255,70522126,0,0,0,0,0,0,6,312,32044390
201912,41,509000,057,    ,99990 ,00000 ,15655 ,999,99999,2, ,97141      ,4,9,12,Tillamook County Unincorporated Area,135,135,37517566,0,0,0,0,0,0,0,0,0,135,135,37517566,0,0,0,0,0,0,0,0,0
201912,41,511000,041,1140,74000 ,00000 ,3465 ,999,99999, , ,97365      ,4,9,12,Toledo,0,0,0,0,0,0,0,0,0,0,0,0,0,0,0,0,0,0,0,0,0,0,0,0
201912,41,513000,051,1145,74850 ,00000 ,15962 ,440,38900,2, ,970602012  ,4,9,12,Troutdale,5,5,1441037,0,0,0,2,8,1521538,14,152,11821573,5,5,1441037,0,0,0,2,8,1521538,14,152,11821573
201912,41,517000,067,1150,74950 ,00000 ,23192 ,440,38900,2, ,970627092  ,4,9,12,Tualatin,1,1,370273,0,0,0,0,0,0,0,0,0,1,1,370273,0,0,0,0,0,0,0,0,0
201912,41,549000,065,    ,99990 ,00000 ,10056 ,999,99999,2, ,97058      ,4,9,0,Wasco County,0,0,0,0,0,0,0,0,0,0,0,0,0,0,0,0,0,0,0,0,0,0,0,0
201912,41,551000,067,    ,99990 ,00000 ,213376 ,440,38900,2, ,97124      ,4,9,12,Washington County Unincorporated Area,786,786,239658214,0,0,0,0,0,0,6,95,12531246,786,786,239658214,0,0,0,0,0,0,6,95,12531246
201912,41,555000,005,1215,80150 ,00000 ,25109 ,440,38900, , ,97068      ,4,9,10,West Linn,29,29,13164408,0,0,0,0,0,0,0,0,0,24,24,11078068,0,0,0,0,0,0,0,0,0
201912,41,569000,005,1233,82800 ,00000 ,17371 ,440,38900,2, ,97070      ,4,9,12,Wilsonville,111,111,30532304,0,0,0,0,0,0,0,0,0,111,111,30532304,0,0,0,0,0,0,0,0,0
201912,41,575000,051,1245,83950 ,00000 ,3878 ,440,38900, , ,970601095  ,4,9,12,Wood Village,8,8,1260631,0,0,0,0,0,0,0,0,0,8,8,1260631,0,0,0,0,0,0,0,0,0
201912,41,583000,071,    ,99990 ,00000 ,23546 ,440,38900,2, ,97128      ,4,9,12,Yamhill County Unincorporated Area,129,129,42220710,4,8,877411,0,0,0,0,0,0,129,129,42220710,4,8,877411,0,0,0,0,0,0
201912,49,001000,049,0005,00540 ,00000 ,9555 ,482,39340, , ,84004      ,4,8,3,Alpine,37,37,24825857,0,0,0,0,0,0,0,0,0,7,7,5617000,0,0,0,0,0,0,0,0,0
201912,49,003000,035,0007,00650 ,00000 ,383 ,482,41620, , ,84092      ,4,8,11,Alta town,1,1,871000,0,0,0,0,0,0,0,0,0,1,1,871000,0,0,0,0,0,0,0,0,0
201912,49,011000,049,0025,01310 ,00000 ,26263 ,482,39340, , ,84003      ,4,8,12,American Fork,243,243,91752813,0,0,0,1,4,560000,18,102,14755000,243,243,91752813,0,0,0,1,4,560000,18,102,14755000
201912,49,033000,035,0070,06810 ,00000 ,7598 ,482,41620,2, ,84065      ,4,8,0,Bluffdale,501,501,110775861,0,0,0,0,0,0,0,0,0,0,0,0,0,0,0,0,0,0,0,0,0
201912,49,037000,011,0075,07690 ,00000 ,42552 ,482,36260, , ,84010      ,4,8,12,Bountiful,25,25,11547784,0,0,0,0,0,0,1,41,8067571,25,25,11547784,0,0,0,0,0,0,1,41,8067571
201912,49,057000,049,0102,11430 ,00000 ,368 ,482,39340, , ,84013      ,4,8,8,Cedar Fort town,1,1,284829,0,0,0,0,0,0,0,0,0,1,1,284829,0,0,0,0,0,0,0,0,0
201912,49,059000,049,0103,11440 ,00000 ,9796 ,482,39340, , ,84062      ,4,8,12,Cedar Hills,7,7,4239202,0,0,0,0,0,0,0,0,0,7,7,4239202,0,0,0,0,0,0,0,0,0
201912,49,063000,011,0110,11980 ,00000 ,15335 ,482,36260, , ,84014      ,4,8,12,Centerville,13,13,3811953,0,0,0,0,0,0,0,0,0,13,13,3811953,0,0,0,0,0,0,0,0,0
201912,49,073000,011,0135,13850 ,00000 ,30112 ,482,36260, ,1,84015      ,4,8,12,Clearfield,0,0,0,0,0,0,2,8,946896,1,44,4230413,0,0,0,0,0,0,2,8,946896,1,44,4230413
201912,49,077000,011,0145,14290 ,00000 ,20426 ,482,36260, , ,84015      ,4,8,12,Clinton,109,109,28539908,0,0,0,0,0,0,0,0,0,109,109,28539908,0,0,0,0,0,0,0,0,0
201912,49,079000,043,0150,14840 ,00000 ,1363 ,999,99999, , ,84017      ,4,8,12,Coalville,5,5,658483,0,0,0,0,0,0,0,0,0,5,5,658483,0,0,0,0,0,0,0,0,0
201912,49,083500,035,0168,16270 ,00000 ,33433 ,482,41620, , ,84121      ,4,8,12,Cottonwood Heights,55,55,21738832,0,0,0,0,0,0,0,0,0,55,55,21738832,0,0,0,0,0,0,0,0,0
201912,49,087000,011,    ,99990 ,00000 ,3818 ,482,36260, , ,840250618  ,4,8,12,Davis County Unincorporated Area,9,9,5160861,0,0,0,0,0,0,0,0,0,9,9,5160861,0,0,0,0,0,0,0,0,0
201912,49,093000,035,0182,20120 ,00000 ,40532 ,482,41620,2, ,84020      ,4,8,12,Draper,193,193,77434170,0,0,0,5,18,4910909,6,50,11605787,193,193,77434170,0,0,0,5,18,4910909,6,50,11605787
201912,49,100900,049,0189,20810 ,00000 ,21415 ,482,39340, , ,84005      ,4,8,12,Eagle Mountain,1105,1105,304268435,0,0,0,0,0,0,0,0,0,1105,1105,304268435,0,0,0,0,0,0,0,0,0
201912,49,103000,049,0198,22370 ,00000 ,2436 ,482,39340, , ,84651      ,4,8,12,Elk Ridge,38,38,11981000,0,0,0,0,0,0,0,0,0,38,38,11981000,0,0,0,0,0,0,0,0,0
201912,49,123000,023,0235,24080 ,00000 ,669 ,482,39340, , ,846280156  ,4,8,3,Eureka,1,1,325653,0,0,0,0,0,0,0,0,0,1,1,325653,0,0,0,0,0,0,0,0,0
201912,49,124900,049,0238,24410 ,00000 ,119 ,482,39340, , ,840130271  ,4,8,0,Fairfield town,4,4,1079172,0,0,0,0,0,0,0,0,0,0,0,0,0,0,0,0,0,0,0,0,0
201912,49,127000,011,0245,24740 ,00000 ,18275 ,482,36260, , ,84025      ,4,8,12,Farmington,80,80,24500267,0,0,0,0,0,0,0,0,0,80,80,24500267,0,0,0,0,0,0,0,0,0
201912,49,129000,057,0247,24850 ,00000 ,5928 ,482,36260, , ,84404      ,4,8,12,Farr West,107,107,28874426,0,0,0,0,0,0,0,0,0,107,107,28874426,0,0,0,0,0,0,0,0,0
201912,49,141000,043,0275,26940 ,00000 ,1077 ,999,99999,2, ,84036      ,4,8,12,Francis,15,15,5002542,0,0,0,0,0,0,0,0,0,15,15,5002542,0,0,0,0,0,0,0,0,0
201912,49,143000,011,0280,27490 ,00000 ,4987 ,482,36260, , ,84037      ,4,8,12,Fruit Heights,7,7,3055224,0,0,0,0,0,0,0,0,0,7,7,3055224,0,0,0,0,0,0,0,0,0
201912,49,145000,033,0285,27930 ,00000 ,562 ,999,99999, , ,84028      ,4,8,0,Garden City town,17,17,4560827,0,0,0,0,0,0,0,0,0,0,0,0,0,0,0,0,0,0,0,0,0
201912,49,147000,017,    ,99990 ,00000 ,1249 ,999,99999,2, ,847590000  ,4,8,0,Garfield County Unincorporated Area,0,0,0,0,0,0,0,0,0,0,0,0,0,0,0,0,0,0,0,0,0,0,0,0
201912,49,157000,049,0315,30130 ,00000 ,921 ,482,39340, , ,84633      ,4,8,12,Goshen town,0,0,0,0,0,0,0,0,0,0,0,0,0,0,0,0,0,0,0,0,0,0,0,0
201912,49,161000,045,0320,31120 ,00000 ,8893 ,482,41620, , ,84029      ,4,8,12,Grantsville,129,129,26715976,0,0,0,0,0,0,0,0,0,129,129,26715976,0,0,0,0,0,0,0,0,0
201912,49,169000,057,0336,33540 ,00000 ,5567 ,482,36260, , ,84404      ,4,8,11,Harrisville,13,13,4081367,0,0,0,1,4,621710,0,0,0,11,11,3627077,0,0,0,0,0,0,0,0,0
201912,49,173000,051,0340,34200 ,00000 ,11362 ,999,99999, , ,840321827  ,4,8,12,Heber,95,95,38578195,0,0,0,0,0,0,6,72,10196113,95,95,38578195,0,0,0,0,0,0,6,72,10196113
201912,49,177000,043,0350,34640 ,00000 ,766 ,999,99999, , ,84033      ,4,8,12,Henefer town,4,4,592962,0,0,0,0,0,0,0,0,0,4,4,592962,0,0,0,0,0,0,0,0,0
201912,49,183000,035,0357,34970 ,00000 ,21785 ,482,41620, , ,84096      ,4,8,12,Herriman,1035,1035,228776000,0,0,0,0,0,0,22,497,59325000,1035,1035,228776000,0,0,0,0,0,0,22,497,59325000
201912,49,185000,049,0361,35190 ,00000 ,15523 ,482,39340, , ,840039038  ,4,8,12,Highland,76,76,34786717,0,0,0,0,0,0,0,0,0,76,76,34786717,0,0,0,0,0,0,0,0,0
201912,49,187000,053,0362,35300 ,00000 ,2726 ,999,41100, , ,84784      ,4,8,6,Hildale,7,7,387554,0,0,0,0,0,0,0,0,0,7,7,387554,0,0,0,0,0,0,0,0,0
201912,49,192000,035,0372,36070 ,00000 ,26472 ,482,41620, , ,84117      ,4,8,11,Holladay,22,22,13476783,0,0,0,0,0,0,0,0,0,22,22,13476783,0,0,0,0,0,0,0,0,0
201912,49,194000,057,0377,36400 ,00000 ,7218 ,482,36260, , ,84315      ,4,8,12,Hooper,43,43,10492604,0,0,0,0,0,0,0,0,0,43,43,10492604,0,0,0,0,0,0,0,0,0
201912,49,199000,057,0390,37060 ,00000 ,608 ,482,36260, , ,84317      ,4,8,12,Huntsville town,2,2,702180,0,0,0,0,0,0,0,0,0,2,2,702180,0,0,0,0,0,0,0,0,0
201912,49,207000,021,    ,99990 ,00000 ,7787 ,999,99999,2, ,84720      ,4,8,10,Iron County Unincorporated Area,116,116,18573089,0,0,0,0,0,0,0,0,0,97,97,15368720,0,0,0,0,0,0,0,0,0
201912,49,213000,023,    ,99990 ,00000 ,1067 ,482,39340, , ,84648      ,4,8,11,Juab County Unincorporated Area,11,11,4136633,0,0,0,0,0,0,0,0,0,10,10,3805160,0,0,0,0,0,0,0,0,0
201912,49,217000,043,0425,39810 ,00000 ,1811 ,999,99999, , ,84036      ,4,8,11,Kamas,24,24,7973091,2,4,1131146,0,0,0,0,0,0,23,23,7586467,2,4,1131146,0,0,0,0,0,0
201912,49,227000,011,0445,40360 ,00000 ,27300 ,482,36260, , ,84037      ,4,8,12,Kaysville,111,111,49559974,0,0,0,0,0,0,0,0,0,111,111,49559974,0,0,0,0,0,0,0,0,0
201912,49,237000,011,0480,43660 ,00000 ,67311 ,482,36260, , ,84041      ,4,8,10,Layton,446,446,90214132,2,4,519350,2,6,792095,0,0,0,377,377,76116996,2,4,519350,2,6,792095,0,0,0
201912,49,243000,049,0495,44320 ,00000 ,47407 ,482,39340, , ,84043      ,4,8,12,Lehi,1303,1303,339097566,0,0,0,0,0,0,0,0,0,1303,1303,339097566,0,0,0,0,0,0,0,0,0
201912,49,245000,023,0500,44650 ,00000 ,841 ,482,39340, , ,84639      ,4,8,12,Levan town,4,4,1487646,0,0,0,0,0,0,0,0,0,4,4,1487646,0,0,0,0,0,0,0,0,0
201912,49,249000,049,0510,45090 ,00000 ,10070 ,482,39340, , ,84042      ,4,8,12,Lindon,129,129,27240295,0,0,0,2,7,1249905,0,0,0,129,129,27240295,0,0,0,2,7,1249905,0,0,0
201912,49,253000,005,0520,45860 ,00000 ,48174 ,999,30860, ,1,84321      ,4,8,12,Logan,151,151,28887372,1,2,237025,0,0,0,10,311,39775705,151,151,28887372,1,2,237025,0,0,0,10,311,39775705
201912,49,259000,009,0540,47620 ,00000 ,310 ,999,99999, , ,84046      ,4,8,12,Manila town,4,4,930721,2,4,30720,0,0,0,0,0,0,4,4,930721,2,4,30720,0,0,0,0,0,0
201912,49,265000,049,0555,47950 ,00000 ,7979 ,482,39340, , ,84664      ,4,8,12,Mapleton,134,134,43595000,1,2,376000,4,15,2848000,0,0,0,134,134,43595000,1,2,376000,4,15,2848000,0,0,0
201912,49,268000,057,0558,48300 ,00000 ,1701 ,482,36260, , ,84404      ,4,8,12,Marriott Slaterville,10,10,3577815,0,0,0,0,0,0,0,0,0,10,10,3577815,0,0,0,0,0,0,0,0,0
201912,49,275000,035,0580,49710 ,00000 ,27964 ,482,41620, , ,84047      ,4,8,12,Midvale,9,9,2312115,3,6,990618,4,14,2280000,9,396,62294239,9,9,2312115,3,6,990618,4,14,2280000,9,396,62294239
201912,49,281000,027,    ,99990 ,00000 ,3537 ,999,99999,2, ,84624      ,4,8,12,Millard County Unincorporated Area,18,18,3655602,0,0,0,0,0,0,0,0,0,18,18,3655602,0,0,0,0,0,0,0,0,0
201912,49,281900,035,    ,50150 ,00000 , ,482,41620, , ,84106      ,4,8,12,Millcreek,55,55,18227113,3,6,652572,1,3,631724,2,13,3220131,55,55,18227113,3,6,652572,1,3,631724,2,13,3220131
201912,49,287000,019,0605,50700 ,00000 ,5046 ,999,99999, , ,84532      ,4,8,11,Moab,21,21,5143940,5,10,1502100,1,4,373912,1,36,3058139,17,17,4410791,5,10,1502100,1,4,373912,1,36,3058139
201912,49,289000,023,0610,51140 ,00000 ,1547 ,482,39340, , ,84645      ,4,8,11,Mona,5,5,1357106,0,0,0,0,0,0,0,0,0,5,5,1357106,0,0,0,0,0,0,0,0,0
201912,49,293000,037,0620,51580 ,00000 ,1972 ,999,99999, , ,845350457  ,4,8,6,Monticello,1,1,95253,0,0,0,0,0,0,0,0,0,1,1,95253,0,0,0,0,0,0,0,0,0
201912,49,295000,029,0625,51910 ,00000 ,3687 ,482,36260, , ,840501085  ,4,8,0,Morgan,16,16,4113068,0,0,0,0,0,0,0,0,0,0,0,0,0,0,0,0,0,0,0,0,0
201912,49,297000,029,    ,99990 ,00000 ,5782 ,482,36260, , ,84050      ,4,8,12,Morgan County Unincorporated Area,44,44,22193162,0,0,0,0,0,0,0,0,0,44,44,22193162,0,0,0,0,0,0,0,0,0
201912,49,303000,035,0640,53230 ,00000 ,46746 ,482,41620, , ,84123      ,4,8,11,Murray,161,161,46185504,0,0,0,0,0,0,0,0,0,150,150,42288474,0,0,0,0,0,0,0,0,0
201912,49,307000,047,0647,53560 ,00000 ,1755 ,999,99999, , ,84078      ,4,8,12,Naples,9,9,2198774,0,0,0,0,0,0,0,0,0,9,9,2198774,0,0,0,0,0,0,0,0,0
201912,49,309000,023,0650,54220 ,00000 ,5389 ,482,39340, , ,84648      ,4,8,11,Nephi,38,38,11165746,0,0,0,3,11,858765,0,0,0,35,35,10350360,0,0,0,3,11,858765,0,0,0
201912,49,317000,005,0670,54990 ,00000 ,8269 ,999,30860, , ,843412008  ,4,8,12,North Logan,31,31,10732130,4,8,1357225,8,31,4241130,5,35,5320935,31,31,10732130,4,8,1357225,8,31,4241130,5,35,5320935
201912,49,319000,057,0675,55100 ,00000 ,17357 ,482,36260, , ,84414      ,4,8,12,North Ogden,103,103,29108086,0,0,0,12,48,9398055,9,61,6590598,103,103,29108086,0,0,0,12,48,9398055,9,61,6590598
201912,49,321000,011,0680,55210 ,00000 ,16322 ,482,36260, , ,84054      ,4,8,12,North Salt Lake,87,87,17566699,0,0,0,0,0,0,4,36,4219000,87,87,17566699,0,0,0,0,0,0,4,36,4219000
201912,49,323000,027,0685,55430 ,00000 ,578 ,999,99999, , ,84649      ,4,8,12,Oak City town,1,1,187623,0,0,0,0,0,0,0,0,0,1,1,187623,0,0,0,0,0,0,0,0,0
201912,49,325000,043,0690,55650 ,00000 ,1470 ,999,99999, , ,84055      ,4,8,10,Oakley,14,14,3741725,0,0,0,0,0,0,0,0,0,12,12,2619849,0,0,0,0,0,0,0,0,0
201912,49,327000,057,0695,55980 ,00000 ,82825 ,482,36260, ,1,84401      ,4,8,5,Ogden,107,107,17989078,1,2,309500,2,6,420000,4,49,4515789,86,86,13077991,0,0,0,0,0,0,1,34,3600000
201912,49,333000,025,0715,57080 ,00000 ,577 ,999,99999, , ,847580036  ,4,8,0,Orderville town,0,0,0,0,0,0,0,0,0,0,0,0,0,0,0,0,0,0,0,0,0,0,0,0
201912,49,335000,049,0720,57300 ,00000 ,88328 ,482,39340, ,1,84057      ,4,8,12,Orem,112,112,32017799,0,0,0,0,0,0,5,641,131154055,112,112,32017799,0,0,0,0,0,0,5,641,131154055
201912,49,343000,043,0740,58070 ,00000 ,7547 ,999,99999,2, ,84060      ,4,8,12,Park City,68,68,53079544,0,0,0,1,3,4060030,3,50,14890465,68,68,53079544,0,0,0,1,3,4060030,3,50,14890465
201912,49,349000,049,4300,58730 ,00000 ,18294 ,482,39340, , ,84651      ,4,8,12,Payson,193,193,38889490,3,6,674900,5,20,2841974,16,85,12197627,193,193,38889490,3,6,674900,5,20,2841974,16,85,12197627
201912,49,355000,057,0765,60710 ,00000 ,5476 ,482,36260, , ,84404      ,4,8,12,Plain City,81,81,21354904,0,0,0,0,0,0,0,0,0,81,81,21354904,0,0,0,0,0,0,0,0,0
201912,49,357000,049,0770,60930 ,00000 ,33509 ,482,39340, , ,84062      ,4,8,12,Pleasant Grove,103,103,48879905,0,0,0,0,0,0,5,42,2093130,103,103,48879905,0,0,0,0,0,0,5,42,2093130
201912,49,359000,057,0775,61150 ,00000 ,7979 ,482,36260, , ,844141408  ,4,8,12,Pleasant View,20,20,8074642,0,0,0,0,0,0,0,0,0,20,20,8074642,0,0,0,0,0,0,0,0,0
201912,49,369000,049,0800,62470 ,00000 ,112488 ,482,39340, ,1,846014338  ,4,8,12,Provo,174,174,47758167,0,0,0,0,0,0,3,140,13504650,174,174,47758167,0,0,0,0,0,0,3,140,13504650
201912,49,383000,057,0825,64010 ,00000 ,8426 ,482,36260, , ,844053782  ,4,8,12,Riverdale,33,33,3272428,0,0,0,0,0,0,1,59,6481689,33,33,3272428,0,0,0,0,0,0,1,59,6481689
201912,49,385000,035,0835,64340 ,00000 ,38753 ,482,41620, , ,84065      ,4,8,4,Riverton,150,150,46693522,1,2,300072,14,50,8673531,3,20,3937655,36,36,10667061,0,0,0,4,14,2643414,1,10,2096451
201912,49,387500,023,0838,64590 ,00000 ,733 ,482,39340, , ,84645      ,4,8,12,Rocky Ridge town,0,0,0,0,0,0,0,0,0,0,0,0,0,0,0,0,0,0,0,0,0,0,0,0
201912,49,391000,057,0845,65110 ,00000 ,36884 ,482,36260, , ,84067      ,4,8,12,Roy,60,60,8560398,1,2,300000,0,0,0,9,54,5975118,60,60,8560398,1,2,300000,0,0,0,9,54,5975118
201912,49,395000,049,0860,65770 ,00000 ,6423 ,482,39340, , ,84653      ,4,8,12,Salem,105,105,47470067,0,0,0,0,0,0,0,0,0,105,105,47470067,0,0,0,0,0,0,0,0,0
201912,49,399000,035,0870,67000 ,00000 ,186440 ,482,41620, ,1,841145490  ,4,8,12,Salt Lake City,127,127,30668766,24,48,8000000,2,8,1385000,44,3303,492073997,127,127,30668766,24,48,8000000,2,8,1385000,44,3303,492073997
201912,49,401000,035,    ,99990 ,00000 ,146209 ,482,41620, , ,841904050  ,4,8,10,Salt Lake County Unincorporated Area,424,424,58381672,27,54,4168130,0,0,0,2,40,6445461,410,410,54196148,26,52,3900000,0,0,0,0,0,0
201912,49,405000,035,0875,67440 ,00000 ,87461 ,482,41620, , ,84070      ,4,8,9,Sandy,35,35,11005778,4,8,1280203,15,55,8119631,6,50,6712224,22,22,7374495,2,4,690577,12,43,6390728,3,15,2431000
201912,49,407000,039,    ,00000 ,00000 ,4468 ,999,99999, , ,84642      ,4,8,11,Sanpete County,52,52,10082474,0,0,0,0,0,0,0,0,0,48,48,9460513,0,0,0,0,0,0,0,0,0
201912,49,411000,049,0885,67770 ,00000 ,9128 ,482,39340,2, ,84655      ,4,8,12,Santaquin,143,143,41645730,3,6,1277037,4,16,3597318,9,61,11360093,143,143,41645730,3,6,1277037,4,16,3597318,9,61,11360093
201912,49,412000,049,0887,67825 ,00000 ,17781 ,482,39340, , ,84045      ,4,8,12,Saratoga Springs,727,727,163134000,0,0,0,0,0,0,0,0,0,727,727,163134000,0,0,0,0,0,0,0,0,0
201912,49,425000,035,0920,70850 ,00000 ,50418 ,482,41620, , ,84095      ,4,8,12,South Jordan,765,765,182763000,5,10,1576000,0,0,0,10,256,40482000,765,765,182763000,5,10,1576000,0,0,0,10,256,40482000
201912,49,427000,057,0925,70960 ,00000 ,16532 ,482,36260, , ,84403      ,4,8,12,South Ogden,3,3,1352879,0,0,0,0,0,0,3,48,4047980,3,3,1352879,0,0,0,0,0,0,3,48,4047980
201912,49,429000,035,0930,71070 ,00000 ,23617 ,482,41620, , ,84115      ,4,8,12,South Salt Lake,66,66,21716018,2,4,934308,7,22,4610505,0,0,0,66,66,21716018,2,4,934308,7,22,4610505,0,0,0
201912,49,431000,011,0935,71180 ,00000 ,6051 ,482,36260, , ,84405      ,4,8,12,South Weber,131,131,37838754,1,2,283459,0,0,0,0,0,0,131,131,37838754,1,2,283459,0,0,0,0,0,0
201912,49,433000,049,0940,71290 ,00000 ,34691 ,482,39340, , ,84660      ,4,8,12,Spanish Fork,280,280,73427590,1,2,133903,0,0,0,0,0,0,280,280,73427590,1,2,133903,0,0,0,0,0,0
201912,49,439000,049,0955,72280 ,00000 ,29466 ,482,39340, , ,84663      ,4,8,12,Springville,176,176,54128791,0,0,0,0,0,0,1,30,2400000,176,176,54128791,0,0,0,0,0,0,1,30,2400000
201912,49,441000,053,0855,65330 ,00000 ,72897 ,999,41100, ,1,84770      ,4,8,12,St. George,1088,1088,176696638,18,36,3290000,38,138,18363040,5,265,34592000,1088,1088,176696638,18,36,3290000,38,138,18363040,5,265,34592000
201912,49,445000,045,0965,73050 ,00000 ,616 ,482,41620, , ,84071      ,4,8,12,Stockton town,1,1,236485,0,0,0,0,0,0,0,0,0,1,1,236485,0,0,0,0,0,0,0,0,0
201912,49,447000,043,    ,99990 ,00000 ,22290 ,999,99999, , ,840170128  ,4,8,0,Summit County Unincorporated Area,99,99,50861931,0,0,0,6,18,5049180,14,83,14181115,0,0,0,0,0,0,0,0,0,0,0,0
201912,49,451000,011,0975,74480 ,00000 ,5122 ,482,36260, , ,84015      ,4,8,12,Sunset,1,1,71256,0,0,0,0,0,0,0,0,0,1,1,71256,0,0,0,0,0,0,0,0,0
201912,49,453000,011,0980,74810 ,00000 ,24331 ,482,36260, , ,84075      ,4,8,12,Syracuse,310,310,66485984,0,0,0,0,0,0,0,0,0,310,310,66485984,0,0,0,0,0,0,0,0,0
201912,49,456000,035,0986,75360 ,00000 ,58652 ,482,41620, , ,84118      ,4,8,11,Taylorsville,69,69,13596298,0,0,0,0,0,0,2,107,16559523,65,65,12899681,0,0,0,0,0,0,1,95,14669623
201912,49,457000,045,0990,76680 ,00000 ,31605 ,482,41620, , ,840742191  ,4,8,12,Tooele,163,163,30448758,0,0,0,0,0,0,11,228,20271088,163,163,30448758,0,0,0,0,0,0,11,228,20271088
201912,49,459000,045,    ,99990 ,00000 ,14976 ,482,41620,2, ,84074      ,4,8,12,Tooele County Unincorporated Area,303,303,79234787,0,0,0,0,0,0,0,0,0,303,303,79234787,0,0,0,0,0,0,0,0,0
201912,49,471000,047,    ,99990 ,00000 ,20943 ,999,99999, , ,84078      ,4,8,12,Uintah County Unincorporated Area,28,28,7311358,0,0,0,0,0,0,0,0,0,28,28,7311358,0,0,0,0,0,0,0,0,0
201912,49,473000,057,1020,77890 ,00000 ,1322 ,482,36260, , ,84405      ,4,8,6,Uintah town,5,5,961320,0,0,0,0,0,0,0,0,0,5,5,961320,0,0,0,0,0,0,0,0,0
201912,49,475000,049,    ,99990 ,00000 ,10009 ,482,39340, , ,84601      ,4,8,12,Utah County Unincorporated Area,25,25,11737868,0,0,0,0,0,0,0,0,0,25,25,11737868,0,0,0,0,0,0,0,0,0
201912,49,477000,047,1025,80090 ,00000 ,9089 ,999,99999, , ,84078      ,4,8,12,Vernal,11,11,2311032,0,0,0,0,0,0,0,0,0,11,11,2311032,0,0,0,0,0,0,0,0,0
201912,49,481000,049,1029,80420 ,00000 ,139 ,482,39340, , ,840592032  ,4,8,12,Vineyard town,223,223,73868123,0,0,0,0,0,0,12,334,25858216,223,223,73868123,0,0,0,0,0,0,12,334,25858216
201912,49,491000,053,1045,81960 ,00000 ,18761 ,999,41100, , ,84780      ,4,8,12,Washington,632,632,162793353,0,0,0,0,0,0,21,546,47355011,632,632,162793353,0,0,0,0,0,0,21,546,47355011
201912,49,493000,053,    ,99990 ,00000 ,6988 ,999,41100, , ,84770      ,4,8,12,Washington County Unincorporated Area,54,54,14399725,0,0,0,0,0,0,0,0,0,54,54,14399725,0,0,0,0,0,0,0,0,0
201912,49,495000,057,1050,82070 ,00000 ,9067 ,482,36260, , ,84405      ,4,8,3,Washington Terrace,12,12,4599866,0,0,0,0,0,0,0,0,0,2,2,538127,0,0,0,0,0,0,0,0,0
201912,49,499000,057,    ,99990 ,00000 ,14074 ,482,36260, , ,84401      ,4,8,12,Weber County Unincorporated Area,162,162,60515884,1,2,522510,0,0,0,0,0,0,162,162,60515884,1,2,522510,0,0,0,0,0,0
201912,49,505000,045,1065,82730 ,00000 ,1400 ,482,41620, , ,84083      ,4,8,12,Wendover,1,1,62000,0,0,0,0,0,0,0,0,0,1,1,62000,0,0,0,0,0,0,0,0,0
201912,49,507000,011,1070,82840 ,00000 ,5265 ,482,36260, , ,84087      ,4,8,12,West Bountiful,48,48,15299359,0,0,0,0,0,0,0,0,0,48,48,15299359,0,0,0,0,0,0,0,0,0
201912,49,508000,057,1073,82930 ,00000 ,10272 ,482,36260, , ,84401      ,4,8,12,West Haven,245,245,45945373,0,0,0,26,90,10405826,26,323,37725148,245,245,45945373,0,0,0,26,90,10405826,26,323,37725148
201912,49,509000,035,1075,82950 ,00000 ,103712 ,482,41620, , ,84088      ,4,8,12,West Jordan,335,335,86836340,20,40,5292844,0,0,0,6,327,43377866,335,335,86836340,20,40,5292844,0,0,0,6,327,43377866
201912,49,511000,011,1080,83390 ,00000 ,9511 ,482,36260, , ,84015      ,4,8,12,West Point,70,70,17398000,0,0,0,0,0,0,2,60,6600000,70,70,17398000,0,0,0,0,0,0,2,60,6600000
201912,49,513000,035,1082,83470 ,00000 ,129480 ,482,41620, , ,84119      ,4,8,12,West Valley City,174,174,56468416,0,0,0,0,0,0,1,201,35000000,174,174,56468416,0,0,0,0,0,0,1,201,35000000
201912,49,517000,049,1091,85050 ,00000 ,1344 ,482,39340, , ,84653      ,4,8,0,Woodland Hills,12,12,5210856,0,0,0,0,0,0,0,0,0,0,0,0,0,0,0,0,0,0,0,0,0
201912,49,521000,011,1095,85370 ,00000 ,9761 ,482,36260, , ,84087      ,4,8,10,Woods Cross,41,41,12812628,0,0,0,5,17,2636221,7,35,6301131,37,37,11632504,0,0,0,3,10,1541778,7,35,6301131
201912,53,005000,063,0010,00905 ,00000 ,6114 ,518,44060, , ,990019000  ,4,9,12,Airway Heights,52,52,13322698,0,0,0,1,4,486175,0,0,0,52,52,13322698,0,0,0,1,4,486175,0,0,0
201912,53,009000,033,0020,01290 ,00000 ,3014 ,500,42660, , ,98001      ,4,9,12,Algona,4,4,740000,0,0,0,0,0,0,0,0,0,4,4,740000,0,0,0,0,0,0,0,0,0
201912,53,013000,057,0030,01990 ,00000 ,15778 ,500,34580, ,1,98221      ,4,9,12,Anacortes,66,66,24771122,0,0,0,0,0,0,0,0,0,66,66,24771122,0,0,0,0,0,0,0,0,0
201912,53,015000,061,0035,02585 ,00000 ,17926 ,500,42660, , ,98223      ,4,9,12,Arlington,10,10,2725653,0,0,0,0,0,0,16,237,23755328,10,10,2725653,0,0,0,0,0,0,16,237,23755328
201912,53,021000,033,0055,03180 ,00000 ,62761 ,500,42660,2,1,980014998  ,4,9,12,Auburn,23,23,8385683,0,0,0,0,0,0,0,0,0,23,23,8385683,0,0,0,0,0,0,0,0,0
201912,53,022000,035,0058,03736 ,00000 ,23025 ,500,14740, , ,981102824  ,4,9,12,Bainbridge Island,94,94,41595331,0,0,0,0,0,0,0,0,0,94,94,41595331,0,0,0,0,0,0,0,0,0
201912,53,023000,011,0065,04475 ,00000 ,17571 ,440,38900, , ,98604      ,4,9,0,Battle Ground,151,151,37341371,0,0,0,0,0,0,0,0,0,0,0,0,0,0,0,0,0,0,0,0,0
201912,53,025000,033,0070,04895 ,00000 ,299 ,500,42660, , ,98004      ,4,9,12,Beaux Arts Village town,0,0,0,0,0,0,0,0,0,0,0,0,0,0,0,0,0,0,0,0,0,0,0,0
201912,53,027000,033,0075,05210 ,00000 ,122363 ,500,42660, ,1,980099012  ,4,9,12,Bellevue,194,194,128138704,2,4,1314134,0,0,0,2,205,42128595,194,194,128138704,2,4,1314134,0,0,0,2,205,42128595
201912,53,029000,073,0080,05280 ,00000 ,80885 ,999,13380, ,1,98225      ,4,9,12,Bellingham,188,188,44787009,5,10,1610454,5,16,2783931,21,858,101306515,188,188,44787009,5,10,1610454,5,16,2783931,21,858,101306515
201912,53,031000,005,0083,05560 ,00000 ,3038 ,313,28420, , ,99320      ,4,9,12,Benton City,3,3,902234,0,0,0,0,0,0,0,0,0,3,3,902234,0,0,0,0,0,0,0,0,0
201912,53,033000,005,    ,99990 ,00000 ,32639 ,313,28420, , ,99336      ,4,9,12,Benton County Unincorporated Area,200,200,46935597,8,16,2389405,0,0,0,0,0,0,200,200,46935597,8,16,2389405,0,0,0,0,0,0
201912,53,037000,033,0095,06330 ,00000 ,4151 ,500,42660, , ,98010      ,4,9,12,Black Diamond,226,226,74355511,11,22,5709859,0,0,0,2,12,2463751,226,226,74355511,11,22,5709859,0,0,0,2,12,2463751
201912,53,039000,073,0100,06505 ,00000 ,4684 ,999,13380, , ,98230      ,4,9,12,Blaine,43,43,13335979,4,8,1549960,0,0,0,0,0,0,43,43,13335979,4,8,1549960,0,0,0,0,0,0
201912,53,041000,053,0105,07170 ,00000 ,17374 ,500,42660, , ,98391      ,4,9,12,Bonney Lake,100,100,27500381,0,0,0,0,0,0,16,378,43840595,100,100,27500381,0,0,0,0,0,0,16,378,43840595
201912,53,043000,033,0110,07380 ,00000 ,17090 ,500,42660,2, ,98011      ,4,9,12,Bothell,167,167,48359639,0,0,0,0,0,0,0,0,0,167,167,48359639,0,0,0,0,0,0,0,0,0
201912,53,047000,035,0115,07695 ,00000 ,37729 ,500,14740, ,1,983371858  ,4,9,12,Bremerton,185,185,45130898,3,6,1527723,1,4,950000,9,172,14509537,185,185,45130898,3,6,1527723,1,4,950000,9,172,14509537
201912,53,049000,047,0120,07835 ,00000 ,2370 ,999,99999, , ,988120340  ,4,9,11,Brewster,2,2,501992,0,0,0,0,0,0,0,0,0,2,2,501992,0,0,0,0,0,0,0,0,0
201912,53,051000,017,0123,07870 ,00000 ,2409 ,999,48300, , ,98813      ,4,9,12,Bridgeport,4,4,650000,0,0,0,0,0,0,0,0,0,4,4,650000,0,0,0,0,0,0,0,0,0
201912,53,053000,061,0124,07940 ,00000 ,6087 ,500,42660, , ,98036      ,4,9,12,Brier,9,9,6800000,0,0,0,0,0,0,0,0,0,9,9,6800000,0,0,0,0,0,0,0,0,0
201912,53,055000,053,0130,08570 ,00000 ,4354 ,500,42660, , ,98321      ,4,9,12,Buckley,95,95,29308760,0,0,0,0,0,0,0,0,0,95,95,29308760,0,0,0,0,0,0,0,0,0
201912,53,058000,033,0828,08850 ,00000 ,33313 ,500,42660, , ,981661973  ,4,9,10,Burien,37,37,11860337,1,2,237461,0,0,0,1,15,1540386,30,30,9760144,1,2,237461,0,0,0,1,15,1540386
201912,53,061000,011,0145,09480 ,00000 ,19355 ,440,38900, , ,986072166  ,4,9,12,Camas,379,379,116776086,6,12,3115079,0,0,0,11,252,25473300,379,379,116776086,6,12,3115079,0,0,0,11,252,25473300
201912,53,063000,053,0150,09970 ,00000 ,610 ,500,42660, , ,98323      ,4,9,12,Carbonado town,3,3,811545,0,0,0,0,0,0,0,0,0,3,3,811545,0,0,0,0,0,0,0,0,0
201912,53,065000,033,0155,10215 ,00000 ,1786 ,500,42660, , ,980141238  ,4,9,0,Carnation,23,23,7706214,0,0,0,0,0,0,0,0,0,0,0,0,0,0,0,0,0,0,0,0,0
201912,53,071000,069,0175,10635 ,00000 ,532 ,999,99999, , ,98612      ,4,9,12,Cathlamet town,0,0,0,0,0,0,0,0,0,0,0,0,0,0,0,0,0,0,0,0,0,0,0,0
201912,53,073000,041,0180,11160 ,00000 ,16336 ,999,99999, , ,98531      ,4,9,10,Centralia,40,40,7992894,4,8,864468,0,0,0,0,0,0,34,34,6851300,4,8,864468,0,0,0,0,0,0
201912,53,079000,007,    ,99990 ,00000 ,30498 ,999,48300, , ,98801      ,4,9,1,Chelan County Unincorporated Area,275,275,49006813,0,0,0,0,0,0,0,0,0,11,11,2073285,0,0,0,0,0,0,0,0,0
201912,53,081000,063,0200,11825 ,00000 ,10590 ,518,44060, , ,99004      ,4,9,12,Cheney,53,53,13427601,0,0,0,0,0,0,5,166,13712513,53,53,13427601,0,0,0,0,0,0,5,166,13712513
201912,53,083000,065,0205,12140 ,00000 ,2607 ,518,44060, , ,99109      ,4,9,12,Chewelah,5,5,1270286,0,0,0,0,0,0,0,0,0,5,5,1270286,0,0,0,0,0,0,0,0,0
201912,53,085000,009,    ,99990 ,00000 ,42228 ,999,99999, , ,983620149  ,4,9,3,Clallam County Unincorporated Area,173,173,40273331,2,4,799326,0,0,0,0,0,0,28,28,8664788,0,0,0,0,0,0,0,0,0
201912,53,087000,011,    ,99990 ,00000 ,203339 ,440,38900, , ,986669810  ,4,9,4,Clark County Unincorporated Area,1538,1538,482737533,0,0,0,0,0,0,2,21,2122278,450,450,142673319,0,0,0,0,0,0,0,0,0
201912,53,089000,003,0215,12630 ,00000 ,7229 ,999,30300, , ,99403      ,4,9,12,Clarkston,3,3,516104,1,2,228096,0,0,0,3,49,3956387,3,3,516104,1,2,228096,0,0,0,3,49,3956387
201912,53,091000,037,0220,12945 ,00000 ,1872 ,999,99999, , ,98922      ,4,9,12,Cle Elum,25,25,5552061,0,0,0,0,0,0,0,0,0,25,25,5552061,0,0,0,0,0,0,0,0,0
201912,53,093000,033,0225,13365 ,00000 ,2984 ,500,42660, , ,98004      ,4,9,12,Clyde Hill,13,13,33226640,0,0,0,0,0,0,0,0,0,13,13,33226640,0,0,0,0,0,0,0,0,0
201912,53,109000,021,0263,14485 ,00000 ,4209 ,313,28420, , ,99326      ,4,9,12,Connell,11,11,2239201,0,0,0,0,0,0,0,0,0,11,11,2239201,0,0,0,0,0,0,0,0,0
201912,53,121000,029,0290,15185 ,00000 ,1831 ,999,99999, , ,98239      ,4,9,12,Coupeville town,6,6,1334919,0,0,0,2,6,1347498,0,0,0,6,6,1334919,0,0,0,2,6,1347498,0,0,0
201912,53,122000,033,0291,15290 ,00000 ,17575 ,500,42660, , ,98042      ,4,9,12,Covington,100,100,37487068,0,0,0,0,0,0,1,89,12517600,100,100,37487068,0,0,0,0,0,0,1,89,12517600
201912,53,123000,015,    ,99990 ,00000 ,44085 ,440,31020, , ,98626      ,4,9,10,Cowlitz County Unincorporated Area,230,230,52253810,0,0,0,0,0,0,0,0,0,193,193,44101521,0,0,0,0,0,0,0,0,0
201912,53,129000,061,0305,16690 ,00000 ,1347 ,500,42660, , ,98241      ,4,9,12,Darrington town,3,3,767000,0,0,0,0,0,0,0,0,0,3,3,767000,0,0,0,0,0,0,0,0,0
201912,53,135000,063,0317,17320 ,00000 ,3652 ,518,44060, , ,990060888  ,4,9,12,Deer Park,29,29,7728684,6,12,1852733,0,0,0,0,0,0,29,29,7728684,6,12,1852733,0,0,0,0,0,0
201912,53,137000,033,0325,17635 ,00000 ,29673 ,500,42660, , ,981986340  ,4,9,12,Des Moines,55,55,19669430,7,14,4992235,0,0,0,0,0,0,55,55,19669430,7,14,4992235,0,0,0,0,0,0
201912,53,139000,017,    ,99990 ,00000 ,20399 ,999,48300, , ,98802      ,4,9,12,Douglas County Unincorporated Area,219,219,55525607,4,8,1231599,0,0,0,7,84,9357472,219,219,55525607,4,8,1231599,0,0,0,7,84,9357472
201912,53,141000,053,0330,18965 ,00000 ,8199 ,500,42660, , ,983279002  ,4,9,12,DuPont,38,38,8560383,0,0,0,0,0,0,0,0,0,38,38,8560383,0,0,0,0,0,0,0,0,0
201912,53,143000,033,0335,19035 ,00000 ,6695 ,500,42660, , ,98019      ,4,9,12,Duvall,30,30,12671772,3,6,2187964,0,0,0,0,0,0,30,30,12671772,3,6,2187964,0,0,0,0,0,0
201912,53,145000,017,0350,20155 ,00000 ,13190 ,999,48300, , ,98802      ,4,9,12,East Wenatchee,1,1,326370,0,0,0,1,4,522621,1,5,653273,1,1,326370,0,0,0,1,4,522621,1,5,653273
201912,53,147000,053,0357,20260 ,00000 ,2758 ,500,42660, , ,98328      ,4,9,12,Eatonville town,4,4,1586315,0,0,0,0,0,0,0,0,0,4,4,1586315,0,0,0,0,0,0,0,0,0
201912,53,148000,053,0362,20645 ,00000 ,9387 ,500,42660, , ,983721513  ,4,9,12,Edgewood,94,94,35139866,0,0,0,0,0,0,3,55,6942244,94,94,35139866,0,0,0,0,0,0,3,55,6942244
201912,53,149000,061,0367,20750 ,00000 ,39709 ,500,42660, , ,98020      ,4,9,12,Edmonds,25,25,11673589,0,0,0,2,7,1612172,2,19,1731330,25,25,11673589,0,0,0,2,7,1612172,2,19,1731330
201912,53,153000,037,0380,21240 ,00000 ,18174 ,999,99999, , ,98926      ,4,9,8,Ellensburg,44,44,7023072,8,16,1897488,1,3,295371,4,64,5910281,30,30,4594660,5,10,1411959,1,3,295371,0,0,0
201912,53,163000,033,2016,22045 ,00000 ,10669 ,500,42660, , ,98022      ,4,9,12,Enumclaw,179,179,44728780,0,0,0,0,0,0,0,0,0,179,179,44728780,0,0,0,0,0,0,0,0,0
201912,53,167000,061,0420,22640 ,00000 ,103019 ,500,42660, ,1,98201      ,4,9,11,Everett,114,114,31791024,10,20,4557053,0,0,0,13,607,66296407,104,104,29700765,9,18,4239582,0,0,0,12,593,64985364
201912,53,171000,063,0430,22990 ,00000 ,612 ,518,44060, , ,99012      ,4,9,12,Fairfield town,3,3,475000,0,0,0,0,0,0,0,0,0,3,3,475000,0,0,0,0,0,0,0,0,0
201912,53,175000,033,0443,23515 ,00000 ,89306 ,500,42660, , ,98003      ,4,9,11,Federal Way,60,60,23277567,0,0,0,0,0,0,1,200,30859927,55,55,21365009,0,0,0,0,0,0,1,200,30859927
201912,53,177000,073,2184,23620 ,00000 ,11415 ,999,13380, , ,98248      ,4,9,0,Ferndale,110,110,27992637,1,2,311149,4,12,2193096,2,10,985567,0,0,0,0,0,0,0,0,0,0,0,0
201912,53,181000,053,0450,23795 ,00000 ,9173 ,500,42660, , ,98424      ,4,9,12,Fife,23,23,6876926,0,0,0,0,0,0,1,34,4428237,23,23,6876926,0,0,0,0,0,0,1,34,4428237
201912,53,183000,053,0455,23970 ,00000 ,6497 ,500,42660, , ,984666912  ,4,9,12,Fircrest,28,28,7664255,0,0,0,0,0,0,0,0,0,28,28,7664255,0,0,0,0,0,0,0,0,0
201912,53,187000,021,    ,99990 ,00000 ,13491 ,313,28420, , ,993017116  ,4,9,12,Franklin County Unincorporated Area,85,85,31926431,0,0,0,0,0,0,0,0,0,85,85,31926431,0,0,0,0,0,0,0,0,0
201912,53,189000,055,0470,25615 ,00000 ,2162 ,999,99999, , ,98250      ,4,9,12,Friday Harbor town,26,26,4075994,10,20,2377800,0,0,0,0,0,0,26,26,4075994,10,20,2377800,0,0,0,0,0,0
201912,53,197000,053,0490,26735 ,00000 ,7126 ,500,42660, , ,98335      ,4,9,12,Gig Harbor,88,88,29138253,0,0,0,0,0,0,0,0,0,88,88,29138253,0,0,0,0,0,0,0,0,0
201912,53,199000,061,0495,27365 ,00000 ,2075 ,500,42660, , ,98251      ,4,9,12,Gold Bar,15,15,2273180,0,0,0,0,0,0,0,0,0,15,15,2273180,0,0,0,0,0,0,0,0,0
201912,53,205000,077,0515,27925 ,00000 ,10862 ,999,49420, , ,989301360  ,4,9,12,Grandview,10,10,2378802,1,2,236335,0,0,0,0,0,0,10,10,2378802,1,2,236335,0,0,0,0,0,0
201912,53,209000,061,0523,27995 ,00000 ,3364 ,500,42660, , ,98252      ,4,9,12,Granite Falls,145,145,36543315,0,0,0,0,0,0,0,0,0,145,145,36543315,0,0,0,0,0,0,0,0,0
201912,53,211000,025,    ,99990 ,00000 ,40134 ,999,99999,2, ,98823      ,4,9,12,Grant County Unincorporated Area,163,163,42683840,0,0,0,0,0,0,0,0,0,163,163,42683840,0,0,0,0,0,0,0,0,0
201912,53,213000,027,    ,99990 ,00000 ,28438 ,999,99999, , ,985633614  ,4,9,12,Grays Harbor County Unincorporated Area,102,102,26687261,0,0,0,0,0,0,0,0,0,102,102,26687261,0,0,0,0,0,0,0,0,0
201912,53,221000,025,0547,29920 ,00000 ,151 ,999,99999, , ,99135      ,4,9,12,Hartline town,1,1,282835,0,0,0,0,0,0,0,0,0,1,1,282835,0,0,0,0,0,0,0,0,0
201912,53,227000,033,0570,32755 ,00000 ,394 ,500,42660, , ,98004      ,4,9,12,Hunts Point town,2,2,7200000,0,0,0,0,0,0,0,0,0,2,2,7200000,0,0,0,0,0,0,0,0,0
201912,53,235000,029,    ,99990 ,00000 ,53565 ,999,99999, , ,98239      ,4,9,12,Island County Unincorporated Area,332,332,91321795,0,0,0,0,0,0,0,0,0,332,332,91321795,0,0,0,0,0,0,0,0,0
201912,53,237000,033,0587,33805 ,00000 ,30434 ,500,42660, , ,98027      ,4,9,12,Issaquah,64,64,23696181,0,0,0,0,0,0,1,135,26512239,64,64,23696181,0,0,0,0,0,0,1,135,26512239
201912,53,239000,031,    ,99990 ,00000 ,20759 ,999,99999, , ,98368      ,4,9,11,Jefferson County Unincorporated Area,124,124,30322098,0,0,0,0,0,0,0,0,0,118,118,28790698,0,0,0,0,0,0,0,0,0
201912,53,241000,021,0597,34575 ,00000 ,193 ,313,28420, , ,99335      ,4,9,12,Kahlotus,0,0,0,0,0,0,0,0,0,0,0,0,0,0,0,0,0,0,0,0,0,0,0,0
201912,53,246000,033,0608,35170 ,00000 ,20460 ,500,42660, , ,98028      ,4,9,12,Kenmore,42,42,13441916,0,0,0,0,0,0,0,0,0,42,42,13441916,0,0,0,0,0,0,0,0,0
201912,53,247000,005,0610,35275 ,00000 ,73917 ,313,28420, ,1,99336      ,4,9,11,Kennewick,350,350,103333875,3,6,1526931,0,0,0,2,40,3812657,320,320,95124757,2,4,1169453,0,0,0,1,7,500000
201912,53,249000,033,0615,35415 ,00000 ,92411 ,500,42660, ,1,980325895  ,4,9,0,Kent,310,310,110820628,0,0,0,2,6,1001024,10,73,7202328,0,0,0,0,0,0,0,0,0,0,0,0
201912,53,253000,033,    ,99990 ,00000 ,325002 ,500,42660, , ,98065      ,4,9,12,King County Unincorporated Area,406,406,111595860,3,6,1458945,5,19,4312661,2,97,14568615,406,406,111595860,3,6,1458945,5,19,4312661,2,97,14568615
201912,53,255000,033,0625,35940 ,00000 ,48787 ,500,42660, , ,98033      ,4,9,4,Kirkland,291,291,145489647,0,0,0,5,17,5680000,7,1075,88595012,78,78,42659400,0,0,0,4,14,4630000,3,247,25130332
201912,53,257000,035,    ,99990 ,00000 ,170035 ,500,14740, , ,983664682  ,4,9,12,Kitsap County Unincorporated Area,507,507,152315285,2,4,795510,0,0,0,0,0,0,507,507,152315285,2,4,795510,0,0,0,0,0,0
201912,53,261000,037,    ,99990 ,00000 ,18063 ,999,99999, , ,98926      ,4,9,10,Kittitas County Unincorporated Area,323,323,114346960,0,0,0,0,0,0,0,0,0,265,265,95026792,0,0,0,0,0,0,0,0,0
201912,53,263000,039,    ,99990 ,00000 ,13975 ,999,99999, , ,98620      ,4,9,12,Klickitat County Unincorporated Area,85,85,15232587,0,0,0,0,0,0,0,0,0,85,85,15232587,0,0,0,0,0,0,0,0,0
201912,53,267000,011,3204,36710 ,00000 ,2800 ,440,38900, , ,98629      ,4,9,12,La Center,80,80,21113720,0,0,0,0,0,0,0,0,0,80,80,21113720,0,0,0,0,0,0,0,0,0
201912,53,273000,067,0634,36745 ,00000 ,42393 ,500,36500, ,1,98503      ,4,9,12,Lacey,243,243,66456326,11,22,3963516,0,0,0,12,420,48603357,243,243,66456326,11,22,3963516,0,0,0,12,420,48603357
201912,53,275000,033,0641,37270 ,00000 ,12598 ,500,42660, , ,98155      ,4,9,12,Lake Forest Park,8,8,3036310,0,0,0,0,0,0,0,0,0,8,8,3036310,0,0,0,0,0,0,0,0,0
201912,53,277000,061,0654,37900 ,00000 ,28069 ,500,42660, , ,98258      ,4,9,12,Lake Stevens,313,313,99736167,1,2,409626,0,0,0,0,0,0,313,313,99736167,1,2,409626,0,0,0,0,0,0
201912,53,278000,053,0667,38038 ,00000 ,58163 ,500,42660, ,1,98499      ,4,9,12,Lakewood,31,31,9463216,0,0,0,0,0,0,1,10,1102391,31,31,9463216,0,0,0,0,0,0,1,10,1102391
201912,53,287000,041,    ,99990 ,00000 ,44892 ,999,99999,2, ,98532      ,4,9,12,Lewis County Unincorporated Area,177,177,30365020,0,0,0,0,0,0,0,0,0,177,177,30365020,0,0,0,0,0,0,0,0,0
201912,53,288000,063,0684,39335 ,00000 ,7591 ,518,44060, , ,99019      ,4,9,12,Liberty Lake,170,170,51734021,0,0,0,0,0,0,6,57,9595811,170,170,51734021,0,0,0,0,0,0,6,57,9595811
201912,53,289000,043,    ,99990 ,00000 ,5081 ,999,99999,2, ,99122      ,4,9,12,Lincoln County Unincorporated Area,43,43,7515088,1,2,200000,0,0,0,0,0,0,43,43,7515088,1,2,200000,0,0,0,0,0,0
201912,53,299000,073,0710,40805 ,00000 ,11951 ,999,13380, , ,98264      ,4,9,12,Lynden,99,99,28514386,5,10,1445100,1,3,498737,3,24,2946950,99,99,28514386,5,10,1445100,1,3,498737,3,24,2946950
201912,53,301000,061,0715,40840 ,00000 ,35836 ,500,42660, , ,98036      ,4,9,12,Lynnwood,30,30,11983165,0,0,0,0,0,0,0,0,0,30,30,11983165,0,0,0,0,0,0,0,0,0
201912,53,307000,017,0735,42800 ,00000 ,320 ,999,48300, , ,988300218  ,4,9,12,Mansfield town,0,0,0,0,0,0,0,0,0,0,0,0,0,0,0,0,0,0,0,0,0,0,0,0
201912,53,307900,033,0738,43150 ,00000 ,22684 ,500,42660, , ,980380320  ,4,9,12,Maple Valley,182,182,61757973,0,0,0,0,0,0,0,0,0,182,182,61757973,0,0,0,0,0,0,0,0,0
201912,53,311000,061,0748,43955 ,00000 ,60020 ,500,42660, , ,98270      ,4,9,12,Marysville,464,464,105012676,0,0,0,0,0,0,2,38,4440424,464,464,105012676,0,0,0,0,0,0,2,38,4440424
201912,53,313000,045,    ,99990 ,00000 ,50865 ,999,99999, , ,98584      ,4,9,12,Mason County Unincorporated Area,232,232,61023027,0,0,0,0,0,0,0,0,0,232,232,61023027,0,0,0,0,0,0,0,0,0
201912,53,319000,063,0755,44690 ,00000 ,5060 ,518,44060, , ,99022      ,4,9,0,Medical Lake,0,0,0,0,0,0,0,0,0,0,0,0,0,0,0,0,0,0,0,0,0,0,0,0
201912,53,321000,033,0760,44725 ,00000 ,2969 ,500,42660, , ,98039      ,4,9,12,Medina,16,16,46101678,0,0,0,0,0,0,0,0,0,16,16,46101678,0,0,0,0,0,0,0,0,0
201912,53,323000,033,0763,45005 ,00000 ,22699 ,500,42660, , ,980403732  ,4,9,0,Mercer Island,84,84,68970410,0,0,0,0,0,0,0,0,0,0,0,0,0,0,0,0,0,0,0,0,0
201912,53,325000,021,0765,45180 ,00000 ,489 ,313,28420, , ,99343      ,4,9,11,Mesa,1,1,300000,0,0,0,0,0,0,0,0,0,1,1,300000,0,0,0,0,0,0,0,0,0
201912,53,331000,061,0778,45865 ,00000 ,18244 ,500,42660, , ,98258      ,4,9,12,Mill Creek,0,0,0,0,0,0,0,0,0,0,0,0,0,0,0,0,0,0,0,0,0,0,0,0
201912,53,333000,063,4188,45985 ,00000 ,1786 ,518,44060, , ,992064399  ,4,9,12,Millwood,3,3,525000,0,0,0,0,0,0,0,0,0,3,3,525000,0,0,0,0,0,0,0,0,0
201912,53,337000,053,0785,46020 ,00000 ,6137 ,500,42660,2, ,98354      ,4,9,9,Milton,14,14,4693360,0,0,0,0,0,0,0,0,0,11,11,3682021,0,0,0,0,0,0,0,0,0
201912,53,339000,061,0790,46685 ,00000 ,17304 ,500,42660, , ,98272      ,4,9,12,Monroe,119,119,43360692,0,0,0,3,11,1651900,9,207,23337199,119,119,43360692,0,0,0,3,11,1651900,9,207,23337199
201912,53,341000,027,0795,46895 ,00000 ,3976 ,999,99999, , ,98563      ,4,9,9,Montesano,5,5,1255672,0,0,0,0,0,0,0,0,0,3,3,800000,0,0,0,0,0,0,0,0,0
201912,53,345000,025,0805,47245 ,00000 ,20366 ,999,99999, , ,98837      ,4,9,12,Moses Lake,132,132,29218695,3,6,965489,0,0,0,0,0,0,132,132,29218695,3,6,965489,0,0,0,0,0,0
201912,53,349000,057,0820,47560 ,00000 ,31743 ,500,34580, ,1,98273      ,4,9,12,Mount Vernon,84,84,23117331,1,2,401400,0,0,0,0,0,0,84,84,23117331,1,2,401400,0,0,0,0,0,0
201912,53,351000,061,0815,47490 ,00000 ,19909 ,500,42660, , ,98043      ,4,9,12,Mountlake Terrace,30,30,9135543,0,0,0,0,0,0,0,0,0,30,30,9135543,0,0,0,0,0,0,0,0,0
201912,53,353000,077,0825,47665 ,00000 ,3308 ,999,49420, , ,98936      ,4,9,12,Moxee,80,80,16549410,3,6,963235,2,8,804354,2,12,1048076,80,80,16549410,3,6,963235,2,8,804354,2,12,1048076
201912,53,355000,061,0830,47735 ,00000 ,20254 ,500,42660, , ,98275      ,4,9,12,Mukilteo,5,5,2142752,0,0,0,0,0,0,0,0,0,5,5,2142752,0,0,0,0,0,0,0,0,0
201912,53,362000,033,0858,48645 ,00000 ,10380 ,500,42660, , ,98056      ,4,9,12,Newcastle,41,41,13707449,0,0,0,3,9,2232036,4,230,41403321,41,41,13707449,0,0,0,3,9,2232036,4,230,41403321
201912,53,367000,033,0870,49415 ,00000 ,6335 ,500,42660, , ,98166      ,4,9,12,Normandy Park,3,3,1906750,0,0,0,0,0,0,0,0,0,3,3,1906750,0,0,0,0,0,0,0,0,0
201912,53,369000,033,0875,49485 ,00000 ,5731 ,500,42660, , ,980450896  ,4,9,11,North Bend,96,96,40331634,0,0,0,0,0,0,0,0,0,87,87,37638850,0,0,0,0,0,0,0,0,0
201912,53,371000,059,0877,49555 ,00000 ,956 ,440,38900, , ,986390007  ,4,9,12,North Bonneville,4,4,829585,0,0,0,0,0,0,0,0,0,4,4,829585,0,0,0,0,0,0,0,0,0
201912,53,375000,029,0895,50360 ,00000 ,22075 ,999,99999, , ,98277      ,4,9,12,Oak Harbor,9,9,2536240,0,0,0,0,0,0,1,12,1800000,9,9,2536240,0,0,0,0,0,0,1,12,1800000
201912,53,381000,027,0907,50570 ,00000 ,5569 ,999,99999, , ,98569      ,4,9,12,Ocean Shores,177,177,30231770,2,4,638890,0,0,0,0,0,0,177,177,30231770,2,4,638890,0,0,0,0,0,0
201912,53,387000,047,    ,99990 ,00000 ,24780 ,999,99999,2, ,98840      ,4,9,12,Okanogan County Unincorporated Area,105,105,14933513,0,0,0,0,0,0,0,0,0,105,105,14933513,0,0,0,0,0,0,0,0,0
201912,53,389000,067,0920,51300 ,00000 ,46478 ,500,36500, ,1,98507      ,4,9,12,Olympia,29,29,7953613,1,2,479131,4,12,1919280,15,358,34065977,29,29,7953613,1,2,479131,4,12,1919280,15,358,34065977
201912,53,391000,047,0925,51340 ,00000 ,4845 ,999,99999, , ,98841      ,4,9,12,Omak,5,5,1285865,1,2,235000,0,0,0,0,0,0,5,5,1285865,1,2,235000,0,0,0,0,0,0
201912,53,395000,053,0940,52005 ,00000 ,6746 ,500,42660, , ,983600489  ,4,9,12,Orting,16,16,3143976,1,2,304000,0,0,0,0,0,0,16,16,3143976,1,2,304000,0,0,0,0,0,0
201912,53,399000,033,0950,52495 ,00000 ,6514 ,500,42660,2, ,98047      ,4,9,12,Pacific,16,16,4066342,0,0,0,0,0,0,0,0,0,16,16,4066342,0,0,0,0,0,0,0,0,0
201912,53,403000,049,    ,99990 ,00000 ,14073 ,999,99999, , ,98631      ,4,9,0,Pacific County Unincorporated Area,77,77,11936160,0,0,0,0,0,0,0,0,0,0,0,0,0,0,0,0,0,0,0,0,0
201912,53,407000,021,0960,53545 ,00000 ,59781 ,313,28420, , ,99301      ,4,9,0,Pasco,477,477,124261356,11,22,1910038,0,0,0,1,5,599552,0,0,0,0,0,0,0,0,0,0,0,0
201912,53,413000,051,    ,99990 ,00000 ,9810 ,999,99999,2, ,99156      ,4,9,12,Pend Oreille County Unincorporated Area,47,47,10418862,0,0,0,0,0,0,0,0,0,47,47,10418862,0,0,0,0,0,0,0,0,0
201912,53,415000,053,    ,99990 ,00000 ,366738 ,500,42660, , ,98409      ,4,9,12,Pierce County Unincorporated Area,1681,1681,502523069,23,46,8221489,22,88,15376995,3,48,8947528,1681,1681,502523069,23,46,8221489,22,88,15376995,3,48,8947528
201912,53,417000,023,0985,55120 ,00000 ,1425 ,999,99999, , ,993470370  ,4,9,12,Pomeroy,0,0,0,0,0,0,0,0,0,0,0,0,0,0,0,0,0,0,0,0,0,0,0,0
201912,53,419000,009,0990,55365 ,00000 ,19038 ,999,99999, , ,98362      ,4,9,12,Port Angeles,45,45,7343350,6,12,587520,0,0,0,0,0,0,45,45,7343350,6,12,587520,0,0,0,0,0,0
201912,53,421000,035,1000,55785 ,00000 ,11144 ,500,14740, ,1,98366      ,4,9,12,Port Orchard,98,98,31227532,0,0,0,0,0,0,0,0,0,98,98,31227532,0,0,0,0,0,0,0,0,0
201912,53,423000,031,1005,55855 ,00000 ,9113 ,999,99999, , ,98368      ,4,9,12,Port Townsend,51,51,10883520,0,0,0,0,0,0,0,0,0,51,51,10883520,0,0,0,0,0,0,0,0,0
201912,53,425000,035,1010,55995 ,00000 ,9200 ,500,14740, , ,983707437  ,4,9,12,Poulsbo,47,47,15221844,0,0,0,0,0,0,0,0,0,47,47,15221844,0,0,0,0,0,0,0,0,0
201912,53,429000,005,1020,56450 ,00000 ,5714 ,313,28420, , ,99350      ,4,9,12,Prosser,29,29,7487312,2,4,491985,0,0,0,0,0,0,29,29,7487312,2,4,491985,0,0,0,0,0,0
201912,53,431000,075,1025,56625 ,00000 ,29799 ,999,99999, , ,99163      ,4,9,12,Pullman,101,101,25707818,89,178,32107848,6,24,4593703,5,85,10079387,101,101,25707818,89,178,32107848,6,24,4593703,5,85,10079387
201912,53,433000,053,1030,56695 ,00000 ,37022 ,500,42660, , ,98371      ,4,9,12,Puyallup,71,71,19627540,0,0,0,0,0,0,1,52,7809979,71,71,19627540,0,0,0,0,0,0,1,52,7809979
201912,53,435000,025,1040,57115 ,00000 ,6750 ,999,99999, , ,98848      ,4,9,11,Quincy,87,87,14419831,9,18,2396116,1,4,350000,0,0,0,85,85,14085800,9,18,2396116,1,4,350000,0,0,0
201912,53,443000,033,1065,57535 ,00000 ,54144 ,500,42660, ,1,980739710  ,4,9,12,Redmond,118,118,49154387,1,2,507478,0,0,0,2,335,34327612,118,118,49154387,1,2,507478,0,0,0,2,335,34327612
201912,53,445000,033,1070,57745 ,00000 ,90927 ,500,42660, ,1,98055      ,4,9,12,Renton,104,104,43316137,3,6,1718874,1,3,658051,4,55,12193902,104,104,43316137,3,6,1718874,1,3,658051,4,55,12193902
201912,53,449000,005,1080,58235 ,00000 ,48058 ,313,28420, ,1,99352      ,4,9,12,Richland,377,377,113564041,2,4,856434,1,4,584576,22,658,78068861,377,377,113564041,2,4,856434,1,4,584576,22,658,78068861
201912,53,451000,011,1085,58410 ,00000 ,4763 ,440,38900, , ,98642      ,4,9,12,Ridgefield,364,364,102683389,0,0,0,0,0,0,32,420,44642070,364,364,102683389,0,0,0,0,0,0,32,420,44642070
201912,53,455000,047,1095,58795 ,00000 ,280 ,999,99999, , ,98849      ,4,9,12,Riverside town,0,0,0,0,0,0,0,0,0,0,0,0,0,0,0,0,0,0,0,0,0,0,0,0
201912,53,459000,063,1100,59145 ,00000 ,470 ,518,44060, , ,99030      ,4,9,12,Rockford town,4,4,1095455,0,0,0,0,0,0,0,0,0,4,4,1095455,0,0,0,0,0,0,0,0,0
201912,53,465000,053,1125,60160 ,00000 ,793 ,500,42660, , ,98580      ,4,9,12,Roy,0,0,0,0,0,0,0,0,0,0,0,0,0,0,0,0,0,0,0,0,0,0,0,0
201912,53,469000,053,1130,60510 ,00000 ,749 ,500,42660, , ,984076597  ,4,9,12,Ruston town,2,2,923000,0,0,0,0,0,0,0,0,0,2,2,923000,0,0,0,0,0,0,0,0,0
201912,53,469900,033,1136,61115 ,00000 ,45780 ,500,42660, , ,98075      ,4,9,12,Sammamish,175,175,88320053,0,0,0,0,0,0,0,0,0,175,175,88320053,0,0,0,0,0,0,0,0,0
201912,53,471000,055,    ,99990 ,00000 ,13607 ,999,99999, , ,98250      ,4,9,6,San Juan County Unincorporated Area,93,93,21046762,0,0,0,0,0,0,0,0,0,31,31,8122271,0,0,0,0,0,0,0,0,0
201912,53,473000,033,1139,62288 ,00000 ,26909 ,500,42660, , ,98188      ,4,9,11,Seatac,13,13,5217834,2,4,1064538,0,0,0,0,0,0,10,10,4293079,2,4,1064538,0,0,0,0,0,0
201912,53,475000,033,1140,63000 ,00000 ,608660 ,500,42660, ,1,981244019  ,4,9,12,Seattle,507,507,139195045,190,380,82645291,164,568,104980754,246,9329,1366836449,507,507,139195045,190,380,82645291,164,568,104980754,246,9329,1366836449
201912,53,484000,033,1169,63960 ,00000 ,53007 ,500,42660, , ,981334905  ,4,9,12,Shoreline,108,108,24335506,2,4,1013084,3,9,1949701,2,454,75600000,108,108,24335506,2,4,1013084,3,9,1949701,2,454,75600000
201912,53,485000,057,    ,99990 ,00000 ,48117 ,500,34580,2, ,98273      ,4,9,12,Skagit County Unincorporated Area,209,209,44089820,0,0,0,0,0,0,0,0,0,209,209,44089820,0,0,0,0,0,0,0,0,0
201912,53,487000,059,    ,99990 ,00000 ,8645 ,440,38900, , ,98648      ,4,9,12,Skamania County Unincorporated Area,50,50,11459260,0,0,0,0,0,0,0,0,0,50,50,11459260,0,0,0,0,0,0,0,0,0
201912,53,489000,033,1175,64855 ,00000 ,198 ,500,42660, , ,98288      ,4,9,12,Skykomish town,0,0,0,0,0,0,0,0,0,0,0,0,0,0,0,0,0,0,0,0,0,0,0,0
201912,53,491000,061,1180,65170 ,00000 ,9098 ,500,42660, , ,98290      ,4,9,12,Snohomish,10,10,3570036,0,0,0,0,0,0,1,100,8259815,10,10,3570036,0,0,0,0,0,0,1,100,8259815
201912,53,493000,061,    ,99990 ,00000 ,302292 ,500,42660,2, ,98201      ,4,9,12,Snohomish County Unincorporated Area,1020,1020,350177644,21,42,9793657,29,104,24207941,44,572,85742583,1020,1020,350177644,21,42,9793657,29,104,24207941,44,572,85742583
201912,53,495000,033,1185,65205 ,00000 ,10670 ,500,42660, , ,98065      ,4,9,11,Snoqualmie,9,9,4113238,0,0,0,0,0,0,0,0,0,3,3,1800000,0,0,0,0,0,0,0,0,0
201912,53,503000,053,1210,66045 ,00000 ,434 ,500,42660, , ,98409      ,4,9,12,South Prairie town,0,0,0,0,0,0,0,0,0,0,0,0,0,0,0,0,0,0,0,0,0,0,0,0
201912,53,507000,063,6120,67000 ,00000 ,208916 ,518,44060, ,1,992013269  ,4,9,12,Spokane,279,279,74221732,11,22,2464525,1,3,440000,5,117,13243582,279,279,74221732,11,22,2464525,1,3,440000,5,117,13243582
201912,53,509000,063,    ,99990 ,00000 ,136108 ,518,44060,2, ,992600500  ,4,9,12,Spokane County Unincorporated Area,959,959,249197986,21,42,7172082,0,0,0,8,168,18672157,959,959,249197986,21,42,7172082,0,0,0,8,168,18672157
201912,53,509500,063,1222,67167 ,00000 ,89755 ,518,44060, ,1,99206      ,4,9,12,Spokane Valley,144,144,33643125,69,138,24406358,2,8,1634797,29,673,83400513,144,144,33643125,69,138,24406358,2,8,1634797,29,673,83400513
201912,53,517000,061,1235,67455 ,00000 ,6231 ,500,42660, , ,98292      ,4,9,12,Stanwood,84,84,23859446,2,4,852316,0,0,0,1,45,5665003,84,84,23859446,2,4,852316,0,0,0,1,45,5665003
201912,53,521000,053,1245,67770 ,00000 ,5985 ,500,42660, , ,98388      ,4,9,12,Steilacoom town,19,19,7216260,0,0,0,0,0,0,0,0,0,19,19,7216260,0,0,0,0,0,0,0,0,0
201912,53,523000,065,    ,99990 ,00000 ,33893 ,518,44060, , ,991142847  ,4,9,12,Stevens County Unincorporated Area,182,182,46687896,0,0,0,0,0,0,0,0,0,182,182,46687896,0,0,0,0,0,0,0,0,0
201912,53,525000,059,1250,67875 ,00000 ,1465 ,440,38900, , ,98648      ,4,9,12,Stevenson,10,10,2402000,3,6,650000,1,3,300000,0,0,0,10,10,2402000,3,6,650000,1,3,300000,0,0,0
201912,53,527000,061,1255,68260 ,00000 ,4651 ,500,42660, , ,982941099  ,4,9,0,Sultan,13,13,3459183,0,0,0,0,0,0,0,0,0,0,0,0,0,0,0,0,0,0,0,0,0
201912,53,531000,053,1272,68435 ,00000 ,9451 ,500,42660, , ,98390      ,4,9,9,Sumner,18,18,6758425,0,0,0,4,14,2167672,3,32,2943765,12,12,4828870,0,0,0,4,14,2167672,0,0,0
201912,53,535000,053,1280,70000 ,00000 ,198397 ,500,42660, ,1,98402      ,4,9,12,Tacoma,162,162,44650935,4,8,1463832,2,7,1337325,14,899,112037997,162,162,44650935,4,8,1463832,2,7,1337325,14,899,112037997
201912,53,541000,067,    ,99990 ,00000 ,135123 ,500,36500, , ,985026065  ,4,9,12,Thurston County Unincorporated Area,400,400,102932108,0,0,0,4,15,1063000,0,0,0,400,400,102932108,0,0,0,4,15,1063000,0,0,0
201912,53,551000,033,1320,72625 ,00000 ,19107 ,500,42660, , ,981882544  ,4,9,12,Tukwila,20,20,8237056,0,0,0,0,0,0,0,0,0,20,20,8237056,0,0,0,0,0,0,0,0,0
201912,53,553000,067,1325,72905 ,00000 ,17371 ,500,36500, ,1,98501      ,4,9,3,Tumwater,75,75,15959533,0,0,0,0,0,0,9,68,2892536,16,16,3671502,0,0,0,0,0,0,0,0,0
201912,53,560000,053,1343,73465 ,00000 ,31144 ,500,42660, , ,984660289  ,4,9,12,University Place,67,67,19758246,0,0,0,0,0,0,0,0,0,67,67,19758246,0,0,0,0,0,0,0,0,0
201912,53,563000,011,1347,74060 ,00000 ,161791 ,440,38900, ,1,986681995  ,4,9,12,Vancouver,300,300,60200641,14,28,5189678,3,11,1296179,40,1033,95640561,300,300,60200641,14,28,5189678,3,11,1296179,40,1033,95640561
201912,53,567000,071,1360,75565 ,00000 ,1217 ,313,47460, , ,99361      ,4,9,0,Waitsburg,10,10,1000000,0,0,0,0,0,0,0,0,0,0,0,0,0,0,0,0,0,0,0,0,0
201912,53,569000,071,1365,75775 ,00000 ,31731 ,313,47460, ,1,99362      ,4,9,12,Walla Walla,57,57,15925330,3,6,980238,0,0,0,0,0,0,57,57,15925330,3,6,980238,0,0,0,0,0,0
201912,53,571000,071,    ,99990 ,00000 ,16750 ,313,47460, , ,993622857  ,4,9,12,Walla Walla County Unincorporated Area,44,44,15690909,0,0,0,0,0,0,0,0,0,44,44,15690909,0,0,0,0,0,0,0,0,0
201912,53,577000,011,1385,76405 ,00000 ,14095 ,440,38900, , ,98671      ,4,9,11,Washougal,55,55,13826217,0,0,0,2,6,883012,0,0,0,52,52,12792556,0,0,0,2,6,883012,0,0,0
201912,53,581000,017,1395,76510 ,00000 ,1138 ,999,48300, , ,98858      ,4,9,12,Waterville town,0,0,0,0,0,0,0,0,0,0,0,0,0,0,0,0,0,0,0,0,0,0,0,0
201912,53,583000,063,1400,76720 ,00000 ,106 ,518,44060, , ,99039      ,4,9,8,Waverly town,0,0,0,0,0,0,0,0,0,0,0,0,0,0,0,0,0,0,0,0,0,0,0,0
201912,53,585000,007,1405,77105 ,00000 ,31925 ,999,48300, ,1,98807      ,4,9,12,Wenatchee,40,40,9868764,2,4,790796,4,14,2264018,0,0,0,40,40,9868764,2,4,790796,4,14,2264018,0,0,0
201912,53,587000,005,1425,77665 ,00000 ,11811 ,313,28420, , ,99353      ,4,9,12,West Richland,135,135,38303684,4,8,1470982,6,24,3717776,1,5,766414,135,135,38303684,4,8,1470982,6,24,3717776,1,5,766414
201912,53,591000,073,    ,99990 ,00000 ,87079 ,999,13380, , ,982269050  ,4,9,11,Whatcom County Unincorporated Area,339,339,97979607,10,20,4310582,0,0,0,0,0,0,315,315,91289101,10,20,4310582,0,0,0,0,0,0
201912,53,599000,053,1445,78925 ,00000 ,477 ,500,42660, , ,98396      ,4,9,11,Wilkeson town,2,2,484522,0,0,0,0,0,0,0,0,0,2,2,484522,0,0,0,0,0,0,0,0,0
201912,53,601000,025,1450,79135 ,00000 ,205 ,999,99999,2, ,98860      ,4,9,3,Wilson Creek town,0,0,0,0,0,0,0,0,0,0,0,0,0,0,0,0,0,0,0,0,0,0,0,0
201912,53,607000,047,1465,79380 ,00000 ,394 ,999,99999, , ,98862      ,4,9,0,Winthrop town,15,15,3653925,0,0,0,0,0,0,0,0,0,0,0,0,0,0,0,0,0,0,0,0,0
201912,53,608500,033,1468,79590 ,00000 ,10938 ,500,42660, , ,98072      ,4,9,12,Woodinville,61,61,22295448,0,0,0,0,0,0,9,755,90484766,61,61,22295448,0,0,0,0,0,0,9,755,90484766
201912,53,613000,061,1475,79835 ,00000 ,1307 ,500,42660, , ,98020      ,4,9,10,Woodway,2,2,1300000,0,0,0,0,0,0,0,0,0,2,2,1300000,0,0,0,0,0,0,0,0,0
201912,53,615000,011,1480,79975 ,00000 ,1566 ,440,38900, , ,98675      ,4,9,12,Yacolt town,7,7,1296878,0,0,0,0,0,0,0,0,0,7,7,1296878,0,0,0,0,0,0,0,0,0
201912,53,617000,077,1485,80010 ,00000 ,91067 ,999,49420, ,1,98901      ,4,9,12,Yakima,153,153,28524529,23,46,7263748,7,23,1891980,19,358,29616942,153,153,28524529,23,46,7263748,7,23,1891980,19,358,29616942
201912,53,619000,077,    ,99990 ,00000 ,83889 ,999,49420,2, ,989012614  ,4,9,12,Yakima County Unincorporated Area,169,169,51896238,6,12,2143802,0,0,0,0,0,0,169,169,51896238,6,12,2143802,0,0,0,0,0,0
201912,53,621000,033,1490,80150 ,00000 ,1001 ,500,42660, , ,98004      ,4,9,12,Yarrow Point town,2,2,3628500,0,0,0,0,0,0,0,0,0,2,2,3628500,0,0,0,0,0,0,0,0,0
201912,53,623000,067,1495,80220 ,00000 ,6848 ,500,36500, , ,98597      ,4,9,12,Yelm,40,40,11009773,2,4,758353,0,0,0,0,0,0,40,40,11009773,2,4,758353,0,0,0,0,0,0
201912,56,005000,001,    ,99990 ,00000 ,5238 ,999,99999, , ,82070      ,4,8,12,Albany County Unincorporated Area,64,64,14169951,0,0,0,0,0,0,0,0,0,64,64,14169951,0,0,0,0,0,0,0,0,0
201912,56,025000,025,0029,05245 ,00000 ,2213 ,999,16220, , ,82601      ,4,8,12,Bar Nunn town,14,14,1698900,0,0,0,0,0,0,0,0,0,14,14,1698900,0,0,0,0,0,0,0,0,0
201912,56,053000,003,0047,11700 ,00000 ,593 ,999,99999, , ,82412      ,4,8,12,Byron town,0,0,0,0,0,0,0,0,0,0,0,0,0,0,0,0,0,0,0,0,0,0,0,0
201912,56,057000,005,    ,99990 ,00000 ,15239 ,999,99999,2, ,827164239  ,4,8,0,Campbell County Unincorporated Area,42,42,10717664,0,0,0,0,0,0,0,0,0,0,0,0,0,0,0,0,0,0,0,0,0
201912,56,061000,007,    ,99990 ,00000 ,2148 ,999,99999, , ,82301      ,4,8,12,Carbon County Unincorporated Area,9,9,2030800,0,0,0,0,0,0,0,0,0,9,9,2030800,0,0,0,0,0,0,0,0,0
201912,56,065000,025,0051,13150 ,00000 ,55316 ,999,16220, ,1,82601      ,4,8,7,Casper,53,53,14748075,9,18,1894708,2,6,705000,0,0,0,30,30,7866079,5,10,1192200,0,0,0,0,0,0
201912,56,069000,021,0054,13900 ,00000 ,59466 ,999,16940, ,1,82001      ,4,8,12,Cheyenne,165,165,35092092,0,0,0,6,24,2800585,4,22,2135000,165,165,35092092,0,0,0,6,24,2800585,4,22,2135000
201912,56,081000,029,0065,15760 ,00000 ,9520 ,999,99999, , ,82414      ,4,8,12,Cody,29,29,6356645,2,4,425000,0,0,0,0,0,0,29,29,6356645,2,4,425000,0,0,0,0,0,0
201912,56,093000,003,0075,17645 ,00000 ,655 ,999,99999, , ,82420      ,4,8,5,Cowley town,3,3,695178,0,0,0,0,0,0,0,0,0,3,3,695178,0,0,0,0,0,0,0,0,0
201912,56,117000,009,0100,21125 ,00000 ,6120 ,999,99999, , ,82633      ,4,8,12,Douglas,16,16,3184943,0,0,0,0,0,0,0,0,0,16,16,3184943,0,0,0,0,0,0,0,0,0
201912,56,137000,041,0135,25620 ,00000 ,12359 ,999,99999, , ,82930      ,4,8,12,Evanston,12,12,2943000,0,0,0,0,0,0,0,0,0,12,12,2943000,0,0,0,0,0,0,0,0,0
201912,56,141000,025,1300,25765 ,00000 ,2544 ,999,16220, , ,82636      ,4,8,0,Evansville town,9,9,1395000,0,0,0,1,3,0,0,0,0,0,0,0,0,0,0,0,0,0,0,0,0
201912,56,161000,005,0160,31855 ,00000 ,29087 ,999,99999, , ,82716      ,4,8,12,Gillette,20,20,6048590,2,4,424000,0,0,0,0,0,0,20,20,6048590,2,4,424000,0,0,0,0,0,0
201912,56,185000,037,0180,33740 ,00000 ,12515 ,999,99999, , ,82935      ,4,8,12,Green River,6,6,2348280,0,0,0,0,0,0,0,0,0,6,6,2348280,0,0,0,0,0,0,0,0,0
201912,56,217000,039,0215,40120 ,00000 ,9577 ,999,99999, , ,83001      ,4,8,0,Jackson town,23,23,12021868,7,14,4363233,3,9,349497,2,10,2080796,0,0,0,0,0,0,0,0,0,0,0,0
201912,56,245000,013,0245,44760 ,00000 ,7487 ,999,99999, , ,82520      ,4,8,6,Lander,5,5,1240429,0,0,0,0,0,0,0,0,0,2,2,550000,0,0,0,0,0,0,0,0,0
201912,56,249000,001,0250,45050 ,00000 ,30816 ,999,99999, , ,82073      ,4,8,12,Laramie,53,53,11649500,8,16,1285560,0,0,0,0,0,0,53,53,11649500,8,16,1285560,0,0,0,0,0,0
201912,56,253000,021,    ,99990 ,00000 ,30661 ,999,16940, , ,82009      ,4,8,12,Laramie County Unincorporated Area,218,218,40172060,0,0,0,0,0,0,0,0,0,218,218,40172060,0,0,0,0,0,0,0,0,0
201912,56,257000,023,    ,99990 ,00000 ,8923 ,999,99999, , ,83101      ,4,8,12,Lincoln County Unincorporated Area,110,110,31111841,0,0,0,0,0,0,0,0,0,110,110,31111841,0,0,0,0,0,0,0,0,0
201912,56,289000,035,0295,50415 ,00000 ,1094 ,999,99999, , ,831136502  ,4,8,12,Marbleton town,0,0,0,0,0,0,0,0,0,0,0,0,0,0,0,0,0,0,0,0,0,0,0,0
201912,56,297000,029,0305,51720 ,00000 ,327 ,999,99999, , ,82433      ,4,8,12,Meeteetse town,0,0,0,0,0,0,0,0,0,0,0,0,0,0,0,0,0,0,0,0,0,0,0,0
201912,56,305000,025,0310,53460 ,00000 ,3461 ,999,16220, , ,826440789  ,4,8,12,Mills town,26,26,3625912,0,0,0,1,4,315000,0,0,0,26,26,3625912,0,0,0,1,4,315000,0,0,0
201912,56,317000,025,    ,99990 ,00000 ,11317 ,999,16220,2, ,82601      ,4,8,12,Natrona County Unincorporated Area,47,47,11800812,0,0,0,0,0,0,0,0,0,47,47,11800812,0,0,0,0,0,0,0,0,0
201912,56,333000,029,    ,99990 ,00000 ,12025 ,999,99999,2, ,82414      ,4,8,12,Park County Unincorporated Area,80,80,22678345,0,0,0,0,0,0,0,0,0,80,80,22678345,0,0,0,0,0,0,0,0,0
201912,56,349000,035,0350,61580 ,00000 ,2030 ,999,99999, , ,82941      ,4,8,12,Pinedale town,6,6,1940670,0,0,0,0,0,0,0,0,0,6,6,1940670,0,0,0,0,0,0,0,0,0
201912,56,357000,029,0357,62450 ,00000 ,6314 ,999,99999, , ,82435      ,4,8,12,Powell,14,14,2014000,2,4,290000,0,0,0,1,12,2250000,14,14,2014000,2,4,290000,0,0,0,1,12,2250000
201912,56,369000,007,0375,66075 ,00000 ,52 ,999,99999, , ,82325      ,4,8,12,Riverside town,1,1,335790,0,0,0,0,0,0,0,0,0,1,1,335790,0,0,0,0,0,0,0,0,0
201912,56,373000,013,0380,66220 ,00000 ,10615 ,999,99999, , ,82501      ,4,8,12,Riverton,4,4,809000,0,0,0,0,0,0,0,0,0,4,4,809000,0,0,0,0,0,0,0,0,0
201912,56,381000,037,0390,67235 ,00000 ,23036 ,999,99999, , ,82901      ,4,8,11,Rock Springs,57,57,15905277,0,0,0,0,0,0,0,0,0,52,52,14572000,0,0,0,0,0,0,0,0,0
201912,56,393000,033,0400,69845 ,00000 ,17444 ,999,99999, , ,82801      ,4,8,12,Sheridan,43,43,10829378,7,14,1431222,3,10,973401,1,8,865011,43,43,10829378,7,14,1431222,3,10,973401,1,8,865011
201912,56,397000,033,    ,99990 ,00000 ,9918 ,999,99999, , ,82801      ,4,8,0,Sheridan County Unincorporated Area,77,77,22123179,0,0,0,0,0,0,0,0,0,0,0,0,0,0,0,0,0,0,0,0,0
201912,56,409000,035,    ,99990 ,00000 ,6571 ,999,99999, , ,829410506  ,4,8,11,Sublette County Unincorporated Area,30,30,9500217,0,0,0,0,0,0,0,0,0,27,27,8639845,0,0,0,0,0,0,0,0,0
201912,56,417000,037,0427,74775 ,00000 ,336 ,999,99999, , ,829450040  ,4,8,11,Superior town,0,0,0,0,0,0,0,0,0,0,0,0,0,0,0,0,0,0,0,0,0,0,0,0
201912,56,421000,037,    ,99990 ,00000 ,7223 ,999,99999, , ,82935      ,4,8,12,Sweetwater County Unincorporated Area,5,5,1418861,0,0,0,0,0,0,0,0,0,5,5,1418861,0,0,0,0,0,0,0,0,0
201912,56,429000,039,    ,99990 ,00000 ,11717 ,999,99999, , ,83001      ,4,8,12,Teton County Unincorporated Area,99,99,173455563,0,0,0,0,0,0,0,0,0,99,99,173455563,0,0,0,0,0,0,0,0,0
201912,56,441000,015,0450,77530 ,00000 ,6501 ,999,99999, , ,82240      ,4,8,12,Torrington,0,0,0,0,0,0,0,0,0,0,0,0,0,0,0,0,0,0,0,0,0,0,0,0
201912,56,445000,041,    ,99990 ,00000 ,4840 ,999,99999, , ,82930      ,4,8,12,Uinta County Unincorporated Area,21,21,3641000,0,0,0,0,0,0,0,0,0,21,21,3641000,0,0,0,0,0,0,0,0,0
201912,56,453000,027,0460,79705 ,00000 ,15 ,999,99999, , ,82242      ,4,8,1,Van Tassell town,0,0,0,0,0,0,0,0,0,0,0,0,0,0,0,0,0,0,0,0,0,0,0,0
