Survey,State,6-Digit,County,Census Place,FIPS Place,FIPS MCD,Pop,CSA,CBSA,Footnote,Central,Zip,Region,Division,Number of,Place,,1-unit,,,2-units,,,3-4 units,,,5+ units,,,1-unit rep,,,2-units rep,,,3-4 units rep,,,5+ units rep
Date,Code,ID,Code,Code,Code,Code,  ,Code,Code,Code,City,Code,Code,Code,Months Rep,Name,Bldgs,Units,Value,Bldgs,Units,Value,Bldgs,Units,Value,Bldgs,Units,Value,Bldgs,Units,Value,Bldgs,Units,Value,Bldgs,Units,Value,Bldgs,Units,Value
 
201812,02,009000,013,0070,01090 ,00000 ,1027 ,999,99999, , ,99503      ,4,9,1,Akutan,0,0,0,1,2,200000,0,0,0,0,0,0,0,0,0,1,2,200000,0,0,0,0,0,0
201812,02,041000,020,0140,03000 ,00000 ,291826 ,999,11260, ,1,995196650  ,4,9,0,Municipality of Anchorage,869,869,272231334,0,0,0,13,48,8337474,19,166,26243863,0,0,0,0,0,0,0,0,0,0,0,0
201812,02,049000,105,0160,03440 ,00000 ,459 ,999,99999,2, ,998200189  ,4,9,0,Angoon,0,0,0,0,0,0,0,0,0,0,0,0,0,0,0,0,0,0,0,0,0,0,0,0
201812,02,085000,050,0310,06520 ,00000 ,6080 ,999,99999, , ,99559      ,4,9,12,Bethel,1,1,269793,0,0,0,0,0,0,0,0,0,1,1,269793,0,0,0,0,0,0,0,0,0
201812,02,097000,060,    ,99990 ,00000 ,997 ,999,99999, , ,996330189  ,4,9,10,Bristol Bay Borough,2,2,310000,0,0,0,0,0,0,0,0,0,2,2,310000,0,0,0,0,0,0,0,0,0
201812,02,133000,261,0820,17410 ,00000 ,2239 ,999,99999, , ,99574      ,4,9,12,Cordova,4,4,1090000,0,0,0,0,0,0,0,0,0,4,4,1090000,0,0,0,0,0,0,0,0,0
201812,02,137000,198,0830,17740 ,00000 ,1201 ,999,99999, , ,99921      ,4,9,12,Craig,1,1,285178,1,2,344763,0,0,0,0,0,0,1,1,285178,1,2,344763,0,0,0,0,0,0
201812,02,149000,070,0880,18950 ,00000 ,2329 ,999,99999, , ,99576      ,4,9,3,Dillingham,1,1,291052,1,2,301442,0,0,0,0,0,0,0,0,0,0,0,0,0,0,0,0,0,0
201812,02,173000,158,0900,22910 ,00000 ,762 ,999,99999, , ,99581      ,4,9,0,Emmonak,0,0,0,0,0,0,0,0,0,0,0,0,0,0,0,0,0,0,0,0,0,0,0,0
201812,02,177000,090,1080,24230 ,00000 ,31535 ,999,21820,2,1,99701      ,4,9,0,Fairbanks,0,0,0,0,0,0,0,0,0,0,0,0,0,0,0,0,0,0,0,0,0,0,0,0
201812,02,209000,100,    ,99990 ,00000 ,2508 ,999,99999, , ,99827      ,4,9,10,Haines Borough,10,10,1608425,0,0,0,0,0,0,0,0,0,9,9,1330000,0,0,0,0,0,0,0,0,0
201812,02,221000,122,1370,33140 ,00000 ,5003 ,999,99999, , ,99603      ,4,9,11,Homer,52,52,10821544,2,4,750000,1,3,322000,1,6,1600000,49,49,10239000,2,4,750000,1,3,322000,1,6,1600000
201812,02,225000,105,1380,33360 ,00000 ,760 ,999,99999, , ,99829      ,4,9,11,Hoonah,0,0,0,0,0,0,0,0,0,0,0,0,0,0,0,0,0,0,0,0,0,0,0,0
201812,02,233000,170,1410,33800 ,00000 ,1912 ,999,11260, , ,996940027  ,4,9,8,Houston,7,7,1778166,0,0,0,0,0,0,0,0,0,5,5,1425891,0,0,0,0,0,0,0,0,0
201812,02,253000,110,    ,99990 ,00000 ,31275 ,999,99999, , ,99801      ,4,9,12,Juneau city and borough,51,51,10604599,1,2,216321,1,3,577672,2,12,2243015,51,51,10604599,1,2,216321,1,3,577672,2,12,2243015
201812,02,277000,122,1630,38420 ,00000 ,7100 ,999,99999, , ,99611      ,4,9,2,Kenai,13,13,2786145,0,0,0,0,0,0,0,0,0,0,0,0,0,0,0,0,0,0,0,0,0
201812,02,289000,130,    ,99990 ,00000 ,5016 ,999,99999, , ,999016059  ,4,9,12,Ketchikan Gateway Borough,35,35,9753437,6,12,2025258,0,0,0,0,0,0,35,35,9753437,6,12,2025258,0,0,0,0,0,0
201812,02,297000,013,1670,39410 ,00000 ,938 ,999,99999, , ,99612      ,4,9,9,King Cove,0,0,0,0,0,0,0,0,0,0,0,0,0,0,0,0,0,0,0,0,0,0,0,0
201812,02,317000,150,1750,40950 ,00000 ,6130 ,999,99999, , ,99615      ,4,9,11,Kodiak City-Kodiak Island Borough,10,10,2644865,4,8,1512723,1,4,499861,5,35,7456452,10,10,2644865,3,6,1130683,1,4,499861,4,30,6421649
201812,02,329000,188,1800,41830 ,00000 ,3201 ,999,99999, , ,99752      ,4,9,12,Kotzebue,5,5,1580712,0,0,0,0,0,0,0,0,0,5,5,1580712,0,0,0,0,0,0,0,0,0
201812,02,409000,290,2330,54150 ,00000 ,94 ,999,99999, , ,99691      ,4,9,9,Nikolai,0,0,0,0,0,0,0,0,0,0,0,0,0,0,0,0,0,0,0,0,0,0,0,0
201812,02,413000,180,2370,54920 ,00000 ,3598 ,999,99999, , ,997620281  ,4,9,9,Nome,1,1,30000,0,0,0,0,0,0,0,0,0,1,1,30000,0,0,0,0,0,0,0,0,0
201812,02,425000,090,2410,55910 ,00000 ,2117 ,999,21820, , ,99705      ,4,9,12,North Pole,13,13,3483405,0,0,0,0,0,0,0,0,0,13,13,3483405,0,0,0,0,0,0,0,0,0
201812,02,429000,185,    ,99990 ,00000 ,2790 ,999,99999, , ,997230069  ,4,9,12,North Slope Borough,1,1,274034,1,2,354010,0,0,0,0,0,0,1,1,274034,1,2,354010,0,0,0,0,0,0
201812,02,433000,188,    ,99990 ,00000 ,881 ,999,99999,2, ,99752      ,4,9,8,Northwest Arctic Borough Unincorporated Area,8,8,4880000,0,0,0,0,0,0,0,0,0,5,5,3500000,0,0,0,0,0,0,0,0,0
201812,02,457000,170,2510,58660 ,00000 ,5937 ,999,11260, , ,996456748  ,4,9,12,Palmer,22,22,4758219,0,0,0,0,0,0,1,42,6000000,22,22,4758219,0,0,0,0,0,0,1,42,6000000
201812,02,461000,105,2550,59650 ,00000 ,88 ,999,99999, , ,99832      ,4,9,8,Pelican,0,0,0,0,0,0,0,0,0,0,0,0,0,0,0,0,0,0,0,0,0,0,0,0
201812,02,465000,195,    ,99990 ,00000 ,2948 ,999,99999, , ,99833      ,4,9,8,Petersburg Borough,8,8,1538872,1,2,300000,0,0,0,0,0,0,6,6,1227600,1,2,300000,0,0,0,0,0,0
201812,02,505000,013,2900,67020 ,00000 ,976 ,999,99999, , ,99661      ,4,9,12,Sand Point,0,0,0,1,2,0,0,0,0,0,0,0,0,0,0,1,2,0,0,0,0,0,0,0
201812,02,525000,122,2950,68340 ,00000 ,255 ,999,99999, , ,99663      ,4,9,9,Seldovia,1,1,100000,0,0,0,0,0,0,0,0,0,1,1,100000,0,0,0,0,0,0,0,0,0
201812,02,529000,122,2960,68560 ,00000 ,2693 ,999,99999, , ,99664      ,4,9,12,Seward,6,6,1215000,0,0,0,0,0,0,1,12,400000,6,6,1215000,0,0,0,0,0,0,1,12,400000
201812,02,557000,220,    ,99990 ,00000 ,8881 ,999,99999, , ,99835      ,4,9,0,Sitka city and borough,15,15,3311289,3,6,2172810,0,0,0,0,0,0,0,0,0,0,0,0,0,0,0,0,0,0
201812,02,561000,230,3050,70760 ,00000 ,968 ,999,99999, , ,998400415  ,4,9,6,Municipality of Skagway,5,5,1142670,1,2,258333,1,3,50000,0,0,0,2,2,575000,0,0,0,1,3,50000,0,0,0
201812,02,565000,122,3070,71640 ,00000 ,4163 ,999,99999, , ,99669      ,4,9,0,Soldotna,27,27,5930891,0,0,0,0,0,0,0,0,0,0,0,0,0,0,0,0,0,0,0,0,0
201812,02,581000,016,2880,66470 ,00000 ,479 ,999,99999, , ,99660      ,4,9,6,St. Paul,0,0,0,0,0,0,0,0,0,0,0,0,0,0,0,0,0,0,0,0,0,0,0,0
201812,02,597000,105,3290,76260 ,00000 ,131 ,999,99999, , ,998410052  ,4,9,12,Tenakee Springs,1,1,285178,0,0,0,0,0,0,0,0,0,1,1,285178,0,0,0,0,0,0,0,0,0
201812,02,625000,016,3430,80770 ,00000 ,4376 ,999,99999, , ,99685      ,4,9,0,Unalaska,7,7,686826,0,0,0,0,0,0,0,0,0,0,0,0,0,0,0,0,0,0,0,0,0
201812,02,633000,261,3470,82200 ,00000 ,3976 ,999,99999, , ,99686      ,4,9,9,Valdez,12,12,4665992,1,2,45000,0,0,0,0,0,0,6,6,1745000,1,2,45000,0,0,0,0,0,0
201812,02,645000,170,3520,83080 ,00000 ,7831 ,999,11260, , ,99654      ,4,9,11,Wasilla,40,40,11499479,32,64,10899498,1,3,359024,0,0,0,37,37,10627948,31,62,10601022,1,3,359024,0,0,0
201812,02,653000,261,3550,84510 ,00000 ,220 ,999,99999, , ,996930608  ,4,9,0,Whittier,0,0,0,0,0,0,0,0,0,0,0,0,0,0,0,0,0,0,0,0,0,0,0,0
201812,02,657000,275,    ,86380 ,00000 ,2369 ,999,99999, , ,99929      ,4,9,11,Wrangell city and borough,6,6,645000,1,2,325000,0,0,0,0,0,0,6,6,645000,1,2,325000,0,0,0,0,0,0
201812,02,661000,282,3610,86490 ,00000 ,662 ,999,99999, , ,99689      ,4,9,12,Yakutat city and borough,13,13,2170000,0,0,0,0,0,0,0,0,0,13,13,2170000,0,0,0,0,0,0,0,0,0
201812,04,001000,001,    ,99990 ,00000 ,61192 ,999,99999, , ,85936      ,4,8,12,Apache County Unincorporated Area,41,41,9182070,0,0,0,0,0,0,0,0,0,41,41,9182070,0,0,0,0,0,0,0,0,0
201812,04,009000,021,0007,02830 ,00000 ,35546 ,999,38060,2, ,851192899  ,4,8,12,Apache Junction,111,111,14674134,26,52,3287258,0,0,0,0,0,0,111,111,14674134,26,52,3287258,0,0,0,0,0,0
201812,04,013000,013,0013,04720 ,00000 ,76238 ,999,38060, , ,85323      ,4,8,12,Avondale,232,232,55800538,0,0,0,0,0,0,0,0,0,232,232,55800538,0,0,0,0,0,0,0,0,0
201812,04,025000,013,0030,07940 ,00000 ,50876 ,999,38060, , ,85326      ,4,8,12,Buckeye,2194,2194,565473279,0,0,0,0,0,0,0,0,0,2194,2194,565473279,0,0,0,0,0,0,0,0,0
201812,04,029000,015,0031,08220 ,00000 ,39540 ,332,29420, , ,86442      ,4,8,12,Bullhead City,161,161,37581038,0,0,0,0,0,0,0,0,0,161,161,37581038,0,0,0,0,0,0,0,0,0
201812,04,037000,013,0039,10180 ,00000 ,3363 ,999,38060, , ,85377      ,4,8,12,Carefree town,22,22,9001380,0,0,0,0,0,0,0,0,0,22,22,9001380,0,0,0,0,0,0,0,0,0
201812,04,041000,021,0040,10530 ,00000 ,48571 ,999,38060, , ,85122      ,4,8,12,Casa Grande,252,252,61795155,0,0,0,0,0,0,0,0,0,252,252,61795155,0,0,0,0,0,0,0,0,0
201812,04,045000,013,0044,11300 ,00000 ,5015 ,999,38060, , ,85331      ,4,8,12,Cave Creek town,50,50,21616665,1,2,431416,0,0,0,0,0,0,50,50,21616665,1,2,431416,0,0,0,0,0,0
201812,04,049000,013,0050,12000 ,00000 ,236123 ,999,38060, , ,852444008  ,4,8,12,Chandler,492,492,178583165,16,32,6904052,15,47,6803993,32,760,111126417,492,492,178583165,16,32,6904052,15,47,6803993,32,760,111126417
201812,04,065000,003,    ,99990 ,00000 ,52410 ,999,43420, , ,85603      ,4,8,12,Cochise County Unincorporated Area,140,140,25300069,0,0,0,0,0,0,0,0,0,140,140,25300069,0,0,0,0,0,0,0,0,0
201812,04,069000,005,    ,99990 ,00000 ,54125 ,999,22380, , ,860019331  ,4,8,9,Coconino County Unincorporated Area,223,223,45650899,0,0,0,0,0,0,0,0,0,180,180,35311129,0,0,0,0,0,0,0,0,0
201812,04,077000,021,0067,15500 ,00000 ,11825 ,999,38060, , ,85228      ,4,8,12,Coolidge,48,48,7437183,0,0,0,0,0,0,0,0,0,48,48,7437183,0,0,0,0,0,0,0,0,0
201812,04,085000,003,0080,20050 ,00000 ,17378 ,999,43420, ,1,856072030  ,4,8,7,Douglas,2,2,159334,0,0,0,0,0,0,3,15,1447743,0,0,0,0,0,0,0,0,0,0,0,0
201812,04,097000,013,0100,22220 ,00000 ,31797 ,999,38060, , ,853352955  ,4,8,12,El Mirage,4,4,1021566,0,0,0,0,0,0,0,0,0,4,4,1021566,0,0,0,0,0,0,0,0,0
201812,04,101000,021,0105,22360 ,00000 ,16631 ,999,38060, , ,852312517  ,4,8,4,Eloy,135,135,26641152,0,0,0,0,0,0,0,0,0,51,51,11271717,0,0,0,0,0,0,0,0,0
201812,04,105000,005,0115,23620 ,00000 ,65870 ,999,22380, ,1,86001      ,4,8,12,Flagstaff,371,371,71831235,0,0,0,1,4,1500000,0,0,0,371,371,71831235,0,0,0,1,4,1500000,0,0,0
201812,04,109000,021,0120,23760 ,00000 ,25536 ,999,38060, , ,85132      ,4,8,10,Florence town,233,233,69957555,0,0,0,0,0,0,0,0,0,200,200,58821263,0,0,0,0,0,0,0,0,0
201812,04,113000,013,0124,25300 ,00000 ,22489 ,999,38060, , ,85268      ,4,8,11,Fountain Hills town,86,86,37903016,0,0,0,0,0,0,0,0,0,81,81,35696982,0,0,0,0,0,0,0,0,0
201812,04,117000,005,0125,25720 ,00000 ,1314 ,999,22380, , ,86022      ,4,8,12,Fredonia town,0,0,0,0,0,0,0,0,0,0,0,0,0,0,0,0,0,0,0,0,0,0,0,0
201812,04,121000,013,0129,27050 ,00000 ,1922 ,999,38060, , ,85337      ,4,8,12,Gila Bend town,2,2,450000,0,0,0,0,0,0,0,0,0,2,2,450000,0,0,0,0,0,0,0,0,0
201812,04,125000,007,    ,99990 ,00000 ,25602 ,999,99999, , ,85501      ,4,8,12,Gila County Unincorporated Area,67,67,10733655,0,0,0,0,0,0,0,0,0,67,67,10733655,0,0,0,0,0,0,0,0,0
201812,04,129000,013,0135,27400 ,00000 ,208453 ,999,38060, , ,85296      ,4,8,12,Gilbert town,1459,1459,315317433,0,0,0,0,0,0,42,330,36939000,1459,1459,315317433,0,0,0,0,0,0,42,330,36939000
201812,04,133000,013,0140,27820 ,00000 ,226721 ,999,38060, , ,85301      ,4,8,12,Glendale,191,191,49155764,0,0,0,0,0,0,0,0,0,191,191,49155764,0,0,0,0,0,0,0,0,0
201812,04,141000,013,0150,28380 ,00000 ,65275 ,999,38060, , ,85338      ,4,8,12,Goodyear,1246,1246,367719038,15,30,7075169,5,15,2773137,1,41,6307242,1246,1246,367719038,15,30,7075169,5,15,2773137,1,41,6307242
201812,04,145000,009,    ,99990 ,00000 ,20402 ,999,99999, , ,85546      ,4,8,11,Graham County Unincorporated Area,46,46,11947245,0,0,0,0,0,0,1,5,465208,45,45,11666045,0,0,0,0,0,0,0,0,0
201812,04,153000,013,0158,30270 ,00000 ,5523 ,999,38060, , ,852832538  ,4,8,11,Guadalupe town,8,8,1309152,0,0,0,0,0,0,0,0,0,6,6,860000,0,0,0,0,0,0,0,0,0
201812,04,157000,007,0160,32020 ,00000 ,662 ,999,99999,2, ,85135      ,4,8,12,Hayden town,0,0,0,0,0,0,0,0,0,0,0,0,0,0,0,0,0,0,0,0,0,0,0,0
201812,04,181000,015,0185,37620 ,00000 ,28068 ,332,29420, ,1,86401      ,4,8,12,Kingman,265,265,44858598,1,2,252349,2,7,770284,0,0,0,265,265,44858598,1,2,252349,2,7,770284,0,0,0
201812,04,189000,015,0188,39370 ,00000 ,52527 ,332,29420, ,1,86403      ,4,8,12,Lake Havasu City,361,361,73010896,28,56,4145655,2,8,429772,0,0,0,361,361,73010896,28,56,4145655,2,8,429772,0,0,0
201812,04,193000,013,0196,41330 ,00000 ,5476 ,999,38060, , ,85340      ,4,8,12,Litchfield Park,53,53,23169033,0,0,0,6,20,4694730,0,0,0,53,53,23169033,0,0,0,6,20,4694730,0,0,0
201812,04,201000,019,0210,44270 ,00000 ,34961 ,536,46060,2, ,85653      ,4,8,6,Marana town,830,830,247510691,0,0,0,0,0,0,0,0,0,427,427,126980683,0,0,0,0,0,0,0,0,0
201812,04,205000,013,    ,99990 ,00000 ,284404 ,999,38060, , ,85008      ,4,8,12,Maricopa County Unincorporated Area,1777,1777,444862624,12,24,2588483,0,0,0,1,56,8293029,1777,1777,444862624,12,24,2588483,0,0,0,1,56,8293029
201812,04,205100,021,0212,44410 ,00000 ,43482 ,999,38060, , ,85238      ,4,8,12,Maricopa,988,988,239692232,0,0,0,0,0,0,0,0,0,988,988,239692232,0,0,0,0,0,0,0,0,0
201812,04,209000,013,0215,46000 ,00000 ,439041 ,999,38060, ,1,852111466  ,4,8,5,Mesa,2658,2658,768629231,0,0,0,1,3,486056,23,258,36709941,1676,1676,477958643,0,0,0,0,0,0,0,0,0
201812,04,217000,015,    ,99990 ,00000 ,75230 ,332,29420, , ,864027000  ,4,8,12,Mohave County Unincorporated Area,158,158,42809642,0,0,0,0,0,0,0,0,0,158,158,42809642,0,0,0,0,0,0,0,0,0
201812,04,221000,017,    ,99990 ,00000 ,68097 ,999,99999, , ,85901      ,4,8,9,Navajo County Unincorporated Area,136,136,25603309,0,0,0,0,0,0,1,5,297527,104,104,16289654,0,0,0,0,0,0,0,0,0
201812,04,229000,019,0238,51600 ,00000 ,41011 ,536,46060, , ,85737      ,4,8,12,Oro Valley town,311,311,89842500,2,4,551368,4,16,2196744,0,0,0,311,311,89842500,2,4,551368,4,16,2196744,0,0,0
201812,04,237000,013,0242,52930 ,00000 ,12820 ,999,38060, , ,852534328  ,4,8,12,Paradise Valley town,96,96,120252467,0,0,0,2,8,5961760,2,20,13324321,96,96,120252467,0,0,0,2,8,5961760,2,20,13324321
201812,04,249000,007,0252,53700 ,00000 ,15301 ,999,99999, , ,855414306  ,4,8,12,Payson town,88,88,27636879,3,6,1066757,0,0,0,0,0,0,88,88,27636879,3,6,1066757,0,0,0,0,0,0
201812,04,253000,013,0255,54050 ,00000 ,154058 ,999,38060,2, ,85345      ,4,8,12,Peoria,1245,1245,226981844,0,0,0,2,8,471952,5,175,11596780,1245,1245,226981844,0,0,0,2,8,471952,5,175,11596780
201812,04,257000,013,2650,55000 ,00000 ,1445632 ,999,38060, ,1,850031611  ,4,8,12,Phoenix,3732,3732,988526134,103,206,19062252,24,86,14433541,91,3238,450935773,3732,3732,988526134,103,206,19062252,24,86,14433541,91,3238,450935773
201812,04,261000,019,    ,99990 ,00000 ,353264 ,536,46060, , ,85701      ,4,8,11,Pima County Unincorporated Area,1031,1031,279375019,0,0,0,0,0,0,2,30,4265466,975,975,264036213,0,0,0,0,0,0,0,0,0
201812,04,269000,021,    ,99990 ,00000 ,187517 ,999,38060,2, ,85132      ,4,8,12,Pinal County Unincorporated Area,2690,2690,444027424,55,110,6844175,0,0,0,0,0,0,2690,2690,444027424,55,110,6844175,0,0,0,0,0,0
201812,04,277000,025,0280,57380 ,00000 ,39843 ,999,39140, ,1,86301      ,4,8,12,Prescott,359,359,119817040,6,12,1751690,3,12,1047000,18,309,32989164,359,359,119817040,6,12,1751690,3,12,1047000,18,309,32989164
201812,04,281000,025,0282,57450 ,00000 ,38822 ,999,39140, , ,863142275  ,4,8,12,Prescott Valley town,496,496,134856701,19,38,5611285,2,6,683967,0,0,0,496,496,134856701,19,38,5611285,2,6,683967,0,0,0
201812,04,289000,013,0284,58150 ,00000 ,25912 ,999,38060,2, ,852429311  ,4,8,12,Queen Creek town,1296,1296,485292907,0,0,0,0,0,0,0,0,0,1296,1296,485292907,0,0,0,0,0,0,0,0,0
201812,04,293000,009,0298,62000 ,00000 ,9566 ,999,99999, , ,85548      ,4,8,12,Safford,26,26,3178000,0,0,0,1,4,110000,0,0,0,26,26,3178000,0,0,0,1,4,110000,0,0,0
201812,04,294000,019,0303,62140 ,00000 ,25259 ,536,46060, , ,85629      ,4,8,12,Sahuarita town,366,366,99280740,0,0,0,0,0,0,0,0,0,366,366,99280740,0,0,0,0,0,0,0,0,0
201812,04,297000,027,0321,63470 ,00000 ,25505 ,999,49740, , ,85349      ,4,8,12,San Luis,294,294,43583987,0,0,0,0,0,0,0,0,0,294,294,43583987,0,0,0,0,0,0,0,0,0
201812,04,301000,023,    ,99990 ,00000 ,25670 ,999,99999, , ,856481090  ,4,8,12,Santa Cruz County Unincorporated Area,142,142,34097494,0,0,0,0,0,0,0,0,0,142,142,34097494,0,0,0,0,0,0,0,0,0
201812,04,305000,013,0327,65000 ,00000 ,217385 ,999,38060, ,1,85251      ,4,8,12,Scottsdale,635,635,180047717,2,4,1078114,1,3,705902,11,525,87256681,635,635,180047717,2,4,1078114,1,3,705902,11,525,87256681
201812,04,317000,017,0337,66470 ,00000 ,10660 ,999,99999, , ,85901      ,4,8,12,Show Low,91,91,21419138,2,4,560386,0,0,0,3,23,1523866,91,91,21419138,2,4,560386,0,0,0,3,23,1523866
201812,04,321000,003,0338,66820 ,00000 ,43888 ,999,43420, ,1,85635      ,4,8,12,Sierra Vista,68,68,12406722,0,0,0,0,0,0,0,0,0,68,68,12406722,0,0,0,0,0,0,0,0,0
201812,04,329000,027,0342,68080 ,00000 ,14287 ,999,49740, , ,85350      ,4,8,12,Somerton,42,42,7967012,0,0,0,0,0,0,0,0,0,42,42,7967012,0,0,0,0,0,0,0,0,0
201812,04,333000,019,0344,68850 ,00000 ,5652 ,536,46060, , ,857132803  ,4,8,11,South Tucson,8,8,1099000,0,0,0,1,4,286000,0,0,0,8,8,1099000,0,0,0,1,4,286000,0,0,0
201812,04,349000,013,0361,71510 ,00000 ,117517 ,999,38060, , ,85374      ,4,8,12,Surprise,1315,1315,405535946,0,0,0,0,0,0,1,100,9115000,1315,1315,405535946,0,0,0,0,0,0,1,100,9115000
201812,04,353000,017,0366,72420 ,00000 ,4112 ,999,99999, , ,85939      ,4,8,0,Taylor town,10,10,1418522,0,0,0,0,0,0,0,0,0,0,0,0,0,0,0,0,0,0,0,0,0
201812,04,357000,013,0368,73000 ,00000 ,161719 ,999,38060, ,1,85281      ,4,8,11,Tempe,124,124,26073444,4,8,1114587,0,0,0,13,1629,288231001,118,118,24846331,3,6,873873,0,0,0,12,1561,277262051
201812,04,365000,013,0372,74190 ,00000 ,6545 ,999,38060, , ,85353      ,4,8,11,Tolleson,13,13,4490416,0,0,0,0,0,0,0,0,0,13,13,4490416,0,0,0,0,0,0,0,0,0
201812,04,373000,019,0385,77000 ,00000 ,520116 ,536,46060,2,1,85726      ,4,8,0,Tucson,793,793,199244839,21,42,5198522,0,0,0,83,904,127335164,0,0,0,0,0,0,0,0,0,0,0,0
201812,04,381000,013,0397,82740 ,00000 ,6363 ,999,38060,2, ,85390      ,4,8,12,Wickenburg town,165,165,48134232,0,0,0,0,0,0,0,0,0,165,165,48134232,0,0,0,0,0,0,0,0,0
201812,04,401000,025,    ,99990 ,00000 ,83782 ,999,39140, , ,86305      ,4,8,12,Yavapai County Unincorporated Area,460,460,109972982,1,2,313581,0,0,0,0,0,0,460,460,109972982,1,2,313581,0,0,0,0,0,0
201812,04,405000,013,0416,85400 ,00000 ,6156 ,999,38060, , ,853631212  ,4,8,11,Youngtown town,1,1,90000,0,0,0,0,0,0,0,0,0,1,1,90000,0,0,0,0,0,0,0,0,0
201812,04,409000,027,0420,85540 ,00000 ,93064 ,999,49740, ,1,85366      ,4,8,12,Yuma,485,485,85045301,1,2,145600,0,0,0,0,0,0,485,485,85045301,1,2,145600,0,0,0,0,0,0
201812,04,413000,027,    ,99990 ,00000 ,60013 ,999,49740, , ,85364      ,4,8,12,Yuma County Unincorporated Area,175,175,21542713,1,2,115929,0,0,0,0,0,0,175,175,21542713,1,2,115929,0,0,0,0,0,0
201812,06,001000,071,0003,00296 ,00000 ,31765 ,348,40140, , ,92301      ,4,9,12,Adelanto,24,24,4209700,0,0,0,0,0,0,0,0,0,24,24,4209700,0,0,0,0,0,0,0,0,0
201812,06,002000,037,0007,00394 ,00000 ,20330 ,348,31080, , ,91301      ,4,9,12,Agoura Hills,3,3,1771330,0,0,0,0,0,0,0,0,0,3,3,1771330,0,0,0,0,0,0,0,0,0
201812,06,003000,001,0010,00562 ,00000 ,73812 ,488,41860, , ,94501      ,4,9,12,Alameda,31,31,4091660,0,0,0,0,0,0,0,0,0,31,31,4091660,0,0,0,0,0,0,0,0,0
201812,06,004000,001,    ,99990 ,00000 ,141266 ,488,41860, , ,94544      ,4,9,12,Alameda County Unincorporated Area,36,36,14016088,1,2,97141,20,71,21314084,2,12,3706584,36,36,14016088,1,2,97141,20,71,21314084,2,12,3706584
201812,06,005000,001,0020,00674 ,00000 ,18539 ,488,41860, , ,94706      ,4,9,12,Albany,9,9,763617,0,0,0,0,0,0,0,0,0,9,9,763617,0,0,0,0,0,0,0,0,0
201812,06,006000,037,0025,00884 ,00000 ,83089 ,348,31080, , ,91801      ,4,9,12,Alhambra,34,34,4302500,0,0,0,0,0,0,0,0,0,34,34,4302500,0,0,0,0,0,0,0,0,0
201812,06,006200,059,0027,00947 ,00000 ,47823 ,348,31080, , ,92656      ,4,9,10,Aliso Viejo,0,0,0,0,0,0,0,0,0,2,48,8964386,0,0,0,0,0,0,0,0,0,0,0,0
201812,06,011000,059,0070,02000 ,00000 ,336265 ,348,31080, ,1,92803      ,4,9,12,Anaheim,120,120,25493830,1,2,170000,5,19,3204180,14,430,12841909,120,120,25493830,1,2,170000,5,19,3204180,14,430,12841909
201812,06,014000,013,0085,02252 ,00000 ,102372 ,488,41860, , ,94531      ,4,9,12,Antioch,63,63,18792741,0,0,0,0,0,0,4,58,4771480,63,63,18792741,0,0,0,0,0,0,4,58,4771480
201812,06,015000,071,0090,02364 ,00000 ,69135 ,348,40140, , ,92307      ,4,9,12,Apple Valley town,79,79,12683764,0,0,0,0,0,0,0,0,0,79,79,12683764,0,0,0,0,0,0,0,0,0
201812,06,016000,037,0246,02462 ,00000 ,56364 ,348,31080, ,1,91007      ,4,9,11,Arcadia,79,79,46347770,0,0,0,1,3,652579,1,8,1279606,70,70,40838745,0,0,0,0,0,0,0,0,0
201812,06,019000,037,0135,02896 ,00000 ,16522 ,348,31080, , ,90701      ,4,9,4,Artesia,13,13,5700000,0,0,0,0,0,0,0,0,0,7,7,3150000,0,0,0,0,0,0,0,0,0
201812,06,022000,081,0150,03092 ,00000 ,6914 ,488,41860, , ,94027      ,4,9,11,Atherton town,28,28,96754667,0,0,0,0,0,0,0,0,0,25,25,84917959,0,0,0,0,0,0,0,0,0
201812,06,024000,061,0160,03204 ,00000 ,13330 ,472,40900, , ,95603      ,4,9,11,Auburn,28,28,10746891,3,6,883380,0,0,0,0,0,0,25,25,9767736,3,6,883380,0,0,0,0,0,0
201812,06,025000,037,0165,03274 ,00000 ,3728 ,348,31080, , ,90704      ,4,9,11,Avalon,0,0,0,0,0,0,0,0,0,0,0,0,0,0,0,0,0,0,0,0,0,0,0,0
201812,06,027000,037,0378,03386 ,00000 ,46361 ,348,31080, , ,917022514  ,4,9,11,Azusa,39,39,16166474,2,4,920804,10,36,8569932,7,103,17696125,33,33,13375888,2,4,920804,10,36,8569932,6,98,16257211
201812,06,028000,029,0180,03526 ,00000 ,347483 ,999,12540, ,1,93301      ,4,9,8,Bakersfield,1213,1213,340068629,26,52,5628617,1,3,328767,3,16,5606874,726,726,208064433,11,22,2079355,1,3,328767,3,16,5606874
201812,06,029000,037,0185,03666 ,00000 ,75390 ,348,31080, , ,91706      ,4,9,12,Baldwin Park,79,79,14118507,0,0,0,0,0,0,0,0,0,79,79,14118507,0,0,0,0,0,0,0,0,0
201812,06,030000,065,0190,03820 ,00000 ,29603 ,348,40140, , ,92220      ,4,9,12,Banning,1,1,300000,0,0,0,0,0,0,0,0,0,1,1,300000,0,0,0,0,0,0,0,0,0
201812,06,031000,071,0414,04030 ,00000 ,22639 ,348,40140, , ,92311      ,4,9,12,Barstow,1,1,150000,0,0,0,0,0,0,0,0,0,1,1,150000,0,0,0,0,0,0,0,0,0
201812,06,032000,065,0205,04758 ,00000 ,36877 ,348,40140, , ,92223      ,4,9,12,Beaumont,684,684,177383477,0,0,0,0,0,0,0,0,0,684,684,177383477,0,0,0,0,0,0,0,0,0
201812,06,033000,037,0210,04870 ,00000 ,35477 ,348,31080, , ,90201      ,4,9,0,Bell,10,10,1251430,0,0,0,0,0,0,8,44,6196977,0,0,0,0,0,0,0,0,0,0,0,0
201812,06,034000,037,0220,04996 ,00000 ,42072 ,348,31080, , ,902013253  ,4,9,11,Bell Gardens,10,10,1863747,0,0,0,4,15,2435184,3,25,3719257,9,9,1607762,0,0,0,4,15,2435184,3,25,3719257
201812,06,035000,037,0215,04982 ,00000 ,76616 ,348,31080, , ,907065494  ,4,9,12,Bellflower,19,19,3975125,1,2,249196,0,0,0,1,30,3200000,19,19,3975125,1,2,249196,0,0,0,1,30,3200000
201812,06,036000,081,0225,05108 ,00000 ,25835 ,488,41860, , ,94002      ,4,9,12,Belmont,12,12,8372500,0,0,0,0,0,0,0,0,0,12,12,8372500,0,0,0,0,0,0,0,0,0
201812,06,037000,041,0230,05164 ,00000 ,2068 ,488,41860, , ,94920      ,4,9,0,Belvedere,4,4,5835975,0,0,0,0,0,0,0,0,0,0,0,0,0,0,0,0,0,0,0,0,0
201812,06,038000,095,0235,05290 ,00000 ,26997 ,488,46700, , ,94510      ,4,9,9,Benicia,1,1,250000,0,0,0,0,0,0,0,0,0,1,1,250000,0,0,0,0,0,0,0,0,0
201812,06,039000,001,0245,06000 ,00000 ,112580 ,488,41860, ,1,94704      ,4,9,12,Berkeley,66,66,14200514,2,4,928042,0,0,0,3,125,23578855,66,66,14200514,2,4,928042,0,0,0,3,125,23578855
201812,06,040000,037,0250,06308 ,00000 ,34109 ,348,31080, , ,90210      ,4,9,11,Beverly Hills,42,42,92943638,0,0,0,0,0,0,1,7,4000000,39,39,84600000,0,0,0,0,0,0,1,7,4000000
201812,06,041000,071,0255,06434 ,00000 ,5019 ,348,40140, , ,923158900  ,4,9,11,Big Bear Lake,35,35,10314299,0,0,0,0,0,0,0,0,0,32,32,9300549,0,0,0,0,0,0,0,0,0
201812,06,043000,027,0275,06798 ,00000 ,3879 ,999,99999, , ,93514      ,4,9,12,Bishop,0,0,0,0,0,0,0,0,0,0,0,0,0,0,0,0,0,0,0,0,0,0,0,0
201812,06,045000,065,0290,07218 ,00000 ,20817 ,348,40140, , ,92225      ,4,9,10,Blythe,1,1,15904,0,0,0,0,0,0,0,0,0,1,1,15904,0,0,0,0,0,0,0,0,0
201812,06,046000,037,0315,07946 ,00000 ,1048 ,348,31080, , ,91008      ,4,9,11,Bradbury,2,2,3650401,0,0,0,0,0,0,0,0,0,2,2,3650401,0,0,0,0,0,0,0,0,0
201812,06,048000,059,0325,08100 ,00000 ,39282 ,348,31080, , ,92621      ,4,9,12,Brea,6,6,2830776,0,0,0,1,3,500000,0,0,0,6,6,2830776,0,0,0,1,3,500000,0,0,0
201812,06,049000,013,0327,08142 ,00000 ,51481 ,488,41860, , ,94513      ,4,9,12,Brentwood,326,326,68914038,0,0,0,0,0,0,0,0,0,326,326,68914038,0,0,0,0,0,0,0,0,0
201812,06,050000,081,0330,08310 ,00000 ,4282 ,488,41860, , ,94005      ,4,9,12,Brisbane,5,5,3550000,1,2,600000,0,0,0,0,0,0,5,5,3550000,1,2,600000,0,0,0,0,0,0
201812,06,051000,059,0335,08786 ,00000 ,80530 ,348,31080, , ,90621      ,4,9,12,Buena Park,34,34,7299354,0,0,0,0,0,0,0,0,0,34,34,7299354,0,0,0,0,0,0,0,0,0
201812,06,052000,037,0340,08954 ,00000 ,103340 ,348,31080, ,1,915021232  ,4,9,11,Burbank,17,17,3319526,0,0,0,0,0,0,0,0,0,15,15,2824820,0,0,0,0,0,0,0,0,0
201812,06,053000,081,0345,09066 ,00000 ,28806 ,488,41860, , ,94010      ,4,9,11,Burlingame,33,33,13953750,0,0,0,0,0,0,2,268,71408000,33,33,13953750,0,0,0,0,0,0,2,268,71408000
201812,06,054500,037,0362,09598 ,00000 ,23058 ,348,31080, , ,91302      ,4,9,12,Calabasas,6,6,5553838,0,0,0,0,0,0,12,78,14276181,6,6,5553838,0,0,0,0,0,0,12,78,14276181
201812,06,058000,065,0368,09864 ,00000 ,7879 ,348,40140, , ,92320      ,4,9,12,Calimesa,93,93,27184935,0,0,0,0,0,0,0,0,0,93,93,27184935,0,0,0,0,0,0,0,0,0
201812,06,061000,111,0379,10046 ,00000 ,65201 ,348,37100, ,1,93010      ,4,9,11,Camarillo,260,260,56159679,0,0,0,0,0,0,18,268,37347714,234,234,51865182,0,0,0,0,0,0,15,212,30483260
201812,06,062000,085,0390,10345 ,00000 ,39349 ,488,41940, , ,95008      ,4,9,12,Campbell,63,63,18813130,3,6,1538979,0,0,0,0,0,0,63,63,18813130,3,6,1538979,0,0,0,0,0,0
201812,06,062500,065,0397,10928 ,00000 ,10561 ,348,40140, , ,92587      ,4,9,11,Canyon Lake,16,16,5426849,0,0,0,0,0,0,0,0,0,15,15,5033873,0,0,0,0,0,0,0,0,0
201812,06,064000,073,0405,11194 ,00000 ,105328 ,999,41740, ,1,920087314  ,4,9,12,Carlsbad,258,258,80185671,0,0,0,1,3,974047,0,0,0,258,258,80185671,0,0,0,1,3,974047,0,0,0
201812,06,067000,037,0440,11530 ,00000 ,91714 ,348,31080, ,1,918021460  ,4,9,12,Carson,4,4,495000,0,0,0,0,0,0,1,149,8700000,4,4,495000,0,0,0,0,0,0,1,149,8700000
201812,06,068000,065,0465,12048 ,00000 ,51200 ,348,40140, , ,92234      ,4,9,12,Cathedral City,95,95,19908118,0,0,0,1,3,300000,0,0,0,95,95,19908118,0,0,0,1,3,300000,0,0,0
201812,06,070000,037,0487,12552 ,00000 ,49041 ,348,31080, , ,90703      ,4,9,11,Cerritos,0,0,0,0,0,0,0,0,0,0,0,0,0,0,0,0,0,0,0,0,0,0,0,0
201812,06,071000,007,0500,13014 ,00000 ,86187 ,999,17020, ,1,95927      ,4,9,12,Chico,341,341,76601303,11,22,2459180,3,12,1466828,7,74,8573343,341,341,76601303,11,22,2459180,3,12,1466828,7,74,8573343
201812,06,072000,071,0510,13210 ,00000 ,77983 ,348,40140, ,1,91710      ,4,9,12,Chino,437,437,113408878,18,36,6723687,21,84,10699288,48,334,62438837,437,437,113408878,18,36,6723687,21,84,10699288,48,334,62438837
201812,06,072500,071,0511,13214 ,00000 ,74799 ,348,40140, , ,917095442  ,4,9,12,Chino Hills,231,231,62703874,2,4,714000,0,0,0,0,0,0,231,231,62703874,2,4,714000,0,0,0,0,0,0
201812,06,074000,073,0525,13392 ,00000 ,243916 ,999,41740, , ,91910      ,4,9,12,Chula Vista,515,515,184893041,17,34,9081205,62,200,42973755,62,1002,164429260,515,515,184893041,17,34,9081205,62,200,42973755,62,1002,164429260
201812,06,074500,067,0530,13588 ,00000 ,83301 ,472,40900, , ,95621      ,4,9,4,Citrus Heights,20,20,4514080,0,0,0,0,0,0,0,0,0,6,6,1167772,0,0,0,0,0,0,0,0,0
201812,06,075000,037,0535,13756 ,00000 ,34926 ,348,31080, , ,91711      ,4,9,11,Claremont,38,38,9645338,0,0,0,0,0,0,1,32,2725923,35,35,8727901,0,0,0,0,0,0,0,0,0
201812,06,079000,019,0550,14218 ,00000 ,95631 ,260,23420, , ,93612      ,4,9,12,Clovis,892,892,254848935,0,0,0,5,20,2318840,9,195,11731728,892,892,254848935,0,0,0,5,20,2318840,9,195,11731728
201812,06,080000,065,0555,14260 ,00000 ,40704 ,348,40140, , ,92236      ,4,9,9,Coachella,0,0,0,0,0,0,0,0,0,3,22,1878332,0,0,0,0,0,0,0,0,0,0,0,0
201812,06,081000,019,0560,14274 ,00000 ,13380 ,260,23420, , ,93210      ,4,9,12,Coalinga,42,42,9696765,0,0,0,0,0,0,0,0,0,42,42,9696765,0,0,0,0,0,0,0,0,0
201812,06,082000,061,0565,14498 ,00000 ,1963 ,472,40900, , ,95713      ,4,9,6,Colfax,0,0,0,0,0,0,0,0,0,0,0,0,0,0,0,0,0,0,0,0,0,0,0,0
201812,06,083000,081,0575,14736 ,00000 ,1792 ,488,41860, , ,94014      ,4,9,12,Colma town,2,2,1000000,0,0,0,0,0,0,0,0,0,2,2,1000000,0,0,0,0,0,0,0,0,0
201812,06,084000,071,0580,14890 ,00000 ,52154 ,348,40140, , ,92324      ,4,9,12,Colton,82,82,15671989,0,0,0,0,0,0,0,0,0,82,82,15671989,0,0,0,0,0,0,0,0,0
201812,06,087000,037,0587,14974 ,00000 ,12823 ,348,31080, , ,90040      ,4,9,10,Commerce,0,0,0,1,2,472000,0,0,0,0,0,0,0,0,0,1,2,472000,0,0,0,0,0,0
201812,06,088000,037,0590,15044 ,00000 ,96455 ,348,31080, , ,90220      ,4,9,3,Compton,6,6,696500,2,4,609966,2,6,549642,0,0,0,6,6,696500,0,0,0,0,0,0,0,0,0
201812,06,089000,013,0595,16000 ,00000 ,122067 ,488,41860, , ,94519      ,4,9,12,Concord,18,18,2531336,1,2,100000,0,0,0,0,0,0,18,18,2531336,1,2,100000,0,0,0,0,0,0
201812,06,090000,013,    ,99990 ,00000 ,159785 ,488,41860,2, ,94553      ,4,9,12,Contra Costa County Unincorporated Area,604,604,280759144,2,4,727650,1,3,799002,3,404,86958843,604,604,280759144,2,4,727650,1,3,799002,3,404,86958843
201812,06,093000,065,0610,16350 ,00000 ,152374 ,348,40140, ,1,928822187  ,4,9,12,Corona,205,205,59851358,2,4,840596,14,51,9225346,22,336,45718247,205,205,59851358,2,4,840596,14,51,9225346,22,336,45718247
201812,06,094000,073,0615,16378 ,00000 ,18912 ,999,41740, , ,92118      ,4,9,8,Coronado,53,53,52042790,0,0,0,0,0,0,0,0,0,27,27,27024576,0,0,0,0,0,0,0,0,0
201812,06,095000,041,0620,16462 ,00000 ,9253 ,488,41860, , ,94925      ,4,9,0,Corte Madera town,0,0,0,0,0,0,0,0,0,0,0,0,0,0,0,0,0,0,0,0,0,0,0,0
201812,06,096000,059,0625,16532 ,00000 ,109960 ,348,31080, ,1,926261200  ,4,9,11,Costa Mesa,164,164,50136979,0,0,0,0,0,0,0,0,0,150,150,46373300,0,0,0,0,0,0,0,0,0
201812,06,098000,037,0635,16742 ,00000 ,47796 ,348,31080, , ,91722      ,4,9,0,Covina,8,8,2253336,0,0,0,0,0,0,0,0,0,0,0,0,0,0,0,0,0,0,0,0,0
201812,06,100000,037,0658,17498 ,00000 ,23805 ,348,31080, , ,90201      ,4,9,0,Cudahy,1,1,217000,0,0,0,0,0,0,0,0,0,0,0,0,0,0,0,0,0,0,0,0,0
201812,06,101000,037,0665,17568 ,00000 ,38883 ,348,31080, , ,90232      ,4,9,12,Culver City,29,29,7342289,1,2,707000,3,11,4013000,2,205,30350844,29,29,7342289,1,2,707000,3,11,4013000,2,205,30350844
201812,06,102000,085,0670,17610 ,00000 ,58302 ,488,41940, ,1,95014      ,4,9,12,Cupertino,41,41,24348880,2,4,1106220,0,0,0,1,19,10000000,41,41,24348880,2,4,1106220,0,0,0,1,19,10000000
201812,06,103000,059,0685,17750 ,00000 ,47802 ,348,31080, , ,90630      ,4,9,1,Cypress,132,132,30175759,0,0,0,0,0,0,0,0,0,0,0,0,0,0,0,0,0,0,0,0,0
201812,06,104000,081,0700,17918 ,00000 ,101123 ,488,41860, , ,94015      ,4,9,11,Daly City,9,9,4944476,0,0,0,0,0,0,1,23,2149239,8,8,4576514,0,0,0,0,0,0,0,0,0
201812,06,105000,059,0705,17946 ,00000 ,33351 ,348,31080, , ,92629      ,4,9,9,Dana Point,89,89,87975556,0,0,0,0,0,0,0,0,0,77,77,74222992,0,0,0,0,0,0,0,0,0
201812,06,106000,013,0706,17988 ,00000 ,42039 ,488,41860, , ,94526      ,4,9,11,Danville town,25,25,18785689,0,0,0,0,0,0,0,0,0,23,23,17250601,0,0,0,0,0,0,0,0,0
201812,06,107000,113,0715,18100 ,00000 ,65622 ,472,40900, , ,95616      ,4,9,12,Davis,47,47,16159802,0,0,0,0,0,0,10,277,55872826,47,47,16159802,0,0,0,0,0,0,10,277,55872826
201812,06,108000,073,0735,18506 ,00000 ,4161 ,999,41740, , ,92075      ,4,9,12,Del Mar,7,7,5759000,0,0,0,0,0,0,0,0,0,7,7,5759000,0,0,0,0,0,0,0,0,0
201812,06,111000,029,0725,18394 ,00000 ,53041 ,999,12540, , ,93215      ,4,9,12,Delano,111,111,17888537,0,0,0,1,4,511947,12,138,20572542,111,111,17888537,0,0,0,1,4,511947,12,138,20572542
201812,06,112000,065,0765,18996 ,00000 ,25938 ,348,40140, , ,92240      ,4,9,11,Desert Hot Springs,41,41,8878031,0,0,0,0,0,0,0,0,0,39,39,8424891,0,0,0,0,0,0,0,0,0
201812,06,113000,037,0771,19192 ,00000 ,55544 ,348,31080, , ,91765      ,4,9,12,Diamond Bar,31,31,11535580,0,0,0,0,0,0,0,0,0,31,31,11535580,0,0,0,0,0,0,0,0,0
201812,06,114000,107,0775,19318 ,00000 ,21453 ,546,47300, , ,936181612  ,4,9,12,Dinuba,97,97,13229125,0,0,0,0,0,0,2,10,408000,97,97,13229125,0,0,0,0,0,0,2,10,408000
201812,06,118000,037,0795,19766 ,00000 ,111772 ,348,31080, , ,90241      ,4,9,8,Downey,93,93,24179445,0,0,0,0,0,0,2,10,2087568,50,50,12491533,0,0,0,0,0,0,0,0,0
201812,06,119000,037,0800,19990 ,00000 ,21321 ,348,31080, , ,91010      ,4,9,11,Duarte,0,0,0,0,0,0,0,0,0,0,0,0,0,0,0,0,0,0,0,0,0,0,0,0
201812,06,120000,001,0802,20018 ,00000 ,46036 ,488,41860, , ,94568      ,4,9,12,Dublin,615,615,244331833,14,28,8809085,11,38,11760470,10,105,36073822,615,615,244331833,14,28,8809085,11,38,11760470,10,105,36073822
201812,06,122000,081,0827,20956 ,00000 ,28155 ,488,41860, , ,94303      ,4,9,0,East Palo Alto,1,1,176145,0,0,0,0,0,0,0,0,0,0,0,0,0,0,0,0,0,0,0,0,0
201812,06,123000,073,0850,21712 ,00000 ,99478 ,999,41740, , ,92020      ,4,9,12,El Cajon,101,101,23850333,0,0,0,0,0,0,0,0,0,101,101,23850333,0,0,0,0,0,0,0,0,0
201812,06,124000,025,0855,21782 ,00000 ,42598 ,999,20940, ,1,922444450  ,4,9,12,El Centro,16,16,4299400,0,0,0,0,0,0,7,84,6248700,16,16,4299400,0,0,0,0,0,0,7,84,6248700
201812,06,125000,013,0860,21796 ,00000 ,23549 ,488,41860, , ,94530      ,4,9,10,El Cerrito,2,2,1543750,0,0,0,0,0,0,2,13,2620634,1,1,850000,0,0,0,0,0,0,0,0,0
201812,06,126000,017,    ,99990 ,00000 ,149266 ,472,40900, , ,95667      ,4,9,12,El Dorado County Unincorporated Area,535,535,178147460,0,0,0,0,0,0,0,0,0,535,535,178147460,0,0,0,0,0,0,0,0,0
201812,06,127000,037,0880,22230 ,00000 ,113475 ,348,31080, , ,917313293  ,4,9,10,El Monte,38,38,9479619,4,8,1854733,2,6,1058098,7,246,26837936,35,35,8824017,4,8,1854733,2,6,1058098,3,219,21498308
201812,06,128000,037,0895,22412 ,00000 ,16654 ,348,31080, , ,90245      ,4,9,12,El Segundo,41,41,7454000,0,0,0,0,0,0,0,0,0,41,41,7454000,0,0,0,0,0,0,0,0,0
201812,06,128500,067,0870,22020 ,00000 ,153015 ,472,40900, , ,95758      ,4,9,12,Elk Grove,693,693,145955061,0,0,0,0,0,0,0,0,0,693,693,145955061,0,0,0,0,0,0,0,0,0
201812,06,129000,001,0910,22594 ,00000 ,10080 ,488,41860, , ,94608      ,4,9,12,Emeryville,0,0,0,0,0,0,0,0,0,1,66,23530744,0,0,0,0,0,0,0,0,0,1,66,23530744
201812,06,130000,073,0920,22678 ,00000 ,59518 ,999,41740, , ,920243633  ,4,9,12,Encinitas,157,157,37291294,0,0,0,0,0,0,0,0,0,157,157,37291294,0,0,0,0,0,0,0,0,0
201812,06,132000,073,0935,22804 ,00000 ,143911 ,999,41740, , ,92025      ,4,9,12,Escondido,20,20,4480659,1,2,235419,2,7,834260,13,189,18673257,20,20,4480659,1,2,235419,2,7,834260,13,189,18673257
201812,06,136000,041,0955,23168 ,00000 ,7441 ,488,41860, , ,94930      ,4,9,0,Fairfax town,1,1,525000,0,0,0,0,0,0,0,0,0,0,0,0,0,0,0,0,0,0,0,0,0
201812,06,137000,095,0960,23182 ,00000 ,105321 ,488,46700, ,1,94533      ,4,9,12,Fairfield,314,314,88152188,0,0,0,0,0,0,0,0,0,314,314,88152188,0,0,0,0,0,0,0,0,0
201812,06,141000,019,1015,24134 ,00000 ,7549 ,260,23420, , ,93622      ,4,9,12,Firebaugh,0,0,0,0,0,0,0,0,0,0,0,0,0,0,0,0,0,0,0,0,0,0,0,0
201812,06,142000,067,2532,24638 ,00000 ,72203 ,472,40900, ,1,95630      ,4,9,12,Folsom,424,424,133113438,8,16,3210816,0,0,0,29,345,37925215,424,424,133113438,8,16,3210816,0,0,0,29,345,37925215
201812,06,143000,071,1030,24680 ,00000 ,196069 ,348,40140, , ,92335      ,4,9,12,Fontana,413,413,123079178,3,6,1080787,1,3,418321,11,76,11388120,413,413,123079178,3,6,1080787,1,3,418321,11,76,11388120
201812,06,147000,081,1062,25338 ,00000 ,30567 ,488,41860, , ,94404      ,4,9,12,Foster City,0,0,0,0,0,0,0,0,0,0,0,0,0,0,0,0,0,0,0,0,0,0,0,0
201812,06,148000,059,1065,25380 ,00000 ,55313 ,348,31080, ,1,92708      ,4,9,12,Fountain Valley,10,10,2586044,0,0,0,0,0,0,0,0,0,10,10,2586044,0,0,0,0,0,0,0,0,0
201812,06,149000,019,1070,25436 ,00000 ,5570 ,260,23420, , ,93625      ,4,9,12,Fowler,37,37,13268796,0,0,0,0,0,0,0,0,0,37,37,13268796,0,0,0,0,0,0,0,0,0
201812,06,150000,001,1080,26000 ,00000 ,214089 ,488,41860, , ,94538      ,4,9,11,Fremont,159,159,56135702,0,0,0,13,46,10002257,45,1764,410231597,136,136,48011724,0,0,0,11,40,8579539,40,1593,370531598
201812,06,151000,019,1090,27000 ,00000 ,494665 ,260,23420, ,1,937213604  ,4,9,5,Fresno,856,856,254109595,25,50,10615911,4,12,497288,51,437,45424035,431,431,130548348,0,0,0,0,0,0,4,64,8500192
201812,06,152000,019,    ,99990 ,00000 ,171705 ,260,23420, , ,93721      ,4,9,12,Fresno County Unincorporated Area,205,205,57267655,0,0,0,0,0,0,0,0,0,205,205,57267655,0,0,0,0,0,0,0,0,0
201812,06,153000,059,1095,28000 ,00000 ,135161 ,348,31080, , ,92832      ,4,9,12,Fullerton,19,19,5628063,6,12,2723839,0,0,0,5,49,5595608,19,19,5628063,6,12,2723839,0,0,0,5,49,5595608
201812,06,154000,067,1100,28112 ,00000 ,23647 ,472,40900, , ,956322039  ,4,9,12,Galt,33,33,9155634,0,0,0,0,0,0,1,14,1400000,33,33,9155634,0,0,0,0,0,0,1,14,1400000
201812,06,155000,059,1110,29000 ,00000 ,170883 ,348,31080, , ,92840      ,4,9,12,Garden Grove,111,111,29917324,0,0,0,1,4,577778,4,22,2862222,111,111,29917324,0,0,0,1,4,577778,4,22,2862222
201812,06,156000,037,1105,28168 ,00000 ,58829 ,348,31080, ,1,90247      ,4,9,12,Gardena,98,98,15869124,1,2,374040,1,3,532763,0,0,0,98,98,15869124,1,2,374040,1,3,532763,0,0,0
201812,06,157000,085,1115,29504 ,00000 ,48821 ,488,41940, , ,950206141  ,4,9,12,Gilroy,127,127,53788878,0,0,0,0,0,0,8,264,41341002,127,127,53788878,0,0,0,0,0,0,8,264,41341002
201812,06,158000,037,2790,30000 ,00000 ,191719 ,348,31080, ,1,91206      ,4,9,12,Glendale,90,90,13512000,0,0,0,0,0,0,4,54,8740000,90,90,13512000,0,0,0,0,0,0,4,54,8740000
201812,06,159000,037,1135,30014 ,00000 ,50073 ,348,31080, , ,91741      ,4,9,12,Glendora,50,50,17115724,0,0,0,0,0,0,0,0,0,50,50,17115724,0,0,0,0,0,0,0,0,0
201812,06,161000,053,1143,30392 ,00000 ,8187 ,999,41500, , ,93926      ,4,9,12,Gonzales,0,0,0,0,0,0,0,0,0,0,0,0,0,0,0,0,0,0,0,0,0,0,0,0
201812,06,162000,071,1147,30658 ,00000 ,12040 ,348,40140, , ,923135295  ,4,9,10,Grand Terrace,21,21,5023060,0,0,0,0,0,0,0,0,0,19,19,4598428,0,0,0,0,0,0,0,0,0
201812,06,164000,053,1160,30994 ,00000 ,16330 ,999,41500, , ,93927      ,4,9,11,Greenfield,3,3,800419,0,0,0,0,0,0,1,7,857311,3,3,800419,0,0,0,0,0,0,0,0,0
201812,06,169000,081,1195,31708 ,00000 ,11324 ,488,41860, , ,94019      ,4,9,12,Half Moon Bay,10,10,5460824,0,0,0,0,0,0,0,0,0,10,10,5460824,0,0,0,0,0,0,0,0,0
201812,06,171000,037,1217,32506 ,00000 ,14254 ,348,31080, , ,90716      ,4,9,12,Hawaiian Gardens,5,5,1216621,0,0,0,0,0,0,0,0,0,5,5,1216621,0,0,0,0,0,0,0,0,0
201812,06,172000,037,1220,32548 ,00000 ,84293 ,348,31080, , ,90250      ,4,9,1,Hawthorne,36,36,32854082,0,0,0,1,3,455749,2,10,739344,27,27,31252100,0,0,0,0,0,0,0,0,0
201812,06,173000,001,1225,33000 ,00000 ,144186 ,488,41860, ,1,94541      ,4,9,12,Hayward,284,284,107972281,0,0,0,1,3,950206,0,0,0,284,284,107972281,0,0,0,1,3,950206,0,0,0
201812,06,174000,097,1230,33056 ,00000 ,11254 ,488,42220, , ,95448      ,4,9,12,Healdsburg,24,24,20082796,0,0,0,0,0,0,0,0,0,24,24,20082796,0,0,0,0,0,0,0,0,0
201812,06,175000,065,1235,33182 ,00000 ,78657 ,348,40140, , ,92343      ,4,9,12,Hemet,63,63,18178555,0,0,0,0,0,0,0,0,0,63,63,18178555,0,0,0,0,0,0,0,0,0
201812,06,176000,013,1245,33308 ,00000 ,24060 ,488,41860,2, ,94547      ,4,9,6,Hercules,6,6,2070000,0,0,0,0,0,0,1,172,35571000,6,6,2070000,0,0,0,0,0,0,1,172,35571000
201812,06,177000,037,1246,33364 ,00000 ,19506 ,348,31080, , ,90254      ,4,9,9,Hermosa Beach,44,44,26913208,0,0,0,0,0,0,0,0,0,36,36,22323682,0,0,0,0,0,0,0,0,0
201812,06,178000,071,1247,33434 ,00000 ,90173 ,348,40140, , ,923453493  ,4,9,12,Hesperia,249,249,43510051,17,34,660738,0,0,0,0,0,0,249,249,43510051,17,34,660738,0,0,0,0,0,0
201812,06,179000,037,1252,33518 ,00000 ,1856 ,348,31080, , ,91302      ,4,9,11,Hidden Hills,11,11,13205473,0,0,0,0,0,0,0,0,0,11,11,13205473,0,0,0,0,0,0,0,0,0
201812,06,180000,071,1260,33588 ,00000 ,53104 ,348,40140, , ,92346      ,4,9,8,Highland,65,65,18363938,0,0,0,0,0,0,0,0,0,44,44,12716719,0,0,0,0,0,0,0,0,0
201812,06,181000,081,1265,33798 ,00000 ,10825 ,488,41860, , ,94010      ,4,9,12,Hillsborough town,10,10,17706875,0,0,0,0,0,0,0,0,0,10,10,17706875,0,0,0,0,0,0,0,0,0
201812,06,182000,069,1270,34120 ,00000 ,34928 ,488,41940, , ,95023      ,4,9,7,Hollister,401,401,124791398,0,0,0,0,0,0,0,0,0,197,197,75675556,0,0,0,0,0,0,0,0,0
201812,06,183000,025,1280,34246 ,00000 ,5939 ,999,20940,2, ,92250      ,4,9,4,Holtville,1,1,215065,0,0,0,0,0,0,0,0,0,1,1,215065,0,0,0,0,0,0,0,0,0
201812,06,185000,023,    ,99990 ,00000 ,71916 ,999,99999, , ,95501      ,4,9,12,Humboldt County Unincorporated Area,126,126,21889334,0,0,0,0,0,0,1,8,222794,126,126,21889334,0,0,0,0,0,0,1,8,222794
201812,06,186000,059,1300,36000 ,00000 ,189992 ,348,31080, , ,92648      ,4,9,11,Huntington Beach,48,48,17773652,1,2,576741,0,0,0,2,92,13438698,44,44,15890767,0,0,0,0,0,0,1,68,8400000
201812,06,187000,037,1305,36056 ,00000 ,58114 ,348,31080, , ,90255      ,4,9,12,Huntington Park,1,1,40000,0,0,0,0,0,0,0,0,0,1,1,40000,0,0,0,0,0,0,0,0,0
201812,06,188000,019,1310,36084 ,00000 ,6754 ,260,23420, , ,93234      ,4,9,12,Huron,1,1,75270,1,2,75270,0,0,0,0,0,0,1,1,75270,1,2,75270,0,0,0,0,0,0
201812,06,189000,025,1317,36280 ,00000 ,14758 ,999,20940,2, ,92251      ,4,9,12,Imperial,186,186,36250697,0,0,0,0,0,0,0,0,0,186,186,36250697,0,0,0,0,0,0,0,0,0
201812,06,190000,073,1320,36294 ,00000 ,26324 ,999,41740, , ,91932      ,4,9,11,Imperial Beach,35,35,5595523,1,2,370402,5,19,2823339,7,41,5719248,34,34,5442937,1,2,370402,4,16,2367696,6,34,4807966
201812,06,191000,025,    ,99990 ,00000 ,37778 ,999,20940,2, ,922432811  ,4,9,12,Imperial County Unincorporated Area,10,10,1382582,0,0,0,0,0,0,0,0,0,10,10,1382582,0,0,0,0,0,0,0,0,0
201812,06,192000,065,1327,36434 ,00000 ,4958 ,348,40140, , ,92260      ,4,9,12,Indian Wells,46,46,26441509,0,0,0,0,0,0,0,0,0,46,46,26441509,0,0,0,0,0,0,0,0,0
201812,06,193000,065,1330,36448 ,00000 ,76036 ,348,40140, , ,92201      ,4,9,12,Indio,323,323,51887357,0,0,0,0,0,0,0,0,0,323,323,51887357,0,0,0,0,0,0,0,0,0
201812,06,194000,037,1335,36490 ,00000 ,219 ,348,31080, , ,918021460  ,4,9,12,Industry,0,0,0,0,0,0,0,0,0,0,0,0,0,0,0,0,0,0,0,0,0,0,0,0
201812,06,195000,037,1340,36546 ,00000 ,109673 ,348,31080, , ,90301      ,4,9,5,Inglewood,2,2,424500,2,4,674000,1,3,416250,2,12,2500000,1,1,191000,1,2,256000,0,0,0,2,12,2500000
201812,06,198000,059,1347,36770 ,00000 ,212375 ,348,31080, ,1,92714      ,4,9,12,Irvine,1865,1865,505500600,53,106,27769604,62,208,46184071,49,1231,202651468,1865,1865,505500600,53,106,27769604,62,208,46184071,49,1231,202651468
201812,06,199000,037,1350,36826 ,00000 ,1422 ,348,31080, , ,91706      ,4,9,12,Irwindale,0,0,0,0,0,0,0,0,0,0,0,0,0,0,0,0,0,0,0,0,0,0,0,0
201812,06,200000,067,1355,36882 ,00000 ,804 ,472,40900, , ,95641      ,4,9,12,Isleton,0,0,0,0,0,0,0,0,0,0,0,0,0,0,0,0,0,0,0,0,0,0,0,0
201812,06,202000,019,1390,38226 ,00000 ,13544 ,260,23420, , ,93630      ,4,9,12,Kerman,79,79,15018233,0,0,0,0,0,0,0,0,0,79,79,15018233,0,0,0,0,0,0,0,0,0
201812,06,203000,029,    ,99990 ,00000 ,297932 ,999,12540, , ,93301      ,4,9,12,Kern County Unincorporated Area,270,270,41750841,1,2,125375,0,0,0,0,0,0,270,270,41750841,1,2,125375,0,0,0,0,0,0
201812,06,206000,019,1405,38562 ,00000 ,11382 ,260,23420, , ,936311908  ,4,9,12,Kingsburg,18,18,5601121,0,0,0,0,0,0,0,0,0,18,18,5601121,0,0,0,0,0,0,0,0,0
201812,06,207000,037,1410,39003 ,00000 ,20246 ,348,31080, , ,910112137  ,4,9,11,La Canada Flintridge,16,16,17336474,0,0,0,0,0,0,0,0,0,15,15,16289640,0,0,0,0,0,0,0,0,0
201812,06,208000,059,1428,39290 ,00000 ,60239 ,348,31080, , ,90631      ,4,9,12,La Habra,31,31,5848317,1,2,424797,0,0,0,0,0,0,31,31,5848317,1,2,424797,0,0,0,0,0,0
201812,06,209000,037,1429,39304 ,00000 ,5325 ,348,31080, , ,90631      ,4,9,12,La Habra Heights,1,1,1320875,0,0,0,0,0,0,0,0,0,1,1,1320875,0,0,0,0,0,0,0,0,0
201812,06,210000,073,1460,40004 ,00000 ,57065 ,999,41740, , ,919425502  ,4,9,12,La Mesa,31,31,2927743,0,0,0,0,0,0,9,74,8148753,31,31,2927743,0,0,0,0,0,0,9,74,8148753
201812,06,211000,037,1462,40032 ,00000 ,48527 ,348,31080, , ,90638      ,4,9,12,La Mirada,9,9,1474183,0,0,0,0,0,0,0,0,0,9,9,1474183,0,0,0,0,0,0,0,0,0
201812,06,212000,059,1477,40256 ,00000 ,15568 ,348,31080, , ,90623      ,4,9,12,La Palma,0,0,0,0,0,0,0,0,0,0,0,0,0,0,0,0,0,0,0,0,0,0,0,0
201812,06,213000,037,1480,40340 ,00000 ,39816 ,348,31080, , ,917444719  ,4,9,12,La Puente,41,41,10130889,2,4,779088,0,0,0,0,0,0,41,41,10130889,2,4,779088,0,0,0,0,0,0
201812,06,214000,065,1482,40354 ,00000 ,37467 ,348,40140, , ,92253      ,4,9,12,La Quinta,127,127,38482200,0,0,0,0,0,0,10,74,2942735,127,127,38482200,0,0,0,0,0,0,10,74,2942735
201812,06,215000,037,1500,40830 ,00000 ,31063 ,348,31080, , ,91750      ,4,9,12,La Verne,7,7,3562000,0,0,0,0,0,0,1,38,6880000,7,7,3562000,0,0,0,0,0,0,1,38,6880000
201812,06,217000,059,1418,39178 ,00000 ,22723 ,348,31080, , ,92651      ,4,9,11,Laguna Beach,17,17,14244936,1,2,707744,1,4,902366,0,0,0,15,15,12550096,1,2,707744,1,4,902366,0,0,0
201812,06,217500,059,1419,39220 ,00000 ,30344 ,348,31080, , ,92653      ,4,9,12,Laguna Hills,1,1,1500000,0,0,0,0,0,0,0,0,0,1,1,1500000,0,0,0,0,0,0,0,0,0
201812,06,218000,059,1421,39248 ,00000 ,62979 ,348,31080, , ,92677      ,4,9,0,Laguna Niguel,3,3,3037500,0,0,0,0,0,0,12,299,68425897,0,0,0,0,0,0,0,0,0,0,0,0
201812,06,218500,059,1425,39259 ,00000 ,16192 ,348,31080, , ,92637      ,4,9,12,Laguna Woods,0,0,0,0,0,0,0,0,0,0,0,0,0,0,0,0,0,0,0,0,0,0,0,0
201812,06,220000,065,1438,39486 ,00000 ,51821 ,348,40140, , ,92330      ,4,9,10,Lake Elsinore,408,408,121193396,0,0,0,0,0,0,0,0,0,322,322,96324168,0,0,0,0,0,0,0,0,0
201812,06,220500,059,3714,39496 ,00000 ,77264 ,348,31080, , ,92630      ,4,9,12,Lake Forest,237,237,71482477,0,0,0,0,0,0,0,0,0,237,237,71482477,0,0,0,0,0,0,0,0,0
201812,06,222000,037,1459,39892 ,00000 ,80048 ,348,31080, , ,90712      ,4,9,11,Lakewood,3,3,261264,0,0,0,0,0,0,5,29,6661992,3,3,261264,0,0,0,0,0,0,4,24,6370000
201812,06,223000,037,1476,40130 ,00000 ,156633 ,348,31080, , ,93534      ,4,9,12,Lancaster,102,102,29829978,0,0,0,0,0,0,2,51,2726461,102,102,29829978,0,0,0,0,0,0,2,51,2726461
201812,06,224000,041,1485,40438 ,00000 ,11926 ,488,41860, , ,949392035  ,4,9,12,Larkspur,7,7,9185250,0,0,0,0,0,0,0,0,0,7,7,9185250,0,0,0,0,0,0,0,0,0
201812,06,226000,077,1490,40704 ,00000 ,18023 ,488,44700, , ,95330      ,4,9,11,Lathrop,372,372,105206007,0,0,0,0,0,0,0,0,0,352,352,99001463,0,0,0,0,0,0,0,0,0
201812,06,227000,037,1505,40886 ,00000 ,32769 ,348,31080, , ,90260      ,4,9,12,Lawndale,13,13,3071836,0,0,0,0,0,0,0,0,0,13,13,3071836,0,0,0,0,0,0,0,0,0
201812,06,228000,073,1512,41124 ,00000 ,25320 ,999,41740, , ,91945      ,4,9,2,Lemon Grove,12,12,2471260,0,0,0,4,12,475432,1,10,1399554,1,1,115658,0,0,0,0,0,0,0,0,0
201812,06,230000,061,1535,41474 ,00000 ,42819 ,472,40900, , ,95648      ,4,9,12,Lincoln,92,92,31344800,0,0,0,0,0,0,0,0,0,92,92,31344800,0,0,0,0,0,0,0,0,0
201812,06,233000,001,1570,41992 ,00000 ,80968 ,488,41860, , ,94550      ,4,9,11,Livermore,125,125,38886372,5,10,1813676,1,3,1099893,5,180,22936705,102,102,33350542,5,10,1813676,1,3,1099893,4,171,20641524
201812,06,234000,047,1575,42006 ,00000 ,13058 ,382,32900, , ,95334      ,4,9,10,Livingston,92,92,23277962,0,0,0,0,0,0,0,0,0,86,86,21245530,0,0,0,0,0,0,0,0,0
201812,06,236000,071,1588,42370 ,00000 ,23261 ,348,40140, , ,92354      ,4,9,2,Loma Linda,22,22,5517132,0,0,0,0,0,0,9,57,3144827,10,10,2670000,0,0,0,0,0,0,0,0,0
201812,06,237000,037,4146,42468 ,00000 ,20256 ,348,31080, , ,918021460  ,4,9,12,Lomita,2,2,396200,3,6,1654500,0,0,0,2,13,2255600,2,2,396200,3,6,1654500,0,0,0,2,13,2255600
201812,06,239000,037,1610,43000 ,00000 ,462257 ,348,31080, ,1,90802      ,4,9,12,Long Beach,128,128,25350616,2,4,707000,1,3,551836,2,66,13500000,128,128,25350616,2,4,707000,1,3,551836,2,66,13500000
201812,06,240000,061,1612,43140 ,00000 ,6430 ,472,40900, , ,956501330  ,4,9,11,Loomis town,8,8,3972276,0,0,0,0,0,0,0,0,0,7,7,3398814,0,0,0,0,0,0,0,0,0
201812,06,241000,059,4200,43224 ,00000 ,11449 ,348,31080, , ,90720      ,4,9,9,Los Alamitos,2,2,374340,5,10,1821027,0,0,0,0,0,0,2,2,374340,4,8,1497360,0,0,0,0,0,0
201812,06,242000,085,1620,43280 ,00000 ,28976 ,488,41940, , ,94022      ,4,9,12,Los Altos,41,41,38759131,0,0,0,1,3,848000,1,21,9900000,41,41,38759131,0,0,0,1,3,848000,1,21,9900000
201812,06,243000,085,1625,43294 ,00000 ,7922 ,488,41940, , ,94022      ,4,9,12,Los Altos Hills town,22,22,27191245,0,0,0,0,0,0,0,0,0,22,22,27191245,0,0,0,0,0,0,0,0,0
201812,06,244000,037,1630,44000 ,00000 ,3792621 ,348,31080, ,1,90012      ,4,9,12,Los Angeles,2636,2636,990234667,556,1112,205499622,0,0,0,293,12551,2676690359,2636,2636,990234667,556,1112,205499622,0,0,0,293,12551,2676690359
201812,06,245000,037,    ,99990 ,00000 ,1057426 ,348,31080, , ,918021460  ,4,9,12,Los Angeles County Unincorporated Area,596,596,249614996,17,34,8188278,10,30,9580020,4,127,33281890,596,596,249614996,17,34,8188278,10,30,9580020,4,127,33281890
201812,06,247000,085,1640,44112 ,00000 ,29413 ,488,41940, , ,95030      ,4,9,12,Los Gatos town,31,31,33912217,0,0,0,0,0,0,0,0,0,31,31,33912217,0,0,0,0,0,0,0,0,0
201812,06,249000,037,1660,44574 ,00000 ,69772 ,348,31080, , ,90262      ,4,9,9,Lynwood,6,6,1036137,0,0,0,0,0,0,0,0,0,0,0,0,0,0,0,0,0,0,0,0,0
201812,06,250000,039,1680,45022 ,00000 ,61416 ,260,31460, ,1,93637      ,4,9,12,Madera,178,178,29965646,0,0,0,0,0,0,0,0,0,178,178,29965646,0,0,0,0,0,0,0,0,0
201812,06,251000,039,    ,99990 ,00000 ,70729 ,260,31460, , ,93637      ,4,9,12,Madera County Unincorporated Area,287,287,85886129,0,0,0,0,0,0,0,0,0,287,287,85886129,0,0,0,0,0,0,0,0,0
201812,06,251500,037,1685,45246 ,00000 ,12645 ,348,31080, , ,902654865  ,4,9,12,Malibu,20,20,23324000,0,0,0,0,0,0,0,0,0,20,20,23324000,0,0,0,0,0,0,0,0,0
201812,06,252000,051,1687,45358 ,00000 ,8234 ,999,99999, , ,93546      ,4,9,11,Mammoth Lakes town,36,36,11659519,1,2,533609,1,3,1067256,1,5,918059,35,35,11299716,1,2,533609,0,0,0,1,5,918059
201812,06,253000,037,1690,45400 ,00000 ,35135 ,348,31080, , ,90266      ,4,9,0,Manhattan Beach,121,121,80138576,0,0,0,0,0,0,0,0,0,0,0,0,0,0,0,0,0,0,0,0,0
201812,06,254000,077,4434,45484 ,00000 ,67096 ,488,44700, , ,95337      ,4,9,12,Manteca,516,516,160416523,0,0,0,2,8,757883,0,0,0,516,516,160416523,0,0,0,2,8,757883,0,0,0
201812,06,256000,041,    ,99990 ,00000 ,67427 ,488,41860, , ,94903      ,4,9,12,Marin County Unincorporated Area,38,38,22416826,0,0,0,0,0,0,0,0,0,38,38,22416826,0,0,0,0,0,0,0,0,0
201812,06,259000,013,1710,46114 ,00000 ,35824 ,488,41860, , ,945532394  ,4,9,10,Martinez,9,9,2362978,0,0,0,0,0,0,0,0,0,6,6,1888000,0,0,0,0,0,0,0,0,0
201812,06,261000,037,1730,46492 ,00000 ,27395 ,348,31080, , ,90270      ,4,9,10,Maywood,0,0,0,1,2,322819,0,0,0,0,0,0,0,0,0,1,2,322819,0,0,0,0,0,0
201812,06,263000,045,    ,99990 ,00000 ,59156 ,999,99999,2, ,95482      ,4,9,0,Mendocino County Unincorporated Area,129,129,14614518,0,0,0,0,0,0,0,0,0,0,0,0,0,0,0,0,0,0,0,0,0
201812,06,264000,019,1740,46828 ,00000 ,11014 ,260,23420, , ,93640      ,4,9,0,Mendota,0,0,0,0,0,0,0,0,0,0,0,0,0,0,0,0,0,0,0,0,0,0,0,0
201812,06,265000,081,1745,46870 ,00000 ,32026 ,488,41860, , ,94025      ,4,9,1,Menlo Park,56,56,37861922,0,0,0,0,0,0,12,147,18462058,0,0,0,0,0,0,0,0,0,0,0,0
201812,06,265300,065,1743,46842 ,00000 ,77519 ,348,40140, , ,92586      ,4,9,12,Menifee,976,976,264395083,0,0,0,0,0,0,0,0,0,976,976,264395083,0,0,0,0,0,0,0,0,0
201812,06,267000,047,    ,99990 ,00000 ,89167 ,382,32900, , ,95340      ,4,9,12,Merced County Unincorporated Area,157,157,33035201,0,0,0,0,0,0,0,0,0,157,157,33035201,0,0,0,0,0,0,0,0,0
201812,06,268000,041,1765,47710 ,00000 ,13903 ,488,41860, , ,94941      ,4,9,12,Mill Valley,17,17,15365800,4,8,6125000,0,0,0,0,0,0,17,17,15365800,4,8,6125000,0,0,0,0,0,0
201812,06,269000,081,1760,47486 ,00000 ,21532 ,488,41860, , ,94030      ,4,9,11,Millbrae,0,0,0,0,0,0,0,0,0,0,0,0,0,0,0,0,0,0,0,0,0,0,0,0
201812,06,270000,085,1770,47766 ,00000 ,66790 ,488,41940, ,1,950355479  ,4,9,12,Milpitas,415,415,145150624,0,0,0,0,0,0,13,1168,260595114,415,415,145150624,0,0,0,0,0,0,13,1168,260595114
201812,06,271000,059,1786,48256 ,00000 ,93305 ,348,31080, , ,92691      ,4,9,12,Mission Viejo,16,16,4512176,0,0,0,0,0,0,0,0,0,16,16,4512176,0,0,0,0,0,0,0,0,0
201812,06,275000,037,1800,48648 ,00000 ,36590 ,348,31080, , ,910165107  ,4,9,9,Monrovia,20,20,3717604,0,0,0,0,0,0,0,0,0,13,13,2365345,0,0,0,0,0,0,0,0,0
201812,06,277000,071,1815,48788 ,00000 ,36664 ,348,40140, , ,91763      ,4,9,12,Montclair,10,10,3724603,0,0,0,0,0,0,5,211,35417219,10,10,3724603,0,0,0,0,0,0,5,211,35417219
201812,06,278000,085,1835,48956 ,00000 ,3341 ,488,41940, , ,95030      ,4,9,11,Monte Sereno,1,1,1366169,0,0,0,0,0,0,0,0,0,0,0,0,0,0,0,0,0,0,0,0,0
201812,06,279000,037,1820,48816 ,00000 ,62500 ,348,31080, , ,90640      ,4,9,9,Montebello,11,11,1911287,0,0,0,0,0,0,0,0,0,2,2,539585,0,0,0,0,0,0,0,0,0
201812,06,281000,053,    ,99990 ,00000 ,100213 ,999,41500, , ,93901      ,4,9,12,Monterey County Unincorporated Area,173,173,62152745,2,4,681623,4,14,3220110,5,28,7495506,173,173,62152745,2,4,681623,4,14,3220110,5,28,7495506
201812,06,282000,037,1830,48914 ,00000 ,60269 ,348,31080, ,1,91754      ,4,9,12,Monterey Park,20,20,6158984,0,0,0,0,0,0,0,0,0,20,20,6158984,0,0,0,0,0,0,0,0,0
201812,06,285000,065,1849,49270 ,00000 ,193365 ,348,40140, , ,925520805  ,4,9,12,Moreno Valley,854,854,258013146,0,0,0,0,0,0,26,372,64145859,854,854,258013146,0,0,0,0,0,0,26,372,64145859
201812,06,286000,085,1850,49278 ,00000 ,37882 ,488,41940, , ,95037      ,4,9,12,Morgan Hill,216,216,67972640,3,6,1648441,0,0,0,21,304,54174678,216,216,67972640,3,6,1648441,0,0,0,21,304,54174678
201812,06,289000,085,1863,49670 ,00000 ,74066 ,488,41940, ,1,94039      ,4,9,11,Mountain View,80,80,28181919,0,0,0,3,11,3002751,17,404,63254192,68,68,24557808,0,0,0,2,7,1766081,14,272,43901179
201812,06,290000,065,1877,50076 ,00000 ,103466 ,348,40140, , ,92562      ,4,9,11,Murrieta,397,397,107513905,24,48,11480475,6,24,3032491,8,67,9750488,377,377,102034219,24,48,11480475,6,24,3032491,6,48,7374484
201812,06,293000,073,1885,50398 ,00000 ,58582 ,999,41740, , ,919504397  ,4,9,3,National City,6,6,179331,3,6,568134,0,0,0,9,100,29868833,0,0,0,3,6,568134,0,0,0,0,0,0
201812,06,294000,071,1890,50734 ,00000 ,4844 ,348,40140, , ,92363      ,4,9,10,Needles,1,1,450000,0,0,0,0,0,0,0,0,0,1,1,450000,0,0,0,0,0,0,0,0,0
201812,06,296000,057,    ,99990 ,00000 ,66656 ,999,99999,2, ,95959      ,4,9,12,Nevada County Unincorporated Area,279,279,67288137,0,0,0,0,0,0,0,0,0,279,279,67288137,0,0,0,0,0,0,0,0,0
201812,06,297000,001,1900,50916 ,00000 ,42573 ,488,41860, , ,94560      ,4,9,0,Newark,281,281,85958694,0,0,0,5,15,4283555,23,159,41299016,0,0,0,0,0,0,0,0,0,0,0,0
201812,06,299000,059,1912,51182 ,00000 ,85186 ,348,31080, ,1,92660      ,4,9,0,Newport Beach,131,131,108887160,21,42,14000251,0,0,0,0,0,0,0,0,0,0,0,0,0,0,0,0,0,0
201812,06,300000,065,1919,51560 ,00000 ,27063 ,348,40140, , ,92860      ,4,9,11,Norco,0,0,0,0,0,0,0,0,0,0,0,0,0,0,0,0,0,0,0,0,0,0,0,0
201812,06,301000,037,1950,52526 ,00000 ,105549 ,348,31080, , ,90650      ,4,9,12,Norwalk,11,11,2159409,0,0,0,0,0,0,0,0,0,11,11,2159409,0,0,0,0,0,0,0,0,0
201812,06,302000,041,1955,52582 ,00000 ,51904 ,488,41860, , ,94945      ,4,9,12,Novato,14,14,5688543,0,0,0,0,0,0,1,48,6600000,14,14,5688543,0,0,0,0,0,0,1,48,6600000
201812,06,304000,001,1970,53000 ,00000 ,390724 ,488,41860, ,1,94612      ,4,9,12,Oakland,232,232,63544046,2,4,884705,10,33,9445530,27,3587,805505685,232,232,63544046,2,4,884705,10,33,9445530,27,3587,805505685
201812,06,304100,013,1975,53070 ,00000 ,35432 ,488,41860, , ,94561      ,4,9,12,Oakley,184,184,58513811,0,0,0,0,0,0,0,0,0,184,184,58513811,0,0,0,0,0,0,0,0,0
201812,06,305000,073,1990,53322 ,00000 ,167086 ,999,41740, , ,92054      ,4,9,12,Oceanside,116,116,21435365,7,14,2179599,32,109,14070021,21,136,16047609,116,116,21435365,7,14,2179599,32,109,14070021,21,136,16047609
201812,06,307000,071,2005,53896 ,00000 ,163924 ,348,40140, ,1,91764      ,4,9,12,Ontario,1056,1056,221674178,0,0,0,7,22,3042930,34,248,30305430,1056,1056,221674178,0,0,0,7,22,3042930,34,248,30305430
201812,06,308000,059,2015,53980 ,00000 ,136416 ,348,31080, ,1,92866      ,4,9,12,Orange,24,24,6913558,0,0,0,0,0,0,1,6,889359,24,24,6913558,0,0,0,0,0,0,1,6,889359
201812,06,309000,059,    ,99990 ,00000 ,121160 ,348,31080, , ,927035000  ,4,9,12,Orange County Unincorporated Area,385,385,104243464,60,120,27073791,1,3,480878,6,128,16113691,385,385,104243464,60,120,27073791,1,3,480878,6,128,16113691
201812,06,310000,019,2020,54008 ,00000 ,9078 ,260,23420, , ,93646      ,4,9,12,Orange Cove,0,0,0,0,0,0,0,0,0,0,0,0,0,0,0,0,0,0,0,0,0,0,0,0
201812,06,313000,007,2045,54386 ,00000 ,15546 ,999,17020, , ,95965      ,4,9,12,Oroville,9,9,1874800,0,0,0,0,0,0,0,0,0,9,9,1874800,0,0,0,0,0,0,0,0,0
201812,06,314000,111,2050,54652 ,00000 ,197899 ,348,37100, ,1,93030      ,4,9,12,Oxnard,39,39,13969030,6,12,3720350,0,0,0,7,64,16959724,39,39,13969030,6,12,3720350,0,0,0,7,64,16959724
201812,06,316000,081,2060,54806 ,00000 ,37234 ,488,41860, , ,94044      ,4,9,10,Pacifica,12,12,6320155,0,0,0,0,0,0,0,0,0,11,11,5827000,0,0,0,0,0,0,0,0,0
201812,06,317000,065,2080,55184 ,00000 ,48445 ,348,40140, , ,92260      ,4,9,12,Palm Desert,61,61,26799505,0,0,0,17,68,13825000,0,0,0,61,61,26799505,0,0,0,17,68,13825000,0,0,0
201812,06,318000,065,2085,55254 ,00000 ,44552 ,348,40140, , ,92263      ,4,9,12,Palm Springs,125,125,36598457,0,0,0,0,0,0,1,27,3989530,125,125,36598457,0,0,0,0,0,0,1,27,3989530
201812,06,319000,037,2072,55156 ,00000 ,152750 ,348,31080, , ,93550      ,4,9,12,Palmdale,65,65,16561226,0,0,0,0,0,0,0,0,0,65,65,16561226,0,0,0,0,0,0,0,0,0
201812,06,320000,085,2090,55282 ,00000 ,64403 ,488,41940, ,1,94301      ,4,9,12,Palo Alto,110,110,72564329,0,0,0,0,0,0,0,0,0,110,110,72564329,0,0,0,0,0,0,0,0,0
201812,06,321000,037,2095,55380 ,00000 ,13438 ,348,31080, , ,90274      ,4,9,0,Palos Verdes Estates,22,22,16071519,0,0,0,0,0,0,0,0,0,0,0,0,0,0,0,0,0,0,0,0,0
201812,06,323000,037,2105,55618 ,00000 ,54098 ,348,31080, , ,90723      ,4,9,12,Paramount,25,25,5963104,1,2,425000,3,9,1911000,0,0,0,25,25,5963104,1,2,425000,3,9,1911000,0,0,0
201812,06,324000,019,2120,55856 ,00000 ,14494 ,260,23420, , ,936482433  ,4,9,0,Parlier,20,20,2716052,0,0,0,0,0,0,0,0,0,0,0,0,0,0,0,0,0,0,0,0,0
201812,06,325000,037,5508,56000 ,00000 ,137122 ,348,31080, ,1,911011704  ,4,9,12,Pasadena,31,31,9384869,0,0,0,1,3,1065566,9,490,84728198,31,31,9384869,0,0,0,1,3,1065566,9,490,84728198
201812,06,328000,065,5568,56700 ,00000 ,68386 ,348,40140, , ,925702200  ,4,9,0,Perris,189,189,21788474,0,0,0,0,0,0,13,106,7368922,0,0,0,0,0,0,0,0,0,0,0,0
201812,06,330000,037,2145,56924 ,00000 ,62942 ,348,31080, , ,906601016  ,4,9,0,Pico Rivera,13,13,2992632,0,0,0,0,0,0,0,0,0,0,0,0,0,0,0,0,0,0,0,0,0
201812,06,331000,001,2150,56938 ,00000 ,10667 ,488,41860, , ,94611      ,4,9,12,Piedmont,0,0,0,0,0,0,0,0,0,0,0,0,0,0,0,0,0,0,0,0,0,0,0,0
201812,06,332000,013,2160,57288 ,00000 ,18390 ,488,41860, , ,94564      ,4,9,0,Pinole,1,1,201914,0,0,0,0,0,0,0,0,0,0,0,0,0,0,0,0,0,0,0,0,0
201812,06,334000,013,2175,57456 ,00000 ,63264 ,488,41860, , ,94565      ,4,9,12,Pittsburg,70,70,14179749,0,0,0,1,3,400000,4,62,6200000,70,70,14179749,0,0,0,1,3,400000,4,62,6200000
201812,06,335000,059,2195,57526 ,00000 ,50533 ,348,31080, , ,92870      ,4,9,4,Placentia,0,0,0,0,0,0,0,0,0,0,0,0,0,0,0,0,0,0,0,0,0,0,0,0
201812,06,336000,061,    ,99990 ,00000 ,108128 ,472,40900, , ,95603      ,4,9,12,Placer County Unincorporated Area,363,363,167791792,0,0,0,0,0,0,0,0,0,363,363,167791792,0,0,0,0,0,0,0,0,0
201812,06,337000,017,2200,57540 ,00000 ,10389 ,472,40900, , ,95667      ,4,9,12,Placerville,28,28,7103695,0,0,0,0,0,0,0,0,0,28,28,7103695,0,0,0,0,0,0,0,0,0
201812,06,338000,013,2210,57764 ,00000 ,33152 ,488,41860, , ,94523      ,4,9,12,Pleasant Hill,37,37,12559614,0,0,0,0,0,0,0,0,0,37,37,12559614,0,0,0,0,0,0,0,0,0
201812,06,339000,001,2215,57792 ,00000 ,70285 ,488,41860, ,1,94566      ,4,9,9,Pleasanton,42,42,23359746,4,8,2274605,0,0,0,4,46,8069951,29,29,15158250,1,2,500000,0,0,0,1,30,4399110
201812,06,340000,063,    ,99990 ,00000 ,17903 ,999,99999, , ,959719143  ,4,9,12,Plumas County Unincorporated Area,41,41,8700934,0,0,0,0,0,0,0,0,0,41,41,8700934,0,0,0,0,0,0,0,0,0
201812,06,343000,037,2230,58072 ,00000 ,149058 ,348,31080, , ,91766      ,4,9,12,Pomona,189,189,37765924,4,8,553184,13,48,5690883,5,47,6503979,189,189,37765924,4,8,553184,13,48,5690883,5,47,6503979
201812,06,345000,107,2245,58240 ,00000 ,54165 ,546,47300, ,1,93257      ,4,9,12,Porterville,74,74,20028286,0,0,0,2,8,1187900,0,0,0,74,74,20028286,0,0,0,2,8,1187900,0,0,0
201812,06,346000,063,2255,58352 ,00000 ,2104 ,999,99999, , ,96122      ,4,9,12,Portola,0,0,0,0,0,0,0,0,0,0,0,0,0,0,0,0,0,0,0,0,0,0,0,0
201812,06,347000,081,2257,58380 ,00000 ,4353 ,488,41860, , ,94028      ,4,9,12,Portola Valley town,8,8,9972580,0,0,0,0,0,0,0,0,0,8,8,9972580,0,0,0,0,0,0,0,0,0
201812,06,348000,073,2260,58520 ,00000 ,47811 ,999,41740, , ,92064      ,4,9,12,Poway,14,14,8640955,0,0,0,0,0,0,0,0,0,14,14,8640955,0,0,0,0,0,0,0,0,0
201812,06,348900,067,2277,59444 ,00000 ,64776 ,472,40900, ,1,956706111  ,4,9,12,Rancho Cordova,217,217,63154034,0,0,0,0,0,0,0,0,0,217,217,63154034,0,0,0,0,0,0,0,0,0
201812,06,349000,071,2278,59451 ,00000 ,165269 ,348,40140, , ,91730      ,4,9,12,Rancho Cucamonga,127,127,51214649,4,8,1870483,1,3,557144,8,47,8577359,127,127,51214649,4,8,1870483,1,3,557144,8,47,8577359
201812,06,350000,065,2281,59500 ,00000 ,17218 ,348,40140, , ,92270      ,4,9,12,Rancho Mirage,195,195,42717318,0,0,0,0,0,0,0,0,0,195,195,42717318,0,0,0,0,0,0,0,0,0
201812,06,351000,037,2284,59514 ,00000 ,41643 ,348,31080, , ,90274      ,4,9,9,Rancho Palos Verdes,25,25,7158110,0,0,0,0,0,0,0,0,0,23,23,7090038,0,0,0,0,0,0,0,0,0
201812,06,351500,059,2288,59587 ,00000 ,47853 ,348,31080, , ,926882824  ,4,9,11,Rancho Santa Margarita,0,0,0,0,0,0,0,0,0,0,0,0,0,0,0,0,0,0,0,0,0,0,0,0
201812,06,353000,089,2296,59920 ,00000 ,89861 ,454,39820, ,1,96001      ,4,9,12,Redding,103,103,26226491,0,0,0,0,0,0,0,0,0,103,103,26226491,0,0,0,0,0,0,0,0,0
201812,06,354000,071,2297,59962 ,00000 ,68747 ,348,40140, ,1,92373      ,4,9,11,Redlands,92,92,21277149,0,0,0,0,0,0,0,0,0,83,83,19704149,0,0,0,0,0,0,0,0,0
201812,06,355000,037,2300,60018 ,00000 ,66748 ,348,31080, , ,90277      ,4,9,12,Redondo Beach,105,105,37302242,3,6,1823409,2,6,1785689,0,0,0,105,105,37302242,3,6,1823409,2,6,1785689,0,0,0
201812,06,356000,081,2305,60102 ,00000 ,76815 ,488,41860, ,1,940640391  ,4,9,4,Redwood City,41,41,10676995,2,4,1480000,0,0,0,2,92,14676963,16,16,3390898,0,0,0,0,0,0,0,0,0
201812,06,357000,019,2315,60242 ,00000 ,24194 ,260,23420, , ,93654      ,4,9,7,Reedley,3,3,698416,0,0,0,0,0,0,0,0,0,3,3,698416,0,0,0,0,0,0,0,0,0
201812,06,358000,071,2320,60466 ,00000 ,99171 ,348,40140, , ,92376      ,4,9,12,Rialto,65,65,9090526,0,0,0,0,0,0,5,65,6016570,65,65,9090526,0,0,0,0,0,0,5,65,6016570
201812,06,359000,013,2330,60620 ,00000 ,103701 ,488,41860, , ,94804      ,4,9,10,Richmond,96,96,32972225,0,0,0,0,0,0,4,290,35137192,93,93,32402729,0,0,0,0,0,0,2,271,30938100
201812,06,364000,099,2360,61068 ,00000 ,22678 ,382,33700, , ,95367      ,4,9,11,Riverbank,47,47,6621885,0,0,0,0,0,0,0,0,0,46,46,6488997,0,0,0,0,0,0,0,0,0
201812,06,365000,065,2370,62000 ,00000 ,303871 ,348,40140, ,1,92522      ,4,9,12,Riverside,171,171,42457980,0,0,0,2,8,1184133,18,495,55862931,171,171,42457980,0,0,0,2,8,1184133,18,495,55862931
201812,06,366000,065,    ,99990 ,00000 ,504392 ,348,40140, , ,92501      ,4,9,12,Riverside County Unincorporated Area,1966,1966,638386114,0,0,0,0,0,0,11,80,11400994,1966,1966,638386114,0,0,0,0,0,0,11,80,11400994
201812,06,367000,061,2375,62364 ,00000 ,56974 ,472,40900, , ,95677      ,4,9,12,Rocklin,585,585,207537238,0,0,0,0,0,0,0,0,0,585,585,207537238,0,0,0,0,0,0,0,0,0
201812,06,368000,097,2377,62546 ,00000 ,40971 ,488,42220, , ,949282411  ,4,9,11,Rohnert Park,264,264,49068003,0,0,0,0,0,0,0,0,0,250,250,46705771,0,0,0,0,0,0,0,0,0
201812,06,369000,037,2385,62602 ,00000 ,1860 ,348,31080, , ,918021460  ,4,9,12,Rolling Hills,0,0,0,0,0,0,0,0,0,0,0,0,0,0,0,0,0,0,0,0,0,0,0,0
201812,06,370000,037,2387,62644 ,00000 ,8067 ,348,31080, , ,918021460  ,4,9,12,Rolling Hills Estates,3,3,1143500,1,2,617300,0,0,0,0,0,0,3,3,1143500,1,2,617300,0,0,0,0,0,0
201812,06,371000,037,2400,62896 ,00000 ,53764 ,348,31080, , ,91770      ,4,9,4,Rosemead,66,66,16687493,0,0,0,0,0,0,8,41,4705037,16,16,2913516,0,0,0,0,0,0,0,0,0
201812,06,372000,061,2405,62938 ,00000 ,118788 ,472,40900, ,1,95678      ,4,9,12,Roseville,808,808,220813765,0,0,0,0,0,0,0,0,0,808,808,220813765,0,0,0,0,0,0,0,0,0
201812,06,373000,041,2407,62980 ,00000 ,2415 ,488,41860, , ,94957      ,4,9,10,Ross town,3,3,6200000,0,0,0,0,0,0,0,0,0,3,3,6200000,0,0,0,0,0,0,0,0,0
201812,06,374000,067,2420,64000 ,00000 ,466488 ,472,40900, ,1,95811      ,4,9,12,Sacramento,1610,1610,375676186,11,22,3631276,3,11,1744255,9,681,85934133,1610,1610,375676186,11,22,3631276,3,11,1744255,9,681,85934133
201812,06,375000,067,    ,99990 ,00000 ,554554 ,472,40900, , ,95827      ,4,9,12,Sacramento County Unincorporated Area,581,581,213162363,0,0,0,0,0,0,0,0,0,581,581,213162363,0,0,0,0,0,0,0,0,0
201812,06,376000,053,2435,64224 ,00000 ,150441 ,999,41500, ,1,93901      ,4,9,12,Salinas,57,57,14272110,0,0,0,0,0,0,2,106,25200000,57,57,14272110,0,0,0,0,0,0,2,106,25200000
201812,06,377000,041,2445,64434 ,00000 ,12336 ,488,41860, , ,94960      ,4,9,1,San Anselmo town,8,8,5474818,0,0,0,0,0,0,0,0,0,0,0,0,0,0,0,0,0,0,0,0,0
201812,06,378000,069,    ,99990 ,00000 ,18479 ,488,41940, , ,95023      ,4,9,5,San Benito County Unincorporated Area,117,117,26282688,0,0,0,0,0,0,0,0,0,88,88,17284945,0,0,0,0,0,0,0,0,0
201812,06,379000,071,2450,65000 ,00000 ,209924 ,348,40140, ,1,924180001  ,4,9,12,San Bernardino,62,62,10748975,12,24,1954672,0,0,0,0,0,0,62,62,10748975,12,24,1954672,0,0,0,0,0,0
201812,06,380000,071,    ,99990 ,00000 ,291776 ,348,40140, , ,924150187  ,4,9,12,San Bernardino County Unincorporated Area,300,300,80937807,2,4,288603,5,19,1575404,16,281,43171461,300,300,80937807,2,4,288603,5,19,1575404,16,281,43171461
201812,06,381000,081,2455,65028 ,00000 ,41114 ,488,41860, , ,94066      ,4,9,8,San Bruno,3,3,1180000,0,0,0,0,0,0,2,10,2309036,1,1,652000,0,0,0,0,0,0,0,0,0
201812,06,382000,111,2460,65042 ,00000 ,106433 ,348,37100, ,1,93002      ,4,9,11,San Buenaventura,92,92,18739475,7,14,1432935,3,12,1444749,4,55,10175982,70,70,15054072,7,14,1432935,2,8,939404,2,18,3490202
201812,06,383000,081,2465,65070 ,00000 ,28406 ,488,41860, , ,940703085  ,4,9,12,San Carlos,10,10,4581298,0,0,0,0,0,0,1,6,1979916,10,10,4581298,0,0,0,0,0,0,1,6,1979916
201812,06,384000,059,2470,65084 ,00000 ,63522 ,348,31080, , ,92673      ,4,9,12,San Clemente,97,97,51760066,3,6,1437195,0,0,0,1,7,1225563,97,97,51760066,3,6,1437195,0,0,0,1,7,1225563
201812,06,385000,073,2475,66000 ,00000 ,1307402 ,999,41740, ,1,921014154  ,4,9,12,San Diego,774,774,240584326,43,86,13847707,34,131,26127642,132,3461,621927871,774,774,240584326,43,86,13847707,34,131,26127642,132,3461,621927871
201812,06,386000,073,    ,99990 ,00000 ,486604 ,999,41740, , ,92123      ,4,9,12,San Diego County Unincorporated Area,1058,1058,397236868,0,0,0,0,0,0,3,74,6448548,1058,1058,397236868,0,0,0,0,0,0,3,74,6448548
201812,06,387000,037,2477,66070 ,00000 ,33371 ,348,31080, , ,91773      ,4,9,11,San Dimas,3,3,1885280,0,0,0,0,0,0,0,0,0,2,2,1467562,0,0,0,0,0,0,0,0,0
201812,06,388000,037,2480,66140 ,00000 ,23645 ,348,31080, , ,91340      ,4,9,0,San Fernando,11,11,800000,1,2,300000,4,12,300000,0,0,0,0,0,0,0,0,0,0,0,0,0,0,0
201812,06,389000,075,2485,67000 ,00000 ,805235 ,488,41860, ,1,94103      ,4,9,11,San Francisco,28,28,7592371,34,68,8210433,9,29,6401318,58,5053,979427817,28,28,7592371,34,68,8210433,9,29,6401318,58,5053,979427817
201812,06,390000,037,2490,67042 ,00000 ,39718 ,348,31080, , ,917780130  ,4,9,11,San Gabriel,24,24,5629739,0,0,0,0,0,0,0,0,0,18,18,3540297,0,0,0,0,0,0,0,0,0
201812,06,391000,065,2500,67112 ,00000 ,44199 ,348,40140, , ,92583      ,4,9,12,San Jacinto,158,158,23360736,0,0,0,0,0,0,0,0,0,158,158,23360736,0,0,0,0,0,0,0,0,0
201812,06,392000,019,2505,67126 ,00000 ,4001 ,260,23420, , ,93660      ,4,9,12,San Joaquin,0,0,0,0,0,0,0,0,0,0,0,0,0,0,0,0,0,0,0,0,0,0,0,0
201812,06,393000,077,    ,99990 ,00000 ,141995 ,488,44700, , ,95205      ,4,9,12,San Joaquin County Unincorporated Area,734,734,226889209,0,0,0,0,0,0,0,0,0,734,734,226889209,0,0,0,0,0,0,0,0,0
201812,06,394000,085,2510,68000 ,00000 ,945942 ,488,41940, ,1,951131905  ,4,9,12,San Jose,238,238,46110968,2,4,593489,2,6,1024164,51,2588,331131036,238,238,46110968,2,4,593489,2,6,1024164,51,2588,331131036
201812,06,395000,069,2515,68014 ,00000 ,1862 ,488,41940, , ,95045      ,4,9,8,San Juan Bautista,64,64,34602973,1,2,631259,0,0,0,0,0,0,62,62,34114373,1,2,631259,0,0,0,0,0,0
201812,06,396000,059,2519,68028 ,00000 ,34593 ,348,31080, , ,92675      ,4,9,12,San Juan Capistrano,43,43,16859483,0,0,0,10,30,6601921,0,0,0,43,43,16859483,0,0,0,10,30,6601921,0,0,0
201812,06,397000,001,6420,68084 ,00000 ,84950 ,488,41860, ,1,94577      ,4,9,12,San Leandro,2,2,160000,0,0,0,0,0,0,0,0,0,2,2,160000,0,0,0,0,0,0,0,0,0
201812,06,399000,079,    ,99990 ,00000 ,118118 ,999,42020, , ,93408      ,4,9,0,San Luis Obispo County Unincorporated Area,419,419,159283671,0,0,0,5,15,3014325,12,106,11152571,0,0,0,0,0,0,0,0,0,0,0,0
201812,06,400000,073,2537,68196 ,00000 ,83781 ,999,41740, , ,920692918  ,4,9,12,San Marcos,134,134,47644152,0,0,0,6,24,4503832,7,98,14027832,134,134,47644152,0,0,0,6,24,4503832,7,98,14027832
201812,06,401000,037,2545,68224 ,00000 ,13147 ,348,31080, , ,91108      ,4,9,12,San Marino,8,8,7135961,0,0,0,0,0,0,0,0,0,8,8,7135961,0,0,0,0,0,0,0,0,0
201812,06,402000,081,2555,68252 ,00000 ,97207 ,488,41860, , ,944031388  ,4,9,12,San Mateo,8,8,3609577,0,0,0,0,0,0,2,75,11888799,8,8,3609577,0,0,0,0,0,0,2,75,11888799
201812,06,403000,081,    ,99990 ,00000 ,61222 ,488,41860, , ,94063      ,4,9,11,San Mateo County Unincorporated Area,48,48,45166267,0,0,0,0,0,0,0,0,0,44,44,41135381,0,0,0,0,0,0,0,0,0
201812,06,404000,013,2560,68294 ,00000 ,29139 ,488,41860, , ,94806      ,4,9,2,San Pablo,13,13,3187634,0,0,0,0,0,0,0,0,0,0,0,0,0,0,0,0,0,0,0,0,0
201812,06,405000,041,6486,68364 ,00000 ,57713 ,488,41860, ,1,94915      ,4,9,4,San Rafael,12,12,8275413,0,0,0,0,0,0,0,0,0,6,6,5189850,0,0,0,0,0,0,0,0,0
201812,06,406000,013,2567,68378 ,00000 ,72148 ,488,41860, ,1,94583      ,4,9,11,San Ramon,160,160,68007613,0,0,0,0,0,0,1,5,634806,160,160,68007613,0,0,0,0,0,0,0,0,0
201812,06,408000,019,6378,67056 ,00000 ,24270 ,260,23420, , ,93657      ,4,9,11,Sanger,46,46,8271072,0,0,0,1,3,275000,1,5,1032040,45,45,8098900,0,0,0,1,3,275000,0,0,0
201812,06,409000,059,2570,69000 ,00000 ,324528 ,348,31080, ,1,92702      ,4,9,7,Santa Ana,123,123,25190712,0,0,0,0,0,0,12,497,90785645,42,42,8562579,0,0,0,0,0,0,7,404,83863458
201812,06,411000,083,    ,99990 ,00000 ,133417 ,999,42200,2, ,93101      ,4,9,12,Santa Barbara County Unincorporated Area,239,239,102818576,1,2,700000,0,0,0,9,103,13467556,239,239,102818576,1,2,700000,0,0,0,9,103,13467556
201812,06,412000,085,2580,69084 ,00000 ,116468 ,488,41940, ,1,95050      ,4,9,10,Santa Clara,112,112,28298555,1,2,115000,1,4,1311930,5,584,102222080,100,100,25396257,0,0,0,1,4,1311930,3,315,61887670
201812,06,413000,085,    ,99990 ,00000 ,89960 ,488,41940, , ,95110      ,4,9,11,Santa Clara County Unincorporated Area,63,63,34982328,0,0,0,0,0,0,0,0,0,60,60,32906910,0,0,0,0,0,0,0,0,0
201812,06,414000,037,2583,69088 ,00000 ,176320 ,348,31080, , ,91355      ,4,9,12,Santa Clarita,372,372,124633537,0,0,0,0,0,0,10,61,11904183,372,372,124633537,0,0,0,0,0,0,10,61,11904183
201812,06,416000,087,    ,99990 ,00000 ,129739 ,488,42100, , ,95060      ,4,9,0,Santa Cruz County Unincorporated Area,126,126,27131300,0,0,0,10,33,3789159,18,103,10476214,0,0,0,0,0,0,0,0,0,0,0,0
201812,06,417000,037,6534,69154 ,00000 ,16223 ,348,31080, , ,90670      ,4,9,12,Santa Fe Springs,1,1,94000,0,0,0,0,0,0,0,0,0,1,1,94000,0,0,0,0,0,0,0,0,0
201812,06,419000,037,2600,70000 ,00000 ,89736 ,348,31080, ,1,90401      ,4,9,0,Santa Monica,69,69,58592177,2,4,1297556,0,0,0,3,15,3000000,0,0,0,0,0,0,0,0,0,0,0,0
201812,06,421000,097,2615,70098 ,00000 ,167815 ,488,42220,2,1,95404      ,4,9,12,Santa Rosa,1632,1632,690650595,8,16,4408000,11,42,11269138,2,11,994581,1632,1632,690650595,8,16,4408000,11,42,11269138,2,11,994581
201812,06,422000,073,2623,70224 ,00000 ,53413 ,999,41740, , ,92071      ,4,9,12,Santee,26,26,3509210,1,2,378000,5,16,3024000,1,113,13832439,26,26,3509210,1,2,378000,5,16,3024000,1,113,13832439
201812,06,423000,085,2630,70280 ,00000 ,29926 ,488,41940, , ,95070      ,4,9,3,Saratoga,26,26,24349172,0,0,0,0,0,0,0,0,0,9,9,9943498,0,0,0,0,0,0,0,0,0
201812,06,424000,041,2640,70364 ,00000 ,7061 ,488,41860, , ,94965      ,4,9,12,Sausalito,2,2,1319793,0,0,0,0,0,0,0,0,0,2,2,1319793,0,0,0,0,0,0,0,0,0
201812,06,425000,087,2647,70588 ,00000 ,11580 ,488,42100, , ,95066      ,4,9,0,Scotts Valley,10,10,3820000,0,0,0,0,0,0,0,0,0,0,0,0,0,0,0,0,0,0,0,0,0
201812,06,426000,059,2650,70686 ,00000 ,24168 ,348,31080, , ,90740      ,4,9,10,Seal Beach,4,4,1736964,0,0,0,0,0,0,0,0,0,2,2,739000,0,0,0,0,0,0,0,0,0
201812,06,429000,019,2670,70882 ,00000 ,23219 ,260,23420, , ,936623728  ,4,9,0,Selma,26,26,4861140,0,0,0,0,0,0,0,0,0,0,0,0,0,0,0,0,0,0,0,0,0
201812,06,432000,091,    ,00000 ,00000 ,2471 ,999,99999, , ,95936      ,4,9,12,Sierra County,6,6,1991148,0,0,0,0,0,0,0,0,0,6,6,1991148,0,0,0,0,0,0,0,0,0
201812,06,433000,037,2690,71806 ,00000 ,10917 ,348,31080, , ,91024      ,4,9,0,Sierra Madre,0,0,0,0,0,0,0,0,0,0,0,0,0,0,0,0,0,0,0,0,0,0,0,0
201812,06,434000,037,2693,71876 ,00000 ,11016 ,348,31080, , ,90755      ,4,9,12,Signal Hill,1,1,120000,0,0,0,0,0,0,0,0,0,1,1,120000,0,0,0,0,0,0,0,0,0
201812,06,437000,073,2704,72506 ,00000 ,12867 ,999,41740, , ,920752215  ,4,9,11,Solana Beach,13,13,5794874,0,0,0,0,0,0,1,8,1537000,12,12,5427000,0,0,0,0,0,0,1,8,1537000
201812,06,438000,095,    ,99990 ,00000 ,18834 ,488,46700, , ,94533      ,4,9,10,Solano County Unincorporated Area,22,22,4881493,0,0,0,0,0,0,0,0,0,19,19,3968494,0,0,0,0,0,0,0,0,0
201812,06,441000,097,2715,72646 ,00000 ,10648 ,488,42220, , ,954766690  ,4,9,12,Sonoma,10,10,2652839,7,14,1854371,3,10,824537,0,0,0,10,10,2652839,7,14,1854371,3,10,824537,0,0,0
201812,06,442000,097,    ,99990 ,00000 ,145186 ,488,42220, , ,95403      ,4,9,12,Sonoma County Unincorporated Area,1174,1174,265469681,0,0,0,0,0,0,0,0,0,1174,1174,265469681,0,0,0,0,0,0,0,0,0
201812,06,443000,109,2720,72674 ,00000 ,4903 ,999,99999, , ,95370      ,4,9,12,Sonora,3,3,577243,0,0,0,0,0,0,0,0,0,3,3,577243,0,0,0,0,0,0,0,0,0
201812,06,444000,037,2725,72996 ,00000 ,20116 ,348,31080, , ,91733      ,4,9,11,South El Monte,8,8,830105,0,0,0,0,0,0,0,0,0,7,7,582367,0,0,0,0,0,0,0,0,0
201812,06,445000,037,2730,73080 ,00000 ,94396 ,348,31080, , ,90280      ,4,9,12,South Gate,28,28,1418106,0,0,0,0,0,0,0,0,0,28,28,1418106,0,0,0,0,0,0,0,0,0
201812,06,446000,017,2737,73108 ,00000 ,21403 ,472,40900, , ,96150      ,4,9,12,South Lake Tahoe,4,4,2260000,0,0,0,0,0,0,0,0,0,4,4,2260000,0,0,0,0,0,0,0,0,0
201812,06,447000,037,2755,73220 ,00000 ,25619 ,348,31080, , ,91030      ,4,9,8,South Pasadena,5,5,2513500,1,2,724000,0,0,0,0,0,0,2,2,859000,0,0,0,0,0,0,0,0,0
201812,06,448000,081,2765,73262 ,00000 ,63632 ,488,41860, ,1,94080      ,4,9,11,South San Francisco,1,1,227847,2,4,712142,0,0,0,3,192,33185574,1,1,227847,2,4,712142,0,0,0,2,165,27268243
201812,06,451000,059,2802,73962 ,00000 ,38186 ,348,31080, , ,90680      ,4,9,12,Stanton,52,52,14477157,0,0,0,0,0,0,0,0,0,52,52,14477157,0,0,0,0,0,0,0,0,0
201812,06,452000,077,2805,75000 ,00000 ,291707 ,488,44700, ,1,952021997  ,4,9,12,Stockton,324,324,104568724,0,0,0,0,0,0,0,0,0,324,324,104568724,0,0,0,0,0,0,0,0,0
201812,06,454000,085,2835,77000 ,00000 ,140081 ,488,41940, ,1,940883707  ,4,9,12,Sunnyvale,274,274,59353677,0,0,0,0,0,0,2,520,91357455,274,274,59353677,0,0,0,0,0,0,2,520,91357455
201812,06,458000,029,2860,77574 ,00000 ,9327 ,999,12540, , ,93268      ,4,9,0,Taft,13,13,2325835,0,0,0,0,0,0,0,0,0,0,0,0,0,0,0,0,0,0,0,0,0
201812,06,462000,065,2878,78120 ,00000 ,100097 ,348,40140, ,1,92590      ,4,9,12,Temecula,90,90,17052077,0,0,0,0,0,0,0,0,0,90,90,17052077,0,0,0,0,0,0,0,0,0
201812,06,463000,037,2880,78148 ,00000 ,35558 ,348,31080, , ,91780      ,4,9,12,Temple City,83,83,22151011,0,0,0,0,0,0,0,0,0,83,83,22151011,0,0,0,0,0,0,0,0,0
201812,06,465000,041,2903,78666 ,00000 ,8962 ,488,41860, , ,94920      ,4,9,4,Tiburon town,0,0,0,0,0,0,0,0,0,0,0,0,0,0,0,0,0,0,0,0,0,0,0,0
201812,06,466000,037,7428,80000 ,00000 ,145438 ,348,31080, ,1,90503      ,4,9,12,Torrance,44,44,10492158,0,0,0,0,0,0,0,0,0,44,44,10492158,0,0,0,0,0,0,0,0,0
201812,06,470000,107,2945,80644 ,00000 ,59278 ,546,47300, , ,93274      ,4,9,12,Tulare,350,350,63060635,10,20,1673000,0,0,0,12,96,7400640,350,350,63060635,10,20,1673000,0,0,0,12,96,7400640
201812,06,471000,107,    ,99990 ,00000 ,142872 ,546,47300,2, ,93277      ,4,9,12,Tulare County Unincorporated Area,111,111,28358866,1,2,180000,0,0,0,11,66,11000000,111,111,28358866,1,2,180000,0,0,0,11,66,11000000
201812,06,475000,059,2965,80854 ,00000 ,75540 ,348,31080, ,1,92780      ,4,9,8,Tustin,60,60,17044899,1,2,353230,2,8,766109,3,19,2522512,27,27,4875632,0,0,0,2,8,766109,2,14,1590500
201812,06,476000,071,2971,80994 ,00000 ,25048 ,348,40140, , ,92277      ,4,9,8,Twentynine Palms,28,28,1754970,0,0,0,0,0,0,0,0,0,24,24,1415830,0,0,0,0,0,0,0,0,0
201812,06,478000,001,2977,81204 ,00000 ,69516 ,488,41860, , ,94587      ,4,9,12,Union City,86,86,29700840,0,0,0,0,0,0,0,0,0,86,86,29700840,0,0,0,0,0,0,0,0,0
201812,06,479000,071,2978,81344 ,00000 ,73732 ,348,40140, , ,91786      ,4,9,0,Upland,80,80,21043717,0,0,0,0,0,0,0,0,0,0,0,0,0,0,0,0,0,0,0,0,0
201812,06,480000,095,2981,81554 ,00000 ,92428 ,488,46700, , ,95688      ,4,9,12,Vacaville,196,196,48780052,0,0,0,0,0,0,1,24,1400000,196,196,48780052,0,0,0,0,0,0,1,24,1400000
201812,06,481000,095,2984,81666 ,00000 ,115942 ,488,46700, ,1,94590      ,4,9,11,Vallejo,51,51,13834875,0,0,0,0,0,0,0,0,0,47,47,12750609,0,0,0,0,0,0,0,0,0
201812,06,483000,037,2996,82422 ,00000 ,112 ,348,31080, , ,900581714  ,4,9,7,Vernon,0,0,0,0,0,0,0,0,0,0,0,0,0,0,0,0,0,0,0,0,0,0,0,0
201812,06,484000,071,2997,82590 ,00000 ,115903 ,348,40140, ,1,92392      ,4,9,8,Victorville,261,261,74626860,0,0,0,0,0,0,0,0,0,211,211,60943252,0,0,0,0,0,0,0,0,0
201812,06,485000,059,3010,82744 ,00000 ,5812 ,348,31080, , ,92861      ,4,9,1,Villa Park,0,0,0,0,0,0,0,0,0,0,0,0,0,0,0,0,0,0,0,0,0,0,0,0
201812,06,486000,107,3019,82954 ,00000 ,124442 ,546,47300, ,1,93291      ,4,9,12,Visalia,521,521,125928328,0,0,0,0,0,0,7,56,6751646,521,521,125928328,0,0,0,0,0,0,7,56,6751646
201812,06,487000,073,3021,82996 ,00000 ,93834 ,999,41740, , ,92084      ,4,9,12,Vista,180,180,38187854,0,0,0,0,0,0,15,305,49325190,180,180,38187854,0,0,0,0,0,0,15,305,49325190
201812,06,488000,037,3025,83332 ,00000 ,29172 ,348,31080, , ,91789      ,4,9,11,Walnut,13,13,6032420,0,0,0,0,0,0,0,0,0,10,10,4845873,0,0,0,0,0,0,0,0,0
201812,06,489000,013,3030,83346 ,00000 ,64173 ,488,41860, ,1,94596      ,4,9,12,Walnut Creek,27,27,7304821,2,4,951124,5,15,3818007,4,263,10554615,27,27,7304821,2,4,951124,5,15,3818007,4,263,10554615
201812,06,494000,037,3070,84200 ,00000 ,106098 ,348,31080, , ,91790      ,4,9,12,West Covina,9,9,3705496,0,0,0,0,0,0,0,0,0,9,9,3705496,0,0,0,0,0,0,0,0,0
201812,06,495000,037,3080,84410 ,00000 ,34399 ,348,31080, , ,900694314  ,4,9,12,West Hollywood,18,18,7470425,0,0,0,3,9,2492123,5,111,24092073,18,18,7470425,0,0,0,3,9,2492123,5,111,24092073
201812,06,496000,113,3098,84816 ,00000 ,48744 ,472,40900, , ,95691      ,4,9,12,West Sacramento,84,84,25528539,0,0,0,0,0,0,1,69,6332721,84,84,25528539,0,0,0,0,0,0,1,69,6332721
201812,06,497000,037,3082,84438 ,00000 ,8270 ,348,31080, , ,918021460  ,4,9,12,Westlake Village,2,2,1408881,0,0,0,0,0,0,0,0,0,2,2,1408881,0,0,0,0,0,0,0,0,0
201812,06,498000,059,3085,84550 ,00000 ,89701 ,348,31080, , ,92683      ,4,9,12,Westminster,77,77,11440802,1,2,193347,1,4,684682,1,50,7387468,77,77,11440802,1,2,193347,1,4,684682,1,50,7387468
201812,06,501000,037,3110,85292 ,00000 ,85331 ,348,31080, , ,90602      ,4,9,10,Whittier,1,1,268000,2,4,740346,0,0,0,2,11,1650000,0,0,0,2,4,740346,0,0,0,0,0,0
201812,06,501100,065,3112,85446 ,00000 ,32176 ,348,40140, , ,92595      ,4,9,12,Wildomar,42,42,12041500,0,0,0,0,0,0,0,0,0,42,42,12041500,0,0,0,0,0,0,0,0,0
201812,06,504000,021,3125,85684 ,00000 ,6166 ,999,99999, , ,95988      ,4,9,12,Willows,0,0,0,0,0,0,0,0,0,0,0,0,0,0,0,0,0,0,0,0,0,0,0,0
201812,06,505000,113,3135,86034 ,00000 ,6624 ,472,40900, , ,95694      ,4,9,12,Winters,36,36,11792590,0,0,0,0,0,0,0,0,0,36,36,11792590,0,0,0,0,0,0,0,0,0
201812,06,506000,107,3145,86300 ,00000 ,7279 ,546,47300, , ,93286      ,4,9,12,Woodlake,23,23,2313514,0,0,0,0,0,0,0,0,0,23,23,2313514,0,0,0,0,0,0,0,0,0
201812,06,507000,113,3150,86328 ,00000 ,55468 ,472,40900, , ,95695      ,4,9,12,Woodland,210,210,63245839,0,0,0,0,0,0,3,39,4491131,210,210,63245839,0,0,0,0,0,0,3,39,4491131
201812,06,508000,081,3155,86440 ,00000 ,5287 ,488,41860, , ,94062      ,4,9,12,Woodside town,11,11,24682300,0,0,0,0,0,0,0,0,0,11,11,24682300,0,0,0,0,0,0,0,0,0
201812,06,509000,113,    ,99990 ,00000 ,24391 ,472,40900, , ,95695      ,4,9,12,Yolo County Unincorporated Area,14,14,5064900,0,0,0,0,0,0,0,0,0,14,14,5064900,0,0,0,0,0,0,0,0,0
201812,06,510000,059,3169,86832 ,00000 ,64234 ,348,31080, , ,928868714  ,4,9,12,Yorba Linda,142,142,38871854,0,0,0,11,33,6639325,0,0,0,142,142,38871854,0,0,0,11,33,6639325,0,0,0
201812,06,515000,071,3186,87042 ,00000 ,51367 ,348,40140, , ,923990181  ,4,9,7,Yucaipa,48,48,11191864,0,0,0,0,0,0,3,96,8500000,26,26,4272000,0,0,0,0,0,0,3,96,8500000
201812,06,516000,071,3187,87056 ,00000 ,20700 ,348,40140, , ,92284      ,4,9,12,Yucca Valley town,52,52,9845740,0,0,0,0,0,0,0,0,0,52,52,9845740,0,0,0,0,0,0,0,0,0
201812,08,001000,001,    ,99990 ,00000 ,88292 ,216,19740, , ,80601      ,4,8,12,Adams County Unincorporated Area,286,286,67782140,1,2,240000,1,3,505966,5,150,15303568,286,286,67782140,1,2,240000,1,3,505966,5,150,15303568
201812,08,007000,003,0015,01090 ,00000 ,8780 ,999,99999, , ,81101      ,4,8,12,Alamosa,21,21,2736289,2,4,240110,1,3,193990,1,16,1388057,21,21,2736289,2,4,240110,1,3,193990,1,16,1388057
201812,08,011000,093,0020,01530 ,00000 ,270 ,216,19740, , ,80420      ,4,8,0,Alma town,0,0,0,0,0,0,0,0,0,0,0,0,0,0,0,0,0,0,0,0,0,0,0,0
201812,08,015000,005,    ,99990 ,00000 ,83764 ,216,19740, , ,80112      ,4,8,12,Arapahoe County Unincorporated Area,281,281,82458796,0,0,0,0,0,0,0,0,0,281,281,82458796,0,0,0,0,0,0,0,0,0
201812,08,023000,059,0040,03455 ,00000 ,103584 ,216,19740,2, ,80002      ,4,8,12,Arvada,502,502,136000091,1,2,198478,1,3,214761,0,0,0,502,502,136000091,1,2,198478,1,3,214761,0,0,0
201812,08,031000,005,0055,04000 ,00000 ,285090 ,216,19740,2,1,800121553  ,4,8,12,Aurora,1424,1424,326059923,0,0,0,14,42,8191071,29,1149,179009186,1424,1424,326059923,0,0,0,14,42,8191071,29,1149,179009186
201812,08,045000,001,0075,06090 ,00000 ,1955 ,216,19740,2, ,801027806  ,4,8,11,Bennett town,108,108,24805611,0,0,0,2,8,1328168,0,0,0,107,107,24476874,0,0,0,2,8,1328168,0,0,0
201812,08,049000,069,0080,06255 ,00000 ,5042 ,999,22660,2, ,80513      ,4,8,11,Berthoud town,511,511,114006316,0,0,0,0,0,0,0,0,0,480,480,107513718,0,0,0,0,0,0,0,0,0
201812,08,053000,047,0090,07025 ,00000 ,118 ,216,19740, , ,80422      ,4,8,12,Black Hawk,0,0,0,0,0,0,0,0,0,0,0,0,0,0,0,0,0,0,0,0,0,0,0,0
201812,08,063000,013,0110,07850 ,00000 ,97385 ,216,14500, ,1,803060791  ,4,8,11,Boulder,80,80,44217864,1,2,820000,4,12,2124299,21,653,89804859,74,74,41036469,1,2,820000,4,12,2124299,20,640,87049634
201812,08,065000,013,    ,99990 ,00000 ,43380 ,216,14500,2, ,80306      ,4,8,12,Boulder County Unincorporated Area,56,56,42182983,0,0,0,0,0,0,0,0,0,56,56,42182983,0,0,0,0,0,0,0,0,0
201812,08,067000,005,0115,08070 ,00000 ,589 ,216,19740,2, ,801231586  ,4,8,0,Bow Mar town,0,0,0,0,0,0,0,0,0,0,0,0,0,0,0,0,0,0,0,0,0,0,0,0
201812,08,075000,001,0130,08675 ,00000 ,33009 ,216,19740,2, ,80601      ,4,8,12,Brighton,297,297,107200893,0,0,0,0,0,0,0,0,0,297,297,107200893,0,0,0,0,0,0,0,0,0
201812,08,079000,043,0140,09115 ,00000 ,233 ,999,99999, , ,81212      ,4,8,12,Brookside town,2,2,543219,0,0,0,0,0,0,0,0,0,2,2,543219,0,0,0,0,0,0,0,0,0
201812,08,083000,014,0143,09280 ,00000 ,55889 ,216,19740,2,1,80020      ,4,8,12,Broomfield,587,587,171522752,0,0,0,0,0,0,4,198,27699012,587,587,171522752,0,0,0,0,0,0,4,198,27699012
201812,08,095000,041,0165,11260 ,00000 ,780 ,999,17820, , ,808088203  ,4,8,11,Calhan town,0,0,0,0,0,0,0,0,0,0,0,0,0,0,0,0,0,0,0,0,0,0,0,0
201812,08,099000,043,0610,11810 ,00000 ,16400 ,999,99999, , ,812151460  ,4,8,12,Canon City,33,33,9145413,0,0,0,0,0,0,0,0,0,33,33,9145413,0,0,0,0,0,0,0,0,0
201812,08,102900,035,0186,12387 ,00000 ,10360 ,216,19740, , ,80108      ,4,8,12,Castle Pines,106,106,37960757,0,0,0,0,0,0,0,0,0,106,106,37960757,0,0,0,0,0,0,0,0,0
201812,08,103000,035,0188,12415 ,00000 ,48231 ,216,19740, , ,80104      ,4,8,12,Castle Rock town,1057,1057,285170870,0,0,0,0,0,0,26,442,59379594,1057,1057,285170870,0,0,0,0,0,0,26,442,59379594
201812,08,106000,005,0193,12815 ,00000 ,100377 ,216,19740, , ,80112      ,4,8,11,Centennial,255,255,58883345,3,6,1116752,1,4,566080,0,0,0,240,240,55337898,3,6,1116752,1,4,566080,0,0,0
201812,08,111000,047,0200,12910 ,00000 ,663 ,216,19740,2, ,80427      ,4,8,12,Central City,0,0,0,0,0,0,0,0,0,0,0,0,0,0,0,0,0,0,0,0,0,0,0,0
201812,08,113000,015,    ,00000 ,00000 ,9219 ,999,99999, , ,81201      ,4,8,0,Chaffee County,144,144,38150302,3,6,971886,4,12,2198800,0,0,0,0,0,0,0,0,0,0,0,0,0,0,0
201812,08,117000,005,0210,13845 ,00000 ,5987 ,216,19740, , ,80113      ,4,8,12,Cherry Hills Village,11,11,35619217,0,0,0,0,0,0,0,0,0,11,11,35619217,0,0,0,0,0,0,0,0,0
201812,08,119000,017,    ,99990 ,00000 ,757 ,999,99999, , ,808100567  ,4,8,0,Cheyenne County Unincorporated Area,4,4,452601,0,0,0,0,0,0,0,0,0,0,0,0,0,0,0,0,0,0,0,0,0
201812,08,123000,019,    ,99990 ,00000 ,5885 ,216,19740,2, ,80444      ,4,8,11,Clear Creek County Unincorporated Area,18,18,4672049,0,0,0,0,0,0,0,0,0,17,17,4334886,0,0,0,0,0,0,0,0,0
201812,08,133000,005,0244,16385 ,00000 ,1256 ,216,19740, , ,80123      ,4,8,12,Columbine Valley town,8,8,6414530,0,0,0,0,0,0,0,0,0,8,8,6414530,0,0,0,0,0,0,0,0,0
201812,08,135000,001,0245,16495 ,00000 ,45913 ,216,19740, , ,80022      ,4,8,12,Commerce City,719,719,186214432,3,6,1355015,1,4,678781,4,30,5178498,719,719,186214432,3,6,1355015,1,4,678781,4,30,5178498
201812,08,147000,079,0796,14765 ,00000 ,290 ,999,99999, , ,81130      ,4,8,11,City of Creede town,5,5,1027892,0,0,0,0,0,0,0,0,0,4,4,853737,0,0,0,0,0,0,0,0,0
201812,08,151000,119,0280,18530 ,00000 ,1189 ,999,17820, , ,80813      ,4,8,0,Cripple Creek,1,1,50000,0,0,0,0,0,0,0,0,0,0,0,0,0,0,0,0,0,0,0,0,0
201812,08,159000,027,    ,99990 ,00000 ,3100 ,999,99999, , ,81252      ,4,8,12,Custer County Unincorporated Area,72,72,20284000,0,0,0,0,0,0,0,0,0,72,72,20284000,0,0,0,0,0,0,0,0,0
201812,08,161000,123,0295,19080 ,00000 ,4152 ,216,24540, , ,805140186  ,4,8,11,Dacono,74,74,16261106,0,0,0,0,0,0,0,0,0,68,68,14660586,0,0,0,0,0,0,0,0,0
201812,08,165000,005,0305,19630 ,00000 ,546 ,216,19740, , ,80105      ,4,8,1,Deer Trail town,14,14,1222022,0,0,0,0,0,0,0,0,0,0,0,0,0,0,0,0,0,0,0,0,0
201812,08,173000,031,0320,20000 ,00000 ,600158 ,216,19740,2,1,80202      ,4,8,12,Denver,2428,2428,634753840,49,98,20387217,3,12,2299800,98,5340,795438031,2428,2428,634753840,49,98,20387217,3,12,2299800,98,5340,795438031
201812,08,181000,083,0335,20770 ,00000 ,936 ,999,99999, , ,81323      ,4,8,9,Dolores town,1,1,85263,2,4,426830,0,0,0,0,0,0,1,1,85263,0,0,0,0,0,0,0,0,0
201812,08,183000,035,    ,99990 ,00000 ,171031 ,216,19740,2, ,80104      ,4,8,12,Douglas County Unincorporated Area,1065,1065,333291439,7,14,3052686,1,4,1139895,15,435,65057354,1065,1065,333291439,7,14,3052686,1,4,1139895,15,435,65057354
201812,08,193000,037,0360,22200 ,00000 ,6508 ,999,99999, , ,81631      ,4,8,12,Eagle town,31,31,11465310,1,2,557425,4,13,2307305,1,6,1200493,31,31,11465310,1,2,557425,4,13,2307305,1,6,1200493
201812,08,199000,059,0380,23135 ,00000 ,5170 ,216,19740, , ,80214      ,4,8,11,Edgewater,4,4,1192600,1,2,325000,0,0,0,0,0,0,3,3,937000,1,2,325000,0,0,0,0,0,0
201812,08,201000,041,    ,99990 ,00000 ,165533 ,999,17820,2, ,80910      ,4,8,12,El Paso County Unincorporated Area,4080,4080,1568707150,4,8,2068357,6,24,3162645,61,1473,212870132,4080,4080,1568707150,4,8,2068357,6,24,3162645,61,1473,212870132
201812,08,203000,039,    ,99990 ,00000 ,20387 ,216,19740, , ,80117      ,4,8,12,Elbert County Unincorporated Area,157,157,49206699,0,0,0,0,0,0,0,0,0,157,157,49206699,0,0,0,0,0,0,0,0,0
201812,08,205000,039,0385,23740 ,00000 ,1358 ,216,19740, , ,80107      ,4,8,5,Elizabeth town,44,44,12615005,0,0,0,0,0,0,0,0,0,42,42,12294145,0,0,0,0,0,0,0,0,0
201812,08,209000,005,0395,24785 ,00000 ,30255 ,216,19740, , ,80110      ,4,8,12,Englewood,92,92,23150588,0,0,0,2,6,1316000,1,106,17705604,92,92,23150588,0,0,0,2,6,1316000,1,106,17705604
201812,08,213000,123,0400,24950 ,00000 ,9787 ,216,24540,2, ,805160750  ,4,8,11,Erie town,543,543,145361841,0,0,0,7,24,3136206,11,63,9690374,507,507,135361711,0,0,0,4,13,1932564,11,63,9690374
201812,08,215000,069,0405,25115 ,00000 ,5858 ,999,22660, , ,80517      ,4,8,12,Estes Park town,28,28,11732534,5,10,1970892,2,7,1449180,0,0,0,28,28,11732534,5,10,1970892,2,7,1449180,0,0,0
201812,08,217000,123,0415,25280 ,00000 ,18537 ,216,24540, , ,806152036  ,4,8,12,Evans,79,79,15598737,2,4,726480,0,0,0,0,0,0,79,79,15598737,2,4,726480,0,0,0,0,0,0
201812,08,219000,093,0425,25610 ,00000 ,679 ,216,19740, , ,804400267  ,4,8,12,Fairplay town,1,1,450000,0,0,0,0,0,0,0,0,0,1,1,450000,0,0,0,0,0,0,0,0,0
201812,08,221000,001,0430,26270 ,00000 ,11467 ,216,19740, , ,80221      ,4,8,12,Federal Heights,0,0,0,0,0,0,0,0,0,0,0,0,0,0,0,0,0,0,0,0,0,0,0,0
201812,08,223000,123,0435,26600 ,00000 ,10147 ,216,24540, , ,80504      ,4,8,9,Firestone town,139,139,40130400,0,0,0,0,0,0,17,357,21454807,102,102,29525793,0,0,0,0,0,0,14,321,19432680
201812,08,231000,069,0455,27425 ,00000 ,143986 ,999,22660, ,1,805228052  ,4,8,12,Fort Collins,398,398,105370369,9,18,2412202,4,15,1994290,18,640,108475144,398,398,105370369,9,18,2412202,4,15,1994290,18,640,108475144
201812,08,240000,005,0483,28105 ,00000 ,685 ,216,19740, , ,80108      ,4,8,11,Foxfield town,0,0,0,0,0,0,0,0,0,0,0,0,0,0,0,0,0,0,0,0,0,0,0,0
201812,08,243000,123,0490,28360 ,00000 ,8679 ,216,24540, , ,805300435  ,4,8,8,Frederick town,197,197,49464272,0,0,0,0,0,0,0,0,0,116,116,29046784,0,0,0,0,0,0,0,0,0
201812,08,257000,019,0520,29735 ,00000 ,1034 ,216,19740, , ,80444      ,4,8,1,Georgetown town,0,0,0,0,0,0,0,0,0,3,15,2181255,0,0,0,0,0,0,0,0,0,0,0,0
201812,08,261000,047,    ,99990 ,00000 ,4660 ,216,19740, , ,80427      ,4,8,12,Gilpin County Unincorporated Area,41,41,11103918,0,0,0,0,0,0,0,0,0,41,41,11103918,0,0,0,0,0,0,0,0,0
201812,08,263000,005,0530,30340 ,00000 ,4184 ,216,19740, , ,80246      ,4,8,12,Glendale,0,0,0,0,0,0,0,0,0,0,0,0,0,0,0,0,0,0,0,0,0,0,0,0
201812,08,267000,059,0540,30835 ,00000 ,18867 ,216,19740, , ,80401      ,4,8,12,Golden,17,17,5298125,0,0,0,0,0,0,0,0,0,17,17,5298125,0,0,0,0,0,0,0,0,0
201812,08,273000,049,    ,99990 ,00000 ,8178 ,999,99999,2, ,80451      ,4,8,11,Grand County Unincorporated Area,105,105,37631161,0,0,0,0,0,0,0,0,0,95,95,34231123,0,0,0,0,0,0,0,0,0
201812,08,279000,123,0570,32155 ,00000 ,92889 ,216,24540, ,1,80631      ,4,8,12,Greeley,348,348,81814917,1,2,380740,11,42,6641032,5,146,24149104,348,348,81814917,1,2,380740,11,42,6641032,5,146,24149104
201812,08,285000,005,0580,33035 ,00000 ,13925 ,216,19740, , ,80111      ,4,8,12,Greenwood Village,10,10,9670184,0,0,0,0,0,0,0,0,0,10,10,9670184,0,0,0,0,0,0,0,0,0
201812,08,287000,123,0585,33310 ,00000 ,137 ,216,24540, , ,80729      ,4,8,12,Grover town,0,0,0,0,0,0,0,0,0,0,0,0,0,0,0,0,0,0,0,0,0,0,0,0
201812,08,321000,073,0655,37875 ,00000 ,730 ,999,99999, , ,80821      ,4,8,12,Hugo town,4,4,830000,0,0,0,0,0,0,1,8,265000,4,4,830000,0,0,0,0,0,0,1,8,265000
201812,08,323000,019,0660,38370 ,00000 ,1717 ,216,19740, , ,80452      ,4,8,12,Idaho Springs,0,0,0,0,0,0,0,0,0,0,0,0,0,0,0,0,0,0,0,0,0,0,0,0
201812,08,333000,059,    ,99990 ,00000 ,187757 ,216,19740, , ,804193540  ,4,8,12,Jefferson County Unincorporated Area,359,359,116018169,1,2,346854,17,57,6325634,13,377,43223416,359,359,116018169,1,2,346854,17,57,6325634,13,377,43223416
201812,08,335000,123,0690,39855 ,00000 ,9350 ,216,24540,2, ,805340609  ,4,8,11,Johnstown town,130,130,36635955,0,0,0,0,0,0,5,260,4219791,120,120,33785635,0,0,0,0,0,0,4,236,2087073
201812,08,339000,123,0700,40185 ,00000 ,1127 ,216,24540, , ,80643      ,4,8,12,Keenesburg town,4,4,1169119,0,0,0,0,0,0,0,0,0,4,4,1169119,0,0,0,0,0,0,0,0,0
201812,08,347000,039,0715,40790 ,00000 ,723 ,216,19740, , ,80117      ,4,8,11,Kiowa town,1,1,102000,0,0,0,0,0,0,0,0,0,1,1,102000,0,0,0,0,0,0,0,0,0
201812,08,359000,067,    ,99990 ,00000 ,31417 ,999,99999, , ,81301      ,4,8,12,La Plata County Unincorporated Area,162,162,89408579,0,0,0,0,0,0,0,0,0,162,162,89408579,0,0,0,0,0,0,0,0,0
201812,08,365000,013,0735,41835 ,00000 ,24453 ,216,14500, , ,80026      ,4,8,9,Lafayette,165,165,43743186,3,6,1084913,2,6,696108,32,792,91708821,114,114,31708952,1,2,427624,0,0,0,30,782,90470878
201812,08,373000,059,0760,43000 ,00000 ,142980 ,216,19740, ,1,80226      ,4,8,11,Lakewood,105,105,27311380,27,54,5843936,0,0,0,16,633,86413294,91,91,23408255,26,52,5583186,0,0,0,15,562,76383279
201812,08,375000,099,0765,43110 ,00000 ,7804 ,999,99999, , ,81052      ,4,8,12,Lamar,1,1,90000,0,0,0,0,0,0,0,0,0,1,1,90000,0,0,0,0,0,0,0,0,0
201812,08,377000,069,    ,99990 ,00000 ,65860 ,999,22660, , ,805221190  ,4,8,12,Larimer County Unincorporated Area,147,147,45879387,2,4,338250,0,0,0,0,0,0,147,147,45879387,2,4,338250,0,0,0,0,0,0
201812,08,383000,071,    ,99990 ,00000 ,5537 ,999,99999,2, ,81082      ,4,8,12,Las Animas County Unincorporated Area,36,36,5081000,0,0,0,0,0,0,0,0,0,36,36,5081000,0,0,0,0,0,0,0,0,0
201812,08,391000,005,0810,45255 ,00000 ,39328 ,216,19740,2, ,80165      ,4,8,12,Littleton,70,70,17343005,0,0,0,0,0,0,2,65,10794207,70,70,17343005,0,0,0,0,0,0,2,65,10794207
201812,08,399500,035,0817,45955 ,00000 ,10218 ,216,19740, , ,80124      ,4,8,0,Lone Tree,73,73,26141040,0,0,0,2,6,1037804,0,0,0,0,0,0,0,0,0,0,0,0,0,0,0
201812,08,401000,013,0820,45970 ,00000 ,86240 ,216,14500,2, ,80501      ,4,8,12,Longmont,499,499,198459781,0,0,0,3,12,2280756,30,556,70185359,499,499,198459781,0,0,0,3,12,2280756,30,556,70185359
201812,08,403000,013,0825,46355 ,00000 ,18376 ,216,14500, , ,80027      ,4,8,12,Louisville,17,17,7871656,0,0,0,0,0,0,1,12,2425385,17,17,7871656,0,0,0,0,0,0,1,12,2425385
201812,08,405000,069,2640,46465 ,00000 ,66859 ,999,22660, , ,80537      ,4,8,12,Loveland,242,242,67782557,8,16,3216946,0,0,0,16,334,44006449,242,242,67782557,8,16,3216946,0,0,0,16,334,44006449
201812,08,411000,083,0845,48115 ,00000 ,1336 ,999,99999, , ,81328      ,4,8,4,Mancos town,4,4,786216,0,0,0,0,0,0,0,0,0,1,1,210000,0,0,0,0,0,0,0,0,0
201812,08,425000,077,    ,00000 ,00000 ,71607 ,999,24300, , ,815025001  ,4,8,12,Mesa County,786,786,136757476,4,8,937583,0,0,0,0,0,0,786,786,136757476,4,8,937583,0,0,0,0,0,0
201812,08,451000,059,0920,52075 ,00000 ,428 ,216,19740, , ,804653001  ,4,8,12,Morrison town,0,0,0,0,0,0,0,0,0,0,0,0,0,0,0,0,0,0,0,0,0,0,0,0
201812,08,455000,059,0925,52350 ,00000 ,507 ,216,19740, , ,80212      ,4,8,11,Mountain View town,1,1,450075,0,0,0,0,0,0,0,0,0,1,1,450075,0,0,0,0,0,0,0,0,0
201812,08,463000,001,0943,54330 ,00000 ,35777 ,216,19740,2, ,80233      ,4,8,12,Northglenn,0,0,0,5,10,2109344,0,0,0,0,0,0,0,0,0,5,10,2109344,0,0,0,0,0,0
201812,08,475000,085,0970,55540 ,00000 ,1849 ,999,99999, , ,81425      ,4,8,8,Olathe town,0,0,0,0,0,0,0,0,0,0,0,0,0,0,0,0,0,0,0,0,0,0,0,0
201812,08,507000,093,    ,99990 ,00000 ,15257 ,216,19740, , ,80440      ,4,8,12,Park County Unincorporated Area,182,182,46703575,0,0,0,0,0,0,0,0,0,182,182,46703575,0,0,0,0,0,0,0,0,0
201812,08,509000,035,1039,57630 ,00000 ,45297 ,216,19740, , ,80134      ,4,8,12,Parker town,408,408,148322828,0,0,0,0,0,0,17,455,55526490,408,408,148322828,0,0,0,0,0,0,17,455,55526490
201812,08,533000,101,    ,99990 ,00000 ,51976 ,444,39380,2, ,81003      ,4,8,12,Pueblo County Unincorporated Area,479,479,74234203,0,0,0,0,0,0,0,0,0,479,479,74234203,0,0,0,0,0,0,0,0,0
201812,08,535000,041,1090,62660 ,00000 ,123 ,999,17820, , ,808320129  ,4,8,11,Ramah town,0,0,0,0,0,0,0,0,0,0,0,0,0,0,0,0,0,0,0,0,0,0,0,0
201812,08,565000,109,1155,67005 ,00000 ,485 ,999,99999, , ,811490417  ,4,8,0,Saguache town,0,0,0,0,0,0,0,0,0,0,0,0,0,0,0,0,0,0,0,0,0,0,0,0
201812,08,585000,123,1195,69150 ,00000 ,3165 ,216,24540, , ,80546      ,4,8,12,Severance town,513,513,114423530,0,0,0,1,4,908417,0,0,0,513,513,114423530,0,0,0,1,4,908417,0,0,0
201812,08,587000,005,1200,69645 ,00000 ,5664 ,216,19740, , ,80110      ,4,8,11,Sheridan,9,9,2127258,3,6,742000,1,3,375000,0,0,0,8,8,1998000,3,6,742000,1,3,375000,0,0,0
201812,08,595000,019,1220,70360 ,00000 ,170 ,216,19740, , ,80476      ,4,8,12,Silver Plume town,0,0,0,0,0,0,0,0,0,0,0,0,0,0,0,0,0,0,0,0,0,0,0,0
201812,08,597000,117,1222,70525 ,00000 ,3887 ,999,99999, , ,80498      ,4,8,12,Silverthorne town,77,77,35462917,3,6,1816231,0,0,0,1,11,3087454,77,77,35462917,3,6,1816231,0,0,0,1,11,3087454
201812,08,601000,039,1230,70635 ,00000 ,618 ,216,19740, , ,80835      ,4,8,9,Simla town,0,0,0,0,0,0,0,0,0,0,0,0,0,0,0,0,0,0,0,0,0,0,0,0
201812,08,615000,025,1265,74815 ,00000 ,258 ,999,99999, , ,810760060  ,4,8,11,Sugar City town,0,0,0,0,0,0,0,0,0,0,0,0,0,0,0,0,0,0,0,0,0,0,0,0
201812,08,625000,119,    ,99990 ,00000 ,14536 ,999,17820,2, ,80866      ,4,8,12,Teller County Unincorporated Area,93,93,25978674,0,0,0,0,0,0,0,0,0,93,93,25978674,0,0,0,0,0,0,0,0,0
201812,08,629000,001,1285,77290 ,00000 ,118772 ,216,19740,2, ,80229      ,4,8,12,Thornton,857,857,232272786,0,0,0,0,0,0,5,94,13709969,857,857,232272786,0,0,0,0,0,0,5,94,13709969
201812,08,631000,069,1290,77510 ,00000 ,625 ,999,22660,2, ,80547      ,4,8,12,Timnath town,240,240,67515251,3,6,919432,0,0,0,8,170,19909293,240,240,67515251,3,6,919432,0,0,0,8,170,19909293
201812,08,639000,119,1310,80865 ,00000 ,397 ,999,17820, , ,80860      ,4,8,7,Victor,0,0,0,0,0,0,0,0,0,0,0,0,0,0,0,0,0,0,0,0,0,0,0,0
201812,08,655000,123,    ,99990 ,00000 ,42473 ,216,24540, , ,80631      ,4,8,12,Weld County Unincorporated Area,168,168,55204112,0,0,0,0,0,0,0,0,0,168,168,55204112,0,0,0,0,0,0,0,0,0
201812,08,657000,069,1345,83230 ,00000 ,6289 ,999,22660, , ,80549      ,4,8,12,Wellington town,109,109,24472541,0,0,0,1,4,635058,6,41,7696329,109,109,24472541,0,0,0,1,4,635058,6,41,7696329
201812,08,661000,001,1355,83835 ,00000 ,63696 ,216,19740,2, ,80031      ,4,8,11,Westminster,182,182,49393061,0,0,0,0,0,0,0,0,0,169,169,45832508,0,0,0,0,0,0,0,0,0
201812,08,665000,059,1360,84440 ,00000 ,30166 ,216,19740, , ,800338001  ,4,8,10,Wheat Ridge,22,22,6673974,0,0,0,0,0,0,0,0,0,19,19,5725478,0,0,0,0,0,0,0,0,0
201812,08,673000,123,4560,85485 ,00000 ,14070 ,216,24540,2, ,80550      ,4,8,6,Windsor town,541,541,145885359,0,0,0,3,10,2795313,9,52,6648586,287,287,74719052,0,0,0,0,0,0,2,16,2285530
201812,08,677000,119,1380,86090 ,00000 ,7200 ,999,17820, , ,80866      ,4,8,12,Woodland Park,54,54,17724523,0,0,0,0,0,0,0,0,0,54,54,17724523,0,0,0,0,0,0,0,0,0
201812,15,001000,001,    ,00000 ,00000 ,185079 ,999,99999, , ,96720      ,4,9,12,Hawaii County,1035,1035,321295563,1,2,700000,0,0,0,1,6,395000,1035,1035,321295563,1,2,700000,0,0,0,1,6,395000
201812,15,005000,003,    ,00000 ,00000 ,953207 ,999,46520, ,1,968133006  ,4,9,9,Honolulu County,1066,1066,379683083,0,0,0,0,0,0,7,855,170911259,797,797,288049317,0,0,0,0,0,0,3,653,137800000
201812,15,009000,007,    ,00000 ,00000 ,67091 ,999,99999, , ,96766      ,4,9,11,Kauai County,203,203,111123013,15,30,10737196,3,12,3006800,22,131,25118956,192,192,105818948,14,28,9972574,3,12,3006800,21,126,22883000
201812,15,013000,009,    ,00000 ,00000 ,154834 ,999,27980, , ,96793      ,4,9,12,Maui County,372,372,131904614,14,28,9675770,7,28,7256159,33,410,91551615,372,372,131904614,14,28,9675770,7,28,7256159,33,410,91551615
201812,16,009000,001,    ,99990 ,00000 ,59731 ,147,14260, , ,83702      ,4,8,11,Ada County Unincorporated Area,514,514,150809275,1,2,186336,0,0,0,0,0,0,476,476,141509347,1,2,186336,0,0,0,0,0,0
201812,16,025000,019,0050,01990 ,91656 ,13816 ,292,26820, , ,83406      ,4,8,12,Ammon,229,229,41396589,0,0,0,0,0,0,0,0,0,229,229,41396589,0,0,0,0,0,0,0,0,0
201812,16,033000,005,0080,03340 ,93289 ,355 ,999,38540, , ,832140061  ,4,8,12,Arimo,0,0,0,0,0,0,0,0,0,0,0,0,0,0,0,0,0,0,0,0,0,0,0,0
201812,16,053000,005,    ,99990 ,00000 ,11628 ,999,38540, , ,832016210  ,4,8,10,Bannock County Unincorporated Area,42,42,9039907,0,0,0,0,0,0,0,0,0,36,36,7782411,0,0,0,0,0,0,0,0,0
201812,16,065000,013,0140,06220 ,91380 ,2287 ,999,99999, , ,833130825  ,4,8,0,Bellevue,3,3,705871,0,0,0,0,0,0,0,0,0,0,0,0,0,0,0,0,0,0,0,0,0
201812,16,073000,011,    ,99990 ,00000 ,26405 ,999,99999,2, ,832211700  ,4,8,12,Bingham County Unincorporated Area,110,110,16131749,1,2,192000,0,0,0,0,0,0,110,110,16131749,1,2,192000,0,0,0,0,0,0
201812,16,093000,001,0180,08830 ,92668 ,205671 ,147,14260, ,1,83701      ,4,8,5,Boise City,844,844,238198312,9,18,3511042,14,54,3870747,10,224,28070093,318,318,94014761,5,10,1957092,5,20,1620000,1,11,1450000
201812,16,097000,015,    ,99990 ,00000 ,5621 ,147,14260,2, ,836311300  ,4,8,12,Boise County Unincorporated Area,83,83,24668101,0,0,0,0,0,0,0,0,0,83,83,24668101,0,0,0,0,0,0,0,0,0
201812,16,109000,019,    ,99990 ,00000 ,30213 ,292,26820, , ,83402      ,4,8,12,Bonneville County Unincorporated Area,311,311,59711357,0,0,0,0,0,0,0,0,0,311,311,59711357,0,0,0,0,0,0,0,0,0
201812,16,113000,021,    ,99990 ,00000 ,7711 ,999,99999,2, ,83805      ,4,8,0,Boundary County Unincorporated Area,63,63,15298352,0,0,0,0,0,0,0,0,0,0,0,0,0,0,0,0,0,0,0,0,0
201812,16,137000,023,    ,99990 ,00000 ,1633 ,292,26820, , ,83213      ,4,8,0,Butte County Unincorporated Area,6,6,778938,0,0,0,1,3,0,0,0,0,0,0,0,0,0,0,0,0,0,0,0,0
201812,16,141000,027,0240,12250 ,90483 ,46237 ,147,14260, , ,83605      ,4,8,10,Caldwell,561,561,75510477,0,0,0,21,84,5373023,0,0,0,461,461,61293154,0,0,0,21,84,5373023,0,0,0
201812,16,153000,027,    ,99990 ,00000 ,50187 ,147,14260, , ,83651      ,4,8,12,Canyon County Unincorporated Area,341,341,67731599,0,0,0,0,0,0,0,0,0,341,341,67731599,0,0,0,0,0,0,0,0,0
201812,16,165000,031,    ,99990 ,00000 ,11401 ,999,99999,2, ,833181862  ,4,8,12,Cassia County Unincorporated Area,52,52,12300640,0,0,0,0,0,0,0,0,0,52,52,12300640,0,0,0,0,0,0,0,0,0
201812,16,181000,005,0300,14680 ,92852 ,13922 ,999,38540, , ,832020006  ,4,8,12,Chubbuck,86,86,8903256,0,0,0,7,28,1540000,0,0,0,86,86,8903256,0,0,0,7,28,1540000,0,0,0
201812,16,205000,055,0340,16750 ,90621 ,44137 ,518,17660, ,1,83814      ,4,8,10,Coeur dAlene,264,264,52036310,7,14,2881178,2,8,556784,15,358,42149512,212,212,41575392,5,10,2357378,2,8,556784,14,353,41792582
201812,16,217000,061,0370,19270 ,90690 ,501 ,999,99999, , ,83523      ,4,8,12,Craigmont,0,0,0,0,0,0,0,0,0,0,0,0,0,0,0,0,0,0,0,0,0,0,0,0
201812,16,277000,001,0520,23410 ,90345 ,19908 ,147,14260, , ,83616      ,4,8,12,Eagle,691,691,229495649,0,0,0,0,0,0,0,0,0,691,691,229495649,0,0,0,0,0,0,0,0,0
201812,16,281000,017,0530,23680 ,90598 ,210 ,999,99999, , ,838360186  ,4,8,12,East Hope,0,0,0,0,0,0,0,0,0,0,0,0,0,0,0,0,0,0,0,0,0,0,0,0
201812,16,289000,035,0550,25120 ,90920 ,125 ,999,99999, , ,838270202  ,4,8,12,Elk River,0,0,0,0,0,0,0,0,0,0,0,0,0,0,0,0,0,0,0,0,0,0,0,0
201812,16,297000,045,0560,25570 ,90966 ,6557 ,147,14260, , ,83617      ,4,8,10,Emmett,22,22,2680112,3,6,422357,0,0,0,0,0,0,18,18,2206078,3,6,422357,0,0,0,0,0,0
201812,16,301000,025,0570,26290 ,93749 ,416 ,999,99999, , ,83327      ,4,8,12,Fairfield,0,0,0,0,0,0,0,0,0,0,0,0,0,0,0,0,0,0,0,0,0,0,0,0
201812,16,329000,043,    ,99990 ,00000 ,6905 ,999,99999,2, ,83445      ,4,8,10,Fremont County Unincorporated Area,91,91,15639850,0,0,0,0,0,0,0,0,0,67,67,11366877,0,0,0,0,0,0,0,0,0
201812,16,337000,001,0650,29620 ,90345 ,10972 ,147,14260, , ,83714      ,4,8,12,Garden City,94,94,14844275,1,2,240000,0,0,0,0,0,0,94,94,14844275,1,2,240000,0,0,0,0,0,0
201812,16,341000,045,    ,99990 ,00000 ,10162 ,147,14260, , ,83617      ,4,8,12,Gem County Unincorporated Area,65,65,10461340,1,2,111538,0,0,0,0,0,0,65,65,10461340,1,2,111538,0,0,0,0,0,0
201812,16,369000,073,0710,32770 ,91311 ,452 ,147,14260,2, ,836240069  ,4,8,3,Grand View,5,5,1026637,0,0,0,0,0,0,0,0,0,5,5,1026637,0,0,0,0,0,0,0,0,0
201812,16,377000,027,0730,33490 ,90483 ,846 ,147,14260, , ,83626      ,4,8,0,Greenleaf,0,0,0,0,0,0,0,0,0,0,0,0,0,0,0,0,0,0,0,0,0,0,0,0
201812,16,397000,055,0780,35200 ,91426 ,203 ,518,17660, , ,83833      ,4,8,0,Harrison,0,0,0,0,0,0,0,0,0,0,0,0,0,0,0,0,0,0,0,0,0,0,0,0
201812,16,405000,055,0800,36370 ,90621 ,13294 ,518,17660, , ,83835      ,4,8,12,Hayden,141,141,33141196,0,0,0,0,0,0,0,0,0,141,141,33141196,0,0,0,0,0,0,0,0,0
201812,16,425000,073,0850,38170 ,91518 ,2633 ,147,14260, , ,836280757  ,4,8,12,Homedale,13,13,2231660,1,2,314234,0,0,0,0,0,0,13,13,2231660,1,2,314234,0,0,0,0,0,0
201812,16,433000,015,0870,38620 ,91541 ,707 ,147,14260, , ,836290246  ,4,8,9,Horseshoe Bend,7,7,1064849,1,2,200000,0,0,0,0,0,0,7,7,1064849,1,2,200000,0,0,0,0,0,0
201812,16,441000,015,0890,39610 ,91633 ,485 ,147,14260, , ,836310130  ,4,8,12,Idaho City,0,0,0,0,0,0,0,0,0,0,0,0,0,0,0,0,0,0,0,0,0,0,0,0
201812,16,449000,019,0900,39700 ,91656 ,56813 ,292,26820, ,1,834050220  ,4,8,12,Idaho Falls,279,279,38712920,0,0,0,0,0,0,0,0,0,279,279,38712920,0,0,0,0,0,0,0,0,0
201812,16,457000,019,0920,40420 ,91656 ,1803 ,292,26820, , ,83427      ,4,8,12,Iona,2,2,319500,0,0,0,0,0,0,0,0,0,2,2,319500,0,0,0,0,0,0,0,0,0
201812,16,469000,051,    ,99990 ,00000 ,19412 ,292,26820,2, ,83442      ,4,8,11,Jefferson County Unincorporated Area,158,158,29198994,1,2,122369,9,35,2212374,2,10,843715,144,144,26650091,1,2,122369,9,35,2212374,2,10,843715
201812,16,473000,053,0950,41320 ,91748 ,10890 ,999,46300, , ,833382614  ,4,8,12,Jerome,40,40,5247625,0,0,0,0,0,0,0,0,0,40,40,5247625,0,0,0,0,0,0,0,0,0
201812,16,477000,053,    ,99990 ,00000 ,10326 ,999,46300, , ,83338      ,4,8,12,Jerome County Unincorporated Area,44,44,7326690,0,0,0,0,0,0,0,0,0,44,44,7326690,0,0,0,0,0,0,0,0,0
201812,16,517000,055,    ,99990 ,00000 ,39672 ,518,17660, , ,838169000  ,4,8,12,Kootenai County Unincorporated Area,518,518,146091009,1,2,408459,0,0,0,0,0,0,518,518,146091009,1,2,408459,0,0,0,0,0,0
201812,16,521000,001,1040,44290 ,91863 ,15210 ,147,14260, , ,83634      ,4,8,12,Kuna,517,517,98568888,0,0,0,9,35,2714455,0,0,0,517,517,98568888,0,0,0,9,35,2714455,0,0,0
201812,16,529000,057,    ,99990 ,00000 ,8988 ,999,99999, , ,83843      ,4,8,11,Latah County Unincorporated Area,44,44,15526030,0,0,0,0,0,0,1,10,787201,40,40,14645422,0,0,0,0,0,0,1,10,787201
201812,16,577000,073,1160,50950 ,92070 ,1031 ,147,14260, , ,83639      ,4,8,3,Marsing,3,3,606732,1,2,363316,0,0,0,0,0,0,0,0,0,0,0,0,0,0,0,0,0,0
201812,16,589000,027,1170,51850 ,92093 ,513 ,147,14260, , ,83641      ,4,8,12,Melba,5,5,683821,0,0,0,0,0,0,0,0,0,5,5,683821,0,0,0,0,0,0,0,0,0
201812,16,597000,001,1190,52120 ,90345 ,75092 ,147,14260, , ,83642      ,4,8,12,Meridian,1840,1840,455882253,0,0,0,4,12,862962,102,1289,124718877,1840,1840,455882253,0,0,0,4,12,862962,102,1289,124718877
201812,16,601000,027,1200,52660 ,92116 ,5524 ,147,14260, , ,83644      ,4,8,12,Middleton,148,148,38884949,0,0,0,1,4,386273,0,0,0,148,148,38884949,0,0,0,1,4,386273,0,0,0
201812,16,625000,057,1250,54550 ,92277 ,23800 ,999,99999, , ,83843      ,4,8,12,Moscow,40,40,9438503,0,0,0,0,0,0,6,96,10608899,40,40,9438503,0,0,0,0,0,0,6,96,10608899
201812,16,629000,039,1260,54730 ,92300 ,14206 ,999,99999, , ,836470010  ,4,8,12,Mountain Home,13,13,2059407,0,0,0,0,0,0,0,0,0,13,13,2059407,0,0,0,0,0,0,0,0,0
201812,16,649000,027,1320,56260 ,92438 ,81557 ,147,14260, , ,83651      ,4,8,12,Nampa,857,857,117596288,14,28,2050981,20,80,17071385,5,124,13490000,857,857,117596288,14,28,2050981,20,80,17071385,5,124,13490000
201812,16,673000,027,1370,58060 ,90483 ,531 ,147,14260, , ,836560257  ,4,8,12,Notus,2,2,391738,0,0,0,0,0,0,0,0,0,2,2,391738,0,0,0,0,0,0,0,0,0
201812,16,697000,079,1420,59590 ,93634 ,1555 ,999,99999, , ,83849      ,4,8,12,Osburn,0,0,0,0,0,0,0,0,0,0,0,0,0,0,0,0,0,0,0,0,0,0,0,0
201812,16,701000,073,    ,99990 ,00000 ,7410 ,147,14260,2, ,83650      ,4,8,7,Owyhee County Unincorporated Area,20,20,3514509,0,0,0,0,0,0,0,0,0,12,12,2009525,0,0,0,0,0,0,0,0,0
201812,16,717000,027,1460,60940 ,92714 ,1983 ,147,14260, , ,836600608  ,4,8,11,Parma,3,3,667573,0,0,0,0,0,0,0,0,0,2,2,439073,0,0,0,0,0,0,0,0,0
201812,16,725000,075,1480,61300 ,92783 ,7433 ,999,99999, , ,83661      ,4,8,11,Payette,38,38,4144547,1,2,115951,0,0,0,0,0,0,37,37,4061366,1,2,115951,0,0,0,0,0,0
201812,16,745000,015,1520,63550 ,91541 ,53 ,147,14260, , ,83666      ,4,8,11,Placerville,2,2,100000,0,0,0,0,0,0,0,0,0,2,2,100000,0,0,0,0,0,0,0,0,0
201812,16,753000,005,1540,64090 ,93289 ,54239 ,999,38540,2,1,83205      ,4,8,12,Pocatello,245,245,26019038,1,2,162335,0,0,0,0,0,0,245,245,26019038,1,2,162335,0,0,0,0,0,0
201812,16,765000,055,1560,64810 ,92875 ,27574 ,518,17660, , ,83854      ,4,8,12,Post Falls,533,533,110926633,1,2,289975,0,0,0,8,162,11770193,533,533,110926633,1,2,289975,0,0,0,8,162,11770193
201812,16,777000,041,1580,65260 ,92921 ,5204 ,999,30860,2, ,83263      ,4,8,1,Preston,1,1,200000,0,0,0,0,0,0,0,0,0,1,1,200000,0,0,0,0,0,0,0,0,0
201812,16,793000,065,1620,67420 ,93381 ,25484 ,999,99999, , ,83440      ,4,8,9,Rexburg,69,69,16712822,0,0,0,18,71,5571603,26,619,71408905,51,51,11722243,0,0,0,11,44,3530166,22,560,65095787
201812,16,813000,051,1660,67960 ,93036 ,598 ,292,26820,2, ,83443      ,4,8,12,Ririe,2,2,420000,0,0,0,0,0,0,0,0,0,2,2,420000,0,0,0,0,0,0,0,0,0
201812,16,833000,017,1740,72100 ,93197 ,7365 ,999,99999, , ,83864      ,4,8,8,Sandpoint,47,47,9072869,3,6,1327445,0,0,0,2,13,1374224,31,31,6475233,1,2,386000,0,0,0,0,0,0
201812,16,845000,079,    ,99990 ,00000 ,5180 ,999,99999, , ,838732348  ,4,8,12,Shoshone County Unincorporated Area,9,9,1548009,0,0,0,0,0,0,0,0,0,9,9,1548009,0,0,0,0,0,0,0,0,0
201812,16,869000,007,1710,71110 ,92691 ,131 ,999,99999, , ,83272      ,4,8,11,St. Charles,1,1,100000,0,0,0,0,0,0,0,0,0,1,1,100000,0,0,0,0,0,0,0,0,0
201812,16,878000,001,1820,76870 ,90805 ,5781 ,147,14260,2, ,83669      ,4,8,12,Star,271,271,87761707,0,0,0,0,0,0,0,0,0,271,271,87761707,0,0,0,0,0,0,0,0,0
201812,16,897000,019,1870,79120 ,93404 ,204 ,292,26820, , ,83449      ,4,8,12,Swan Valley,9,9,1768506,0,0,0,0,0,0,0,0,0,9,9,1768506,0,0,0,0,0,0,0,0,0
201812,16,913000,081,1900,80470 ,93473 ,269 ,999,99999, , ,83452      ,4,8,5,Tetonia,4,4,720000,0,0,0,0,0,0,0,0,0,0,0,0,0,0,0,0,0,0,0,0,0
201812,16,921000,083,1920,82810 ,93565 ,44125 ,999,46300, ,1,83301      ,4,8,12,Twin Falls,258,258,52945476,10,20,2531025,5,20,1825000,0,0,0,258,258,52945476,10,20,2531025,5,20,1825000,0,0,0
201812,16,925000,083,    ,99990 ,00000 ,21454 ,999,46300,2, ,833016251  ,4,8,12,Twin Falls County Unincorporated Area,88,88,21857342,0,0,0,0,0,0,0,0,0,88,88,21857342,0,0,0,0,0,0,0,0,0
201812,16,977000,027,2030,87670 ,93841 ,1533 ,147,14260, , ,83676      ,4,8,12,Wilder,9,9,1515576,0,0,0,0,0,0,0,0,0,9,9,1515576,0,0,0,0,0,0,0,0,0
201812,30,009000,085,0018,03400 ,00000 ,208 ,999,99999, , ,59212      ,4,8,12,Bainville town,1,1,30000,0,0,0,0,0,0,0,0,0,1,1,30000,0,0,0,0,0,0,0,0,0
201812,30,015000,000,    ,00000 ,00000 ,99999 ,999,99999,2,0,596200517  ,4,8,0,Balance of State,0,0,0,0,0,0,0,0,0,0,0,0,0,0,0,0,0,0,0,0,0,0,0,0
201812,30,045000,111,0050,06550 ,00000 ,104170 ,999,13740, ,1,59103      ,4,8,12,Billings,566,566,114488065,8,16,2714640,0,0,0,9,136,6264000,566,566,114488065,8,16,2714640,0,0,0,9,136,6264000
201812,30,057000,031,0080,08950 ,00000 ,37280 ,999,99999, , ,597711230  ,4,8,12,Bozeman,261,261,71038339,35,70,12945296,43,160,27974788,28,347,41583262,261,261,71038339,35,70,12945296,43,160,27974788,28,347,41583262
201812,30,085000,093,0110,11397 ,00000 ,33525 ,999,99999,2, ,59701      ,4,8,12,Butte-Silver Bow,55,55,5752785,7,14,1225000,7,28,1750000,9,88,10939365,55,55,5752785,7,14,1225000,7,28,1750000,9,88,10939365
201812,30,097000,013,    ,99990 ,00000 ,21489 ,999,24500,2, ,59401      ,4,8,4,Cascade County Unincorporated Area,119,119,33039306,2,4,702958,0,0,0,0,0,0,19,19,5359914,1,2,344763,0,0,0,0,0,0
201812,30,117000,015,    ,99990 ,00000 ,3490 ,999,99999, , ,594420459  ,4,8,0,Chouteau County Unincorporated Area,14,14,3891314,0,0,0,0,0,0,0,0,0,0,0,0,0,0,0,0,0,0,0,0,0
201812,30,249000,009,0270,29575 ,00000 ,438 ,999,13740, , ,59029      ,4,8,1,Fromberg town,0,0,0,0,0,0,0,0,0,0,0,0,0,0,0,0,0,0,0,0,0,0,0,0
201812,30,253000,031,    ,99990 ,00000 ,40184 ,999,99999, , ,59715      ,4,8,12,Gallatin County Unincorporated Area,431,431,123340565,14,28,4826687,5,18,2154145,0,0,0,431,431,123340565,14,28,4826687,5,18,2154145,0,0,0
201812,30,273000,021,0285,31450 ,00000 ,4935 ,999,99999, , ,59330      ,4,8,0,Glendive,0,0,0,0,0,0,0,0,0,0,0,0,0,0,0,0,0,0,0,0,0,0,0,0
201812,30,289000,013,1370,32800 ,00000 ,58505 ,999,24500, ,1,594035021  ,4,8,12,Great Falls,53,53,11322475,0,0,0,0,0,0,1,12,968000,53,53,11322475,0,0,0,0,0,0,1,12,968000
201812,30,293000,081,0300,33775 ,00000 ,4348 ,999,99999, , ,59840      ,4,8,0,Hamilton,8,8,1083278,5,10,863750,0,0,0,0,0,0,0,0,0,0,0,0,0,0,0,0,0,0
201812,30,313000,049,0325,35600 ,00000 ,28190 ,999,99999, , ,59623      ,4,8,12,Helena,55,55,17054707,7,14,2478138,18,69,8933478,8,48,4119838,55,55,17054707,7,14,2478138,18,69,8933478,8,48,4119838
201812,30,317000,041,    ,99990 ,00000 ,6668 ,999,99999, , ,595010231  ,4,8,0,Hill County Unincorporated Area,0,0,0,0,0,0,0,0,0,0,0,0,0,0,0,0,0,0,0,0,0,0,0,0
201812,30,341000,043,    ,99990 ,00000 ,9185 ,999,99999, , ,596320249  ,4,8,12,Jefferson County Unincorporated Area,7,7,1938946,1,2,344763,0,0,0,0,0,0,7,7,1938946,1,2,344763,0,0,0,0,0,0
201812,30,349000,033,0365,39925 ,00000 ,343 ,999,99999, , ,59337      ,4,8,12,Jordan town,0,0,0,0,0,0,0,0,0,0,0,0,0,0,0,0,0,0,0,0,0,0,0,0
201812,30,361000,029,0375,40075 ,00000 ,19927 ,999,99999, , ,59903      ,4,8,12,Kalispell,105,105,24460525,13,26,3581569,1,3,352956,8,75,7227830,105,105,24460525,13,26,3581569,1,3,352956,8,75,7227830
201812,30,449000,063,0455,50200 ,00000 ,66788 ,999,33540, ,1,59802      ,4,8,12,Missoula,275,275,70343707,9,18,2851047,10,38,2836419,6,131,13226724,275,275,70343707,9,18,2851047,10,38,2836419,6,131,13226724
201812,30,453000,063,    ,99990 ,00000 ,42511 ,999,33540, , ,59808      ,4,8,12,Missoula County Unincorporated Area,184,184,28468237,7,14,1539800,0,0,0,2,29,1328000,184,184,28468237,7,14,1539800,0,0,0,2,29,1328000
201812,30,457000,027,0470,51550 ,00000 ,193 ,999,99999, , ,594640098  ,4,8,0,Moore town,0,0,0,0,0,0,0,0,0,0,0,0,0,0,0,0,0,0,0,0,0,0,0,0
201812,30,513000,047,0530,58750 ,00000 ,4488 ,999,99999, , ,59860      ,4,8,12,Polson,8,8,1970000,0,0,0,0,0,0,0,0,0,8,8,1970000,0,0,0,0,0,0,0,0,0
201812,30,601000,083,0590,67900 ,00000 ,5191 ,999,99999, , ,59270      ,4,8,10,Sidney,3,3,906000,0,0,0,0,0,0,0,0,0,2,2,356000,0,0,0,0,0,0,0,0,0
201812,30,681000,057,0655,77125 ,00000 ,190 ,999,99999, , ,59755      ,4,8,0,Virginia City town,0,0,0,0,0,0,0,0,0,0,0,0,0,0,0,0,0,0,0,0,0,0,0,0
201812,30,705000,029,0670,79825 ,00000 ,6357 ,999,99999, , ,59937      ,4,8,12,Whitefish,111,111,39760393,1,2,615000,3,11,2750000,1,43,2750000,111,111,39760393,1,2,615000,3,11,2750000,1,43,2750000
201812,32,001000,003,0010,06500 ,00000 ,15023 ,332,29820, , ,89005      ,4,8,12,Boulder City,74,74,17339731,0,0,0,0,0,0,0,0,0,74,74,17339731,0,0,0,0,0,0,0,0,0
201812,32,005000,017,0015,08500 ,00000 ,1130 ,999,99999, , ,890081006  ,4,8,12,Caliente,0,0,0,0,0,0,0,0,0,0,0,0,0,0,0,0,0,0,0,0,0,0,0,0
201812,32,009000,007,0020,08900 ,00000 ,2368 ,999,99999, , ,89822      ,4,8,12,Carlin,0,0,0,0,0,0,0,0,0,0,0,0,0,0,0,0,0,0,0,0,0,0,0,0
201812,32,013000,510,0025,09700 ,00000 ,55274 ,456,16180, ,1,89701      ,4,8,12,Carson City,180,180,46921444,0,0,0,0,0,0,8,130,12979796,180,180,46921444,0,0,0,0,0,0,8,130,12979796
201812,32,017000,001,    ,99990 ,00000 ,16271 ,999,99999, , ,894062748  ,4,8,12,Churchill County Unincorporated Area,54,54,11426306,0,0,0,0,0,0,0,0,0,54,54,11426306,0,0,0,0,0,0,0,0,0
201812,32,021000,003,    ,99990 ,00000 ,862524 ,332,29820, , ,89118      ,4,8,12,Clark County Unincorporated Area,3572,3572,968386682,8,16,2080520,0,0,0,19,346,39178062,3572,3572,968386682,8,16,2080520,0,0,0,19,346,39178062
201812,32,025000,005,    ,00000 ,00000 ,46997 ,999,99999, , ,89423      ,4,8,12,Douglas County,235,235,97575664,0,0,0,0,0,0,0,0,0,235,235,97575664,0,0,0,0,0,0,0,0,0
201812,32,029000,007,0035,22500 ,00000 ,18297 ,999,99999, , ,89801      ,4,8,12,Elko,59,59,11164348,0,0,0,0,0,0,0,0,0,59,59,11164348,0,0,0,0,0,0,0,0,0
201812,32,033000,007,    ,99990 ,00000 ,22451 ,999,99999, , ,89801      ,4,8,12,Elko County Unincorporated Area,100,100,13243630,0,0,0,0,0,0,0,0,0,100,100,13243630,0,0,0,0,0,0,0,0,0
201812,32,049000,001,0045,24100 ,00000 ,8606 ,999,99999, , ,89406      ,4,8,11,Fallon,19,19,3842820,0,0,0,0,0,0,0,0,0,19,19,3842820,0,0,0,0,0,0,0,0,0
201812,32,050000,019,0048,24900 ,00000 ,19368 ,999,99999, , ,89408      ,4,8,12,Fernley,205,205,49015155,0,0,0,0,0,0,0,0,0,205,205,49015155,0,0,0,0,0,0,0,0,0
201812,32,057000,003,0058,31900 ,00000 ,257729 ,332,29820, ,1,89015      ,4,8,12,Henderson,2241,2241,607629826,29,58,2752084,6,24,1132563,67,1460,78104458,2241,2241,607629826,29,58,2752084,6,24,1132563,67,1460,78104458
201812,32,061000,013,    ,99990 ,00000 ,9132 ,999,99999, , ,89445      ,4,8,11,Humboldt County Unincorporated Area,4,4,614363,0,0,0,0,0,0,0,0,0,3,3,474119,0,0,0,0,0,0,0,0,0
201812,32,065000,015,    ,00000 ,00000 ,5775 ,999,99999, , ,89820      ,4,8,12,Lander County,2,2,331231,0,0,0,0,0,0,0,0,0,2,2,331231,0,0,0,0,0,0,0,0,0
201812,32,069000,003,0065,40000 ,00000 ,583756 ,332,29820, ,1,89107      ,4,8,12,Las Vegas,1794,1794,472878891,3,6,1049152,0,0,0,13,173,19837916,1794,1794,472878891,3,6,1049152,0,0,0,13,173,19837916
201812,32,073000,017,    ,99990 ,00000 ,4215 ,999,99999, , ,89043      ,4,8,0,Lincoln County Unincorporated Area,9,9,2450312,0,0,0,0,0,0,0,0,0,0,0,0,0,0,0,0,0,0,0,0,0
201812,32,077000,027,0070,43000 ,00000 ,1894 ,999,99999, , ,89419      ,4,8,11,Lovelock,3,3,197012,0,0,0,0,0,0,0,0,0,2,2,131342,0,0,0,0,0,0,0,0,0
201812,32,081000,019,    ,99990 ,00000 ,29564 ,999,99999, , ,89447      ,4,8,12,Lyon County Unincorporated Area,121,121,31641465,0,0,0,0,0,0,0,0,0,121,121,31641465,0,0,0,0,0,0,0,0,0
201812,32,085000,003,0074,46000 ,00000 ,15276 ,332,29820, , ,890274706  ,4,8,12,Mesquite,340,340,76842792,0,0,0,0,0,0,0,0,0,340,340,76842792,0,0,0,0,0,0,0,0,0
201812,32,089000,021,    ,00000 ,00000 ,4772 ,999,99999, , ,89415      ,4,8,12,Mineral County,0,0,0,0,0,0,0,0,0,0,0,0,0,0,0,0,0,0,0,0,0,0,0,0
201812,32,093000,003,0085,51800 ,00000 ,216961 ,332,29820, , ,89030      ,4,8,12,North Las Vegas,1568,1568,205402682,0,0,0,10,30,3778985,19,242,25907376,1568,1568,205402682,0,0,0,10,30,3778985,19,242,25907376
201812,32,101000,027,    ,99990 ,00000 ,4859 ,999,99999, , ,89419      ,4,8,12,Pershing County Unincorporated Area,0,0,0,0,0,0,0,0,0,0,0,0,0,0,0,0,0,0,0,0,0,0,0,0
201812,32,105000,031,1800,60600 ,00000 ,225221 ,456,39900, ,1,89505      ,4,8,12,Reno,1351,1351,362502115,9,18,2076430,5,20,2166023,109,1845,203630718,1351,1351,362502115,9,18,2076430,5,20,2166023,109,1845,203630718
201812,32,109000,031,0100,68400 ,00000 ,90264 ,456,39900, , ,89431      ,4,8,12,Sparks,359,359,91508954,0,0,0,0,0,0,9,305,41295840,359,359,91508954,0,0,0,0,0,0,9,305,41295840
201812,32,113000,029,    ,00000 ,00000 ,4010 ,456,39900, , ,89440      ,4,8,4,Storey County,8,8,1494245,0,0,0,0,0,0,0,0,0,1,1,162625,0,0,0,0,0,0,0,0,0
201812,32,117000,031,    ,99990 ,00000 ,105922 ,456,39900, , ,895200027  ,4,8,12,Washoe County Unincorporated Area,537,537,161158445,1,2,486684,0,0,0,0,0,0,537,537,161158445,1,2,486684,0,0,0,0,0,0
201812,32,121000,007,0120,83000 ,00000 ,1292 ,999,99999, , ,89835      ,4,8,4,Wells,3,3,200000,0,0,0,0,0,0,0,0,0,3,3,200000,0,0,0,0,0,0,0,0,0
201812,32,122000,007,0122,83730 ,00000 ,4410 ,999,99999, , ,89883      ,4,8,12,West Wendover,8,8,1380000,0,0,0,0,0,0,0,0,0,8,8,1380000,0,0,0,0,0,0,0,0,0
201812,32,125000,033,    ,99990 ,00000 ,5775 ,999,99999, , ,89301      ,4,8,7,White Pine County,8,8,2417963,0,0,0,0,0,0,0,0,0,4,4,993807,0,0,0,0,0,0,0,0,0
201812,32,129000,013,0130,84800 ,00000 ,7396 ,999,99999, , ,89445      ,4,8,5,Winnemucca,9,9,1254544,0,0,0,0,0,0,0,0,0,5,5,850436,0,0,0,0,0,0,0,0,0
201812,32,133000,019,0135,85400 ,00000 ,3048 ,999,99999, , ,89447      ,4,8,11,Yerington,5,5,1150000,0,0,0,0,0,0,0,0,0,5,5,1150000,0,0,0,0,0,0,0,0,0
201812,35,005000,001,0015,02000 ,00000 ,545852 ,106,10740, ,1,871031293  ,4,8,8,Albuquerque,1251,1251,246954030,0,0,0,0,0,0,4,59,5820864,837,837,167080596,0,0,0,0,0,0,0,0,0
201812,35,009000,007,0021,03400 ,00000 ,1216 ,999,99999,2, ,87710      ,4,8,1,Angel Fire village,13,13,5893667,0,0,0,0,0,0,0,0,0,0,0,0,0,0,0,0,0,0,0,0,0
201812,35,013000,015,0023,05220 ,00000 ,11301 ,999,99999, , ,882111310  ,4,8,12,Artesia,40,40,11381550,0,0,0,0,0,0,0,0,0,40,40,11381550,0,0,0,0,0,0,0,0,0
201812,35,021000,000,    ,00000 ,00000 ,99999 ,999,99999,2, ,87504      ,4,8,0,Balance of State,423,423,114651180,0,0,0,0,0,0,0,0,0,0,0,0,0,0,0,0,0,0,0,0,0
201812,35,033000,001,    ,99990 ,00000 ,110013 ,106,10740,2, ,87102      ,4,8,12,Bernalillo County Unincorporated Area,167,167,68525927,1,2,167125,0,0,0,0,0,0,167,167,68525927,1,2,167125,0,0,0,0,0,0
201812,35,037000,043,0040,06970 ,00000 ,8320 ,106,10740, , ,87144      ,4,8,0,Bernalillo town,104,104,22358577,0,0,0,0,0,0,12,69,2874996,0,0,0,0,0,0,0,0,0,0,0,0
201812,35,053000,015,0055,12150 ,00000 ,26138 ,999,99999, , ,88220      ,4,8,12,Carlsbad,138,138,26929970,0,0,0,0,0,0,15,106,8000000,138,138,26929970,0,0,0,0,0,0,15,106,8000000
201812,35,077000,005,    ,99990 ,00000 ,14320 ,999,99999,2, ,88202      ,4,8,4,Chaves County Unincorporated Area,16,16,2339538,0,0,0,0,0,0,0,0,0,3,3,606417,0,0,0,0,0,0,0,0,0
201812,35,093000,035,0080,16280 ,00000 ,674 ,999,99999, , ,88317      ,4,8,12,Cloudcroft village,0,0,0,0,0,0,0,0,0,0,0,0,0,0,0,0,0,0,0,0,0,0,0,0
201812,35,097000,009,0085,16420 ,00000 ,37775 ,999,99999, , ,881020760  ,4,8,0,Clovis,56,56,14102711,1,2,285889,0,0,0,10,52,4793754,0,0,0,0,0,0,0,0,0,0,0,0
201812,35,117000,043,0094,17960 ,00000 ,8329 ,106,10740, , ,870488607  ,4,8,5,Corrales village,28,28,10647736,0,0,0,0,0,0,0,0,0,11,11,4692184,0,0,0,0,0,0,0,0,0
201812,35,133000,029,0116,20270 ,00000 ,14855 ,999,99999, , ,88031      ,4,8,12,Deming,8,8,1366000,0,0,0,0,0,0,0,0,0,8,8,1366000,0,0,0,0,0,0,0,0,0
201812,35,145000,013,    ,99990 ,00000 ,93665 ,238,29740,2, ,88007      ,4,8,11,Dona Ana County Unincorporated Area,173,173,47745247,0,0,0,0,0,0,0,0,0,163,163,44876144,0,0,0,0,0,0,0,0,0
201812,35,185000,045,0143,25800 ,00000 ,45877 ,999,22140, ,1,87401      ,4,8,11,Farmington,42,42,8189066,2,4,394000,0,0,0,0,0,0,38,38,7437854,2,4,394000,0,0,0,0,0,0
201812,35,201000,031,0150,28460 ,00000 ,21678 ,999,99999, , ,87305      ,4,8,12,Gallup,4,4,657500,0,0,0,0,0,0,0,0,0,4,4,657500,0,0,0,0,0,0,0,0,0
201812,35,241000,025,0180,32520 ,00000 ,34122 ,999,99999, , ,88240      ,4,8,12,Hobbs,166,166,35129511,0,0,0,0,0,0,0,0,0,166,166,35129511,0,0,0,0,0,0,0,0,0
201812,35,269000,013,0220,39380 ,00000 ,97618 ,238,29740, ,1,88004      ,4,8,11,Las Cruces,525,525,113956287,1,2,78720,0,0,0,17,139,8785429,487,487,106892703,1,2,78720,0,0,0,15,120,7380000
201812,35,273000,047,0225,39940 ,00000 ,13753 ,999,99999, , ,877010160  ,4,8,0,Las Vegas,1,1,140000,0,0,0,0,0,0,0,0,0,0,0,0,0,0,0,0,0,0,0,0,0
201812,35,293000,028,    ,00000 ,00000 ,17950 ,999,99999, , ,87544      ,4,8,8,Los Alamos County,8,8,2471016,0,0,0,2,6,1147200,0,0,0,6,6,1823985,0,0,0,1,3,809700,0,0,0
201812,35,297000,061,0245,43370 ,00000 ,14835 ,106,10740, , ,87031      ,4,8,12,Los Lunas village,118,118,20126770,0,0,0,1,3,313750,0,0,0,118,118,20126770,0,0,0,1,3,313750,0,0,0
201812,35,313000,029,    ,99990 ,00000 ,8576 ,999,99999, , ,88030      ,4,8,1,Luna County Unincorporated Area,11,11,2016517,0,0,0,0,0,0,0,0,0,0,0,0,0,0,0,0,0,0,0,0,0
201812,35,369000,041,0323,59260 ,00000 ,12280 ,999,99999, , ,87505      ,4,8,0,Portales,21,21,3232039,0,0,0,0,0,0,0,0,0,0,0,0,0,0,0,0,0,0,0,0,0
201812,35,397000,043,0355,63460 ,00000 ,87391 ,106,10740,2, ,871444501  ,4,8,8,Rio Rancho,554,554,119498273,1,2,283271,5,18,2089454,1,6,746566,364,364,79752416,0,0,0,3,12,1586334,1,6,746566
201812,35,405000,005,0362,64930 ,00000 ,48366 ,999,99999, , ,88201      ,4,8,12,Roswell,41,41,7149779,0,0,0,0,0,0,0,0,0,41,41,7149779,0,0,0,0,0,0,0,0,0
201812,35,413000,027,0365,65280 ,00000 ,2815 ,999,99999, , ,88346      ,4,8,11,Ruidoso Downs,0,0,0,0,0,0,0,0,0,0,0,0,0,0,0,0,0,0,0,0,0,0,0,0
201812,35,417000,027,0364,65210 ,00000 ,8029 ,999,99999, , ,88345      ,4,8,2,Ruidoso village,89,89,26827401,0,0,0,0,0,0,0,0,0,15,15,8138012,0,0,0,0,0,0,0,0,0
201812,35,425000,045,    ,99990 ,00000 ,69292 ,999,22140,2, ,87410      ,4,8,12,San Juan County Unincorporated Area,26,26,7384201,0,0,0,0,0,0,0,0,0,26,26,7384201,0,0,0,0,0,0,0,0,0
201812,35,441000,049,0381,70500 ,00000 ,67947 ,106,42140, ,1,87504      ,4,8,12,Santa Fe,243,243,63889564,0,0,0,0,0,0,6,30,2064000,243,243,63889564,0,0,0,0,0,0,6,30,2064000
201812,35,457000,017,0392,73260 ,00000 ,10315 ,999,99999, , ,88031      ,4,8,0,Silver City town,9,9,1454883,0,0,0,0,0,0,0,0,0,0,0,0,0,0,0,0,0,0,0,0,0
201812,35,461000,053,0396,73540 ,00000 ,9051 ,999,99999,2, ,87801      ,4,8,0,Socorro,2,2,358666,0,0,0,0,0,0,0,0,0,0,0,0,0,0,0,0,0,0,0,0,0
201812,35,469000,013,0400,75640 ,00000 ,14106 ,238,29740, , ,880630470  ,4,8,12,Sunland Park,142,142,26848230,0,0,0,0,0,0,0,0,0,142,142,26848230,0,0,0,0,0,0,0,0,0
201812,35,473000,055,    ,99990 ,00000 ,24905 ,999,99999, , ,87571      ,4,8,0,Taos County Unincorporated Area,100,100,10965579,0,0,0,0,0,0,0,0,0,0,0,0,0,0,0,0,0,0,0,0,0
201812,35,475000,055,0408,76480 ,00000 ,69 ,999,99999, , ,87525      ,4,8,7,Taos Ski Valley village,10,10,1562642,0,0,0,0,0,0,0,0,0,9,9,1295817,0,0,0,0,0,0,0,0,0
201812,35,497000,051,0428,79840 ,00000 ,6475 ,999,99999, , ,87901      ,4,8,8,Truth or Consequences,0,0,0,0,0,0,0,0,0,0,0,0,0,0,0,0,0,0,0,0,0,0,0,0
201812,41,009000,043,0010,01000 ,00000 ,43695 ,440,10540,2,1,97321      ,4,9,12,Albany,155,155,40140904,1,2,367252,0,0,0,4,67,7616707,155,155,40140904,1,2,367252,0,0,0,4,67,7616707
201812,41,011000,071,0025,02000 ,00000 ,1614 ,440,38900,2, ,97101      ,4,9,10,Amity,3,3,591276,1,2,200000,0,0,0,0,0,0,3,3,591276,1,2,200000,0,0,0,0,0,0
201812,41,025000,047,0060,03300 ,00000 ,918 ,440,41420, , ,97002      ,4,9,10,Aurora,3,3,797800,0,0,0,0,0,0,0,0,0,3,3,797800,0,0,0,0,0,0,0,0,0
201812,41,030000,000,    ,00000 ,00000 ,99999 ,999,99999,2, ,973090404  ,4,9,1,Balance of State,176,176,21268640,0,0,0,0,0,0,0,0,0,7,7,1443651,0,0,0,0,0,0,0,0,0
201812,41,039000,067,0095,05350 ,00000 ,89803 ,440,38900, ,1,970764755  ,4,9,12,Beaverton,125,125,37854049,0,0,0,0,0,0,0,0,0,125,125,37854049,0,0,0,0,0,0,0,0,0
201812,41,041000,017,0100,05800 ,00000 ,76639 ,140,13460, ,1,97703      ,4,9,12,Bend,865,865,217619756,25,50,7837726,1,3,541400,0,0,0,865,865,217619756,25,50,7837726,1,3,541400,0,0,0
201812,41,045000,049,0105,07200 ,00000 ,3220 ,999,99999, , ,97818      ,4,9,6,Boardman,7,7,1414504,0,0,0,0,0,0,0,0,0,4,4,936883,0,0,0,0,0,0,0,0,0
201812,41,051000,043,0125,09050 ,00000 ,1668 ,440,10540, , ,97327      ,4,9,11,Brownsville,2,2,573000,0,0,0,0,0,0,0,0,0,2,2,573000,0,0,0,0,0,0,0,0,0
201812,41,071000,029,0180,12400 ,00000 ,17169 ,366,32780, , ,97502      ,4,9,11,Central Point,38,38,8815708,0,0,0,0,0,0,8,100,9894189,36,36,8400435,0,0,0,0,0,0,8,100,9894189
201812,41,077000,005,    ,99990 ,00000 ,170591 ,440,38900,2, ,97045      ,4,9,12,Clackamas County Unincorporated Area,547,547,169514062,2,4,661495,1,3,825818,10,283,39593997,547,547,169514062,2,4,661495,1,3,825818,10,283,39593997
201812,41,085000,009,0200,14750 ,00000 ,1946 ,440,38900, , ,97018      ,4,9,12,Columbia City,2,2,449518,0,0,0,0,0,0,0,0,0,2,2,449518,0,0,0,0,0,0,0,0,0
201812,41,087000,009,    ,99990 ,00000 ,22092 ,440,38900,2, ,97051      ,4,9,1,Columbia County Unincorporated Area,41,41,12559556,0,0,0,0,0,0,0,0,0,2,2,565149,0,0,0,0,0,0,0,0,0
201812,41,097000,067,0220,15550 ,00000 ,11869 ,440,38900, , ,97116      ,4,9,12,Cornelius,34,34,7573048,1,2,455080,0,0,0,0,0,0,34,34,7573048,1,2,455080,0,0,0,0,0,0
201812,41,099000,003,0225,15800 ,00000 ,54462 ,440,18700, ,1,973391083  ,4,9,12,Corvallis,45,45,12715817,1,2,230273,4,14,2710775,8,156,23590304,45,45,12715817,1,2,230273,4,14,2710775,8,156,23590304
201812,41,115000,071,0260,18250 ,00000 ,2534 ,440,38900, , ,97114      ,4,9,12,Dayton,7,7,2159559,0,0,0,0,0,0,0,0,0,7,7,2159559,0,0,0,0,0,0,0,0,0
201812,41,121000,017,    ,99990 ,00000 ,51188 ,140,13460,2, ,97701      ,4,9,12,Deschutes County Unincorporated Area,531,531,162782410,0,0,0,0,0,0,2,22,2928885,531,531,162782410,0,0,0,0,0,0,2,22,2928885
201812,41,127000,019,    ,99990 ,00000 ,58441 ,999,99999,2, ,97470      ,4,9,12,Douglas County Unincorporated Area,274,274,71113834,4,8,1162018,0,0,0,0,0,0,274,274,71113834,4,8,1162018,0,0,0,0,0,0
201812,41,133000,071,0310,21050 ,00000 ,3162 ,440,38900, , ,971150220  ,4,9,11,Dundee,4,4,1253283,0,0,0,0,0,0,0,0,0,3,3,942239,0,0,0,0,0,0,0,0,0
201812,41,137000,067,0313,21250 ,00000 ,1351 ,440,38900, , ,97224      ,4,9,12,Durham,1,1,410342,0,0,0,0,0,0,0,0,0,1,1,410342,0,0,0,0,0,0,0,0,0
201812,41,149000,005,0355,23800 ,00000 ,2695 ,440,38900, , ,97401      ,4,9,12,Estacada,112,112,20301486,0,0,0,0,0,0,0,0,0,112,112,20301486,0,0,0,0,0,0,0,0,0
201812,41,151000,039,0360,23850 ,00000 ,156185 ,999,21660, ,1,97401      ,4,9,12,Eugene,382,382,90770732,18,36,5593441,0,0,0,26,416,54185832,382,382,90770732,18,36,5593441,0,0,0,26,416,54185832
201812,41,153000,051,0370,24250 ,00000 ,8920 ,440,38900, , ,97024      ,4,9,12,Fairview,3,3,1095852,0,0,0,0,0,0,7,172,20516887,3,3,1095852,0,0,0,0,0,0,7,172,20516887
201812,41,157000,039,0380,26050 ,00000 ,8466 ,999,21660, , ,97439      ,4,9,11,Florence,40,40,9083295,0,0,0,0,0,0,0,0,0,38,38,8641015,0,0,0,0,0,0,0,0,0
201812,41,159000,067,0385,26200 ,00000 ,21083 ,440,38900, , ,97116      ,4,9,12,Forest Grove,167,167,48522059,3,6,892943,0,0,0,7,78,6320618,167,167,48522059,3,6,892943,0,0,0,7,78,6320618
201812,41,195000,051,0465,31250 ,00000 ,105594 ,440,38900, , ,97030      ,4,9,12,Gresham,190,190,51915901,0,0,0,3,11,2179029,10,147,18290959,190,190,51915901,0,0,0,3,11,2179029,10,147,18290959
201812,41,201000,043,0480,31750 ,00000 ,904 ,440,10540, , ,97348      ,4,9,12,Halsey,2,2,405832,0,0,0,0,0,0,0,0,0,2,2,405832,0,0,0,0,0,0,0,0,0
201812,41,205000,005,0487,32050 ,00000 ,13903 ,440,38900, , ,97086      ,4,9,12,Happy Valley,163,163,54677819,0,0,0,0,0,0,0,0,0,163,163,54677819,0,0,0,0,0,0,0,0,0
201812,41,207000,025,    ,00000 ,00000 ,3053 ,999,99999, , ,97720      ,4,9,12,Harney County,7,7,2064296,0,0,0,0,0,0,0,0,0,7,7,2064296,0,0,0,0,0,0,0,0,0
201812,41,209000,043,0495,32550 ,00000 ,3567 ,440,10540, , ,97446      ,4,9,12,Harrisburg,6,6,921095,0,0,0,0,0,0,0,0,0,6,6,921095,0,0,0,0,0,0,0,0,0
201812,41,217000,067,0520,34100 ,00000 ,91611 ,440,38900, ,1,97123      ,4,9,12,Hillsboro,220,220,59558000,0,0,0,0,0,0,3,150,18321326,220,220,59558000,0,0,0,0,0,0,3,150,18321326
201812,41,223000,027,    ,99990 ,00000 ,14035 ,999,99999,2, ,97031      ,4,9,12,Hood River County Unincorporated Area,65,65,20515732,1,2,389670,0,0,0,0,0,0,65,65,20515732,1,2,389670,0,0,0,0,0,0
201812,41,243000,029,    ,99990 ,00000 ,62516 ,366,32780,2, ,97501      ,4,9,12,Jackson County Unincorporated Area,137,137,37234482,6,12,1129908,0,0,0,0,0,0,137,137,37234482,6,12,1129908,0,0,0,0,0,0
201812,41,245000,029,0580,37000 ,00000 ,2785 ,366,32780, , ,97530      ,4,9,0,Jacksonville,0,0,0,0,0,0,0,0,0,0,0,0,0,0,0,0,0,0,0,0,0,0,0,0
201812,41,265000,067,0617,39150 ,00000 ,3111 ,440,38900, , ,97224      ,4,9,12,King City,17,17,3492434,0,0,0,0,0,0,0,0,0,17,17,3492434,0,0,0,0,0,0,0,0,0
201812,41,267000,035,    ,00000 ,00000 ,42742 ,999,99999, , ,97601      ,4,9,12,Klamath County,138,138,34556933,0,0,0,0,0,0,0,0,0,138,138,34556933,0,0,0,0,0,0,0,0,0
201812,41,273000,071,0625,40300 ,00000 ,3742 ,440,38900, , ,97127      ,4,9,2,Lafayette,10,10,1910237,0,0,0,0,0,0,0,0,0,0,0,0,0,0,0,0,0,0,0,0,0
201812,41,275000,037,    ,99990 ,00000 ,5358 ,999,99999,2, ,97630      ,4,9,11,Lake County Unincorporated Area,14,14,3245818,0,0,0,0,0,0,0,0,0,13,13,2979030,0,0,0,0,0,0,0,0,0
201812,41,277000,005,0633,40550 ,00000 ,34066 ,440,38900,2, ,97034      ,4,9,0,Lake Oswego,111,111,58147872,0,0,0,0,0,0,11,112,16286704,0,0,0,0,0,0,0,0,0,0,0,0
201812,41,287000,039,    ,99990 ,00000 ,96150 ,999,21660,2, ,97401      ,4,9,0,Lane County Unincorporated Area,222,222,56740283,0,0,0,0,0,0,0,0,0,0,0,0,0,0,0,0,0,0,0,0,0
201812,41,289000,043,0640,41650 ,00000 ,15518 ,440,10540, , ,97355      ,4,9,0,Lebanon,40,40,7857523,0,0,0,0,0,0,6,30,2512098,0,0,0,0,0,0,0,0,0,0,0,0
201812,41,297000,043,    ,99990 ,00000 ,35738 ,440,10540,2, ,97321      ,4,9,11,Linn County Unincorporated Area,78,78,23760784,0,0,0,0,0,0,0,0,0,72,72,22044209,0,0,0,0,0,0,0,0,0
201812,41,307000,043,0670,44300 ,00000 ,1161 ,440,10540, , ,97358      ,4,9,12,Lyons,6,6,1292788,0,0,0,0,0,0,0,0,0,6,6,1292788,0,0,0,0,0,0,0,0,0
201812,41,317000,047,    ,99990 ,00000 ,83664 ,440,41420,2, ,973095036  ,4,9,12,Marion County Unincorporated Area,268,268,77631276,2,4,635851,3,12,375705,0,0,0,268,268,77631276,2,4,635851,3,12,375705,0,0,0
201812,41,323000,071,0675,45000 ,00000 ,32187 ,440,38900, , ,97128      ,4,9,11,McMinnville,98,98,26524538,1,2,360772,3,10,1269424,10,98,10499196,94,94,25577763,1,2,360772,3,10,1269424,10,98,10499196
201812,41,325000,029,0720,47000 ,00000 ,74907 ,366,32780, ,1,97501      ,4,9,12,Medford,322,322,76140571,1,2,382956,0,0,0,14,132,15367148,322,322,76140571,1,2,382956,0,0,0,14,132,15367148
201812,41,331000,043,0740,48150 ,00000 ,1531 ,440,10540,2, ,97360      ,4,9,12,Mill City,6,6,1385093,0,0,0,0,0,0,0,0,0,6,6,1385093,0,0,0,0,0,0,0,0,0
201812,41,339000,005,0750,48650 ,00000 ,20291 ,440,38900,2, ,97206      ,4,9,11,Milwaukie,17,17,4975045,0,0,0,1,3,587010,0,0,0,16,16,4680530,0,0,0,1,3,587010,0,0,0
201812,41,365000,051,    ,99990 ,00000 ,16199 ,440,38900,2, ,97030      ,4,9,12,Multnomah County Part 2 Unincorporated Area,12,12,4112030,0,0,0,0,0,0,0,0,0,12,12,4112030,0,0,0,0,0,0,0,0,0
201812,41,375000,071,0820,52100 ,00000 ,22068 ,440,38900, , ,97132      ,4,9,2,Newberg,105,105,24767615,0,0,0,0,0,0,0,0,0,27,27,5710264,0,0,0,0,0,0,0,0,0
201812,41,391000,045,0865,54900 ,00000 ,11366 ,999,99999, , ,97914      ,4,9,7,Ontario,2,2,442326,0,0,0,0,0,0,0,0,0,1,1,232131,0,0,0,0,0,0,0,0,0
201812,41,393000,005,0870,55200 ,00000 ,31859 ,440,38900, , ,970450021  ,4,9,12,Oregon City,100,100,33093662,0,0,0,0,0,0,2,46,6130026,100,100,33093662,0,0,0,0,0,0,2,46,6130026
201812,41,411000,051,0905,59000 ,00000 ,581485 ,440,38900,2,1,972015350  ,4,9,12,Portland,965,965,261393428,113,226,41395520,10,33,4677320,79,4755,643535638,965,965,261393428,113,226,41395520,10,33,4677320,79,4755,643535638
201812,41,425000,017,0945,61200 ,00000 ,26215 ,140,13460, ,1,977562213  ,4,9,11,Redmond,423,423,98555391,2,4,812513,0,0,0,4,84,8387667,400,400,92802986,2,4,812513,0,0,0,4,84,8387667
201812,41,427000,019,0950,61300 ,00000 ,4154 ,999,99999, , ,97401      ,4,9,12,Reedsport,2,2,295527,0,0,0,0,0,0,0,0,0,2,2,295527,0,0,0,0,0,0,0,0,0
201812,41,445000,047,1005,64900 ,00000 ,130398 ,440,41420,2,1,97301      ,4,9,12,Salem,489,489,136234024,22,44,6695528,2,6,614805,27,322,35683229,489,489,136234024,22,44,6695528,2,6,614805,27,322,35683229
201812,41,449000,005,1015,65250 ,00000 ,9570 ,440,38900, , ,97055      ,4,9,12,Sandy,42,42,10601874,1,2,240000,1,3,360000,0,0,0,42,42,10601874,1,2,240000,1,3,360000,0,0,0
201812,41,451000,009,1020,65500 ,00000 ,6592 ,440,38900, , ,97056      ,4,9,10,Scappoose,22,22,5655943,0,0,0,2,8,690231,4,32,2760927,9,9,2266592,0,0,0,2,8,690231,4,32,2760927
201812,41,453000,043,1025,65650 ,00000 ,838 ,440,10540, , ,97374      ,4,9,11,Scio,4,4,1068730,0,0,0,0,0,0,0,0,0,4,4,1068730,0,0,0,0,0,0,0,0,0
201812,41,465000,071,1045,67050 ,00000 ,6127 ,440,38900,2, ,97378      ,4,9,6,Sheridan,6,6,1217334,0,0,0,0,0,0,0,0,0,5,5,1059697,0,0,0,0,0,0,0,0,0
201812,41,469000,067,1050,67100 ,00000 ,18194 ,440,38900, , ,97140      ,4,9,12,Sherwood,37,37,12957520,1,2,282332,1,4,715009,0,0,0,37,37,12957520,1,2,282332,1,4,715009,0,0,0
201812,41,481000,039,1085,69600 ,00000 ,59403 ,999,21660, , ,97477      ,4,9,12,Springfield,51,51,12613161,8,16,2609812,1,4,598622,7,76,6633828,51,51,12613161,8,16,2609812,1,4,598622,7,76,6633828
201812,41,483000,009,0995,64600 ,00000 ,12883 ,440,38900, , ,97051      ,4,9,11,St. Helens,10,10,2154233,0,0,0,0,0,0,0,0,0,9,9,1937572,0,0,0,0,0,0,0,0,0
201812,41,499000,043,1120,71950 ,00000 ,8925 ,440,10540, , ,97386      ,4,9,12,Sweet Home,28,28,1953168,0,0,0,0,0,0,0,0,0,28,28,1953168,0,0,0,0,0,0,0,0,0
201812,41,503000,043,1123,72600 ,00000 ,1164 ,440,10540, , ,973890251  ,4,9,11,Tangent,2,2,626060,0,0,0,0,0,0,0,0,0,1,1,367531,0,0,0,0,0,0,0,0,0
201812,41,505000,067,1132,73650 ,00000 ,48035 ,440,38900, , ,97223      ,4,9,12,Tigard,191,191,63577617,0,0,0,0,0,0,9,177,21459455,191,191,63577617,0,0,0,0,0,0,9,177,21459455
201812,41,509000,057,    ,99990 ,00000 ,15655 ,999,99999,2, ,97141      ,4,9,11,Tillamook County Unincorporated Area,126,126,33409716,0,0,0,0,0,0,0,0,0,120,120,31766593,0,0,0,0,0,0,0,0,0
201812,41,511000,041,1140,74000 ,00000 ,3465 ,999,99999, , ,97365      ,4,9,12,Toledo,1,1,200000,0,0,0,0,0,0,0,0,0,1,1,200000,0,0,0,0,0,0,0,0,0
201812,41,513000,051,1145,74850 ,00000 ,15962 ,440,38900,2, ,970602012  ,4,9,12,Troutdale,9,9,2953515,0,0,0,0,0,0,0,0,0,9,9,2953515,0,0,0,0,0,0,0,0,0
201812,41,517000,067,1150,74950 ,00000 ,23192 ,440,38900,2, ,970627092  ,4,9,11,Tualatin,100,100,31569021,0,0,0,0,0,0,0,0,0,99,99,31330240,0,0,0,0,0,0,0,0,0
201812,41,551000,067,    ,99990 ,00000 ,213376 ,440,38900,2, ,97124      ,4,9,12,Washington County Unincorporated Area,407,407,122093225,0,0,0,0,0,0,10,172,21190068,407,407,122093225,0,0,0,0,0,0,10,172,21190068
201812,41,555000,005,1215,80150 ,00000 ,25109 ,440,38900, , ,97068      ,4,9,11,West Linn,27,27,11362915,0,0,0,0,0,0,0,0,0,23,23,9736353,0,0,0,0,0,0,0,0,0
201812,41,569000,005,1233,82800 ,00000 ,17371 ,440,38900,2, ,97070      ,4,9,12,Wilsonville,118,118,26770419,0,0,0,0,0,0,3,56,10696860,118,118,26770419,0,0,0,0,0,0,3,56,10696860
201812,41,575000,051,1245,83950 ,00000 ,3878 ,440,38900, , ,970601095  ,4,9,12,Wood Village,46,46,12203484,0,0,0,0,0,0,0,0,0,46,46,12203484,0,0,0,0,0,0,0,0,0
201812,41,583000,071,    ,99990 ,00000 ,23546 ,440,38900,2, ,97128      ,4,9,11,Yamhill County Unincorporated Area,130,130,45336874,2,4,584354,0,0,0,1,24,2446331,119,119,40604662,2,4,584354,0,0,0,1,24,2446331
201812,49,001000,049,0005,00540 ,00000 ,9555 ,482,39340, , ,84004      ,4,8,11,Alpine,41,41,25813475,0,0,0,0,0,0,0,0,0,39,39,24444000,0,0,0,0,0,0,0,0,0
201812,49,003000,035,0007,00650 ,00000 ,383 ,482,41620, , ,84092      ,4,8,12,Alta town,0,0,0,0,0,0,0,0,0,0,0,0,0,0,0,0,0,0,0,0,0,0,0,0
201812,49,011000,049,0025,01310 ,00000 ,26263 ,482,39340, , ,84003      ,4,8,12,American Fork,241,241,76539272,1,2,300000,0,0,0,14,96,11150000,241,241,76539272,1,2,300000,0,0,0,14,96,11150000
201812,49,033000,035,0070,06810 ,00000 ,7598 ,482,41620,2, ,84065      ,4,8,0,Bluffdale,531,531,117242887,0,0,0,0,0,0,0,0,0,0,0,0,0,0,0,0,0,0,0,0,0
201812,49,037000,011,0075,07690 ,00000 ,42552 ,482,36260, , ,84010      ,4,8,11,Bountiful,44,44,20058837,0,0,0,0,0,0,5,60,5963600,42,42,19178141,0,0,0,0,0,0,5,60,5963600
201812,49,057000,049,0102,11430 ,00000 ,368 ,482,39340, , ,84013      ,4,8,9,Cedar Fort town,2,2,500600,0,0,0,0,0,0,0,0,0,1,1,296100,0,0,0,0,0,0,0,0,0
201812,49,059000,049,0103,11440 ,00000 ,9796 ,482,39340, , ,84062      ,4,8,12,Cedar Hills,4,4,2620272,0,0,0,0,0,0,0,0,0,4,4,2620272,0,0,0,0,0,0,0,0,0
201812,49,063000,011,0110,11980 ,00000 ,15335 ,482,36260, , ,84014      ,4,8,12,Centerville,14,14,5684861,0,0,0,0,0,0,0,0,0,14,14,5684861,0,0,0,0,0,0,0,0,0
201812,49,073000,011,0135,13850 ,00000 ,30112 ,482,36260, ,1,84015      ,4,8,12,Clearfield,2,2,283028,0,0,0,0,0,0,6,134,13139208,2,2,283028,0,0,0,0,0,0,6,134,13139208
201812,49,077000,011,0145,14290 ,00000 ,20426 ,482,36260, , ,84015      ,4,8,12,Clinton,118,118,29927912,0,0,0,0,0,0,0,0,0,118,118,29927912,0,0,0,0,0,0,0,0,0
201812,49,079000,043,0150,14840 ,00000 ,1363 ,999,99999, , ,84017      ,4,8,10,Coalville,11,11,1162941,0,0,0,0,0,0,0,0,0,9,9,985960,0,0,0,0,0,0,0,0,0
201812,49,083500,035,0168,16270 ,00000 ,33433 ,482,41620, , ,84121      ,4,8,12,Cottonwood Heights,92,92,35561866,0,0,0,0,0,0,0,0,0,92,92,35561866,0,0,0,0,0,0,0,0,0
201812,49,087000,011,    ,99990 ,00000 ,3818 ,482,36260, , ,840250618  ,4,8,6,Davis County Unincorporated Area,5,5,2015320,0,0,0,0,0,0,0,0,0,4,4,1722494,0,0,0,0,0,0,0,0,0
201812,49,093000,035,0182,20120 ,00000 ,40532 ,482,41620,2, ,84020      ,4,8,7,Draper,230,230,87254990,0,0,0,0,0,0,2,12,2254800,143,143,56263796,0,0,0,0,0,0,2,12,2254800
201812,49,100900,049,0189,20810 ,00000 ,21415 ,482,39340, , ,84005      ,4,8,12,Eagle Mountain,859,859,232468785,0,0,0,0,0,0,6,36,444770,859,859,232468785,0,0,0,0,0,0,6,36,444770
201812,49,103000,049,0198,22370 ,00000 ,2436 ,482,39340, , ,84651      ,4,8,11,Elk Ridge,91,91,28543353,2,4,905400,0,0,0,0,0,0,85,85,26653000,1,2,452000,0,0,0,0,0,0
201812,49,123000,023,0235,24080 ,00000 ,669 ,482,39340, , ,846280156  ,4,8,0,Eureka,0,0,0,0,0,0,0,0,0,0,0,0,0,0,0,0,0,0,0,0,0,0,0,0
201812,49,124900,049,0238,24410 ,00000 ,119 ,482,39340, , ,840130271  ,4,8,0,Fairfield town,2,2,400000,0,0,0,0,0,0,0,0,0,0,0,0,0,0,0,0,0,0,0,0,0
201812,49,127000,011,0245,24740 ,00000 ,18275 ,482,36260, , ,84025      ,4,8,12,Farmington,76,76,21337487,0,0,0,0,0,0,4,267,28756173,76,76,21337487,0,0,0,0,0,0,4,267,28756173
201812,49,129000,057,0247,24850 ,00000 ,5928 ,482,36260, , ,84404      ,4,8,12,Farr West,55,55,13482885,0,0,0,0,0,0,0,0,0,55,55,13482885,0,0,0,0,0,0,0,0,0
201812,49,141000,043,0275,26940 ,00000 ,1077 ,999,99999, , ,84036      ,4,8,12,Francis town,20,20,6294367,0,0,0,0,0,0,0,0,0,20,20,6294367,0,0,0,0,0,0,0,0,0
201812,49,143000,011,0280,27490 ,00000 ,4987 ,482,36260, , ,84037      ,4,8,12,Fruit Heights,13,13,5855407,0,0,0,0,0,0,0,0,0,13,13,5855407,0,0,0,0,0,0,0,0,0
201812,49,145000,033,0285,27930 ,00000 ,562 ,999,99999, , ,84028      ,4,8,0,Garden City town,16,16,4271957,0,0,0,0,0,0,0,0,0,0,0,0,0,0,0,0,0,0,0,0,0
201812,49,147000,017,    ,99990 ,00000 ,1249 ,999,99999,2, ,847590000  ,4,8,0,Garfield County Unincorporated Area,0,0,0,0,0,0,0,0,0,0,0,0,0,0,0,0,0,0,0,0,0,0,0,0
201812,49,157000,049,0315,30130 ,00000 ,921 ,482,39340, , ,84633      ,4,8,9,Goshen town,0,0,0,0,0,0,0,0,0,0,0,0,0,0,0,0,0,0,0,0,0,0,0,0
201812,49,161000,045,0320,31120 ,00000 ,8893 ,482,41620, , ,84029      ,4,8,12,Grantsville,147,147,28209850,0,0,0,0,0,0,0,0,0,147,147,28209850,0,0,0,0,0,0,0,0,0
201812,49,169000,057,0336,33540 ,00000 ,5567 ,482,36260, , ,84404      ,4,8,11,Harrisville,22,22,4400369,0,0,0,6,24,3140276,2,11,1979024,19,19,3718934,0,0,0,6,24,3140276,2,11,1979024
201812,49,173000,051,0340,34200 ,00000 ,11362 ,999,99999, , ,840321827  ,4,8,12,Heber,155,155,62301138,0,0,0,0,0,0,9,134,16485013,155,155,62301138,0,0,0,0,0,0,9,134,16485013
201812,49,177000,043,0350,34640 ,00000 ,766 ,999,99999, , ,84033      ,4,8,12,Henefer town,10,10,1494142,0,0,0,0,0,0,0,0,0,10,10,1494142,0,0,0,0,0,0,0,0,0
201812,49,183000,035,0357,34970 ,00000 ,21785 ,482,41620, , ,84096      ,4,8,12,Herriman,1313,1313,276781000,0,0,0,0,0,0,64,740,87073000,1313,1313,276781000,0,0,0,0,0,0,64,740,87073000
201812,49,185000,049,0361,35190 ,00000 ,15523 ,482,39340, , ,840039038  ,4,8,12,Highland,57,57,28917413,0,0,0,2,8,1954270,0,0,0,57,57,28917413,0,0,0,2,8,1954270,0,0,0
201812,49,187000,053,0362,35300 ,00000 ,2726 ,999,41100, , ,84784      ,4,8,2,Hildale,0,0,0,0,0,0,0,0,0,0,0,0,0,0,0,0,0,0,0,0,0,0,0,0
201812,49,192000,035,0372,36070 ,00000 ,26472 ,482,41620, , ,84117      ,4,8,9,Holladay,31,31,14356963,0,0,0,0,0,0,0,0,0,20,20,8974649,0,0,0,0,0,0,0,0,0
201812,49,194000,057,0377,36400 ,00000 ,7218 ,482,36260, , ,84315      ,4,8,12,Hooper,69,69,17020210,0,0,0,0,0,0,0,0,0,69,69,17020210,0,0,0,0,0,0,0,0,0
201812,49,199000,057,0390,37060 ,00000 ,608 ,482,36260, , ,84317      ,4,8,11,Huntsville town,0,0,0,0,0,0,0,0,0,0,0,0,0,0,0,0,0,0,0,0,0,0,0,0
201812,49,207000,021,    ,99990 ,00000 ,7787 ,999,99999,2, ,84720      ,4,8,11,Iron County Unincorporated Area,156,156,26472605,0,0,0,0,0,0,0,0,0,152,152,25849492,0,0,0,0,0,0,0,0,0
201812,49,213000,023,    ,99990 ,00000 ,1067 ,482,39340, , ,84648      ,4,8,11,Juab County Unincorporated Area,14,14,4643678,0,0,0,0,0,0,0,0,0,13,13,4309146,0,0,0,0,0,0,0,0,0
201812,49,217000,043,0425,39810 ,00000 ,1811 ,999,99999, , ,84036      ,4,8,4,Kamas,19,19,7345865,0,0,0,0,0,0,0,0,0,11,11,4267961,0,0,0,0,0,0,0,0,0
201812,49,227000,011,0445,40360 ,00000 ,27300 ,482,36260, , ,84037      ,4,8,12,Kaysville,170,170,56119218,0,0,0,0,0,0,0,0,0,170,170,56119218,0,0,0,0,0,0,0,0,0
201812,49,237000,011,0480,43660 ,00000 ,67311 ,482,36260, , ,84041      ,4,8,12,Layton,427,427,87238805,1,2,300000,7,24,2805786,2,15,1800000,427,427,87238805,1,2,300000,7,24,2805786,2,15,1800000
201812,49,243000,049,0495,44320 ,00000 ,47407 ,482,39340, , ,84043      ,4,8,12,Lehi,1341,1341,337038419,0,0,0,0,0,0,0,0,0,1341,1341,337038419,0,0,0,0,0,0,0,0,0
201812,49,245000,023,0500,44650 ,00000 ,841 ,482,39340, , ,84639      ,4,8,12,Levan town,3,3,840800,0,0,0,0,0,0,0,0,0,3,3,840800,0,0,0,0,0,0,0,0,0
201812,49,249000,049,0510,45090 ,00000 ,10070 ,482,39340, , ,84042      ,4,8,12,Lindon,70,70,18948359,0,0,0,2,7,1192655,0,0,0,70,70,18948359,0,0,0,2,7,1192655,0,0,0
201812,49,253000,005,0520,45860 ,00000 ,48174 ,999,30860, ,1,84321      ,4,8,12,Logan,152,152,27347203,0,0,0,0,0,0,1,51,3525000,152,152,27347203,0,0,0,0,0,0,1,51,3525000
201812,49,259000,009,0540,47620 ,00000 ,310 ,999,99999, , ,84046      ,4,8,12,Manila town,5,5,997429,0,0,0,0,0,0,0,0,0,5,5,997429,0,0,0,0,0,0,0,0,0
201812,49,265000,049,0555,47950 ,00000 ,7979 ,482,39340, , ,84664      ,4,8,12,Mapleton,188,188,61712000,0,0,0,0,0,0,0,0,0,188,188,61712000,0,0,0,0,0,0,0,0,0
201812,49,268000,057,0558,48300 ,00000 ,1701 ,482,36260, , ,84404      ,4,8,12,Marriott Slaterville,16,16,4050347,0,0,0,0,0,0,0,0,0,16,16,4050347,0,0,0,0,0,0,0,0,0
201812,49,275000,035,0580,49710 ,00000 ,27964 ,482,41620, , ,84047      ,4,8,12,Midvale,45,45,10300725,94,188,20291860,1,4,420000,10,251,21429677,45,45,10300725,94,188,20291860,1,4,420000,10,251,21429677
201812,49,281000,027,    ,99990 ,00000 ,3537 ,999,99999,2, ,84624      ,4,8,12,Millard County Unincorporated Area,13,13,2653086,0,0,0,0,0,0,0,0,0,13,13,2653086,0,0,0,0,0,0,0,0,0
201812,49,281900,035,    ,50150 ,00000 , ,482,41620,2,0,84106      ,4,8,11,Millcreek,107,107,32227847,2,4,510501,4,16,761290,6,205,27876788,99,99,30347916,2,4,510501,4,16,761290,6,205,27876788
201812,49,287000,019,0605,50700 ,00000 ,5046 ,999,99999, , ,84532      ,4,8,0,Moab,81,81,14843030,0,0,0,0,0,0,1,5,274192,0,0,0,0,0,0,0,0,0,0,0,0
201812,49,289000,023,0610,51140 ,00000 ,1547 ,482,39340, , ,84645      ,4,8,10,Mona,10,10,2701667,0,0,0,0,0,0,0,0,0,9,9,2428135,0,0,0,0,0,0,0,0,0
201812,49,293000,037,0620,51580 ,00000 ,1972 ,999,99999, , ,845350457  ,4,8,0,Monticello,0,0,0,0,0,0,0,0,0,0,0,0,0,0,0,0,0,0,0,0,0,0,0,0
201812,49,295000,029,0625,51910 ,00000 ,3687 ,482,36260, , ,840501085  ,4,8,0,Morgan,10,10,3049360,0,0,0,0,0,0,0,0,0,0,0,0,0,0,0,0,0,0,0,0,0
201812,49,297000,029,    ,99990 ,00000 ,5782 ,482,36260, , ,84050      ,4,8,12,Morgan County Unincorporated Area,52,52,23780445,0,0,0,0,0,0,0,0,0,52,52,23780445,0,0,0,0,0,0,0,0,0
201812,49,303000,035,0640,53230 ,00000 ,46746 ,482,41620, , ,84123      ,4,8,12,Murray,132,132,46764361,0,0,0,0,0,0,0,0,0,132,132,46764361,0,0,0,0,0,0,0,0,0
201812,49,307000,047,0647,53560 ,00000 ,1755 ,999,99999, , ,84078      ,4,8,12,Naples,1,1,197000,0,0,0,0,0,0,0,0,0,1,1,197000,0,0,0,0,0,0,0,0,0
201812,49,309000,023,0650,54220 ,00000 ,5389 ,482,39340, , ,84648      ,4,8,12,Nephi,37,37,10056434,0,0,0,2,8,600930,0,0,0,37,37,10056434,0,0,0,2,8,600930,0,0,0
201812,49,317000,005,0670,54990 ,00000 ,8269 ,999,30860, , ,843412008  ,4,8,12,North Logan,48,48,14029284,1,2,314580,5,20,1710000,0,0,0,48,48,14029284,1,2,314580,5,20,1710000,0,0,0
201812,49,319000,057,0675,55100 ,00000 ,17357 ,482,36260, , ,84414      ,4,8,12,North Ogden,140,140,36270956,0,0,0,6,21,2279379,3,17,1915646,140,140,36270956,0,0,0,6,21,2279379,3,17,1915646
201812,49,321000,011,0680,55210 ,00000 ,16322 ,482,36260, , ,84054      ,4,8,12,North Salt Lake,96,96,24667000,0,0,0,0,0,0,1,6,768000,96,96,24667000,0,0,0,0,0,0,1,6,768000
201812,49,323000,027,0685,55430 ,00000 ,578 ,999,99999, , ,84649      ,4,8,12,Oak City town,0,0,0,0,0,0,0,0,0,0,0,0,0,0,0,0,0,0,0,0,0,0,0,0
201812,49,325000,043,0690,55650 ,00000 ,1470 ,999,99999, , ,84055      ,4,8,11,Oakley,15,15,8577987,0,0,0,0,0,0,0,0,0,15,15,8577987,0,0,0,0,0,0,0,0,0
201812,49,327000,057,0695,55980 ,00000 ,82825 ,482,36260, ,1,84401      ,4,8,11,Ogden,41,41,9065021,2,4,619000,1,4,280000,2,19,1160000,35,35,8169002,2,4,619000,1,4,280000,2,19,1160000
201812,49,333000,025,0715,57080 ,00000 ,577 ,999,99999, , ,847580036  ,4,8,0,Orderville town,0,0,0,0,0,0,0,0,0,0,0,0,0,0,0,0,0,0,0,0,0,0,0,0
201812,49,335000,049,0720,57300 ,00000 ,88328 ,482,39340, ,1,84057      ,4,8,12,Orem,290,290,74378168,0,0,0,1,4,375345,4,251,32140356,290,290,74378168,0,0,0,1,4,375345,4,251,32140356
201812,49,343000,043,0740,58070 ,00000 ,7547 ,999,99999,2, ,84060      ,4,8,12,Park City,75,75,43888179,0,0,0,0,0,0,3,47,20552803,75,75,43888179,0,0,0,0,0,0,3,47,20552803
201812,49,349000,049,4300,58730 ,00000 ,18294 ,482,39340, , ,84651      ,4,8,12,Payson,74,74,14540182,3,6,966266,0,0,0,8,158,12254444,74,74,14540182,3,6,966266,0,0,0,8,158,12254444
201812,49,355000,057,0765,60710 ,00000 ,5476 ,482,36260, , ,84404      ,4,8,11,Plain City,134,134,35448971,0,0,0,7,28,4559169,0,0,0,126,126,33199295,0,0,0,7,28,4559169,0,0,0
201812,49,357000,049,0770,60930 ,00000 ,33509 ,482,39340, , ,84062      ,4,8,12,Pleasant Grove,104,104,43668075,0,0,0,2,8,1191939,0,0,0,104,104,43668075,0,0,0,2,8,1191939,0,0,0
201812,49,359000,057,0775,61150 ,00000 ,7979 ,482,36260, , ,844141408  ,4,8,12,Pleasant View,37,37,15525090,0,0,0,0,0,0,0,0,0,37,37,15525090,0,0,0,0,0,0,0,0,0
201812,49,369000,049,0800,62470 ,00000 ,112488 ,482,39340, ,1,846014338  ,4,8,11,Provo,171,171,45575811,1,2,349717,0,0,0,7,284,42743547,153,153,41367360,1,2,349717,0,0,0,6,278,41283519
201812,49,383000,057,0825,64010 ,00000 ,8426 ,482,36260, , ,844053782  ,4,8,8,Riverdale,7,7,1292767,0,0,0,0,0,0,0,0,0,7,7,1292767,0,0,0,0,0,0,0,0,0
201812,49,385000,035,0835,64340 ,00000 ,38753 ,482,41620, , ,84065      ,4,8,10,Riverton,149,149,49754370,0,0,0,10,38,6508416,1,5,920602,107,107,37899443,0,0,0,7,26,4548951,0,0,0
201812,49,387500,023,0838,64590 ,00000 ,733 ,482,39340, , ,84645      ,4,8,11,Rocky Ridge town,2,2,506667,0,0,0,0,0,0,0,0,0,1,1,300000,0,0,0,0,0,0,0,0,0
201812,49,391000,057,0845,65110 ,00000 ,36884 ,482,36260, , ,84067      ,4,8,12,Roy,35,35,4460901,0,0,0,1,4,442123,3,17,1880974,35,35,4460901,0,0,0,1,4,442123,3,17,1880974
201812,49,395000,049,0860,65770 ,00000 ,6423 ,482,39340, , ,84653      ,4,8,12,Salem,67,67,23690785,0,0,0,0,0,0,3,15,2316846,67,67,23690785,0,0,0,0,0,0,3,15,2316846
201812,49,399000,035,0870,67000 ,00000 ,186440 ,482,41620, ,1,841145490  ,4,8,8,Salt Lake City,109,109,27609172,4,8,1817545,4,13,1726428,20,772,112172672,74,74,17585912,1,2,700000,2,7,1075000,16,632,93359435
201812,49,401000,035,    ,99990 ,00000 ,146209 ,482,41620,2, ,841904050  ,4,8,10,Salt Lake County Unincorporated Area,85,85,26948381,6,12,1471585,1,3,533579,9,218,32905806,79,79,24781687,4,8,1008779,0,0,0,8,183,29487987
201812,49,405000,035,0875,67440 ,00000 ,87461 ,482,41620, , ,84070      ,4,8,11,Sandy,53,53,14798886,6,12,1768880,13,47,6692144,17,118,14433842,50,50,13944169,6,12,1768880,13,47,6692144,16,86,10645194
201812,49,407000,039,    ,00000 ,00000 ,4468 ,999,99999, , ,84642      ,4,8,11,Sanpete County,64,64,12368857,0,0,0,0,0,0,0,0,0,61,61,11902386,0,0,0,0,0,0,0,0,0
201812,49,411000,049,0885,67770 ,00000 ,9128 ,482,39340,2, ,84655      ,4,8,12,Santaquin,183,183,52869892,0,0,0,2,7,1267710,3,24,1908579,183,183,52869892,0,0,0,2,7,1267710,3,24,1908579
201812,49,412000,049,0887,67825 ,00000 ,17781 ,482,39340, , ,84045      ,4,8,12,Saratoga Springs,653,653,129873168,0,0,0,0,0,0,0,0,0,653,653,129873168,0,0,0,0,0,0,0,0,0
201812,49,425000,035,0920,70850 ,00000 ,50418 ,482,41620, , ,84095      ,4,8,11,South Jordan,972,972,246993126,5,10,2000000,2,6,1327000,3,143,12758209,911,911,231811000,5,10,2000000,1,3,800000,2,120,9600000
201812,49,427000,057,0925,70960 ,00000 ,16532 ,482,36260, , ,84403      ,4,8,12,South Ogden,6,6,3004082,0,0,0,0,0,0,0,0,0,6,6,3004082,0,0,0,0,0,0,0,0,0
201812,49,429000,035,0930,71070 ,00000 ,23617 ,482,41620, , ,84115      ,4,8,12,South Salt Lake,220,220,40003172,0,0,0,14,46,6574822,2,10,1857784,220,220,40003172,0,0,0,14,46,6574822,2,10,1857784
201812,49,431000,011,0935,71180 ,00000 ,6051 ,482,36260, , ,84405      ,4,8,12,South Weber,69,69,23820746,0,0,0,0,0,0,4,44,5528544,69,69,23820746,0,0,0,0,0,0,4,44,5528544
201812,49,433000,049,0940,71290 ,00000 ,34691 ,482,39340, , ,84660      ,4,8,12,Spanish Fork,422,422,107736082,0,0,0,1,3,275823,0,0,0,422,422,107736082,0,0,0,1,3,275823,0,0,0
201812,49,439000,049,0955,72280 ,00000 ,29466 ,482,39340, , ,84663      ,4,8,12,Springville,111,111,33941960,0,0,0,3,12,2710428,8,96,12305328,111,111,33941960,0,0,0,3,12,2710428,8,96,12305328
201812,49,441000,053,0855,65330 ,00000 ,72897 ,999,41100, ,1,84770      ,4,8,12,St. George,987,987,156742300,8,16,1288000,27,97,8057966,18,209,23145000,987,987,156742300,8,16,1288000,27,97,8057966,18,209,23145000
201812,49,445000,045,0965,73050 ,00000 ,616 ,482,41620, , ,84071      ,4,8,10,Stockton town,1,1,150000,0,0,0,0,0,0,0,0,0,0,0,0,0,0,0,0,0,0,0,0,0
201812,49,447000,043,    ,99990 ,00000 ,22290 ,999,99999, , ,840170128  ,4,8,0,Summit County Unincorporated Area,105,105,53944471,0,0,0,4,12,3366120,13,71,12130833,0,0,0,0,0,0,0,0,0,0,0,0
201812,49,451000,011,0975,74480 ,00000 ,5122 ,482,36260, , ,84015      ,4,8,12,Sunset,26,26,1832644,0,0,0,0,0,0,0,0,0,26,26,1832644,0,0,0,0,0,0,0,0,0
201812,49,453000,011,0980,74810 ,00000 ,24331 ,482,36260, , ,84075      ,4,8,12,Syracuse,365,365,80306808,0,0,0,0,0,0,0,0,0,365,365,80306808,0,0,0,0,0,0,0,0,0
201812,49,456000,035,0986,75360 ,00000 ,58652 ,482,41620, , ,84118      ,4,8,12,Taylorsville,50,50,8707718,0,0,0,0,0,0,1,108,17009101,50,50,8707718,0,0,0,0,0,0,1,108,17009101
201812,49,457000,045,0990,76680 ,00000 ,31605 ,482,41620, , ,840742191  ,4,8,12,Tooele,146,146,21265833,0,0,0,4,16,1061280,7,72,7796600,146,146,21265833,0,0,0,4,16,1061280,7,72,7796600
201812,49,459000,045,    ,99990 ,00000 ,14976 ,482,41620,2, ,84074      ,4,8,12,Tooele County Unincorporated Area,333,333,94979998,0,0,0,0,0,0,0,0,0,333,333,94979998,0,0,0,0,0,0,0,0,0
201812,49,471000,047,    ,99990 ,00000 ,20943 ,999,99999, , ,84078      ,4,8,12,Uintah County Unincorporated Area,29,29,8686940,0,0,0,0,0,0,0,0,0,29,29,8686940,0,0,0,0,0,0,0,0,0
201812,49,473000,057,1020,77890 ,00000 ,1322 ,482,36260, , ,84405      ,4,8,12,Uintah town,0,0,0,0,0,0,0,0,0,0,0,0,0,0,0,0,0,0,0,0,0,0,0,0
201812,49,475000,049,    ,99990 ,00000 ,10009 ,482,39340, , ,84601      ,4,8,12,Utah County Unincorporated Area,32,32,18257552,0,0,0,0,0,0,0,0,0,32,32,18257552,0,0,0,0,0,0,0,0,0
201812,49,477000,047,1025,80090 ,00000 ,9089 ,999,99999, , ,84078      ,4,8,12,Vernal,9,9,1630000,0,0,0,0,0,0,0,0,0,9,9,1630000,0,0,0,0,0,0,0,0,0
201812,49,481000,049,1029,80420 ,00000 ,139 ,482,39340, , ,840582032  ,4,8,12,Vineyard town,424,424,133154013,0,0,0,0,0,0,15,294,39857096,424,424,133154013,0,0,0,0,0,0,15,294,39857096
201812,49,491000,053,1045,81960 ,00000 ,18761 ,999,41100, , ,84780      ,4,8,12,Washington,653,653,163846191,0,0,0,0,0,0,0,0,0,653,653,163846191,0,0,0,0,0,0,0,0,0
201812,49,493000,053,    ,99990 ,00000 ,6988 ,999,41100, , ,84770      ,4,8,12,Washington County Unincorporated Area,73,73,15139474,0,0,0,0,0,0,0,0,0,73,73,15139474,0,0,0,0,0,0,0,0,0
201812,49,495000,057,1050,82070 ,00000 ,9067 ,482,36260, , ,84405      ,4,8,3,Washington Terrace,15,15,6135340,0,0,0,0,0,0,0,0,0,8,8,3312065,0,0,0,0,0,0,0,0,0
201812,49,499000,057,    ,99990 ,00000 ,14074 ,482,36260, , ,84401      ,4,8,11,Weber County Unincorporated Area,131,131,45638060,2,4,765105,1,4,765131,0,0,0,121,121,43035033,1,2,475000,1,4,765131,0,0,0
201812,49,505000,045,1065,82730 ,00000 ,1400 ,482,41620, , ,84083      ,4,8,10,Wendover,6,6,660000,0,0,0,0,0,0,0,0,0,6,6,660000,0,0,0,0,0,0,0,0,0
201812,49,507000,011,1070,82840 ,00000 ,5265 ,482,36260, , ,84087      ,4,8,12,West Bountiful,38,38,10327400,0,0,0,0,0,0,0,0,0,38,38,10327400,0,0,0,0,0,0,0,0,0
201812,49,508000,057,1073,82930 ,00000 ,10272 ,482,36260, , ,84401      ,4,8,12,West Haven,244,244,46853894,0,0,0,5,19,2077191,3,19,2198568,244,244,46853894,0,0,0,5,19,2077191,3,19,2198568
201812,49,509000,035,1075,82950 ,00000 ,103712 ,482,41620, , ,84088      ,4,8,11,West Jordan,417,417,103277688,8,16,2514369,11,44,5946977,26,211,28949106,384,384,94849655,8,16,2514369,11,44,5946977,25,174,23363344
201812,49,511000,011,1080,83390 ,00000 ,9511 ,482,36260, , ,84015      ,4,8,12,West Point,45,45,10654000,2,4,580000,10,40,5430000,0,0,0,45,45,10654000,2,4,580000,10,40,5430000,0,0,0
201812,49,513000,035,1082,83470 ,00000 ,129480 ,482,41620, , ,84119      ,4,8,11,West Valley City,199,199,52003514,0,0,0,3,10,2249771,0,0,0,183,183,49894643,0,0,0,3,10,2249771,0,0,0
201812,49,517000,049,1091,85050 ,00000 ,1344 ,482,39340, , ,84653      ,4,8,0,Woodland Hills,13,13,5645094,0,0,0,0,0,0,0,0,0,0,0,0,0,0,0,0,0,0,0,0,0
201812,49,521000,011,1095,85370 ,00000 ,9761 ,482,36260, , ,84087      ,4,8,12,Woods Cross,25,25,7375772,0,0,0,7,26,4065077,2,11,1954847,25,25,7375772,0,0,0,7,26,4065077,2,11,1954847
201812,53,005000,063,0010,00905 ,00000 ,6114 ,518,44060, , ,990019000  ,4,9,11,Airway Heights,36,36,9250165,0,0,0,1,4,295651,8,191,21223549,34,34,8704511,0,0,0,1,4,295651,6,144,15553282
201812,53,009000,033,0020,01290 ,00000 ,3014 ,500,42660, , ,98001      ,4,9,12,Algona,2,2,540000,0,0,0,0,0,0,0,0,0,2,2,540000,0,0,0,0,0,0,0,0,0
201812,53,013000,057,0030,01990 ,00000 ,15778 ,500,34580, ,1,98221      ,4,9,12,Anacortes,100,100,35470868,2,4,652800,1,3,289400,1,20,1327105,100,100,35470868,2,4,652800,1,3,289400,1,20,1327105
201812,53,015000,061,0035,02585 ,00000 ,17926 ,500,42660, , ,98223      ,4,9,12,Arlington,7,7,1860496,1,2,374871,0,0,0,16,312,34538631,7,7,1860496,1,2,374871,0,0,0,16,312,34538631
201812,53,021000,033,0055,03180 ,00000 ,62761 ,500,42660,2,1,980014998  ,4,9,11,Auburn,57,57,20565217,0,0,0,0,0,0,0,0,0,47,47,17319057,0,0,0,0,0,0,0,0,0
201812,53,022000,035,0058,03736 ,00000 ,23025 ,500,14740, , ,981102824  ,4,9,12,Bainbridge Island,138,138,67618953,0,0,0,3,9,3146562,1,107,26606369,138,138,67618953,0,0,0,3,9,3146562,1,107,26606369
201812,53,023000,011,0065,04475 ,00000 ,17571 ,440,38900, , ,98604      ,4,9,0,Battle Ground,161,161,38900162,0,0,0,3,9,1821492,3,16,1763312,0,0,0,0,0,0,0,0,0,0,0,0
201812,53,025000,033,0070,04895 ,00000 ,299 ,500,42660, , ,98004      ,4,9,12,Beaux Arts Village town,0,0,0,0,0,0,0,0,0,0,0,0,0,0,0,0,0,0,0,0,0,0,0,0
201812,53,027000,033,0075,05210 ,00000 ,122363 ,500,42660, ,1,980099012  ,4,9,12,Bellevue,217,217,122136267,0,0,0,0,0,0,6,707,139048219,217,217,122136267,0,0,0,0,0,0,6,707,139048219
201812,53,029000,073,0080,05280 ,00000 ,80885 ,999,13380, ,1,98225      ,4,9,12,Bellingham,193,193,45867394,16,32,4499477,7,23,3217865,26,470,50949502,193,193,45867394,16,32,4499477,7,23,3217865,26,470,50949502
201812,53,031000,005,0083,05560 ,00000 ,3038 ,999,28420, , ,99320      ,4,9,12,Benton City,23,23,4495170,0,0,0,0,0,0,0,0,0,23,23,4495170,0,0,0,0,0,0,0,0,0
201812,53,033000,005,    ,99990 ,00000 ,32639 ,999,28420, , ,99336      ,4,9,11,Benton County Unincorporated Area,149,149,51032500,0,0,0,0,0,0,0,0,0,132,132,45691282,0,0,0,0,0,0,0,0,0
201812,53,037000,033,0095,06330 ,00000 ,4151 ,500,42660, , ,98010      ,4,9,11,Black Diamond,132,132,43077221,0,0,0,0,0,0,0,0,0,131,131,42679014,0,0,0,0,0,0,0,0,0
201812,53,039000,073,0100,06505 ,00000 ,4684 ,999,13380, , ,98230      ,4,9,11,Blaine,60,60,16841510,6,12,2139956,1,3,766700,0,0,0,57,57,16066672,6,12,2139956,1,3,766700,0,0,0
201812,53,041000,053,0105,07170 ,00000 ,17374 ,500,42660, , ,98391      ,4,9,12,Bonney Lake,57,57,15420601,0,0,0,0,0,0,0,0,0,57,57,15420601,0,0,0,0,0,0,0,0,0
201812,53,043000,033,0110,07380 ,00000 ,17090 ,500,42660,2, ,98011      ,4,9,9,Bothell,244,244,99281920,0,0,0,4,16,3626902,5,319,32881207,201,201,80508274,0,0,0,4,16,3626902,2,197,20079529
201812,53,047000,035,0115,07695 ,00000 ,37729 ,500,14740, ,1,983371858  ,4,9,7,Bremerton,128,128,31134844,7,14,2179608,0,0,0,2,48,2415350,78,78,18704723,7,14,2179608,0,0,0,2,48,2415350
201812,53,049000,047,0120,07835 ,00000 ,2370 ,999,99999, , ,988120340  ,4,9,12,Brewster,0,0,0,0,0,0,0,0,0,0,0,0,0,0,0,0,0,0,0,0,0,0,0,0
201812,53,051000,017,0123,07870 ,00000 ,2409 ,999,48300, , ,98813      ,4,9,12,Bridgeport,0,0,0,0,0,0,0,0,0,0,0,0,0,0,0,0,0,0,0,0,0,0,0,0
201812,53,053000,061,0124,07940 ,00000 ,6087 ,500,42660, , ,98036      ,4,9,12,Brier,24,24,13734052,0,0,0,0,0,0,0,0,0,24,24,13734052,0,0,0,0,0,0,0,0,0
201812,53,055000,053,0130,08570 ,00000 ,4354 ,500,42660, , ,98321      ,4,9,12,Buckley,56,56,16981281,0,0,0,0,0,0,0,0,0,56,56,16981281,0,0,0,0,0,0,0,0,0
201812,53,058000,033,0828,08850 ,00000 ,33313 ,500,42660, , ,981661973  ,4,9,12,Burien,28,28,7986560,0,0,0,0,0,0,1,13,1300000,28,28,7986560,0,0,0,0,0,0,1,13,1300000
201812,53,061000,011,0145,09480 ,00000 ,19355 ,440,38900, , ,986072166  ,4,9,12,Camas,266,266,79662147,2,4,688012,0,0,0,0,0,0,266,266,79662147,2,4,688012,0,0,0,0,0,0
201812,53,063000,053,0150,09970 ,00000 ,610 ,500,42660, , ,98323      ,4,9,12,Carbonado town,8,8,1804546,0,0,0,0,0,0,0,0,0,8,8,1804546,0,0,0,0,0,0,0,0,0
201812,53,065000,033,0155,10215 ,00000 ,1786 ,500,42660, , ,980141238  ,4,9,0,Carnation,36,36,13495108,0,0,0,0,0,0,0,0,0,0,0,0,0,0,0,0,0,0,0,0,0
201812,53,071000,069,0175,10635 ,00000 ,532 ,999,99999, , ,98612      ,4,9,12,Cathlamet town,1,1,400000,0,0,0,0,0,0,0,0,0,1,1,400000,0,0,0,0,0,0,0,0,0
201812,53,073000,041,0180,11160 ,00000 ,16336 ,999,99999, , ,98531      ,4,9,11,Centralia,49,49,7760350,2,4,550000,0,0,0,0,0,0,47,47,7379818,2,4,550000,0,0,0,0,0,0
201812,53,079000,007,    ,99990 ,00000 ,30498 ,999,48300, , ,98801      ,4,9,11,Chelan County Unincorporated Area,292,292,54003937,0,0,0,0,0,0,0,0,0,272,272,50714495,0,0,0,0,0,0,0,0,0
201812,53,081000,063,0200,11825 ,00000 ,10590 ,518,44060, , ,99004      ,4,9,12,Cheney,5,5,550000,0,0,0,1,4,350000,2,42,2500000,5,5,550000,0,0,0,1,4,350000,2,42,2500000
201812,53,083000,065,0205,12140 ,00000 ,2607 ,518,44060, , ,99109      ,4,9,11,Chewelah,6,6,1294070,0,0,0,0,0,0,0,0,0,6,6,1294070,0,0,0,0,0,0,0,0,0
201812,53,085000,009,    ,99990 ,00000 ,42228 ,999,99999, , ,983620149  ,4,9,7,Clallam County Unincorporated Area,190,190,38782536,2,4,799326,0,0,0,0,0,0,113,113,23416094,0,0,0,0,0,0,0,0,0
201812,53,087000,011,    ,99990 ,00000 ,203339 ,440,38900, , ,986669810  ,4,9,1,Clark County Unincorporated Area,1434,1434,484396294,0,0,0,1,3,352317,12,187,18990813,103,103,30532090,0,0,0,0,0,0,0,0,0
201812,53,089000,003,0215,12630 ,00000 ,7229 ,999,30300, , ,99403      ,4,9,12,Clarkston,3,3,420000,0,0,0,0,0,0,0,0,0,3,3,420000,0,0,0,0,0,0,0,0,0
201812,53,091000,037,0220,12945 ,00000 ,1872 ,999,99999, , ,98922      ,4,9,12,Cle Elum,36,36,7488051,0,0,0,0,0,0,0,0,0,36,36,7488051,0,0,0,0,0,0,0,0,0
201812,53,093000,033,0225,13365 ,00000 ,2984 ,500,42660, , ,98004      ,4,9,12,Clyde Hill,13,13,30380000,0,0,0,0,0,0,0,0,0,13,13,30380000,0,0,0,0,0,0,0,0,0
201812,53,109000,021,0263,14485 ,00000 ,4209 ,999,28420, , ,99326      ,4,9,12,Connell,6,6,1217690,0,0,0,0,0,0,0,0,0,6,6,1217690,0,0,0,0,0,0,0,0,0
201812,53,121000,029,0290,15185 ,00000 ,1831 ,999,99999, , ,98239      ,4,9,12,Coupeville town,6,6,1838255,0,0,0,0,0,0,0,0,0,6,6,1838255,0,0,0,0,0,0,0,0,0
201812,53,122000,033,0291,15290 ,00000 ,17575 ,500,42660, , ,98042      ,4,9,12,Covington,65,65,32407422,0,0,0,0,0,0,0,0,0,65,65,32407422,0,0,0,0,0,0,0,0,0
201812,53,123000,015,    ,99990 ,00000 ,44085 ,440,31020, , ,98626      ,4,9,11,Cowlitz County Unincorporated Area,220,220,48473071,0,0,0,0,0,0,0,0,0,206,206,45414596,0,0,0,0,0,0,0,0,0
201812,53,129000,061,0305,16690 ,00000 ,1347 ,500,42660, , ,98241      ,4,9,12,Darrington town,2,2,448000,0,0,0,0,0,0,0,0,0,2,2,448000,0,0,0,0,0,0,0,0,0
201812,53,135000,063,0317,17320 ,00000 ,3652 ,518,44060, , ,990060888  ,4,9,12,Deer Park,31,31,6760784,8,16,2824293,0,0,0,0,0,0,31,31,6760784,8,16,2824293,0,0,0,0,0,0
201812,53,137000,033,0325,17635 ,00000 ,29673 ,500,42660, , ,981986340  ,4,9,12,Des Moines,73,73,34763038,1,2,425000,0,0,0,1,45,6704086,73,73,34763038,1,2,425000,0,0,0,1,45,6704086
201812,53,139000,017,    ,99990 ,00000 ,20399 ,999,48300, , ,98802      ,4,9,12,Douglas County Unincorporated Area,172,172,49244032,0,0,0,0,0,0,0,0,0,172,172,49244032,0,0,0,0,0,0,0,0,0
201812,53,141000,053,0330,18965 ,00000 ,8199 ,500,42660, , ,983279002  ,4,9,12,DuPont,18,18,4156974,0,0,0,0,0,0,0,0,0,18,18,4156974,0,0,0,0,0,0,0,0,0
201812,53,143000,033,0335,19035 ,00000 ,6695 ,500,42660, , ,98019      ,4,9,12,Duvall,44,44,17236520,0,0,0,0,0,0,0,0,0,44,44,17236520,0,0,0,0,0,0,0,0,0
201812,53,145000,017,0350,20155 ,00000 ,13190 ,999,48300, , ,98802      ,4,9,12,East Wenatchee,8,8,1821356,1,2,286631,0,0,0,1,9,776052,8,8,1821356,1,2,286631,0,0,0,1,9,776052
201812,53,147000,053,0357,20260 ,00000 ,2758 ,500,42660, , ,98328      ,4,9,12,Eatonville town,4,4,983658,0,0,0,0,0,0,0,0,0,4,4,983658,0,0,0,0,0,0,0,0,0
201812,53,148000,053,0362,20645 ,00000 ,9387 ,500,42660, , ,983721513  ,4,9,12,Edgewood,117,117,43406945,0,0,0,0,0,0,23,460,48652464,117,117,43406945,0,0,0,0,0,0,23,460,48652464
201812,53,149000,061,0367,20750 ,00000 ,39709 ,500,42660, , ,98020      ,4,9,12,Edmonds,57,57,21063845,2,4,935029,1,4,402926,0,0,0,57,57,21063845,2,4,935029,1,4,402926,0,0,0
201812,53,153000,037,0380,21240 ,00000 ,18174 ,999,99999, , ,98926      ,4,9,12,Ellensburg,36,36,6244491,5,10,809217,0,0,0,6,184,16992056,36,36,6244491,5,10,809217,0,0,0,6,184,16992056
201812,53,163000,033,2016,22045 ,00000 ,10669 ,500,42660, , ,98022      ,4,9,12,Enumclaw,184,184,48825759,0,0,0,0,0,0,0,0,0,184,184,48825759,0,0,0,0,0,0,0,0,0
201812,53,167000,061,0420,22640 ,00000 ,103019 ,500,42660, ,1,98201      ,4,9,11,Everett,129,129,27950493,7,14,2256623,1,3,469680,3,116,10862928,110,110,23501184,6,12,1904824,0,0,0,3,116,10862928
201812,53,171000,063,0430,22990 ,00000 ,612 ,518,44060, , ,99012      ,4,9,11,Fairfield town,2,2,395000,0,0,0,0,0,0,0,0,0,2,2,395000,0,0,0,0,0,0,0,0,0
201812,53,175000,033,0443,23515 ,00000 ,89306 ,500,42660, , ,98003      ,4,9,12,Federal Way,65,65,24863249,0,0,0,0,0,0,0,0,0,65,65,24863249,0,0,0,0,0,0,0,0,0
201812,53,177000,073,2184,23620 ,00000 ,11415 ,999,13380, , ,98248      ,4,9,12,Ferndale,100,100,25519816,0,0,0,0,0,0,1,21,2090277,100,100,25519816,0,0,0,0,0,0,1,21,2090277
201812,53,181000,053,0450,23795 ,00000 ,9173 ,500,42660, , ,98424      ,4,9,12,Fife,3,3,974950,0,0,0,3,12,2031309,0,0,0,3,3,974950,0,0,0,3,12,2031309,0,0,0
201812,53,183000,053,0455,23970 ,00000 ,6497 ,500,42660, , ,984666912  ,4,9,12,Fircrest,1,1,367000,0,0,0,0,0,0,0,0,0,1,1,367000,0,0,0,0,0,0,0,0,0
201812,53,187000,021,    ,99990 ,00000 ,13491 ,999,28420, , ,99301      ,4,9,12,Franklin County Unincorporated Area,125,125,45954246,0,0,0,0,0,0,0,0,0,125,125,45954246,0,0,0,0,0,0,0,0,0
201812,53,189000,055,0470,25615 ,00000 ,2162 ,999,99999, , ,98250      ,4,9,12,Friday Harbor town,27,27,3207660,2,4,566000,0,0,0,0,0,0,27,27,3207660,2,4,566000,0,0,0,0,0,0
201812,53,197000,053,0490,26735 ,00000 ,7126 ,500,42660, , ,98335      ,4,9,12,Gig Harbor,172,172,58553967,0,0,0,0,0,0,0,0,0,172,172,58553967,0,0,0,0,0,0,0,0,0
201812,53,199000,061,0495,27365 ,00000 ,2075 ,500,42660, , ,98251      ,4,9,11,Gold Bar,3,3,526191,0,0,0,0,0,0,0,0,0,2,2,382338,0,0,0,0,0,0,0,0,0
201812,53,205000,077,0515,27925 ,00000 ,10862 ,999,49420, , ,989301360  ,4,9,12,Grandview,8,8,1417733,0,0,0,0,0,0,0,0,0,8,8,1417733,0,0,0,0,0,0,0,0,0
201812,53,209000,061,0523,27995 ,00000 ,3364 ,500,42660, , ,98252      ,4,9,12,Granite Falls,115,115,32829682,3,6,1018822,0,0,0,1,54,1247595,115,115,32829682,3,6,1018822,0,0,0,1,54,1247595
201812,53,211000,025,    ,99990 ,00000 ,40134 ,999,99999,2, ,98823      ,4,9,12,Grant County Unincorporated Area,171,171,43356628,0,0,0,0,0,0,0,0,0,171,171,43356628,0,0,0,0,0,0,0,0,0
201812,53,213000,027,    ,99990 ,00000 ,28438 ,999,99999, , ,985633614  ,4,9,11,Grays Harbor County Unincorporated Area,119,119,31580586,1,2,412206,0,0,0,1,6,763360,113,113,30113024,1,2,412206,0,0,0,1,6,763360
201812,53,221000,025,0547,29920 ,00000 ,151 ,999,99999, , ,99135      ,4,9,11,Hartline town,0,0,0,0,0,0,0,0,0,0,0,0,0,0,0,0,0,0,0,0,0,0,0,0
201812,53,227000,033,0570,32755 ,00000 ,394 ,500,42660, , ,98004      ,4,9,12,Hunts Point town,1,1,2000000,0,0,0,0,0,0,0,0,0,1,1,2000000,0,0,0,0,0,0,0,0,0
201812,53,235000,029,    ,99990 ,00000 ,53565 ,999,99999, , ,98239      ,4,9,12,Island County Unincorporated Area,314,314,79702641,0,0,0,0,0,0,0,0,0,314,314,79702641,0,0,0,0,0,0,0,0,0
201812,53,237000,033,0587,33805 ,00000 ,30434 ,500,42660, , ,98027      ,4,9,12,Issaquah,199,199,75371120,4,8,2160000,4,14,3602000,4,22,4807000,199,199,75371120,4,8,2160000,4,14,3602000,4,22,4807000
201812,53,239000,031,    ,99990 ,00000 ,20759 ,999,99999, , ,98368      ,4,9,11,Jefferson County Unincorporated Area,111,111,28330898,0,0,0,0,0,0,0,0,0,104,104,26661342,0,0,0,0,0,0,0,0,0
201812,53,241000,021,0597,34575 ,00000 ,193 ,999,28420, , ,99335      ,4,9,12,Kahlotus,0,0,0,0,0,0,0,0,0,0,0,0,0,0,0,0,0,0,0,0,0,0,0,0
201812,53,246000,033,0608,35170 ,00000 ,20460 ,500,42660, , ,98028      ,4,9,12,Kenmore,72,72,21561138,0,0,0,0,0,0,1,29,6000000,72,72,21561138,0,0,0,0,0,0,1,29,6000000
201812,53,247000,005,0610,35275 ,00000 ,73917 ,999,28420, ,1,99336      ,4,9,12,Kennewick,371,371,101519431,13,26,4647208,0,0,0,9,282,28308160,371,371,101519431,13,26,4647208,0,0,0,9,282,28308160
201812,53,249000,033,0615,35415 ,00000 ,92411 ,500,42660, ,1,980325895  ,4,9,4,Kent,305,305,109227083,0,0,0,2,6,1001024,7,89,8749824,71,71,26349508,0,0,0,0,0,0,2,48,4947018
201812,53,253000,033,    ,99990 ,00000 ,325002 ,500,42660, , ,98065      ,4,9,12,King County Unincorporated Area,470,470,127387934,4,8,2249680,5,20,3438114,2,336,47755651,470,470,127387934,4,8,2249680,5,20,3438114,2,336,47755651
201812,53,255000,033,0625,35940 ,00000 ,48787 ,500,42660, , ,98033      ,4,9,8,Kirkland,289,289,143295652,1,2,750000,1,4,1400000,8,2350,180123194,186,186,94768615,1,2,750000,1,4,1400000,8,2350,180123194
201812,53,257000,035,    ,99990 ,00000 ,170035 ,500,14740, , ,983664682  ,4,9,12,Kitsap County Unincorporated Area,449,449,127535952,4,8,1421233,0,0,0,0,0,0,449,449,127535952,4,8,1421233,0,0,0,0,0,0
201812,53,261000,037,    ,99990 ,00000 ,18063 ,999,99999, , ,98926      ,4,9,11,Kittitas County Unincorporated Area,351,351,117094239,0,0,0,0,0,0,0,0,0,337,337,112636787,0,0,0,0,0,0,0,0,0
201812,53,263000,039,    ,99990 ,00000 ,13975 ,999,99999, , ,98620      ,4,9,12,Klickitat County Unincorporated Area,95,95,16866454,0,0,0,0,0,0,0,0,0,95,95,16866454,0,0,0,0,0,0,0,0,0
201812,53,267000,011,3204,36710 ,00000 ,2800 ,440,38900, , ,98629      ,4,9,12,La Center,55,55,16414770,0,0,0,0,0,0,0,0,0,55,55,16414770,0,0,0,0,0,0,0,0,0
201812,53,273000,067,0634,36745 ,00000 ,42393 ,500,36500, , ,98503      ,4,9,12,Lacey,201,201,58203868,1,2,291088,2,6,674506,13,635,68744573,201,201,58203868,1,2,291088,2,6,674506,13,635,68744573
201812,53,275000,033,0641,37270 ,00000 ,12598 ,500,42660, , ,98155      ,4,9,12,Lake Forest Park,14,14,6522707,0,0,0,0,0,0,1,16,3328843,14,14,6522707,0,0,0,0,0,0,1,16,3328843
201812,53,277000,061,0654,37900 ,00000 ,28069 ,500,42660, , ,98258      ,4,9,11,Lake Stevens,232,232,76164436,0,0,0,0,0,0,1,16,1520792,220,220,72292616,0,0,0,0,0,0,1,16,1520792
201812,53,278000,053,0667,38038 ,00000 ,58163 ,500,42660, ,1,98499      ,4,9,12,Lakewood,65,65,19238785,4,8,1413586,0,0,0,6,238,26345142,65,65,19238785,4,8,1413586,0,0,0,6,238,26345142
201812,53,287000,041,    ,99990 ,00000 ,44892 ,999,99999,2, ,98532      ,4,9,12,Lewis County Unincorporated Area,192,192,32141345,0,0,0,0,0,0,0,0,0,192,192,32141345,0,0,0,0,0,0,0,0,0
201812,53,288000,063,0684,39335 ,00000 ,7591 ,518,44060, , ,99019      ,4,9,12,Liberty Lake,136,136,39550507,4,8,1250512,0,0,0,1,16,1378355,136,136,39550507,4,8,1250512,0,0,0,1,16,1378355
201812,53,289000,043,    ,99990 ,00000 ,5081 ,999,99999,2, ,99122      ,4,9,10,Lincoln County Unincorporated Area,53,53,11078850,0,0,0,0,0,0,0,0,0,48,48,10102875,0,0,0,0,0,0,0,0,0
201812,53,299000,073,0710,40805 ,00000 ,11951 ,999,13380, , ,98264      ,4,9,12,Lynden,84,84,21727411,4,8,1175052,1,3,338260,7,88,6911958,84,84,21727411,4,8,1175052,1,3,338260,7,88,6911958
201812,53,301000,061,0715,40840 ,00000 ,35836 ,500,42660, , ,98036      ,4,9,1,Lynnwood,39,39,12594220,0,0,0,0,0,0,0,0,0,3,3,1172061,0,0,0,0,0,0,0,0,0
201812,53,307000,017,0735,42800 ,00000 ,320 ,999,48300, , ,988300218  ,4,9,12,Mansfield town,0,0,0,0,0,0,0,0,0,0,0,0,0,0,0,0,0,0,0,0,0,0,0,0
201812,53,307900,033,0738,43150 ,00000 ,22684 ,500,42660, , ,980380320  ,4,9,12,Maple Valley,118,118,39303623,0,0,0,0,0,0,0,0,0,118,118,39303623,0,0,0,0,0,0,0,0,0
201812,53,311000,061,0748,43955 ,00000 ,60020 ,500,42660, , ,98270      ,4,9,12,Marysville,244,244,68632522,1,2,146326,1,3,477912,5,96,10198822,244,244,68632522,1,2,146326,1,3,477912,5,96,10198822
201812,53,313000,045,    ,99990 ,00000 ,50865 ,999,99999, , ,98584      ,4,9,11,Mason County Unincorporated Area,201,201,50521647,3,6,1330151,0,0,0,0,0,0,191,191,48038467,3,6,1330151,0,0,0,0,0,0
201812,53,319000,063,0755,44690 ,00000 ,5060 ,518,44060, , ,99022      ,4,9,1,Medical Lake,2,2,412000,0,0,0,0,0,0,0,0,0,0,0,0,0,0,0,0,0,0,0,0,0
201812,53,321000,033,0760,44725 ,00000 ,2969 ,500,42660, , ,98039      ,4,9,12,Medina,10,10,24161866,0,0,0,0,0,0,0,0,0,10,10,24161866,0,0,0,0,0,0,0,0,0
201812,53,323000,033,0763,45005 ,00000 ,22699 ,500,42660, , ,980403732  ,4,9,0,Mercer Island,86,86,70237395,0,0,0,0,0,0,0,0,0,0,0,0,0,0,0,0,0,0,0,0,0
201812,53,325000,021,0765,45180 ,00000 ,489 ,999,28420, , ,99343      ,4,9,4,Mesa,0,0,0,0,0,0,0,0,0,0,0,0,0,0,0,0,0,0,0,0,0,0,0,0
201812,53,331000,061,0778,45865 ,00000 ,18244 ,500,42660, , ,98258      ,4,9,12,Mill Creek,0,0,0,0,0,0,0,0,0,0,0,0,0,0,0,0,0,0,0,0,0,0,0,0
201812,53,333000,063,4188,45985 ,00000 ,1786 ,518,44060, , ,992064399  ,4,9,12,Millwood,5,5,803730,0,0,0,0,0,0,0,0,0,5,5,803730,0,0,0,0,0,0,0,0,0
201812,53,337000,053,0785,46020 ,00000 ,6137 ,500,42660,2, ,98354      ,4,9,9,Milton,13,13,4409295,1,2,304030,0,0,0,0,0,0,13,13,4409295,1,2,304030,0,0,0,0,0,0
201812,53,339000,061,0790,46685 ,00000 ,17304 ,500,42660, , ,98272      ,4,9,12,Monroe,174,174,65939512,0,0,0,0,0,0,0,0,0,174,174,65939512,0,0,0,0,0,0,0,0,0
201812,53,341000,027,0795,46895 ,00000 ,3976 ,999,99999, , ,98563      ,4,9,12,Montesano,4,4,911343,0,0,0,0,0,0,0,0,0,4,4,911343,0,0,0,0,0,0,0,0,0
201812,53,345000,025,0805,47245 ,00000 ,20366 ,999,99999, , ,98837      ,4,9,12,Moses Lake,130,130,27286827,2,4,664275,2,7,1146421,2,13,1823921,130,130,27286827,2,4,664275,2,7,1146421,2,13,1823921
201812,53,349000,057,0820,47560 ,00000 ,31743 ,500,34580, ,1,98273      ,4,9,0,Mount Vernon,173,173,28422689,0,0,0,0,0,0,0,0,0,0,0,0,0,0,0,0,0,0,0,0,0
201812,53,351000,061,0815,47490 ,00000 ,19909 ,500,42660, , ,98043      ,4,9,12,Mountlake Terrace,22,22,6210500,0,0,0,0,0,0,0,0,0,22,22,6210500,0,0,0,0,0,0,0,0,0
201812,53,353000,077,0825,47665 ,00000 ,3308 ,999,49420, , ,98936      ,4,9,12,Moxee,22,22,4624440,1,2,346827,0,0,0,0,0,0,22,22,4624440,1,2,346827,0,0,0,0,0,0
201812,53,355000,061,0830,47735 ,00000 ,20254 ,500,42660, , ,98275      ,4,9,12,Mukilteo,9,9,3738712,3,6,1573672,1,3,775113,0,0,0,9,9,3738712,3,6,1573672,1,3,775113,0,0,0
201812,53,362000,033,0858,48645 ,00000 ,10380 ,500,42660, , ,98056      ,4,9,9,Newcastle,41,41,16119801,0,0,0,0,0,0,1,159,15677000,31,31,11492095,0,0,0,0,0,0,1,159,15677000
201812,53,367000,033,0870,49415 ,00000 ,6335 ,500,42660, , ,98166      ,4,9,3,Normandy Park,0,0,0,0,0,0,0,0,0,0,0,0,0,0,0,0,0,0,0,0,0,0,0,0
201812,53,369000,033,0875,49485 ,00000 ,5731 ,500,42660, , ,980450896  ,4,9,12,North Bend,113,113,41383644,0,0,0,2,8,1412082,3,22,3839068,113,113,41383644,0,0,0,2,8,1412082,3,22,3839068
201812,53,371000,059,0877,49555 ,00000 ,956 ,440,38900, , ,986390007  ,4,9,12,North Bonneville,1,1,254000,1,2,300000,0,0,0,0,0,0,1,1,254000,1,2,300000,0,0,0,0,0,0
201812,53,375000,029,0895,50360 ,00000 ,22075 ,999,99999, , ,98277      ,4,9,12,Oak Harbor,52,52,11945273,0,0,0,1,4,600000,1,12,2000000,52,52,11945273,0,0,0,1,4,600000,1,12,2000000
201812,53,381000,027,0907,50570 ,00000 ,5569 ,999,99999, , ,98569      ,4,9,12,Ocean Shores,304,304,26381238,0,0,0,0,0,0,0,0,0,304,304,26381238,0,0,0,0,0,0,0,0,0
201812,53,387000,047,    ,99990 ,00000 ,24780 ,999,99999,2, ,98840      ,4,9,12,Okanogan County Unincorporated Area,103,103,17553822,0,0,0,0,0,0,0,0,0,103,103,17553822,0,0,0,0,0,0,0,0,0
201812,53,389000,067,0920,51300 ,00000 ,46478 ,500,36500, ,1,98507      ,4,9,12,Olympia,34,34,9757221,0,0,0,11,33,5262233,6,78,7613542,34,34,9757221,0,0,0,11,33,5262233,6,78,7613542
201812,53,391000,047,0925,51340 ,00000 ,4845 ,999,99999, , ,98841      ,4,9,12,Omak,2,2,347000,0,0,0,0,0,0,0,0,0,2,2,347000,0,0,0,0,0,0,0,0,0
201812,53,395000,053,0940,52005 ,00000 ,6746 ,500,42660, , ,983600489  ,4,9,11,Orting,98,98,23889652,0,0,0,0,0,0,0,0,0,85,85,19953219,0,0,0,0,0,0,0,0,0
201812,53,399000,033,0950,52495 ,00000 ,6514 ,500,42660,2, ,98047      ,4,9,12,Pacific,10,10,3054058,0,0,0,0,0,0,0,0,0,10,10,3054058,0,0,0,0,0,0,0,0,0
201812,53,403000,049,    ,99990 ,00000 ,14073 ,999,99999, , ,98631      ,4,9,1,Pacific County Unincorporated Area,81,81,12559081,0,0,0,0,0,0,0,0,0,1,1,162559,0,0,0,0,0,0,0,0,0
201812,53,407000,021,0960,53545 ,00000 ,59781 ,999,28420, , ,99301      ,4,9,0,Pasco,500,500,126378184,24,48,4988132,0,0,0,8,40,4796416,0,0,0,0,0,0,0,0,0,0,0,0
201812,53,413000,051,    ,99990 ,00000 ,9810 ,518,44060,2, ,99156      ,4,9,12,Pend Oreille County Unincorporated Area,44,44,11310871,0,0,0,0,0,0,0,0,0,44,44,11310871,0,0,0,0,0,0,0,0,0
201812,53,415000,053,    ,99990 ,00000 ,366738 ,500,42660, , ,98409      ,4,9,12,Pierce County Unincorporated Area,1583,1583,475380349,45,90,16692747,7,28,4907277,32,793,96905695,1583,1583,475380349,45,90,16692747,7,28,4907277,32,793,96905695
201812,53,417000,023,0985,55120 ,00000 ,1425 ,999,99999, , ,993470370  ,4,9,12,Pomeroy,1,1,147000,0,0,0,0,0,0,0,0,0,1,1,147000,0,0,0,0,0,0,0,0,0
201812,53,419000,009,0990,55365 ,00000 ,19038 ,999,99999, , ,98362      ,4,9,11,Port Angeles,30,30,4187306,0,0,0,0,0,0,0,0,0,28,28,3939312,0,0,0,0,0,0,0,0,0
201812,53,421000,035,1000,55785 ,00000 ,11144 ,500,14740, , ,98366      ,4,9,12,Port Orchard,113,113,35252321,0,0,0,0,0,0,0,0,0,113,113,35252321,0,0,0,0,0,0,0,0,0
201812,53,423000,031,1005,55855 ,00000 ,9113 ,999,99999, , ,98368      ,4,9,11,Port Townsend,31,31,6730884,0,0,0,0,0,0,0,0,0,28,28,6234564,0,0,0,0,0,0,0,0,0
201812,53,425000,035,1010,55995 ,00000 ,9200 ,500,14740, , ,983707437  ,4,9,12,Poulsbo,75,75,24700716,0,0,0,0,0,0,10,60,5663877,75,75,24700716,0,0,0,0,0,0,10,60,5663877
201812,53,429000,005,1020,56450 ,00000 ,5714 ,999,28420, , ,99350      ,4,9,12,Prosser,10,10,2821800,1,2,315000,0,0,0,1,8,875614,10,10,2821800,1,2,315000,0,0,0,1,8,875614
201812,53,431000,075,1025,56625 ,00000 ,29799 ,999,99999, , ,99163      ,4,9,12,Pullman,96,96,18312013,62,124,17904704,0,0,0,1,14,2329932,96,96,18312013,62,124,17904704,0,0,0,1,14,2329932
201812,53,433000,053,1030,56695 ,00000 ,37022 ,500,42660, , ,98371      ,4,9,12,Puyallup,94,94,25470800,2,4,699434,3,11,1720358,1,168,25810696,94,94,25470800,2,4,699434,3,11,1720358,1,168,25810696
201812,53,435000,025,1040,57115 ,00000 ,6750 ,999,99999, , ,98848      ,4,9,11,Quincy,45,45,7515703,2,4,510000,7,28,2420000,0,0,0,43,43,7176382,2,4,510000,7,28,2420000,0,0,0
201812,53,443000,033,1065,57535 ,00000 ,54144 ,500,42660, ,1,980739710  ,4,9,12,Redmond,166,166,69599808,1,2,601399,0,0,0,11,2025,222580966,166,166,69599808,1,2,601399,0,0,0,11,2025,222580966
201812,53,445000,033,1070,57745 ,00000 ,90927 ,500,42660, ,1,98055      ,4,9,12,Renton,184,184,64623061,4,8,1264334,4,15,2846310,5,52,3295424,184,184,64623061,4,8,1264334,4,15,2846310,5,52,3295424
201812,53,449000,005,1080,58235 ,00000 ,48058 ,999,28420, ,1,99352      ,4,9,12,Richland,329,329,102418393,1,2,373685,0,0,0,0,0,0,329,329,102418393,1,2,373685,0,0,0,0,0,0
201812,53,451000,011,1085,58410 ,00000 ,4763 ,440,38900, , ,98642      ,4,9,12,Ridgefield,314,314,94004590,0,0,0,0,0,0,0,0,0,314,314,94004590,0,0,0,0,0,0,0,0,0
201812,53,455000,047,1095,58795 ,00000 ,280 ,999,99999, , ,98849      ,4,9,12,Riverside town,0,0,0,0,0,0,0,0,0,0,0,0,0,0,0,0,0,0,0,0,0,0,0,0
201812,53,459000,063,1100,59145 ,00000 ,470 ,518,44060, , ,99030      ,4,9,12,Rockford town,1,1,274034,0,0,0,0,0,0,0,0,0,1,1,274034,0,0,0,0,0,0,0,0,0
201812,53,465000,053,1125,60160 ,00000 ,793 ,500,42660, , ,98580      ,4,9,12,Roy,0,0,0,0,0,0,0,0,0,0,0,0,0,0,0,0,0,0,0,0,0,0,0,0
201812,53,469000,053,1130,60510 ,00000 ,749 ,500,42660, , ,984076597  ,4,9,6,Ruston town,4,4,1199924,0,0,0,0,0,0,0,0,0,1,1,30000,0,0,0,0,0,0,0,0,0
201812,53,469900,033,1136,61115 ,00000 ,45780 ,500,42660, , ,98075      ,4,9,11,Sammamish,252,252,111301550,0,0,0,0,0,0,6,41,9996718,225,225,100373166,0,0,0,0,0,0,6,41,9996718
201812,53,471000,055,    ,99990 ,00000 ,13607 ,999,99999, , ,98250      ,4,9,12,San Juan County Unincorporated Area,125,125,26057443,0,0,0,0,0,0,0,0,0,125,125,26057443,0,0,0,0,0,0,0,0,0
201812,53,473000,033,1139,62288 ,00000 ,26909 ,500,42660, , ,98188      ,4,9,11,Seatac,31,31,9859185,0,0,0,1,4,474055,0,0,0,30,30,9476585,0,0,0,1,4,474055,0,0,0
201812,53,475000,033,1140,63000 ,00000 ,608660 ,500,42660, ,1,981244019  ,4,9,12,Seattle,523,523,141737845,183,366,76486644,136,458,87378047,147,6571,728650152,523,523,141737845,183,366,76486644,136,458,87378047,147,6571,728650152
201812,53,484000,033,1169,63960 ,00000 ,53007 ,500,42660, , ,981334905  ,4,9,12,Shoreline,89,89,26045264,0,0,0,4,16,3625539,2,259,36291549,89,89,26045264,0,0,0,4,16,3625539,2,259,36291549
201812,53,485000,057,    ,99990 ,00000 ,48117 ,500,34580,2, ,98273      ,4,9,12,Skagit County Unincorporated Area,222,222,53287670,1,2,528711,0,0,0,0,0,0,222,222,53287670,1,2,528711,0,0,0,0,0,0
201812,53,487000,059,    ,99990 ,00000 ,8645 ,440,38900, , ,98648      ,4,9,11,Skamania County Unincorporated Area,56,56,11763010,0,0,0,0,0,0,0,0,0,53,53,11088114,0,0,0,0,0,0,0,0,0
201812,53,489000,033,1175,64855 ,00000 ,198 ,500,42660, , ,98288      ,4,9,11,Skykomish town,1,1,225938,0,0,0,0,0,0,0,0,0,1,1,225938,0,0,0,0,0,0,0,0,0
201812,53,491000,061,1180,65170 ,00000 ,9098 ,500,42660, , ,98290      ,4,9,12,Snohomish,6,6,1692831,2,4,935447,1,3,532504,0,0,0,6,6,1692831,2,4,935447,1,3,532504,0,0,0
201812,53,493000,061,    ,99990 ,00000 ,302292 ,500,42660,2, ,98201      ,4,9,12,Snohomish County Unincorporated Area,1048,1048,352335965,31,62,14550637,58,204,42661895,67,870,108383728,1048,1048,352335965,31,62,14550637,58,204,42661895,67,870,108383728
201812,53,495000,033,1185,65205 ,00000 ,10670 ,500,42660, , ,98065      ,4,9,12,Snoqualmie,5,5,1554993,0,0,0,0,0,0,0,0,0,5,5,1554993,0,0,0,0,0,0,0,0,0
201812,53,503000,053,1210,66045 ,00000 ,434 ,500,42660, , ,98409      ,4,9,12,South Prairie town,0,0,0,0,0,0,0,0,0,0,0,0,0,0,0,0,0,0,0,0,0,0,0,0
201812,53,507000,063,6120,67000 ,00000 ,208916 ,518,44060, ,1,992013269  ,4,9,0,Spokane,381,381,98491347,6,12,2027610,8,26,3223380,24,436,51285009,0,0,0,0,0,0,0,0,0,0,0,0
201812,53,509000,063,    ,99990 ,00000 ,136108 ,518,44060,2, ,992600500  ,4,9,12,Spokane County Unincorporated Area,962,962,238713521,11,22,3855076,9,29,4094682,2,64,7897087,962,962,238713521,11,22,3855076,9,29,4094682,2,64,7897087
201812,53,509500,063,1222,67167 ,00000 ,89755 ,518,44060, ,1,99206      ,4,9,12,Spokane Valley,136,136,32713076,71,142,24607207,0,0,0,15,264,32425899,136,136,32713076,71,142,24607207,0,0,0,15,264,32425899
201812,53,517000,061,1235,67455 ,00000 ,6231 ,500,42660, , ,98292      ,4,9,12,Stanwood,54,54,14923769,0,0,0,0,0,0,0,0,0,54,54,14923769,0,0,0,0,0,0,0,0,0
201812,53,521000,053,1245,67770 ,00000 ,5985 ,500,42660, , ,98388      ,4,9,11,Steilacoom town,18,18,7927536,0,0,0,0,0,0,0,0,0,17,17,7464900,0,0,0,0,0,0,0,0,0
201812,53,523000,065,    ,99990 ,00000 ,33893 ,518,44060, , ,991142847  ,4,9,12,Stevens County Unincorporated Area,187,187,40928590,0,0,0,0,0,0,0,0,0,187,187,40928590,0,0,0,0,0,0,0,0,0
201812,53,525000,059,1250,67875 ,00000 ,1465 ,440,38900, , ,98648      ,4,9,12,Stevenson,6,6,1663416,0,0,0,0,0,0,0,0,0,6,6,1663416,0,0,0,0,0,0,0,0,0
201812,53,527000,061,1255,68260 ,00000 ,4651 ,500,42660, , ,982941099  ,4,9,0,Sultan,14,14,3725274,0,0,0,0,0,0,0,0,0,0,0,0,0,0,0,0,0,0,0,0,0
201812,53,531000,053,1272,68435 ,00000 ,9451 ,500,42660, , ,98390      ,4,9,11,Sumner,24,24,7667994,0,0,0,0,0,0,7,108,9935205,22,22,7075039,0,0,0,0,0,0,7,108,9935205
201812,53,535000,053,1280,70000 ,00000 ,198397 ,500,42660, ,1,98402      ,4,9,12,Tacoma,124,124,33543370,13,26,3513368,2,8,1177416,17,875,125919750,124,124,33543370,13,26,3513368,2,8,1177416,17,875,125919750
201812,53,541000,067,    ,99990 ,00000 ,135123 ,500,36500, , ,985026065  ,4,9,12,Thurston County Unincorporated Area,525,525,143423982,1,2,303301,0,0,0,0,0,0,525,525,143423982,1,2,303301,0,0,0,0,0,0
201812,53,551000,033,1320,72625 ,00000 ,19107 ,500,42660, , ,981882544  ,4,9,11,Tukwila,21,21,8070257,0,0,0,0,0,0,1,84,8418053,18,18,7082368,0,0,0,0,0,0,1,84,8418053
201812,53,553000,067,1325,72905 ,00000 ,17371 ,500,36500, ,1,98501      ,4,9,10,Tumwater,74,74,15396195,1,2,335400,0,0,0,2,13,1275580,55,55,11351138,1,2,335400,0,0,0,0,0,0
201812,53,560000,053,1343,73465 ,00000 ,31144 ,500,42660, , ,984660289  ,4,9,12,University Place,41,41,13132559,0,0,0,0,0,0,1,125,14023847,41,41,13132559,0,0,0,0,0,0,1,125,14023847
201812,53,563000,011,1347,74060 ,00000 ,161791 ,440,38900, ,1,986681995  ,4,9,12,Vancouver,317,317,32102344,10,20,1637682,5,18,1759457,42,759,62845280,317,317,32102344,10,20,1637682,5,18,1759457,42,759,62845280
201812,53,567000,071,1360,75565 ,00000 ,1217 ,999,47460, , ,99361      ,4,9,0,Waitsburg,10,10,1000000,0,0,0,0,0,0,0,0,0,0,0,0,0,0,0,0,0,0,0,0,0
201812,53,569000,071,1365,75775 ,00000 ,31731 ,999,47460, ,1,99362      ,4,9,12,Walla Walla,117,117,30235302,0,0,0,0,0,0,0,0,0,117,117,30235302,0,0,0,0,0,0,0,0,0
201812,53,571000,071,    ,99990 ,00000 ,16750 ,999,47460, , ,993622857  ,4,9,12,Walla Walla County Unincorporated Area,52,52,15309717,0,0,0,0,0,0,0,0,0,52,52,15309717,0,0,0,0,0,0,0,0,0
201812,53,577000,011,1385,76405 ,00000 ,14095 ,440,38900, , ,98671      ,4,9,11,Washougal,39,39,13320068,0,0,0,0,0,0,1,10,1088660,33,33,11466976,0,0,0,0,0,0,0,0,0
201812,53,581000,017,1395,76510 ,00000 ,1138 ,999,48300, , ,98858      ,4,9,12,Waterville town,2,2,310332,0,0,0,0,0,0,0,0,0,2,2,310332,0,0,0,0,0,0,0,0,0
201812,53,583000,063,1400,76720 ,00000 ,106 ,518,44060, , ,99039      ,4,9,12,Waverly town,0,0,0,0,0,0,0,0,0,0,0,0,0,0,0,0,0,0,0,0,0,0,0,0
201812,53,585000,007,1405,77105 ,00000 ,31925 ,999,48300, ,1,98807      ,4,9,12,Wenatchee,42,42,9866804,4,8,1242937,0,0,0,5,142,12024667,42,42,9866804,4,8,1242937,0,0,0,5,142,12024667
201812,53,587000,005,1425,77665 ,00000 ,11811 ,999,28420, , ,99353      ,4,9,12,West Richland,66,66,23296996,4,8,1038172,3,9,1509516,0,0,0,66,66,23296996,4,8,1038172,3,9,1509516,0,0,0
201812,53,591000,073,    ,99990 ,00000 ,87079 ,999,13380, , ,982269050  ,4,9,12,Whatcom County Unincorporated Area,297,297,82795004,3,6,1169599,3,9,1552241,0,0,0,297,297,82795004,3,6,1169599,3,9,1552241,0,0,0
201812,53,599000,053,1445,78925 ,00000 ,477 ,500,42660, , ,98396      ,4,9,12,Wilkeson town,1,1,218166,0,0,0,0,0,0,0,0,0,1,1,218166,0,0,0,0,0,0,0,0,0
201812,53,601000,025,1450,79135 ,00000 ,205 ,999,99999,2, ,98860      ,4,9,0,Wilson Creek town,0,0,0,0,0,0,0,0,0,0,0,0,0,0,0,0,0,0,0,0,0,0,0,0
201812,53,607000,047,1465,79380 ,00000 ,394 ,999,99999, , ,98862      ,4,9,0,Winthrop town,6,6,2140962,0,0,0,0,0,0,0,0,0,0,0,0,0,0,0,0,0,0,0,0,0
201812,53,608500,033,1468,79590 ,00000 ,10938 ,500,42660, , ,98072      ,4,9,12,Woodinville,187,187,87052189,0,0,0,0,0,0,2,80,12830597,187,187,87052189,0,0,0,0,0,0,2,80,12830597
201812,53,613000,061,1475,79835 ,00000 ,1307 ,500,42660, , ,98020      ,4,9,12,Woodway,2,2,1700000,0,0,0,0,0,0,0,0,0,2,2,1700000,0,0,0,0,0,0,0,0,0
201812,53,615000,011,1480,79975 ,00000 ,1566 ,440,38900, , ,98675      ,4,9,12,Yacolt town,1,1,176995,0,0,0,0,0,0,0,0,0,1,1,176995,0,0,0,0,0,0,0,0,0
201812,53,617000,077,1485,80010 ,00000 ,91067 ,999,49420, ,1,98901      ,4,9,11,Yakima,191,191,43051925,4,8,1476218,5,16,2613250,2,15,1609366,178,178,40303277,4,8,1476218,5,16,2613250,2,15,1609366
201812,53,619000,077,    ,99990 ,00000 ,83889 ,999,49420,2, ,989012614  ,4,9,12,Yakima County Unincorporated Area,155,155,41195217,1,2,334350,0,0,0,0,0,0,155,155,41195217,1,2,334350,0,0,0,0,0,0
201812,53,621000,033,1490,80150 ,00000 ,1001 ,500,42660, , ,98004      ,4,9,12,Yarrow Point town,5,5,6590640,0,0,0,0,0,0,0,0,0,5,5,6590640,0,0,0,0,0,0,0,0,0
201812,53,623000,067,1495,80220 ,00000 ,6848 ,500,36500, , ,98597      ,4,9,12,Yelm,46,46,14040560,0,0,0,0,0,0,0,0,0,46,46,14040560,0,0,0,0,0,0,0,0,0
201812,56,005000,001,    ,99990 ,00000 ,5238 ,999,99999, , ,82070      ,4,8,12,Albany County Unincorporated Area,47,47,15231104,0,0,0,0,0,0,0,0,0,47,47,15231104,0,0,0,0,0,0,0,0,0
201812,56,025000,025,0029,05245 ,00000 ,2213 ,999,16220, , ,82601      ,4,8,12,Bar Nunn town,22,22,2801270,0,0,0,0,0,0,0,0,0,22,22,2801270,0,0,0,0,0,0,0,0,0
201812,56,053000,003,0047,11700 ,00000 ,593 ,999,99999, , ,82412      ,4,8,11,Byron town,0,0,0,0,0,0,0,0,0,0,0,0,0,0,0,0,0,0,0,0,0,0,0,0
201812,56,057000,005,    ,99990 ,00000 ,15239 ,999,99999,2, ,827164239  ,4,8,0,Campbell County Unincorporated Area,46,46,11738393,0,0,0,0,0,0,0,0,0,0,0,0,0,0,0,0,0,0,0,0,0
201812,56,061000,007,    ,99990 ,00000 ,2148 ,999,99999, , ,82301      ,4,8,12,Carbon County Unincorporated Area,17,17,3861900,0,0,0,0,0,0,0,0,0,17,17,3861900,0,0,0,0,0,0,0,0,0
201812,56,065000,025,0051,13150 ,00000 ,55316 ,999,16220, ,1,82601      ,4,8,11,Casper,60,60,17953034,11,22,1917270,1,4,470000,1,11,1343418,55,55,16467206,10,20,1756270,1,4,470000,0,0,0
201812,56,069000,021,0054,13900 ,00000 ,59466 ,999,16940, ,1,82001      ,4,8,12,Cheyenne,213,213,41130047,0,0,0,15,51,4526077,8,97,8221000,213,213,41130047,0,0,0,15,51,4526077,8,97,8221000
201812,56,081000,029,0065,15760 ,00000 ,9520 ,999,99999, , ,82414      ,4,8,11,Cody,37,37,9338277,1,2,201000,0,0,0,0,0,0,35,35,8985856,0,0,0,0,0,0,0,0,0
201812,56,093000,003,0075,17645 ,00000 ,655 ,999,99999, , ,82420      ,4,8,6,Cowley town,2,2,527845,0,0,0,0,0,0,0,0,0,1,1,285178,0,0,0,0,0,0,0,0,0
201812,56,117000,009,0100,21125 ,00000 ,6120 ,999,99999, , ,82633      ,4,8,12,Douglas,11,11,2341678,0,0,0,0,0,0,0,0,0,11,11,2341678,0,0,0,0,0,0,0,0,0
201812,56,137000,041,0135,25620 ,00000 ,12359 ,999,99999, , ,82930      ,4,8,8,Evanston,4,4,1133954,0,0,0,0,0,0,0,0,0,2,2,595000,0,0,0,0,0,0,0,0,0
201812,56,141000,025,1300,25765 ,00000 ,2544 ,999,16220, , ,82636      ,4,8,12,Evansville town,3,3,510000,0,0,0,0,0,0,0,0,0,3,3,510000,0,0,0,0,0,0,0,0,0
201812,56,161000,005,0160,31855 ,00000 ,29087 ,999,99999, , ,82716      ,4,8,12,Gillette,37,37,10049500,0,0,0,0,0,0,0,0,0,37,37,10049500,0,0,0,0,0,0,0,0,0
201812,56,185000,037,0180,33740 ,00000 ,12515 ,999,99999, , ,82935      ,4,8,12,Green River,8,8,2107600,0,0,0,0,0,0,0,0,0,8,8,2107600,0,0,0,0,0,0,0,0,0
201812,56,217000,039,0215,40120 ,00000 ,9577 ,999,99999, , ,83001      ,4,8,0,Jackson town,23,23,12098158,3,6,1869957,1,3,116499,1,5,1040398,0,0,0,0,0,0,0,0,0,0,0,0
201812,56,245000,013,0245,44760 ,00000 ,7487 ,999,99999, , ,82520      ,4,8,0,Lander,7,7,1611001,0,0,0,0,0,0,0,0,0,0,0,0,0,0,0,0,0,0,0,0,0
201812,56,249000,001,0250,45050 ,00000 ,30816 ,999,99999, , ,82073      ,4,8,12,Laramie,51,51,10040230,0,0,0,0,0,0,1,47,5548761,51,51,10040230,0,0,0,0,0,0,1,47,5548761
201812,56,253000,021,    ,99990 ,00000 ,30661 ,999,16940, , ,82009      ,4,8,12,Laramie County Unincorporated Area,176,176,31907596,0,0,0,0,0,0,0,0,0,176,176,31907596,0,0,0,0,0,0,0,0,0
201812,56,257000,023,    ,99990 ,00000 ,8923 ,999,99999, , ,83101      ,4,8,11,Lincoln County Unincorporated Area,106,106,30229913,0,0,0,0,0,0,0,0,0,100,100,28484388,0,0,0,0,0,0,0,0,0
201812,56,289000,035,0295,50415 ,00000 ,1094 ,999,99999, , ,831136502  ,4,8,12,Marbleton town,0,0,0,0,0,0,0,0,0,0,0,0,0,0,0,0,0,0,0,0,0,0,0,0
201812,56,297000,029,0305,51720 ,00000 ,327 ,999,99999, , ,82433      ,4,8,12,Meeteetse town,0,0,0,0,0,0,0,0,0,0,0,0,0,0,0,0,0,0,0,0,0,0,0,0
201812,56,305000,025,0310,53460 ,00000 ,3461 ,999,16220, , ,826440789  ,4,8,12,Mills town,16,16,2435350,0,0,0,0,0,0,0,0,0,16,16,2435350,0,0,0,0,0,0,0,0,0
201812,56,317000,025,    ,99990 ,00000 ,11317 ,999,16220,2, ,82601      ,4,8,12,Natrona County Unincorporated Area,39,39,7405499,0,0,0,0,0,0,0,0,0,39,39,7405499,0,0,0,0,0,0,0,0,0
201812,56,333000,029,    ,99990 ,00000 ,12025 ,999,99999,2, ,82414      ,4,8,12,Park County Unincorporated Area,77,77,22023327,1,2,344763,0,0,0,0,0,0,77,77,22023327,1,2,344763,0,0,0,0,0,0
201812,56,349000,035,0350,61580 ,00000 ,2030 ,999,99999, , ,82941      ,4,8,8,Pinedale town,4,4,1039750,0,0,0,0,0,0,0,0,0,3,3,700000,0,0,0,0,0,0,0,0,0
201812,56,357000,029,0357,62450 ,00000 ,6314 ,999,99999, , ,82435      ,4,8,11,Powell,11,11,1946500,0,0,0,0,0,0,0,0,0,11,11,1946500,0,0,0,0,0,0,0,0,0
201812,56,369000,007,0375,66075 ,00000 ,52 ,999,99999, , ,82325      ,4,8,12,Riverside town,0,0,0,0,0,0,0,0,0,0,0,0,0,0,0,0,0,0,0,0,0,0,0,0
201812,56,373000,013,0380,66220 ,00000 ,10615 ,999,99999, , ,82501      ,4,8,12,Riverton,3,3,404500,0,0,0,0,0,0,0,0,0,3,3,404500,0,0,0,0,0,0,0,0,0
201812,56,381000,037,0390,67235 ,00000 ,23036 ,999,99999, , ,82901      ,4,8,11,Rock Springs,33,33,9048208,0,0,0,0,0,0,0,0,0,30,30,8183000,0,0,0,0,0,0,0,0,0
201812,56,393000,033,0400,69845 ,00000 ,17444 ,999,99999, , ,82801      ,4,8,11,Sheridan,61,61,13557376,7,14,2079596,0,0,0,0,0,0,58,58,12936109,6,12,1830508,0,0,0,0,0,0
201812,56,397000,033,    ,99990 ,00000 ,9918 ,999,99999, , ,82801      ,4,8,0,Sheridan County Unincorporated Area,83,83,24087187,0,0,0,0,0,0,0,0,0,0,0,0,0,0,0,0,0,0,0,0,0
201812,56,409000,035,    ,99990 ,00000 ,6571 ,999,99999, , ,829410506  ,4,8,7,Sublette County Unincorporated Area,52,52,14917367,0,0,0,0,0,0,0,0,0,37,37,10551592,0,0,0,0,0,0,0,0,0
201812,56,417000,037,0427,74775 ,00000 ,336 ,999,99999, , ,829450040  ,4,8,12,Superior town,0,0,0,0,0,0,0,0,0,0,0,0,0,0,0,0,0,0,0,0,0,0,0,0
201812,56,421000,037,    ,99990 ,00000 ,7223 ,999,99999, , ,82935      ,4,8,9,Sweetwater County Unincorporated Area,13,13,3605358,0,0,0,0,0,0,0,0,0,11,11,3057372,0,0,0,0,0,0,0,0,0
201812,56,429000,039,    ,99990 ,00000 ,11717 ,999,99999, , ,83001      ,4,8,12,Teton County Unincorporated Area,128,128,225762307,0,0,0,0,0,0,0,0,0,128,128,225762307,0,0,0,0,0,0,0,0,0
201812,56,441000,015,0450,77530 ,00000 ,6501 ,999,99999, , ,82240      ,4,8,12,Torrington,0,0,0,0,0,0,0,0,0,0,0,0,0,0,0,0,0,0,0,0,0,0,0,0
201812,56,445000,041,    ,99990 ,00000 ,4840 ,999,99999, , ,82930      ,4,8,12,Uinta County Unincorporated Area,19,19,3626000,0,0,0,0,0,0,0,0,0,19,19,3626000,0,0,0,0,0,0,0,0,0
201812,56,453000,027,0460,79705 ,00000 ,15 ,999,99999, , ,82242      ,4,8,0,Van Tassell town,0,0,0,0,0,0,0,0,0,0,0,0,0,0,0,0,0,0,0,0,0,0,0,0
