Survey,State,6-Digit,County,Census Place,FIPS Place,FIPS MCD,Pop,CSA,CBSA,Footnote,Central,Zip,Region,Division,Number of,Place,,1-unit,,,2-units,,,3-4 units,,,5+ units,,,1-unit rep,,,2-units rep,,,3-4 units rep,,,5+ units rep
Date,Code,ID,Code,Code,Code,Code,  ,Code,Code,Code,City,Code,Code,Code,Months Rep,Name,Bldgs,Units,Value,Bldgs,Units,Value,Bldgs,Units,Value,Bldgs,Units,Value,Bldgs,Units,Value,Bldgs,Units,Value,Bldgs,Units,Value,Bldgs,Units,Value
 
202012,02,009000,013,0070,01090 ,00000 ,1027 ,999,99999, , ,99503      ,4,9,0,Akutan,0,0,0,0,0,0,0,0,0,0,0,0,0,0,0,0,0,0,0,0,0,0,0,0
202012,02,041000,020,0140,03000 ,00000 ,291826 ,999,11260, ,1,995196650  ,4,9,3,Municipality of Anchorage,735,735,235176416,1,2,564514,12,44,7572140,15,189,28392597,35,35,15893190,1,2,564514,2,8,1318544,3,75,10369703
202012,02,049000,105,0160,03440 ,00000 ,459 ,999,99999,2, ,998200189  ,4,9,0,Angoon,0,0,0,0,0,0,0,0,0,0,0,0,0,0,0,0,0,0,0,0,0,0,0,0
202012,02,085000,050,0310,06520 ,00000 ,6080 ,999,99999, , ,99559      ,4,9,12,Bethel,11,11,3265172,2,4,691450,0,0,0,0,0,0,11,11,3265172,2,4,691450,0,0,0,0,0,0
202012,02,097000,060,    ,99990 ,00000 ,997 ,999,99999, , ,996330189  ,4,9,12,Bristol Bay Borough,1,1,155000,0,0,0,0,0,0,0,0,0,1,1,155000,0,0,0,0,0,0,0,0,0
202012,02,133000,261,0820,17410 ,00000 ,2239 ,999,99999, , ,99574      ,4,9,12,Cordova,2,2,600000,0,0,0,0,0,0,0,0,0,2,2,600000,0,0,0,0,0,0,0,0,0
202012,02,137000,198,0830,17740 ,00000 ,1201 ,999,99999, , ,99921      ,4,9,0,Craig,0,0,0,0,0,0,0,0,0,0,0,0,0,0,0,0,0,0,0,0,0,0,0,0
202012,02,149000,070,0880,18950 ,00000 ,2329 ,999,99999, , ,99576      ,4,9,11,Dillingham,0,0,0,0,0,0,0,0,0,0,0,0,0,0,0,0,0,0,0,0,0,0,0,0
202012,02,173000,158,0900,22910 ,00000 ,762 ,999,99999,2, ,99581      ,4,9,0,Emmonak,0,0,0,0,0,0,0,0,0,0,0,0,0,0,0,0,0,0,0,0,0,0,0,0
202012,02,177000,090,1080,24230 ,00000 ,31535 ,999,21820,2,1,997014615  ,4,9,0,Fairbanks,0,0,0,0,0,0,0,0,0,0,0,0,0,0,0,0,0,0,0,0,0,0,0,0
202012,02,209000,100,    ,99990 ,00000 ,2508 ,999,99999, , ,99827      ,4,9,6,Haines Borough,5,5,697776,0,0,0,0,0,0,0,0,0,1,1,100000,0,0,0,0,0,0,0,0,0
202012,02,221000,122,1370,33140 ,00000 ,5003 ,999,99999, , ,99603      ,4,9,12,Homer,41,41,13795000,2,4,530000,3,10,1727000,0,0,0,41,41,13795000,2,4,530000,3,10,1727000,0,0,0
202012,02,225000,105,1380,33360 ,00000 ,760 ,999,99999, , ,99829      ,4,9,12,Hoonah,5,5,1484169,0,0,0,0,0,0,1,16,7000000,5,5,1484169,0,0,0,0,0,0,1,16,7000000
202012,02,233000,170,1410,33800 ,00000 ,1912 ,999,11260, , ,996940027  ,4,9,12,Houston,11,11,3265173,0,0,0,0,0,0,0,0,0,11,11,3265173,0,0,0,0,0,0,0,0,0
202012,02,253000,110,    ,99990 ,00000 ,31275 ,999,99999, , ,99801      ,4,9,12,Juneau city and borough,40,40,9015750,3,6,1093993,0,0,0,0,0,0,40,40,9015750,3,6,1093993,0,0,0,0,0,0
202012,02,277000,122,1630,38420 ,00000 ,7100 ,999,99999, , ,99611      ,4,9,0,Kenai,14,14,3268870,0,0,0,0,0,0,0,0,0,0,0,0,0,0,0,0,0,0,0,0,0
202012,02,289000,130,    ,99990 ,00000 ,5016 ,999,99999, , ,999016059  ,4,9,12,Ketchikan Gateway Borough,35,35,10113242,2,4,691450,1,4,594546,0,0,0,35,35,10113242,2,4,691450,1,4,594546,0,0,0
202012,02,297000,013,1670,39410 ,00000 ,938 ,999,99999, , ,99612      ,4,9,7,King Cove,0,0,0,0,0,0,0,0,0,0,0,0,0,0,0,0,0,0,0,0,0,0,0,0
202012,02,317000,150,1750,40950 ,00000 ,6130 ,999,99999, , ,99615      ,4,9,12,Kodiak City-Kodiak Island Borough,8,8,1908220,1,2,495399,3,9,1278274,0,0,0,8,8,1908220,1,2,495399,3,9,1278274,0,0,0
202012,02,329000,188,1800,41830 ,00000 ,3201 ,999,99999, , ,99752      ,4,9,12,Kotzebue,10,10,2681504,0,0,0,0,0,0,0,0,0,10,10,2681504,0,0,0,0,0,0,0,0,0
202012,02,409000,290,2330,54150 ,00000 ,94 ,999,99999, , ,996910045  ,4,9,5,Nikolai,2,2,593668,0,0,0,0,0,0,0,0,0,2,2,593668,0,0,0,0,0,0,0,0,0
202012,02,413000,180,2370,54920 ,00000 ,3598 ,999,99999, , ,997620281  ,4,9,5,Nome,8,8,1439578,0,0,0,0,0,0,0,0,0,3,3,529828,0,0,0,0,0,0,0,0,0
202012,02,425000,090,2410,55910 ,00000 ,2117 ,999,21820, , ,99705      ,4,9,11,North Pole,8,8,2701966,0,0,0,3,11,2279892,0,0,0,7,7,2353846,0,0,0,3,11,2279892,0,0,0
202012,02,429000,185,    ,99990 ,00000 ,2790 ,999,99999, , ,997230069  ,4,9,12,North Slope Borough,5,5,1484169,0,0,0,0,0,0,0,0,0,5,5,1484169,0,0,0,0,0,0,0,0,0
202012,02,433000,188,    ,99990 ,00000 ,881 ,999,99999,2, ,99752      ,4,9,4,Northwest Arctic Borough Unincorporated Area,2,2,1186666,0,0,0,0,0,0,0,0,0,0,0,0,0,0,0,0,0,0,0,0,0
202012,02,457000,170,2510,58660 ,00000 ,5937 ,999,11260, , ,996456748  ,4,9,12,Palmer,17,17,3425447,0,0,0,0,0,0,0,0,0,17,17,3425447,0,0,0,0,0,0,0,0,0
202012,02,461000,105,2550,59650 ,00000 ,88 ,999,99999, , ,99832      ,4,9,12,Pelican,0,0,0,0,0,0,0,0,0,0,0,0,0,0,0,0,0,0,0,0,0,0,0,0
202012,02,465000,195,    ,99990 ,00000 ,2948 ,999,99999, , ,99833      ,4,9,10,Petersburg Borough,4,4,1051766,5,10,1675000,0,0,0,1,15,6000000,2,2,670000,5,10,1675000,0,0,0,1,15,6000000
202012,02,505000,013,2900,67020 ,00000 ,976 ,999,99999, , ,99661      ,4,9,12,Sand Point,0,0,0,0,0,0,0,0,0,0,0,0,0,0,0,0,0,0,0,0,0,0,0,0
202012,02,525000,122,2950,68340 ,00000 ,255 ,999,99999, , ,99663      ,4,9,6,Seldovia,0,0,0,0,0,0,0,0,0,0,0,0,0,0,0,0,0,0,0,0,0,0,0,0
202012,02,529000,122,2960,68560 ,00000 ,2693 ,999,99999, , ,99664      ,4,9,12,Seward,11,11,2509000,0,0,0,0,0,0,0,0,0,11,11,2509000,0,0,0,0,0,0,0,0,0
202012,02,557000,220,    ,99990 ,00000 ,8881 ,999,99999, , ,99835      ,4,9,1,Sitka city and borough,8,8,1760372,1,2,306156,0,0,0,0,0,0,0,0,0,0,0,0,0,0,0,0,0,0
202012,02,561000,230,3050,70760 ,00000 ,968 ,999,99999, , ,998400415  ,4,9,12,Municipality of Skagway,1,1,300000,0,0,0,0,0,0,0,0,0,1,1,300000,0,0,0,0,0,0,0,0,0
202012,02,565000,122,3070,71640 ,00000 ,4163 ,999,99999, , ,99669      ,4,9,0,Soldotna,17,17,3478070,0,0,0,0,0,0,0,0,0,0,0,0,0,0,0,0,0,0,0,0,0
202012,02,581000,016,2880,66470 ,00000 ,479 ,999,99999, , ,99660      ,4,9,6,St. Paul,0,0,0,0,0,0,0,0,0,0,0,0,0,0,0,0,0,0,0,0,0,0,0,0
202012,02,597000,105,3290,76260 ,00000 ,131 ,999,99999, , ,998410052  ,4,9,12,Tenakee Springs,0,0,0,0,0,0,0,0,0,0,0,0,0,0,0,0,0,0,0,0,0,0,0,0
202012,02,625000,016,3430,80770 ,00000 ,4376 ,999,99999, , ,99685      ,4,9,12,Unalaska,1,1,296834,2,4,691450,0,0,0,0,0,0,1,1,296834,2,4,691450,0,0,0,0,0,0
202012,02,633000,261,3470,82200 ,00000 ,3976 ,999,99999, , ,99686      ,4,9,10,Valdez,14,14,3313900,0,0,0,0,0,0,0,0,0,12,12,2896500,0,0,0,0,0,0,0,0,0
202012,02,645000,170,3520,83080 ,00000 ,7831 ,999,11260, , ,99654      ,4,9,12,Wasilla,8,8,2374671,8,16,2765800,2,8,1189092,0,0,0,8,8,2374671,8,16,2765800,2,8,1189092,0,0,0
202012,02,653000,261,3550,84510 ,00000 ,220 ,999,99999, , ,996930608  ,4,9,0,Whittier,0,0,0,0,0,0,0,0,0,0,0,0,0,0,0,0,0,0,0,0,0,0,0,0
202012,02,657000,275,    ,86380 ,00000 ,2369 ,999,99999, , ,99929      ,4,9,12,Wrangell city and borough,3,3,615000,0,0,0,0,0,0,0,0,0,3,3,615000,0,0,0,0,0,0,0,0,0
202012,02,661000,282,3610,86490 ,00000 ,662 ,999,99999, , ,99689      ,4,9,11,Yakutat city and borough,5,5,1107425,0,0,0,0,0,0,0,0,0,4,4,940502,0,0,0,0,0,0,0,0,0
202012,04,001000,001,    ,99990 ,00000 ,61192 ,999,99999, , ,85936      ,4,8,12,Apache County Unincorporated Area,60,60,17155847,0,0,0,0,0,0,0,0,0,60,60,17155847,0,0,0,0,0,0,0,0,0
202012,04,009000,021,0007,02830 ,00000 ,35546 ,429,38060,2, ,851192899  ,4,8,12,Apache Junction,131,131,19311340,0,0,0,3,12,857288,1,10,1064912,131,131,19311340,0,0,0,3,12,857288,1,10,1064912
202012,04,013000,013,0013,04720 ,00000 ,76238 ,429,38060, , ,85323      ,4,8,12,Avondale,549,549,153131895,0,0,0,0,0,0,31,354,48388692,549,549,153131895,0,0,0,0,0,0,31,354,48388692
202012,04,025000,013,0030,07940 ,00000 ,50876 ,429,38060, , ,85326      ,4,8,12,Buckeye,3341,3341,943152905,0,0,0,0,0,0,0,0,0,3341,3341,943152905,0,0,0,0,0,0,0,0,0
202012,04,029000,015,0031,08220 ,00000 ,39540 ,999,29420, , ,86442      ,4,8,12,Bullhead City,305,305,65300868,0,0,0,0,0,0,0,0,0,305,305,65300868,0,0,0,0,0,0,0,0,0
202012,04,037000,013,0039,10180 ,00000 ,3363 ,429,38060, , ,85377      ,4,8,12,Carefree town,17,17,11119757,0,0,0,0,0,0,0,0,0,17,17,11119757,0,0,0,0,0,0,0,0,0
202012,04,041000,021,0040,10530 ,00000 ,48571 ,429,38060, ,1,85122      ,4,8,9,Casa Grande,1045,1045,238892325,0,0,0,0,0,0,0,0,0,875,875,199016317,0,0,0,0,0,0,0,0,0
202012,04,045000,013,0044,11300 ,00000 ,5015 ,429,38060, , ,85331      ,4,8,12,Cave Creek town,77,77,27060209,0,0,0,0,0,0,0,0,0,77,77,27060209,0,0,0,0,0,0,0,0,0
202012,04,049000,013,0050,12000 ,00000 ,236123 ,429,38060, ,1,852444008  ,4,8,12,Chandler,821,821,273412045,28,56,11623985,34,104,20813951,72,920,138473364,821,821,273412045,28,56,11623985,34,104,20813951,72,920,138473364
202012,04,065000,003,    ,99990 ,00000 ,52410 ,999,43420, , ,85603      ,4,8,11,Cochise County Unincorporated Area,218,218,36967823,0,0,0,0,0,0,0,0,0,201,201,33313870,0,0,0,0,0,0,0,0,0
202012,04,069000,005,    ,99990 ,00000 ,54125 ,999,22380, , ,860019331  ,4,8,12,Coconino County Unincorporated Area,280,280,57898188,0,0,0,0,0,0,0,0,0,280,280,57898188,0,0,0,0,0,0,0,0,0
202012,04,077000,021,0067,15500 ,00000 ,11825 ,429,38060, , ,85228      ,4,8,12,Coolidge,529,529,87905776,0,0,0,0,0,0,4,168,8400000,529,529,87905776,0,0,0,0,0,0,4,168,8400000
202012,04,085000,003,0080,20050 ,00000 ,17378 ,999,43420, ,1,856072030  ,4,8,0,Douglas,4,4,300419,0,0,0,0,0,0,3,15,1447743,0,0,0,0,0,0,0,0,0,0,0,0
202012,04,097000,013,0100,22220 ,00000 ,31797 ,429,38060, , ,853352955  ,4,8,12,El Mirage,44,44,10783195,0,0,0,0,0,0,0,0,0,44,44,10783195,0,0,0,0,0,0,0,0,0
202012,04,101000,021,0105,22360 ,00000 ,16631 ,429,38060, , ,85231      ,4,8,11,Eloy,116,116,25807132,0,0,0,0,0,0,0,0,0,103,103,23312305,0,0,0,0,0,0,0,0,0
202012,04,105000,005,0115,23620 ,00000 ,65870 ,999,22380, ,1,86001      ,4,8,12,Flagstaff,280,280,67554802,0,0,0,2,6,200000,6,302,70300890,280,280,67554802,0,0,0,2,6,200000,6,302,70300890
202012,04,109000,021,0120,23760 ,00000 ,25536 ,429,38060, , ,85132      ,4,8,12,Florence town,399,399,112487408,0,0,0,0,0,0,0,0,0,399,399,112487408,0,0,0,0,0,0,0,0,0
202012,04,113000,013,0124,25300 ,00000 ,22489 ,429,38060, , ,85268      ,4,8,12,Fountain Hills town,56,56,22658740,1,2,460813,0,0,0,2,75,8124339,56,56,22658740,1,2,460813,0,0,0,2,75,8124339
202012,04,117000,005,0125,25720 ,00000 ,1314 ,999,22380, , ,86022      ,4,8,1,Fredonia town,0,0,0,0,0,0,0,0,0,0,0,0,0,0,0,0,0,0,0,0,0,0,0,0
202012,04,121000,013,0129,27050 ,00000 ,1922 ,429,38060, , ,85337      ,4,8,4,Gila Bend town,0,0,0,0,0,0,0,0,0,0,0,0,0,0,0,0,0,0,0,0,0,0,0,0
202012,04,125000,007,    ,99990 ,00000 ,25602 ,999,99999, , ,85501      ,4,8,12,Gila County Unincorporated Area,107,107,17492544,0,0,0,0,0,0,0,0,0,107,107,17492544,0,0,0,0,0,0,0,0,0
202012,04,129000,013,0135,27400 ,00000 ,208453 ,429,38060, , ,85296      ,4,8,12,Gilbert town,1227,1227,264627284,0,0,0,0,0,0,89,1286,192903387,1227,1227,264627284,0,0,0,0,0,0,89,1286,192903387
202012,04,133000,013,0140,27820 ,00000 ,226721 ,429,38060, , ,85301      ,4,8,12,Glendale,546,546,148197767,1,2,381996,0,0,0,0,0,0,546,546,148197767,1,2,381996,0,0,0,0,0,0
202012,04,141000,013,0150,28380 ,00000 ,65275 ,429,38060, , ,85338      ,4,8,12,Goodyear,1928,1928,601668060,40,80,15483086,2,8,1177230,11,744,85858068,1928,1928,601668060,40,80,15483086,2,8,1177230,11,744,85858068
202012,04,145000,009,    ,99990 ,00000 ,20402 ,999,99999, , ,85546      ,4,8,12,Graham County Unincorporated Area,67,67,15930556,0,0,0,0,0,0,0,0,0,67,67,15930556,0,0,0,0,0,0,0,0,0
202012,04,153000,013,0158,30270 ,00000 ,5523 ,429,38060, , ,852832538  ,4,8,12,Guadalupe town,2,2,293000,0,0,0,0,0,0,0,0,0,2,2,293000,0,0,0,0,0,0,0,0,0
202012,04,157000,007,0160,32020 ,00000 ,662 ,999,99999,2, ,85135      ,4,8,12,Hayden town,0,0,0,0,0,0,0,0,0,0,0,0,0,0,0,0,0,0,0,0,0,0,0,0
202012,04,181000,015,0185,37620 ,00000 ,28068 ,999,29420, ,1,86401      ,4,8,12,Kingman,372,372,56133997,11,22,2805736,4,13,1085706,0,0,0,372,372,56133997,11,22,2805736,4,13,1085706,0,0,0
202012,04,189000,015,0188,39370 ,00000 ,52527 ,999,29420, ,1,86403      ,4,8,12,Lake Havasu City,342,342,72236678,28,56,4975949,7,22,1337176,0,0,0,342,342,72236678,28,56,4975949,7,22,1337176,0,0,0
202012,04,193000,013,0196,41330 ,00000 ,5476 ,429,38060, , ,85340      ,4,8,12,Litchfield Park,21,21,6821792,0,0,0,4,14,3219900,0,0,0,21,21,6821792,0,0,0,4,14,3219900,0,0,0
202012,04,201000,019,0210,44270 ,00000 ,34961 ,536,46060,2, ,85653      ,4,8,12,Marana town,913,913,291647336,0,0,0,0,0,0,0,0,0,913,913,291647336,0,0,0,0,0,0,0,0,0
202012,04,205000,013,    ,99990 ,00000 ,284404 ,429,38060, , ,85008      ,4,8,12,Maricopa County Unincorporated Area,2579,2579,716290287,0,0,0,0,0,0,0,0,0,2579,2579,716290287,0,0,0,0,0,0,0,0,0
202012,04,205100,021,0212,44410 ,00000 ,43482 ,429,38060, , ,85238      ,4,8,12,Maricopa,1514,1514,371171649,0,0,0,0,0,0,0,0,0,1514,1514,371171649,0,0,0,0,0,0,0,0,0
202012,04,209000,013,0215,46000 ,00000 ,439041 ,429,38060, ,1,852111466  ,4,8,12,Mesa,2826,2826,804771282,25,50,3074906,0,0,0,12,1608,166663886,2826,2826,804771282,25,50,3074906,0,0,0,12,1608,166663886
202012,04,217000,015,    ,99990 ,00000 ,75230 ,999,29420, , ,864027000  ,4,8,12,Mohave County Unincorporated Area,260,260,76392853,1,2,289530,0,0,0,0,0,0,260,260,76392853,1,2,289530,0,0,0,0,0,0
202012,04,221000,017,    ,99990 ,00000 ,68097 ,999,99999, , ,85901      ,4,8,0,Navajo County Unincorporated Area,157,157,29961806,0,0,0,0,0,0,0,0,0,0,0,0,0,0,0,0,0,0,0,0,0
202012,04,229000,019,0238,51600 ,00000 ,41011 ,536,46060, , ,85737      ,4,8,12,Oro Valley town,385,385,121996345,0,0,0,0,0,0,0,0,0,385,385,121996345,0,0,0,0,0,0,0,0,0
202012,04,237000,013,0242,52930 ,00000 ,12820 ,429,38060, , ,852534328  ,4,8,12,Paradise Valley town,81,81,120545695,0,0,0,0,0,0,0,0,0,81,81,120545695,0,0,0,0,0,0,0,0,0
202012,04,249000,007,0252,53700 ,00000 ,15301 ,999,99999, , ,855414306  ,4,8,12,Payson town,74,74,24792590,0,0,0,0,0,0,2,16,1482734,74,74,24792590,0,0,0,0,0,0,2,16,1482734
202012,04,253000,013,0255,54050 ,00000 ,154058 ,429,38060,2, ,85345      ,4,8,12,Peoria,1474,1474,238362618,40,80,3323754,0,0,0,0,0,0,1474,1474,238362618,40,80,3323754,0,0,0,0,0,0
202012,04,257000,013,2650,55000 ,00000 ,1445632 ,429,38060, ,1,850031611  ,4,8,12,Phoenix,4666,4666,1070609138,173,346,40338030,13,46,5338843,175,6589,857774258,4666,4666,1070609138,173,346,40338030,13,46,5338843,175,6589,857774258
202012,04,261000,019,    ,99990 ,00000 ,353264 ,536,46060, , ,85701      ,4,8,12,Pima County Unincorporated Area,1317,1317,422531554,2,4,1122886,0,0,0,0,0,0,1317,1317,422531554,2,4,1122886,0,0,0,0,0,0
202012,04,269000,021,    ,99990 ,00000 ,187517 ,429,38060,2, ,85132      ,4,8,12,Pinal County Unincorporated Area,2376,2376,396182412,1,2,147442,0,0,0,0,0,0,2376,2376,396182412,1,2,147442,0,0,0,0,0,0
202012,04,277000,025,0280,57380 ,00000 ,39843 ,999,39150, ,1,86301      ,4,8,12,Prescott,387,387,123189653,0,0,0,3,12,1392783,3,22,2045124,387,387,123189653,0,0,0,3,12,1392783,3,22,2045124
202012,04,281000,025,0282,57450 ,00000 ,38822 ,999,39150, ,1,863142275  ,4,8,12,Prescott Valley town,515,515,136301901,59,118,15289540,0,0,0,0,0,0,515,515,136301901,59,118,15289540,0,0,0,0,0,0
202012,04,289000,013,0284,58150 ,00000 ,25912 ,429,38060,2, ,852429311  ,4,8,12,Queen Creek town,1985,1985,743370163,8,16,1847171,0,0,0,0,0,0,1985,1985,743370163,8,16,1847171,0,0,0,0,0,0
202012,04,293000,009,0298,62000 ,00000 ,9566 ,999,99999, , ,85548      ,4,8,12,Safford,62,62,7791700,2,4,204185,0,0,0,0,0,0,62,62,7791700,2,4,204185,0,0,0,0,0,0
202012,04,294000,019,0303,62140 ,00000 ,25259 ,536,46060, , ,85629      ,4,8,12,Sahuarita town,578,578,185195057,0,0,0,0,0,0,0,0,0,578,578,185195057,0,0,0,0,0,0,0,0,0
202012,04,297000,027,0321,63470 ,00000 ,25505 ,999,49740, , ,85349      ,4,8,12,San Luis,366,366,55869331,0,0,0,0,0,0,0,0,0,366,366,55869331,0,0,0,0,0,0,0,0,0
202012,04,301000,023,    ,99990 ,00000 ,25670 ,999,99999, , ,856211090  ,4,8,12,Santa Cruz County Unincorporated Area,189,189,43328581,0,0,0,0,0,0,0,0,0,189,189,43328581,0,0,0,0,0,0,0,0,0
202012,04,305000,013,0327,65000 ,00000 ,217385 ,429,38060, ,1,85251      ,4,8,11,Scottsdale,570,570,171981566,4,8,1676841,6,23,6511480,36,1023,111867020,508,508,141089560,3,6,1143059,5,20,5815234,35,983,105982692
202012,04,317000,017,0337,66470 ,00000 ,10660 ,999,99999, , ,85901      ,4,8,12,Show Low,156,156,38035804,0,0,0,0,0,0,1,11,330000,156,156,38035804,0,0,0,0,0,0,1,11,330000
202012,04,321000,003,0338,66820 ,00000 ,43888 ,999,43420, ,1,85635      ,4,8,12,Sierra Vista,97,97,16632000,0,0,0,0,0,0,0,0,0,97,97,16632000,0,0,0,0,0,0,0,0,0
202012,04,329000,027,0342,68080 ,00000 ,14287 ,999,49740, , ,85350      ,4,8,12,Somerton,78,78,12374471,0,0,0,0,0,0,0,0,0,78,78,12374471,0,0,0,0,0,0,0,0,0
202012,04,333000,019,0344,68850 ,00000 ,5652 ,536,46060, , ,857132803  ,4,8,12,South Tucson,6,6,935000,0,0,0,0,0,0,0,0,0,6,6,935000,0,0,0,0,0,0,0,0,0
202012,04,345000,021,0359,71300 ,00000 ,2837 ,429,38060,2, ,852733409  ,4,8,0,Superior town,0,0,0,0,0,0,0,0,0,0,0,0,0,0,0,0,0,0,0,0,0,0,0,0
202012,04,349000,013,0361,71510 ,00000 ,117517 ,429,38060, , ,85374      ,4,8,12,Surprise,2468,2468,759103895,0,0,0,0,0,0,1,47,10121849,2468,2468,759103895,0,0,0,0,0,0,1,47,10121849
202012,04,353000,017,0366,72420 ,00000 ,4112 ,999,99999, , ,85939      ,4,8,0,Taylor town,14,14,6703407,0,0,0,0,0,0,0,0,0,0,0,0,0,0,0,0,0,0,0,0,0
202012,04,357000,013,0368,73000 ,00000 ,161719 ,429,38060, ,1,85281      ,4,8,0,Tempe,118,118,24670698,8,16,2077440,0,0,0,13,1205,210767153,0,0,0,0,0,0,0,0,0,0,0,0
202012,04,365000,013,0372,74190 ,00000 ,6545 ,429,38060, , ,85353      ,4,8,12,Tolleson,6,6,1511628,0,0,0,0,0,0,0,0,0,6,6,1511628,0,0,0,0,0,0,0,0,0
202012,04,373000,019,0385,77000 ,00000 ,520116 ,536,46060,2,1,85726      ,4,8,1,Tucson,1043,1043,265469961,21,42,4996313,0,0,0,44,670,100520634,137,137,34434663,2,4,307355,0,0,0,5,25,2967032
202012,04,381000,013,0397,82740 ,00000 ,6363 ,429,38060,2, ,85390      ,4,8,11,Wickenburg town,212,212,72617763,0,0,0,0,0,0,0,0,0,194,194,65661328,0,0,0,0,0,0,0,0,0
202012,04,401000,025,    ,99990 ,00000 ,83782 ,999,39150, , ,86305      ,4,8,12,Yavapai County Unincorporated Area,469,469,157391513,4,8,1273543,0,0,0,0,0,0,469,469,157391513,4,8,1273543,0,0,0,0,0,0
202012,04,405000,013,0416,85400 ,00000 ,6156 ,429,38060, , ,853631212  ,4,8,12,Youngtown town,0,0,0,0,0,0,0,0,0,0,0,0,0,0,0,0,0,0,0,0,0,0,0,0
202012,04,409000,027,0420,85540 ,00000 ,93064 ,999,49740, ,1,853641436  ,4,8,12,Yuma,577,577,105872389,24,48,9896428,7,28,1032080,1,5,184300,577,577,105872389,24,48,9896428,7,28,1032080,1,5,184300
202012,04,413000,027,    ,99990 ,00000 ,60013 ,999,49740, , ,85364      ,4,8,12,Yuma County Unincorporated Area,108,108,13412189,14,28,1967280,0,0,0,0,0,0,108,108,13412189,14,28,1967280,0,0,0,0,0,0
202012,06,001000,071,0003,00296 ,00000 ,31765 ,348,40140, , ,92301      ,4,9,12,Adelanto,162,162,20448475,0,0,0,0,0,0,0,0,0,162,162,20448475,0,0,0,0,0,0,0,0,0
202012,06,002000,037,0007,00394 ,00000 ,20330 ,348,31080, , ,91301      ,4,9,12,Agoura Hills,2,2,820278,0,0,0,0,0,0,0,0,0,2,2,820278,0,0,0,0,0,0,0,0,0
202012,06,003000,001,0010,00562 ,00000 ,73812 ,488,41860, , ,94501      ,4,9,12,Alameda,81,81,14849407,0,0,0,1,4,1297134,15,263,78402272,81,81,14849407,0,0,0,1,4,1297134,15,263,78402272
202012,06,004000,001,    ,99990 ,00000 ,141266 ,488,41860, , ,94544      ,4,9,12,Alameda County Unincorporated Area,35,35,9099308,0,0,0,4,15,1705934,0,0,0,35,35,9099308,0,0,0,4,15,1705934,0,0,0
202012,06,005000,001,0020,00674 ,00000 ,18539 ,488,41860, , ,94706      ,4,9,12,Albany,18,18,4433705,1,2,379245,0,0,0,0,0,0,18,18,4433705,1,2,379245,0,0,0,0,0,0
202012,06,006000,037,0025,00884 ,00000 ,83089 ,348,31080, , ,91801      ,4,9,8,Alhambra,21,21,2872147,2,4,785048,8,29,5762818,0,0,0,6,6,753000,0,0,0,0,0,0,0,0,0
202012,06,006200,059,0027,00947 ,00000 ,47823 ,348,31080, , ,92656      ,4,9,5,Aliso Viejo,0,0,0,0,0,0,0,0,0,0,0,0,0,0,0,0,0,0,0,0,0,0,0,0
202012,06,011000,059,0070,02000 ,00000 ,336265 ,348,31080, ,1,92803      ,4,9,12,Anaheim,86,86,9285182,1,2,150000,18,57,15704025,26,304,67485443,86,86,9285182,1,2,150000,18,57,15704025,26,304,67485443
202012,06,014000,013,0085,02252 ,00000 ,102372 ,488,41860, , ,94531      ,4,9,12,Antioch,298,298,94327919,0,0,0,0,0,0,11,394,39308346,298,298,94327919,0,0,0,0,0,0,11,394,39308346
202012,06,015000,071,0090,02364 ,00000 ,69135 ,348,40140, , ,92307      ,4,9,12,Apple Valley town,110,110,18100364,0,0,0,0,0,0,0,0,0,110,110,18100364,0,0,0,0,0,0,0,0,0
202012,06,016000,037,0246,02462 ,00000 ,56364 ,348,31080, ,1,91007      ,4,9,0,Arcadia,93,93,55379948,2,4,858020,6,18,3915474,10,50,7997540,0,0,0,0,0,0,0,0,0,0,0,0
202012,06,019000,037,0135,02896 ,00000 ,16522 ,348,31080, , ,90701      ,4,9,0,Artesia,13,13,5651055,0,0,0,0,0,0,0,0,0,0,0,0,0,0,0,0,0,0,0,0,0
202012,06,022000,081,0150,03092 ,00000 ,6914 ,488,41860, , ,94027      ,4,9,12,Atherton town,23,23,60249861,0,0,0,0,0,0,0,0,0,23,23,60249861,0,0,0,0,0,0,0,0,0
202012,06,024000,061,0160,03204 ,00000 ,13330 ,472,40900, , ,95603      ,4,9,12,Auburn,15,15,5332071,0,0,0,0,0,0,0,0,0,15,15,5332071,0,0,0,0,0,0,0,0,0
202012,06,025000,037,0165,03274 ,00000 ,3728 ,348,31080, , ,90704      ,4,9,3,Avalon,0,0,0,0,0,0,0,0,0,0,0,0,0,0,0,0,0,0,0,0,0,0,0,0
202012,06,027000,037,0378,03386 ,00000 ,46361 ,348,31080, , ,917022514  ,4,9,6,Azusa,24,24,5732353,0,0,0,2,6,1428322,6,68,9524682,14,14,2499955,0,0,0,0,0,0,0,0,0
202012,06,028000,029,0180,03526 ,00000 ,347483 ,999,12540, ,1,93301      ,4,9,6,Bakersfield,1453,1453,404869756,13,26,3807420,2,7,343573,25,252,34776831,582,582,163602511,9,18,2869464,1,4,130663,21,232,29668763
202012,06,029000,037,0185,03666 ,00000 ,75390 ,348,31080, , ,91706      ,4,9,12,Baldwin Park,2,2,555366,0,0,0,0,0,0,0,0,0,2,2,555366,0,0,0,0,0,0,0,0,0
202012,06,030000,065,0190,03820 ,00000 ,29603 ,348,40140, , ,92220      ,4,9,12,Banning,476,476,142215053,0,0,0,0,0,0,0,0,0,476,476,142215053,0,0,0,0,0,0,0,0,0
202012,06,031000,071,0414,04030 ,00000 ,22639 ,348,40140, , ,92311      ,4,9,12,Barstow,0,0,0,0,0,0,0,0,0,0,0,0,0,0,0,0,0,0,0,0,0,0,0,0
202012,06,032000,065,0205,04758 ,00000 ,36877 ,348,40140, , ,92223      ,4,9,12,Beaumont,271,271,68763571,0,0,0,0,0,0,0,0,0,271,271,68763571,0,0,0,0,0,0,0,0,0
202012,06,033000,037,0210,04870 ,00000 ,35477 ,348,31080, , ,90201      ,4,9,0,Bell,9,9,1126287,0,0,0,0,0,0,11,56,7887062,0,0,0,0,0,0,0,0,0,0,0,0
202012,06,034000,037,0220,04996 ,00000 ,42072 ,348,31080, , ,902013253  ,4,9,4,Bell Gardens,6,6,759505,1,2,374987,0,0,0,1,5,743851,4,4,403998,0,0,0,0,0,0,0,0,0
202012,06,035000,037,0215,04982 ,00000 ,76616 ,348,31080, , ,907065494  ,4,9,12,Bellflower,42,42,3218213,0,0,0,0,0,0,0,0,0,42,42,3218213,0,0,0,0,0,0,0,0,0
202012,06,036000,081,0225,05108 ,00000 ,25835 ,488,41860, , ,94002      ,4,9,11,Belmont,8,8,4030900,0,0,0,0,0,0,0,0,0,8,8,4030900,0,0,0,0,0,0,0,0,0
202012,06,037000,041,0230,05164 ,00000 ,2068 ,488,41860, , ,94920      ,4,9,0,Belvedere,8,8,14212957,0,0,0,0,0,0,0,0,0,0,0,0,0,0,0,0,0,0,0,0,0
202012,06,038000,095,0235,05290 ,00000 ,26997 ,488,46700, , ,94510      ,4,9,12,Benicia,1,1,400000,0,0,0,0,0,0,0,0,0,1,1,400000,0,0,0,0,0,0,0,0,0
202012,06,039000,001,0245,06000 ,00000 ,112580 ,488,41860, ,1,94704      ,4,9,6,Berkeley,82,82,16088307,1,2,680000,0,0,0,9,255,43823244,33,33,5977990,1,2,680000,0,0,0,3,184,27284219
202012,06,040000,037,0250,06308 ,00000 ,34109 ,348,31080, , ,90210      ,4,9,12,Beverly Hills,18,18,39420000,0,0,0,0,0,0,1,19,2800000,18,18,39420000,0,0,0,0,0,0,1,19,2800000
202012,06,041000,071,0255,06434 ,00000 ,5019 ,348,40140, , ,923158900  ,4,9,12,Big Bear Lake,23,23,7621199,0,0,0,0,0,0,0,0,0,23,23,7621199,0,0,0,0,0,0,0,0,0
202012,06,043000,027,0275,06798 ,00000 ,3879 ,999,99999, , ,93514      ,4,9,12,Bishop,1,1,200000,0,0,0,0,0,0,0,0,0,1,1,200000,0,0,0,0,0,0,0,0,0
202012,06,045000,065,0290,07218 ,00000 ,20817 ,348,40140, , ,92225      ,4,9,12,Blythe,0,0,0,0,0,0,0,0,0,0,0,0,0,0,0,0,0,0,0,0,0,0,0,0
202012,06,046000,037,0315,07946 ,00000 ,1048 ,348,31080, , ,91008      ,4,9,11,Bradbury,0,0,0,0,0,0,0,0,0,0,0,0,0,0,0,0,0,0,0,0,0,0,0,0
202012,06,048000,059,0325,08100 ,00000 ,39282 ,348,31080, , ,92621      ,4,9,12,Brea,25,25,7134159,0,0,0,0,0,0,0,0,0,25,25,7134159,0,0,0,0,0,0,0,0,0
202012,06,049000,013,0327,08142 ,00000 ,51481 ,488,41860, , ,94513      ,4,9,12,Brentwood,274,274,57190520,0,0,0,0,0,0,0,0,0,274,274,57190520,0,0,0,0,0,0,0,0,0
202012,06,050000,081,0330,08310 ,00000 ,4282 ,488,41860, , ,94005      ,4,9,0,Brisbane,3,3,3410000,1,2,600000,0,0,0,0,0,0,0,0,0,0,0,0,0,0,0,0,0,0
202012,06,051000,059,0335,08786 ,00000 ,80530 ,348,31080, , ,90621      ,4,9,12,Buena Park,45,45,10159377,0,0,0,0,0,0,1,9,1973987,45,45,10159377,0,0,0,0,0,0,1,9,1973987
202012,06,052000,037,0340,08954 ,00000 ,103340 ,348,31080, ,1,915021232  ,4,9,12,Burbank,127,127,10693920,1,2,431560,0,0,0,0,0,0,127,127,10693920,1,2,431560,0,0,0,0,0,0
202012,06,053000,081,0345,09066 ,00000 ,28806 ,488,41860, , ,94010      ,4,9,11,Burlingame,19,19,18453500,0,0,0,0,0,0,3,128,43000000,17,17,16721400,0,0,0,0,0,0,3,128,43000000
202012,06,054500,037,0362,09598 ,00000 ,23058 ,348,31080, , ,91302      ,4,9,10,Calabasas,7,7,3283337,0,0,0,0,0,0,0,0,0,6,6,1225437,0,0,0,0,0,0,0,0,0
202012,06,058000,065,0368,09864 ,00000 ,7879 ,348,40140, , ,92320      ,4,9,12,Calimesa,343,343,60521174,0,0,0,0,0,0,0,0,0,343,343,60521174,0,0,0,0,0,0,0,0,0
202012,06,061000,111,0379,10046 ,00000 ,65201 ,348,37100, ,1,93010      ,4,9,12,Camarillo,72,72,17619577,13,26,3752479,0,0,0,0,0,0,72,72,17619577,13,26,3752479,0,0,0,0,0,0
202012,06,062000,085,0390,10345 ,00000 ,39349 ,488,41940, , ,95008      ,4,9,12,Campbell,36,36,5102862,0,0,0,0,0,0,0,0,0,36,36,5102862,0,0,0,0,0,0,0,0,0
202012,06,062500,065,0397,10928 ,00000 ,10561 ,348,40140, , ,92587      ,4,9,2,Canyon Lake,15,15,5341286,0,0,0,0,0,0,0,0,0,0,0,0,0,0,0,0,0,0,0,0,0
202012,06,064000,073,0405,11194 ,00000 ,105328 ,999,41740, ,1,920087314  ,4,9,12,Carlsbad,223,223,62539395,0,0,0,0,0,0,6,234,42884426,223,223,62539395,0,0,0,0,0,0,6,234,42884426
202012,06,067000,037,0440,11530 ,00000 ,91714 ,348,31080, ,1,918021460  ,4,9,12,Carson,4,4,453720,0,0,0,1,4,851800,8,100,12124045,4,4,453720,0,0,0,1,4,851800,8,100,12124045
202012,06,068000,065,0465,12048 ,00000 ,51200 ,348,40140, , ,92234      ,4,9,12,Cathedral City,249,249,52287843,1,2,300000,0,0,0,0,0,0,249,249,52287843,1,2,300000,0,0,0,0,0,0
202012,06,070000,037,0487,12552 ,00000 ,49041 ,348,31080, , ,90703      ,4,9,12,Cerritos,0,0,0,0,0,0,0,0,0,0,0,0,0,0,0,0,0,0,0,0,0,0,0,0
202012,06,071000,007,0500,13014 ,00000 ,86187 ,999,17020,2,1,95927      ,4,9,12,Chico,299,299,64740479,1,2,313976,1,4,549036,18,192,21850250,299,299,64740479,1,2,313976,1,4,549036,18,192,21850250
202012,06,072000,071,0510,13210 ,00000 ,77983 ,348,40140, ,1,91710      ,4,9,12,Chino,438,438,109104527,1,2,410164,0,0,0,0,0,0,438,438,109104527,1,2,410164,0,0,0,0,0,0
202012,06,072500,071,0511,13214 ,00000 ,74799 ,348,40140, , ,917095442  ,4,9,12,Chino Hills,44,44,12219828,0,0,0,0,0,0,0,0,0,44,44,12219828,0,0,0,0,0,0,0,0,0
202012,06,074000,073,0525,13392 ,00000 ,243916 ,999,41740, ,1,91910      ,4,9,12,Chula Vista,222,222,76399609,0,0,0,42,141,34247723,60,737,137050704,222,222,76399609,0,0,0,42,141,34247723,60,737,137050704
202012,06,074500,067,0530,13588 ,00000 ,83301 ,472,40900, , ,95621      ,4,9,11,Citrus Heights,22,22,4509338,0,0,0,0,0,0,0,0,0,20,20,4045500,0,0,0,0,0,0,0,0,0
202012,06,075000,037,0535,13756 ,00000 ,34926 ,348,31080, , ,91711      ,4,9,12,Claremont,0,0,0,0,0,0,0,0,0,0,0,0,0,0,0,0,0,0,0,0,0,0,0,0
202012,06,079000,019,0550,14218 ,00000 ,95631 ,260,23420, , ,93612      ,4,9,11,Clovis,1049,1049,320894953,1,2,8000,10,34,2546265,6,67,8896442,970,970,297595523,1,2,8000,4,16,1398335,4,46,5642572
202012,06,080000,065,0555,14260 ,00000 ,40704 ,348,40140, , ,92236      ,4,9,6,Coachella,61,61,11480155,0,0,0,0,0,0,0,0,0,56,56,10636410,0,0,0,0,0,0,0,0,0
202012,06,081000,019,0560,14274 ,00000 ,13380 ,260,23420, , ,93210      ,4,9,12,Coalinga,0,0,0,0,0,0,0,0,0,0,0,0,0,0,0,0,0,0,0,0,0,0,0,0
202012,06,082000,061,0565,14498 ,00000 ,1963 ,472,40900, , ,95713      ,4,9,5,Colfax,18,18,3223436,0,0,0,0,0,0,0,0,0,5,5,727410,0,0,0,0,0,0,0,0,0
202012,06,083000,081,0575,14736 ,00000 ,1792 ,488,41860, , ,94014      ,4,9,12,Colma town,0,0,0,0,0,0,0,0,0,0,0,0,0,0,0,0,0,0,0,0,0,0,0,0
202012,06,084000,071,0580,14890 ,00000 ,52154 ,348,40140, , ,92324      ,4,9,12,Colton,87,87,17163377,0,0,0,0,0,0,0,0,0,87,87,17163377,0,0,0,0,0,0,0,0,0
202012,06,087000,037,0587,14974 ,00000 ,12823 ,348,31080, , ,90040      ,4,9,12,Commerce,1,1,107381,0,0,0,0,0,0,0,0,0,1,1,107381,0,0,0,0,0,0,0,0,0
202012,06,088000,037,0590,15044 ,00000 ,96455 ,348,31080, , ,90220      ,4,9,6,Compton,41,41,5801340,1,2,304983,5,15,1374105,0,0,0,23,23,2556000,0,0,0,0,0,0,0,0,0
202012,06,089000,013,0595,16000 ,00000 ,122067 ,488,41860, , ,94519      ,4,9,9,Concord,52,52,8187619,0,0,0,0,0,0,2,228,66300000,41,41,6289500,0,0,0,0,0,0,2,228,66300000
202012,06,090000,013,    ,99990 ,00000 ,159785 ,488,41860,2, ,94553      ,4,9,12,Contra Costa County Unincorporated Area,231,231,122795953,0,0,0,0,0,0,2,13,2653128,231,231,122795953,0,0,0,0,0,0,2,13,2653128
202012,06,093000,065,0610,16350 ,00000 ,152374 ,348,40140, ,1,928822187  ,4,9,12,Corona,253,253,64415697,0,0,0,0,0,0,0,0,0,253,253,64415697,0,0,0,0,0,0,0,0,0
202012,06,094000,073,0615,16378 ,00000 ,18912 ,999,41740, , ,92118      ,4,9,12,Coronado,22,22,22360915,2,4,1400000,1,4,3500000,0,0,0,22,22,22360915,2,4,1400000,1,4,3500000,0,0,0
202012,06,095000,041,0620,16462 ,00000 ,9253 ,488,41860, , ,94925      ,4,9,0,Corte Madera town,0,0,0,0,0,0,0,0,0,0,0,0,0,0,0,0,0,0,0,0,0,0,0,0
202012,06,096000,059,0625,16532 ,00000 ,109960 ,348,31080, ,1,926261200  ,4,9,12,Costa Mesa,62,62,14936183,0,0,0,0,0,0,1,200,37085723,62,62,14936183,0,0,0,0,0,0,1,200,37085723
202012,06,098000,037,0635,16742 ,00000 ,47796 ,348,31080, , ,91722      ,4,9,0,Covina,6,6,1690002,0,0,0,0,0,0,0,0,0,0,0,0,0,0,0,0,0,0,0,0,0
202012,06,100000,037,0658,17498 ,00000 ,23805 ,348,31080, , ,90201      ,4,9,6,Cudahy,1,1,217000,0,0,0,0,0,0,4,20,3000000,0,0,0,0,0,0,0,0,0,0,0,0
202012,06,101000,037,0665,17568 ,00000 ,38883 ,348,31080, , ,90232      ,4,9,12,Culver City,68,68,6656844,0,0,0,0,0,0,0,0,0,68,68,6656844,0,0,0,0,0,0,0,0,0
202012,06,102000,085,0670,17610 ,00000 ,58302 ,488,41940, ,1,95014      ,4,9,12,Cupertino,47,47,21475000,1,2,700000,0,0,0,0,0,0,47,47,21475000,1,2,700000,0,0,0,0,0,0
202012,06,103000,059,0685,17750 ,00000 ,47802 ,348,31080, , ,90630      ,4,9,12,Cypress,2,2,535010,1,2,456035,0,0,0,0,0,0,2,2,535010,1,2,456035,0,0,0,0,0,0
202012,06,104000,081,0700,17918 ,00000 ,101123 ,488,41860, , ,94015      ,4,9,7,Daly City,50,50,17853717,0,0,0,0,0,0,1,7,1381275,26,26,8883955,0,0,0,0,0,0,1,7,1381275
202012,06,105000,059,0705,17946 ,00000 ,33351 ,348,31080, , ,92629      ,4,9,12,Dana Point,22,22,26979087,0,0,0,0,0,0,2,18,9654237,22,22,26979087,0,0,0,0,0,0,2,18,9654237
202012,06,106000,013,0706,17988 ,00000 ,42039 ,488,41860, , ,94526      ,4,9,12,Danville town,35,35,22785199,0,0,0,0,0,0,0,0,0,35,35,22785199,0,0,0,0,0,0,0,0,0
202012,06,107000,113,0715,18100 ,00000 ,65622 ,472,40900, , ,95616      ,4,9,9,Davis,19,19,6587724,3,6,1439600,0,0,0,1,70,31787924,11,11,3870951,1,2,474000,0,0,0,1,70,31787924
202012,06,108000,073,0735,18506 ,00000 ,4161 ,999,41740, , ,92014      ,4,9,12,Del Mar,7,7,2249000,0,0,0,0,0,0,0,0,0,7,7,2249000,0,0,0,0,0,0,0,0,0
202012,06,111000,029,0725,18394 ,00000 ,53041 ,999,12540, , ,93215      ,4,9,12,Delano,83,83,14808206,1,2,257795,0,0,0,0,0,0,83,83,14808206,1,2,257795,0,0,0,0,0,0
202012,06,112000,065,0765,18996 ,00000 ,25938 ,348,40140, , ,92240      ,4,9,12,Desert Hot Springs,77,77,23518326,0,0,0,0,0,0,0,0,0,77,77,23518326,0,0,0,0,0,0,0,0,0
202012,06,113000,037,0771,19192 ,00000 ,55544 ,348,31080, , ,91765      ,4,9,1,Diamond Bar,21,21,7698861,0,0,0,0,0,0,0,0,0,1,1,256554,0,0,0,0,0,0,0,0,0
202012,06,114000,107,0775,19318 ,00000 ,21453 ,999,47300, , ,936181612  ,4,9,12,Dinuba,90,90,14260999,0,0,0,0,0,0,0,0,0,90,90,14260999,0,0,0,0,0,0,0,0,0
202012,06,118000,037,0795,19766 ,00000 ,111772 ,348,31080, , ,90241      ,4,9,12,Downey,57,57,7462001,0,0,0,0,0,0,0,0,0,57,57,7462001,0,0,0,0,0,0,0,0,0
202012,06,119000,037,0800,19990 ,00000 ,21321 ,348,31080, , ,91010      ,4,9,12,Duarte,3,3,448265,0,0,0,0,0,0,0,0,0,3,3,448265,0,0,0,0,0,0,0,0,0
202012,06,120000,001,0802,20018 ,00000 ,46036 ,488,41860, , ,94568      ,4,9,12,Dublin,146,146,68079157,5,10,3065643,0,0,0,16,340,104129102,146,146,68079157,5,10,3065643,0,0,0,16,340,104129102
202012,06,122000,081,0827,20956 ,00000 ,28155 ,488,41860, , ,94303      ,4,9,0,East Palo Alto,4,4,388400,0,0,0,0,0,0,0,0,0,0,0,0,0,0,0,0,0,0,0,0,0
202012,06,123000,073,0850,21712 ,00000 ,99478 ,999,41740, , ,92020      ,4,9,12,El Cajon,52,52,9560577,0,0,0,0,0,0,0,0,0,52,52,9560577,0,0,0,0,0,0,0,0,0
202012,06,124000,025,0855,21782 ,00000 ,42598 ,999,20940, ,1,922444450  ,4,9,12,El Centro,28,28,8258924,0,0,0,1,4,300000,6,86,8187700,28,28,8258924,0,0,0,1,4,300000,6,86,8187700
202012,06,125000,013,0860,21796 ,00000 ,23549 ,488,41860, , ,94530      ,4,9,11,El Cerrito,21,21,4217711,0,0,0,0,0,0,1,153,31572927,17,17,3508158,0,0,0,0,0,0,1,153,31572927
202012,06,126000,017,    ,99990 ,00000 ,149266 ,472,40900, , ,95667      ,4,9,12,El Dorado County Unincorporated Area,594,594,205036708,0,0,0,0,0,0,0,0,0,594,594,205036708,0,0,0,0,0,0,0,0,0
202012,06,127000,037,0880,22230 ,00000 ,113475 ,348,31080, , ,917313293  ,4,9,4,El Monte,30,30,6950056,1,2,503997,1,3,555748,7,35,7088648,4,4,744454,1,2,503997,0,0,0,0,0,0
202012,06,128000,037,0895,22412 ,00000 ,16654 ,348,31080, , ,90245      ,4,9,12,El Segundo,14,14,1532300,0,0,0,1,4,146200,0,0,0,14,14,1532300,0,0,0,1,4,146200,0,0,0
202012,06,128500,067,0870,22020 ,00000 ,153015 ,472,40900, , ,95758      ,4,9,12,Elk Grove,760,760,157074414,0,0,0,0,0,0,0,0,0,760,760,157074414,0,0,0,0,0,0,0,0,0
202012,06,129000,001,0910,22594 ,00000 ,10080 ,488,41860, , ,94608      ,4,9,12,Emeryville,0,0,0,0,0,0,0,0,0,4,504,156763428,0,0,0,0,0,0,0,0,0,4,504,156763428
202012,06,130000,073,0920,22678 ,00000 ,59518 ,999,41740, , ,920243633  ,4,9,12,Encinitas,107,107,23048081,0,0,0,0,0,0,0,0,0,107,107,23048081,0,0,0,0,0,0,0,0,0
202012,06,132000,073,0935,22804 ,00000 ,143911 ,999,41740, , ,92025      ,4,9,12,Escondido,240,240,46564176,0,0,0,0,0,0,1,14,1521837,240,240,46564176,0,0,0,0,0,0,1,14,1521837
202012,06,136000,041,0955,23168 ,00000 ,7441 ,488,41860, , ,94930      ,4,9,0,Fairfax town,0,0,0,0,0,0,0,0,0,0,0,0,0,0,0,0,0,0,0,0,0,0,0,0
202012,06,137000,095,0960,23182 ,00000 ,105321 ,488,46700, , ,94533      ,4,9,12,Fairfield,390,390,119236935,0,0,0,0,0,0,4,471,67956546,390,390,119236935,0,0,0,0,0,0,4,471,67956546
202012,06,141000,019,1015,24134 ,00000 ,7549 ,260,23420, , ,93622      ,4,9,11,Firebaugh,53,53,11151846,0,0,0,0,0,0,0,0,0,52,52,10954953,0,0,0,0,0,0,0,0,0
202012,06,142000,067,2532,24638 ,00000 ,72203 ,472,40900, ,1,95630      ,4,9,12,Folsom,495,495,153517498,1,2,336734,0,0,0,0,0,0,495,495,153517498,1,2,336734,0,0,0,0,0,0
202012,06,143000,071,1030,24680 ,00000 ,196069 ,348,40140, , ,92335      ,4,9,12,Fontana,872,872,246626727,3,6,490582,11,44,11101809,35,275,45446872,872,872,246626727,3,6,490582,11,44,11101809,35,275,45446872
202012,06,147000,081,1062,25338 ,00000 ,30567 ,488,41860, , ,94404      ,4,9,12,Foster City,10,10,1570608,0,0,0,0,0,0,1,22,10252419,10,10,1570608,0,0,0,0,0,0,1,22,10252419
202012,06,148000,059,1065,25380 ,00000 ,55313 ,348,31080, ,1,92708      ,4,9,12,Fountain Valley,39,39,6259715,0,0,0,0,0,0,0,0,0,39,39,6259715,0,0,0,0,0,0,0,0,0
202012,06,149000,019,1070,25436 ,00000 ,5570 ,260,23420, , ,93625      ,4,9,6,Fowler,35,35,9225111,0,0,0,0,0,0,0,0,0,4,4,1021965,0,0,0,0,0,0,0,0,0
202012,06,150000,001,1080,26000 ,00000 ,214089 ,488,41860, , ,94538      ,4,9,12,Fremont,112,112,38256006,0,0,0,2,8,4400000,10,166,48944356,112,112,38256006,0,0,0,2,8,4400000,10,166,48944356
202012,06,151000,019,1090,27000 ,00000 ,494665 ,260,23420, ,1,937213604  ,4,9,5,Fresno,1214,1214,364387872,32,64,8939918,3,12,1641000,31,286,39434829,400,400,109561967,10,20,1307875,3,12,1641000,1,88,14590488
202012,06,152000,019,    ,99990 ,00000 ,171705 ,260,23420, , ,93721      ,4,9,2,Fresno County Unincorporated Area,159,159,65844819,0,0,0,0,0,0,0,0,0,16,16,4664976,0,0,0,0,0,0,0,0,0
202012,06,153000,059,1095,28000 ,00000 ,135161 ,348,31080, , ,92832      ,4,9,12,Fullerton,19,19,3928750,2,4,607341,1,4,943633,2,15,3287261,19,19,3928750,2,4,607341,1,4,943633,2,15,3287261
202012,06,154000,067,1100,28112 ,00000 ,23647 ,472,40900, , ,956322039  ,4,9,12,Galt,24,24,5653632,2,4,812642,0,0,0,1,9,983008,24,24,5653632,2,4,812642,0,0,0,1,9,983008
202012,06,155000,059,1110,29000 ,00000 ,170883 ,348,31080, , ,92840      ,4,9,12,Garden Grove,237,237,24637498,0,0,0,0,0,0,0,0,0,237,237,24637498,0,0,0,0,0,0,0,0,0
202012,06,156000,037,1105,28168 ,00000 ,58829 ,348,31080, ,1,90247      ,4,9,6,Gardena,63,63,9978733,0,0,0,0,0,0,0,0,0,36,36,6597805,0,0,0,0,0,0,0,0,0
202012,06,157000,085,1115,29504 ,00000 ,48821 ,488,41940, , ,950206141  ,4,9,11,Gilroy,90,90,34542433,0,0,0,0,0,0,12,160,21987975,70,70,26097080,0,0,0,0,0,0,12,160,21987975
202012,06,158000,037,2790,30000 ,00000 ,191719 ,348,31080, ,1,91206      ,4,9,9,Glendale,145,145,13611648,0,0,0,1,4,1000000,4,45,7374108,103,103,8368100,0,0,0,1,4,1000000,1,28,4900000
202012,06,159000,037,1135,30014 ,00000 ,50073 ,348,31080, , ,91741      ,4,9,12,Glendora,28,28,4733563,0,0,0,0,0,0,0,0,0,28,28,4733563,0,0,0,0,0,0,0,0,0
202012,06,161000,053,1143,30392 ,00000 ,8187 ,999,41500, , ,93926      ,4,9,12,Gonzales,1,1,120000,0,0,0,0,0,0,0,0,0,1,1,120000,0,0,0,0,0,0,0,0,0
202012,06,162000,071,1147,30658 ,00000 ,12040 ,348,40140, , ,923135295  ,4,9,12,Grand Terrace,1,1,433529,0,0,0,0,0,0,0,0,0,1,1,433529,0,0,0,0,0,0,0,0,0
202012,06,164000,053,1160,30994 ,00000 ,16330 ,999,41500, , ,93927      ,4,9,11,Greenfield,31,31,5786653,0,0,0,0,0,0,2,31,3897301,30,30,5572580,0,0,0,0,0,0,2,31,3897301
202012,06,169000,081,1195,31708 ,00000 ,11324 ,488,41860, , ,94019      ,4,9,12,Half Moon Bay,15,15,9550366,0,0,0,0,0,0,0,0,0,15,15,9550366,0,0,0,0,0,0,0,0,0
202012,06,171000,037,1217,32506 ,00000 ,14254 ,348,31080, , ,90716      ,4,9,11,Hawaiian Gardens,0,0,0,0,0,0,0,0,0,0,0,0,0,0,0,0,0,0,0,0,0,0,0,0
202012,06,172000,037,1220,32548 ,00000 ,84293 ,348,31080, , ,90250      ,4,9,0,Hawthorne,31,31,25183028,0,0,0,0,0,0,1,5,369672,0,0,0,0,0,0,0,0,0,0,0,0
202012,06,173000,001,1225,33000 ,00000 ,144186 ,488,41860, , ,94541      ,4,9,10,Hayward,320,320,95638707,0,0,0,4,14,1942900,5,204,42607286,231,231,64162973,0,0,0,4,14,1942900,4,163,36784149
202012,06,174000,097,1230,33056 ,00000 ,11254 ,488,42220, , ,95448      ,4,9,12,Healdsburg,25,25,14814600,0,0,0,0,0,0,0,0,0,25,25,14814600,0,0,0,0,0,0,0,0,0
202012,06,175000,065,1235,33182 ,00000 ,78657 ,348,40140, , ,92343      ,4,9,9,Hemet,109,109,25661387,0,0,0,0,0,0,0,0,0,87,87,21333941,0,0,0,0,0,0,0,0,0
202012,06,177000,037,1246,33364 ,00000 ,19506 ,348,31080, , ,90254      ,4,9,6,Hermosa Beach,35,35,21966870,0,0,0,0,0,0,0,0,0,11,11,7606146,0,0,0,0,0,0,0,0,0
202012,06,178000,071,1247,33434 ,00000 ,90173 ,348,40140, , ,923453493  ,4,9,12,Hesperia,172,172,36932713,95,190,20396392,1,4,510458,4,30,3871113,172,172,36932713,95,190,20396392,1,4,510458,4,30,3871113
202012,06,179000,037,1252,33518 ,00000 ,1856 ,348,31080, , ,91302      ,4,9,12,Hidden Hills,2,2,2105264,0,0,0,0,0,0,0,0,0,2,2,2105264,0,0,0,0,0,0,0,0,0
202012,06,180000,071,1260,33588 ,00000 ,53104 ,348,40140, , ,923463125  ,4,9,3,Highland,55,55,14944567,0,0,0,0,0,0,0,0,0,3,3,597320,0,0,0,0,0,0,0,0,0
202012,06,181000,081,1265,33798 ,00000 ,10825 ,488,41860, , ,94010      ,4,9,12,Hillsborough town,22,22,15023600,0,0,0,0,0,0,0,0,0,22,22,15023600,0,0,0,0,0,0,0,0,0
202012,06,182000,069,1270,34120 ,00000 ,34928 ,488,41940, , ,95023      ,4,9,12,Hollister,322,322,81991605,0,0,0,0,0,0,0,0,0,322,322,81991605,0,0,0,0,0,0,0,0,0
202012,06,183000,025,1280,34246 ,00000 ,5939 ,999,20940,2, ,92250      ,4,9,0,Holtville,1,1,215065,0,0,0,0,0,0,0,0,0,0,0,0,0,0,0,0,0,0,0,0,0
202012,06,185000,023,    ,99990 ,00000 ,71916 ,999,99999, , ,95501      ,4,9,12,Humboldt County Unincorporated Area,128,128,24383225,1,2,219503,3,11,986434,0,0,0,128,128,24383225,1,2,219503,3,11,986434,0,0,0
202012,06,186000,059,1300,36000 ,00000 ,189992 ,348,31080, , ,92648      ,4,9,12,Huntington Beach,104,104,33130743,2,4,1024000,5,16,2771418,0,0,0,104,104,33130743,2,4,1024000,5,16,2771418,0,0,0
202012,06,187000,037,1305,36056 ,00000 ,58114 ,348,31080, , ,90255      ,4,9,0,Huntington Park,3,3,120000,0,0,0,0,0,0,0,0,0,0,0,0,0,0,0,0,0,0,0,0,0
202012,06,188000,019,1310,36084 ,00000 ,6754 ,260,23420, , ,93234      ,4,9,12,Huron,10,10,2395099,0,0,0,0,0,0,0,0,0,10,10,2395099,0,0,0,0,0,0,0,0,0
202012,06,189000,025,1317,36280 ,00000 ,14758 ,999,20940,2, ,92251      ,4,9,12,Imperial,189,189,36008576,0,0,0,0,0,0,0,0,0,189,189,36008576,0,0,0,0,0,0,0,0,0
202012,06,190000,073,1320,36294 ,00000 ,26324 ,999,41740, , ,91932      ,4,9,12,Imperial Beach,30,30,3356739,0,0,0,0,0,0,0,0,0,30,30,3356739,0,0,0,0,0,0,0,0,0
202012,06,191000,025,    ,99990 ,00000 ,37778 ,999,20940,2, ,922432811  ,4,9,12,Imperial County Unincorporated Area,32,32,5728844,0,0,0,0,0,0,0,0,0,32,32,5728844,0,0,0,0,0,0,0,0,0
202012,06,192000,065,1327,36434 ,00000 ,4958 ,348,40140, , ,92260      ,4,9,12,Indian Wells,15,15,6410250,0,0,0,0,0,0,0,0,0,15,15,6410250,0,0,0,0,0,0,0,0,0
202012,06,193000,065,1330,36448 ,00000 ,76036 ,348,40140, , ,92201      ,4,9,12,Indio,394,394,64236666,0,0,0,0,0,0,9,100,7486200,394,394,64236666,0,0,0,0,0,0,9,100,7486200
202012,06,194000,037,1335,36490 ,00000 ,219 ,348,31080, , ,918021460  ,4,9,12,Industry,0,0,0,0,0,0,0,0,0,0,0,0,0,0,0,0,0,0,0,0,0,0,0,0
202012,06,195000,037,1340,36546 ,00000 ,109673 ,348,31080, , ,90301      ,4,9,11,Inglewood,103,103,30331303,1,2,474000,1,3,850000,5,39,4678710,103,103,30331303,1,2,474000,0,0,0,5,39,4678710
202012,06,198000,059,1347,36770 ,00000 ,212375 ,348,31080, ,1,92714      ,4,9,12,Irvine,1036,1036,287761237,28,56,14525133,37,130,31183420,28,818,132342997,1036,1036,287761237,28,56,14525133,37,130,31183420,28,818,132342997
202012,06,199000,037,1350,36826 ,00000 ,1422 ,348,31080, , ,91706      ,4,9,12,Irwindale,5,5,1159100,0,0,0,0,0,0,0,0,0,5,5,1159100,0,0,0,0,0,0,0,0,0
202012,06,200000,067,1355,36882 ,00000 ,804 ,472,40900, , ,95641      ,4,9,12,Isleton,0,0,0,0,0,0,0,0,0,0,0,0,0,0,0,0,0,0,0,0,0,0,0,0
202012,06,202000,019,1390,38226 ,00000 ,13544 ,260,23420, , ,93630      ,4,9,12,Kerman,20,20,5872431,0,0,0,0,0,0,0,0,0,20,20,5872431,0,0,0,0,0,0,0,0,0
202012,06,203000,029,    ,99990 ,00000 ,297932 ,999,12540, , ,93301      ,4,9,12,Kern County Unincorporated Area,250,250,36898877,3,6,384475,0,0,0,0,0,0,250,250,36898877,3,6,384475,0,0,0,0,0,0
202012,06,206000,019,1405,38562 ,00000 ,11382 ,260,23420, , ,936311908  ,4,9,12,Kingsburg,12,12,2975644,1,2,443684,0,0,0,0,0,0,12,12,2975644,1,2,443684,0,0,0,0,0,0
202012,06,207000,037,1410,39003 ,00000 ,20246 ,348,31080, , ,910112137  ,4,9,12,La Canada Flintridge,16,16,16517500,0,0,0,0,0,0,0,0,0,16,16,16517500,0,0,0,0,0,0,0,0,0
202012,06,208000,059,1428,39290 ,00000 ,60239 ,348,31080, , ,90631      ,4,9,12,La Habra,12,12,3614034,0,0,0,0,0,0,0,0,0,12,12,3614034,0,0,0,0,0,0,0,0,0
202012,06,209000,037,1429,39304 ,00000 ,5325 ,348,31080, , ,90631      ,4,9,12,La Habra Heights,1,1,1396415,0,0,0,0,0,0,0,0,0,1,1,1396415,0,0,0,0,0,0,0,0,0
202012,06,210000,073,1460,40004 ,00000 ,57065 ,999,41740, , ,919425502  ,4,9,12,La Mesa,38,38,3049144,0,0,0,0,0,0,2,230,21292381,38,38,3049144,0,0,0,0,0,0,2,230,21292381
202012,06,211000,037,1462,40032 ,00000 ,48527 ,348,31080, , ,90638      ,4,9,0,La Mirada,8,8,3665800,0,0,0,0,0,0,0,0,0,0,0,0,0,0,0,0,0,0,0,0,0
202012,06,212000,059,1477,40256 ,00000 ,15568 ,348,31080, , ,90623      ,4,9,12,La Palma,1,1,45000,0,0,0,0,0,0,0,0,0,1,1,45000,0,0,0,0,0,0,0,0,0
202012,06,213000,037,1480,40340 ,00000 ,39816 ,348,31080, , ,917444719  ,4,9,12,La Puente,32,32,7527042,0,0,0,0,0,0,1,74,7326411,32,32,7527042,0,0,0,0,0,0,1,74,7326411
202012,06,214000,065,1482,40354 ,00000 ,37467 ,348,40140, , ,92253      ,4,9,12,La Quinta,190,190,56197830,0,0,0,0,0,0,0,0,0,190,190,56197830,0,0,0,0,0,0,0,0,0
202012,06,215000,037,1500,40830 ,00000 ,31063 ,348,31080, , ,91750      ,4,9,9,La Verne,17,17,3669462,0,0,0,0,0,0,0,0,0,16,16,3120295,0,0,0,0,0,0,0,0,0
202012,06,217000,059,1418,39178 ,00000 ,22723 ,348,31080, , ,92651      ,4,9,12,Laguna Beach,23,23,7963568,0,0,0,0,0,0,1,28,5396953,23,23,7963568,0,0,0,0,0,0,1,28,5396953
202012,06,217500,059,1419,39220 ,00000 ,30344 ,348,31080, , ,92653      ,4,9,12,Laguna Hills,3,3,3135000,0,0,0,0,0,0,0,0,0,3,3,3135000,0,0,0,0,0,0,0,0,0
202012,06,218000,059,1421,39248 ,00000 ,62979 ,348,31080, , ,92677      ,4,9,0,Laguna Niguel,5,5,5062500,0,0,0,0,0,0,12,249,58981842,0,0,0,0,0,0,0,0,0,0,0,0
202012,06,218500,059,1425,39259 ,00000 ,16192 ,348,31080, , ,92637      ,4,9,12,Laguna Woods,0,0,0,0,0,0,0,0,0,0,0,0,0,0,0,0,0,0,0,0,0,0,0,0
202012,06,220000,065,1438,39486 ,00000 ,51821 ,348,40140, , ,92330      ,4,9,11,Lake Elsinore,480,480,91441401,0,0,0,0,0,0,1,9,1179946,447,447,83202303,0,0,0,0,0,0,0,0,0
202012,06,220500,059,3714,39496 ,00000 ,77264 ,348,31080, , ,92630      ,4,9,12,Lake Forest,412,412,123693275,0,0,0,0,0,0,0,0,0,412,412,123693275,0,0,0,0,0,0,0,0,0
202012,06,222000,037,1459,39892 ,00000 ,80048 ,348,31080, , ,90712      ,4,9,12,Lakewood,11,11,1405047,1,2,329500,0,0,0,0,0,0,11,11,1405047,1,2,329500,0,0,0,0,0,0
202012,06,223000,037,1476,40130 ,00000 ,156633 ,348,31080, , ,93534      ,4,9,12,Lancaster,297,297,70442205,0,0,0,0,0,0,2,51,2726461,297,297,70442205,0,0,0,0,0,0,2,51,2726461
202012,06,224000,041,1485,40438 ,00000 ,11926 ,488,41860, , ,949392035  ,4,9,9,Larkspur,0,0,0,0,0,0,0,0,0,0,0,0,0,0,0,0,0,0,0,0,0,0,0,0
202012,06,226000,077,1490,40704 ,00000 ,18023 ,488,44700, , ,95330      ,4,9,3,Lathrop,452,452,151614243,0,0,0,6,21,1427841,6,68,14512874,131,131,44340616,0,0,0,0,0,0,6,68,14512874
202012,06,227000,037,1505,40886 ,00000 ,32769 ,348,31080, , ,90260      ,4,9,12,Lawndale,23,23,6365289,0,0,0,0,0,0,0,0,0,23,23,6365289,0,0,0,0,0,0,0,0,0
202012,06,228000,073,1512,41124 ,00000 ,25320 ,999,41740, , ,91945      ,4,9,12,Lemon Grove,22,22,4438911,0,0,0,0,0,0,0,0,0,22,22,4438911,0,0,0,0,0,0,0,0,0
202012,06,230000,061,1535,41474 ,00000 ,42819 ,472,40900, , ,95648      ,4,9,12,Lincoln,546,546,170147750,0,0,0,0,0,0,0,0,0,546,546,170147750,0,0,0,0,0,0,0,0,0
202012,06,233000,001,1570,41992 ,00000 ,80968 ,488,41860, ,1,94550      ,4,9,11,Livermore,56,56,17593814,0,0,0,2,8,1955529,7,35,9555735,53,53,16740857,0,0,0,2,8,1955529,6,30,8417610
202012,06,234000,047,1575,42006 ,00000 ,13058 ,488,32900, , ,95334      ,4,9,10,Livingston,101,101,22022815,0,0,0,0,0,0,0,0,0,88,88,19185015,0,0,0,0,0,0,0,0,0
202012,06,236000,071,1588,42370 ,00000 ,23261 ,348,40140, , ,92354      ,4,9,0,Loma Linda,21,21,5212992,0,0,0,0,0,0,11,60,3310344,0,0,0,0,0,0,0,0,0,0,0,0
202012,06,237000,037,4146,42468 ,00000 ,20256 ,348,31080, , ,918021460  ,4,9,12,Lomita,5,5,1278000,1,2,500000,1,3,1060990,3,230,34835290,5,5,1278000,1,2,500000,1,3,1060990,3,230,34835290
202012,06,239000,037,1610,43000 ,00000 ,462257 ,348,31080, ,1,908024664  ,4,9,11,Long Beach,174,174,10893416,2,4,148163,1,3,513240,8,659,96715692,163,163,9030171,0,0,0,0,0,0,4,537,71544105
202012,06,240000,061,1612,43140 ,00000 ,6430 ,472,40900, , ,956501330  ,4,9,1,Loomis town,4,4,4223658,0,0,0,0,0,0,0,0,0,1,1,1350000,0,0,0,0,0,0,0,0,0
202012,06,241000,059,4200,43224 ,00000 ,11449 ,348,31080, , ,90720      ,4,9,12,Los Alamitos,2,2,425000,2,4,871375,6,24,5377929,2,107,17200000,2,2,425000,2,4,871375,6,24,5377929,2,107,17200000
202012,06,242000,085,1620,43280 ,00000 ,28976 ,488,41940, , ,94022      ,4,9,12,Los Altos,49,49,36363125,0,0,0,0,0,0,0,0,0,49,49,36363125,0,0,0,0,0,0,0,0,0
202012,06,243000,085,1625,43294 ,00000 ,7922 ,488,41940, , ,94022      ,4,9,12,Los Altos Hills town,1,1,882710,0,0,0,0,0,0,0,0,0,1,1,882710,0,0,0,0,0,0,0,0,0
202012,06,244000,037,1630,44000 ,00000 ,3792621 ,348,31080, ,1,90012      ,4,9,12,Los Angeles,1854,1854,615101650,513,1026,200890903,0,0,0,184,9412,1994059177,1854,1854,615101650,513,1026,200890903,0,0,0,184,9412,1994059177
202012,06,245000,037,    ,99990 ,00000 ,1057426 ,348,31080, , ,918021460  ,4,9,12,Los Angeles County Unincorporated Area,554,554,159319307,11,22,7042067,11,40,9177399,15,391,64018767,554,554,159319307,11,22,7042067,11,40,9177399,15,391,64018767
202012,06,247000,085,1640,44112 ,00000 ,29413 ,488,41940, , ,95030      ,4,9,12,Los Gatos town,47,47,23167319,0,0,0,1,3,720859,5,54,6375009,47,47,23167319,0,0,0,1,3,720859,5,54,6375009
202012,06,249000,037,1660,44574 ,00000 ,69772 ,348,31080, , ,90262      ,4,9,9,Lynwood,5,5,553000,0,0,0,0,0,0,0,0,0,2,2,106000,0,0,0,0,0,0,0,0,0
202012,06,250000,039,1680,45022 ,00000 ,61416 ,260,31460, ,1,93637      ,4,9,11,Madera,185,185,42869558,0,0,0,0,0,0,7,106,17063277,170,170,40512114,0,0,0,0,0,0,7,106,17063277
202012,06,251000,039,    ,99990 ,00000 ,70729 ,260,31460, , ,93637      ,4,9,11,Madera County Unincorporated Area,556,556,289842737,0,0,0,0,0,0,0,0,0,531,531,282361367,0,0,0,0,0,0,0,0,0
202012,06,251500,037,1685,45246 ,00000 ,12645 ,348,31080, , ,902654865  ,4,9,12,Malibu,150,150,205322054,0,0,0,0,0,0,0,0,0,150,150,205322054,0,0,0,0,0,0,0,0,0
202012,06,252000,051,1687,45358 ,00000 ,8234 ,999,99999, , ,93546      ,4,9,11,Mammoth Lakes town,46,46,17209290,0,0,0,1,4,250000,0,0,0,43,43,16384087,0,0,0,1,4,250000,0,0,0
202012,06,253000,037,1690,45400 ,00000 ,35135 ,348,31080, , ,90266      ,4,9,12,Manhattan Beach,58,58,35437393,0,0,0,1,3,934740,0,0,0,58,58,35437393,0,0,0,1,3,934740,0,0,0
202012,06,254000,077,4434,45484 ,00000 ,67096 ,488,44700, , ,95337      ,4,9,11,Manteca,630,630,207690421,0,0,0,0,0,0,2,33,3592315,575,575,189800925,0,0,0,0,0,0,1,12,900000
202012,06,256000,041,    ,99990 ,00000 ,67427 ,488,41860, , ,94903      ,4,9,12,Marin County Unincorporated Area,29,29,17646383,0,0,0,0,0,0,0,0,0,29,29,17646383,0,0,0,0,0,0,0,0,0
202012,06,259000,013,1710,46114 ,00000 ,35824 ,488,41860, , ,945532394  ,4,9,12,Martinez,6,6,428000,0,0,0,0,0,0,1,12,1510000,6,6,428000,0,0,0,0,0,0,1,12,1510000
202012,06,261000,037,1730,46492 ,00000 ,27395 ,348,31080, , ,90270      ,4,9,11,Maywood,10,10,1446659,1,2,420582,0,0,0,0,0,0,10,10,1446659,1,2,420582,0,0,0,0,0,0
202012,06,263000,045,    ,99990 ,00000 ,59156 ,999,99999,2, ,95482      ,4,9,0,Mendocino County Unincorporated Area,130,130,14776365,0,0,0,0,0,0,0,0,0,0,0,0,0,0,0,0,0,0,0,0,0
202012,06,264000,019,1740,46828 ,00000 ,11014 ,260,23420, , ,93640      ,4,9,0,Mendota,0,0,0,0,0,0,0,0,0,0,0,0,0,0,0,0,0,0,0,0,0,0,0,0
202012,06,265000,081,1745,46870 ,00000 ,32026 ,488,41860, , ,94025      ,4,9,12,Menlo Park,12,12,19913780,0,0,0,0,0,0,0,0,0,12,12,19913780,0,0,0,0,0,0,0,0,0
202012,06,265300,065,1743,46842 ,00000 ,77519 ,348,40140, , ,92586      ,4,9,12,Menifee,1410,1410,435817005,0,0,0,6,24,4841872,3,18,3570521,1410,1410,435817005,0,0,0,6,24,4841872,3,18,3570521
202012,06,267000,047,    ,99990 ,00000 ,89167 ,488,32900, , ,95340      ,4,9,11,Merced County Unincorporated Area,62,62,16064227,0,0,0,0,0,0,0,0,0,49,49,13328828,0,0,0,0,0,0,0,0,0
202012,06,268000,041,1765,47710 ,00000 ,13903 ,488,41860, , ,94941      ,4,9,0,Mill Valley,26,26,17787751,7,14,10718750,0,0,0,0,0,0,0,0,0,0,0,0,0,0,0,0,0,0
202012,06,269000,081,1760,47486 ,00000 ,21532 ,488,41860, , ,94030      ,4,9,0,Millbrae,0,0,0,0,0,0,0,0,0,0,0,0,0,0,0,0,0,0,0,0,0,0,0,0
202012,06,270000,085,1770,47766 ,00000 ,66790 ,488,41940, ,1,950355479  ,4,9,12,Milpitas,55,55,14511521,0,0,0,0,0,0,3,354,52295084,55,55,14511521,0,0,0,0,0,0,3,354,52295084
202012,06,271000,059,1786,48256 ,00000 ,93305 ,348,31080, , ,92691      ,4,9,12,Mission Viejo,14,14,4421392,0,0,0,0,0,0,5,25,6252085,14,14,4421392,0,0,0,0,0,0,5,25,6252085
202012,06,275000,037,1800,48648 ,00000 ,36590 ,348,31080, , ,910165107  ,4,9,5,Monrovia,20,20,2651611,1,2,500000,0,0,0,0,0,0,8,8,686117,1,2,500000,0,0,0,0,0,0
202012,06,277000,071,1815,48788 ,00000 ,36664 ,348,40140, , ,91763      ,4,9,12,Montclair,0,0,0,0,0,0,0,0,0,0,0,0,0,0,0,0,0,0,0,0,0,0,0,0
202012,06,278000,085,1835,48956 ,00000 ,3341 ,488,41940, , ,95030      ,4,9,12,Monte Sereno,44,44,33857756,0,0,0,0,0,0,0,0,0,44,44,33857756,0,0,0,0,0,0,0,0,0
202012,06,279000,037,1820,48816 ,00000 ,62500 ,348,31080, , ,90640      ,4,9,5,Montebello,10,10,3135433,0,0,0,0,0,0,0,0,0,3,3,288498,0,0,0,0,0,0,0,0,0
202012,06,281000,053,    ,99990 ,00000 ,100213 ,999,41500, , ,93901      ,4,9,12,Monterey County Unincorporated Area,86,86,25289725,0,0,0,2,8,1189091,12,160,19616160,86,86,25289725,0,0,0,2,8,1189091,12,160,19616160
202012,06,282000,037,1830,48914 ,00000 ,60269 ,348,31080, , ,91754      ,4,9,12,Monterey Park,10,10,2564675,1,2,471666,0,0,0,0,0,0,10,10,2564675,1,2,471666,0,0,0,0,0,0
202012,06,285000,065,1849,49270 ,00000 ,193365 ,348,40140, , ,925520805  ,4,9,12,Moreno Valley,186,186,43122609,1,2,274041,5,19,2907250,19,255,31767528,186,186,43122609,1,2,274041,5,19,2907250,19,255,31767528
202012,06,286000,085,1850,49278 ,00000 ,37882 ,488,41940, , ,95037      ,4,9,10,Morgan Hill,57,57,21626206,3,6,1778443,0,0,0,1,5,1364182,31,31,13473308,0,0,0,0,0,0,0,0,0
202012,06,289000,085,1863,49670 ,00000 ,74066 ,488,41940, ,1,94039      ,4,9,0,Mountain View,87,87,30506122,0,0,0,5,16,4240687,19,433,72405168,0,0,0,0,0,0,0,0,0,0,0,0
202012,06,290000,065,1877,50076 ,00000 ,103466 ,348,40140, , ,92562      ,4,9,12,Murrieta,136,136,34550107,0,0,0,4,12,1736126,15,84,10401897,136,136,34550107,0,0,0,4,12,1736126,15,84,10401897
202012,06,293000,073,1885,50398 ,00000 ,58582 ,999,41740, , ,919504397  ,4,9,12,National City,6,6,1381426,0,0,0,1,3,495000,4,296,52080328,6,6,1381426,0,0,0,1,3,495000,4,296,52080328
202012,06,294000,071,1890,50734 ,00000 ,4844 ,348,40140, , ,92363      ,4,9,12,Needles,0,0,0,0,0,0,0,0,0,0,0,0,0,0,0,0,0,0,0,0,0,0,0,0
202012,06,296000,057,    ,99990 ,00000 ,66656 ,999,99999,2, ,95959      ,4,9,12,Nevada County Unincorporated Area,315,315,67680570,1,2,622289,0,0,0,0,0,0,315,315,67680570,1,2,622289,0,0,0,0,0,0
202012,06,297000,001,1900,50916 ,00000 ,42573 ,488,41860, , ,94560      ,4,9,0,Newark,294,294,89972660,0,0,0,8,26,7424828,17,141,36668349,0,0,0,0,0,0,0,0,0,0,0,0
202012,06,299000,059,1912,51182 ,00000 ,85186 ,348,31080, ,1,92660      ,4,9,0,Newport Beach,137,137,113874360,24,48,16000287,0,0,0,0,0,0,0,0,0,0,0,0,0,0,0,0,0,0
202012,06,300000,065,1919,51560 ,00000 ,27063 ,348,40140, , ,92860      ,4,9,12,Norco,3,3,1265573,0,0,0,0,0,0,0,0,0,3,3,1265573,0,0,0,0,0,0,0,0,0
202012,06,301000,037,1950,52526 ,00000 ,105549 ,348,31080, , ,90650      ,4,9,6,Norwalk,6,6,1437789,0,0,0,0,0,0,0,0,0,2,2,419657,0,0,0,0,0,0,0,0,0
202012,06,302000,041,1955,52582 ,00000 ,51904 ,488,41860, , ,94945      ,4,9,10,Novato,27,27,9370986,0,0,0,0,0,0,2,11,2364269,13,13,5453998,0,0,0,0,0,0,0,0,0
202012,06,304000,001,1970,53000 ,00000 ,390724 ,488,41860, ,1,94612      ,4,9,12,Oakland,86,86,27234126,7,14,3670113,2,6,973827,8,842,212894976,86,86,27234126,7,14,3670113,2,6,973827,8,842,212894976
202012,06,304100,013,1975,53070 ,00000 ,35432 ,488,41860, , ,94561      ,4,9,12,Oakley,326,326,84562141,0,0,0,0,0,0,1,130,11845009,326,326,84562141,0,0,0,0,0,0,1,130,11845009
202012,06,305000,073,1990,53322 ,00000 ,167086 ,999,41740, , ,92054      ,4,9,12,Oceanside,45,45,11776221,15,30,5429720,19,63,8657204,18,96,10082656,45,45,11776221,15,30,5429720,19,63,8657204,18,96,10082656
202012,06,307000,071,2005,53896 ,00000 ,163924 ,348,40140, ,1,91764      ,4,9,12,Ontario,645,645,136787714,0,0,0,0,0,0,9,94,10785928,645,645,136787714,0,0,0,0,0,0,9,94,10785928
202012,06,308000,059,2015,53980 ,00000 ,136416 ,348,31080, ,1,92866      ,4,9,12,Orange,40,40,5687380,0,0,0,0,0,0,0,0,0,40,40,5687380,0,0,0,0,0,0,0,0,0
202012,06,309000,059,    ,99990 ,00000 ,121160 ,348,31080, , ,92701      ,4,9,12,Orange County Unincorporated Area,156,156,51552375,11,22,4793419,0,0,0,0,0,0,156,156,51552375,11,22,4793419,0,0,0,0,0,0
202012,06,310000,019,2020,54008 ,00000 ,9078 ,260,23420, , ,93646      ,4,9,12,Orange Cove,1,1,358475,0,0,0,0,0,0,0,0,0,1,1,358475,0,0,0,0,0,0,0,0,0
202012,06,313000,007,2045,54386 ,00000 ,15546 ,999,17020, , ,95965      ,4,9,12,Oroville,64,64,14693000,0,0,0,0,0,0,0,0,0,64,64,14693000,0,0,0,0,0,0,0,0,0
202012,06,314000,111,2050,54652 ,00000 ,197899 ,348,37100, ,1,93030      ,4,9,12,Oxnard,36,36,12101312,2,4,1134251,7,21,6316200,4,278,69155766,36,36,12101312,2,4,1134251,7,21,6316200,4,278,69155766
202012,06,316000,081,2060,54806 ,00000 ,37234 ,488,41860, , ,94044      ,4,9,12,Pacifica,1,1,600000,0,0,0,0,0,0,0,0,0,1,1,600000,0,0,0,0,0,0,0,0,0
202012,06,317000,065,2080,55184 ,00000 ,48445 ,348,40140, ,1,92260      ,4,9,12,Palm Desert,49,49,30685271,0,0,0,0,0,0,0,0,0,49,49,30685271,0,0,0,0,0,0,0,0,0
202012,06,318000,065,2085,55254 ,00000 ,44552 ,348,40140, , ,92263      ,4,9,12,Palm Springs,117,117,40366808,0,0,0,0,0,0,1,15,3347427,117,117,40366808,0,0,0,0,0,0,1,15,3347427
202012,06,319000,037,2072,55156 ,00000 ,152750 ,348,31080, , ,93550      ,4,9,12,Palmdale,237,237,55356786,0,0,0,0,0,0,0,0,0,237,237,55356786,0,0,0,0,0,0,0,0,0
202012,06,320000,085,2090,55282 ,00000 ,64403 ,488,41940, ,1,94301      ,4,9,12,Palo Alto,87,87,64780614,0,0,0,0,0,0,2,116,48163777,87,87,64780614,0,0,0,0,0,0,2,116,48163777
202012,06,321000,037,2095,55380 ,00000 ,13438 ,348,31080, , ,90274      ,4,9,1,Palos Verdes Estates,22,22,16071381,0,0,0,0,0,0,0,0,0,0,0,0,0,0,0,0,0,0,0,0,0
202012,06,323000,037,2105,55618 ,00000 ,54098 ,348,31080, , ,90723      ,4,9,12,Paramount,0,0,0,0,0,0,0,0,0,0,0,0,0,0,0,0,0,0,0,0,0,0,0,0
202012,06,324000,019,2120,55856 ,00000 ,14494 ,260,23420, , ,936482433  ,4,9,12,Parlier,0,0,0,0,0,0,0,0,0,0,0,0,0,0,0,0,0,0,0,0,0,0,0,0
202012,06,325000,037,5508,56000 ,00000 ,137122 ,348,31080, ,1,911011704  ,4,9,10,Pasadena,23,23,6017829,3,6,1992368,0,0,0,9,307,70795313,17,17,4419381,2,4,1476034,0,0,0,7,278,64623825
202012,06,328000,065,5568,56700 ,00000 ,68386 ,348,40140, , ,925702200  ,4,9,0,Perris,145,145,26224795,0,0,0,0,0,0,5,25,1737955,0,0,0,0,0,0,0,0,0,0,0,0
202012,06,330000,037,2145,56924 ,00000 ,62942 ,348,31080, , ,906601016  ,4,9,11,Pico Rivera,38,38,2027376,6,12,2383546,1,4,940186,1,5,1106277,38,38,2027376,6,12,2383546,1,4,940186,1,5,1106277
202012,06,331000,001,2150,56938 ,00000 ,10667 ,488,41860, , ,94611      ,4,9,12,Piedmont,7,7,2515000,0,0,0,0,0,0,0,0,0,7,7,2515000,0,0,0,0,0,0,0,0,0
202012,06,332000,013,2160,57288 ,00000 ,18390 ,488,41860, , ,94564      ,4,9,11,Pinole,4,4,567000,0,0,0,1,3,378000,0,0,0,4,4,567000,0,0,0,1,3,378000,0,0,0
202012,06,334000,013,2175,57456 ,00000 ,63264 ,488,41860, , ,94565      ,4,9,12,Pittsburg,101,101,19927127,0,0,0,1,4,1079512,5,80,21201895,101,101,19927127,0,0,0,1,4,1079512,5,80,21201895
202012,06,335000,059,2195,57526 ,00000 ,50533 ,348,31080, , ,92870      ,4,9,12,Placentia,11,11,2092368,0,0,0,0,0,0,0,0,0,11,11,2092368,0,0,0,0,0,0,0,0,0
202012,06,336000,061,    ,99990 ,00000 ,108128 ,472,40900, , ,95603      ,4,9,12,Placer County Unincorporated Area,361,361,177654460,9,18,3530814,0,0,0,14,152,22442994,361,361,177654460,9,18,3530814,0,0,0,14,152,22442994
202012,06,337000,017,2200,57540 ,00000 ,10389 ,472,40900, , ,95667      ,4,9,12,Placerville,4,4,466108,0,0,0,0,0,0,0,0,0,4,4,466108,0,0,0,0,0,0,0,0,0
202012,06,338000,013,2210,57764 ,00000 ,33152 ,488,41860, , ,94523      ,4,9,12,Pleasant Hill,14,14,4583572,1,2,343236,0,0,0,0,0,0,14,14,4583572,1,2,343236,0,0,0,0,0,0
202012,06,339000,001,2215,57792 ,00000 ,70285 ,488,41860, ,1,94566      ,4,9,0,Pleasanton,72,72,38507101,3,6,1721209,0,0,0,7,41,6700192,0,0,0,0,0,0,0,0,0,0,0,0
202012,06,340000,063,    ,99990 ,00000 ,17903 ,999,99999, , ,959719143  ,4,9,12,Plumas County Unincorporated Area,40,40,7639179,0,0,0,0,0,0,0,0,0,40,40,7639179,0,0,0,0,0,0,0,0,0
202012,06,343000,037,2230,58072 ,00000 ,149058 ,348,31080, , ,91766      ,4,9,12,Pomona,135,135,23645267,0,0,0,0,0,0,2,345,37990606,135,135,23645267,0,0,0,0,0,0,2,345,37990606
202012,06,345000,107,2245,58240 ,00000 ,54165 ,999,47300, , ,93257      ,4,9,12,Porterville,112,112,32923411,2,4,526240,8,32,4662735,2,24,1850000,112,112,32923411,2,4,526240,8,32,4662735,2,24,1850000
202012,06,346000,063,2255,58352 ,00000 ,2104 ,999,99999, , ,96122      ,4,9,12,Portola,2,2,593668,0,0,0,0,0,0,0,0,0,2,2,593668,0,0,0,0,0,0,0,0,0
202012,06,347000,081,2257,58380 ,00000 ,4353 ,488,41860, , ,94028      ,4,9,12,Portola Valley town,7,7,5113200,0,0,0,0,0,0,0,0,0,7,7,5113200,0,0,0,0,0,0,0,0,0
202012,06,348000,073,2260,58520 ,00000 ,47811 ,999,41740, ,1,92064      ,4,9,12,Poway,25,25,8403105,0,0,0,2,7,1841871,1,44,4739662,25,25,8403105,0,0,0,2,7,1841871,1,44,4739662
202012,06,348900,067,2277,59444 ,00000 ,64776 ,472,40900, ,1,956706111  ,4,9,12,Rancho Cordova,572,572,164435711,0,0,0,0,0,0,0,0,0,572,572,164435711,0,0,0,0,0,0,0,0,0
202012,06,349000,071,2278,59451 ,00000 ,165269 ,348,40140, , ,91730      ,4,9,12,Rancho Cucamonga,134,134,27850483,0,0,0,19,75,12793798,16,113,16729716,134,134,27850483,0,0,0,19,75,12793798,16,113,16729716
202012,06,350000,065,2281,59500 ,00000 ,17218 ,348,40140, , ,92270      ,4,9,12,Rancho Mirage,224,224,72002827,0,0,0,0,0,0,0,0,0,224,224,72002827,0,0,0,0,0,0,0,0,0
202012,06,351000,037,2284,59514 ,00000 ,41643 ,348,31080, , ,90274      ,4,9,12,Rancho Palos Verdes,3,3,2513435,0,0,0,0,0,0,0,0,0,3,3,2513435,0,0,0,0,0,0,0,0,0
202012,06,351500,059,2288,59587 ,00000 ,47853 ,348,31080, , ,926882824  ,4,9,12,Rancho Santa Margarita,0,0,0,0,0,0,0,0,0,0,0,0,0,0,0,0,0,0,0,0,0,0,0,0
202012,06,353000,089,2296,59920 ,00000 ,89861 ,454,39820, ,1,96001      ,4,9,12,Redding,210,210,62229216,0,0,0,1,4,518276,0,0,0,210,210,62229216,0,0,0,1,4,518276,0,0,0
202012,06,354000,071,2297,59962 ,00000 ,68747 ,348,40140, ,1,92373      ,4,9,5,Redlands,98,98,26801999,0,0,0,0,0,0,0,0,0,26,26,5218763,0,0,0,0,0,0,0,0,0
202012,06,355000,037,2300,60018 ,00000 ,66748 ,348,31080, , ,90277      ,4,9,12,Redondo Beach,34,34,12667387,0,0,0,4,12,3671327,0,0,0,34,34,12667387,0,0,0,4,12,3671327,0,0,0
202012,06,356000,081,2305,60102 ,00000 ,76815 ,488,41860, ,1,940640391  ,4,9,3,Redwood City,55,55,16010172,0,0,0,0,0,0,9,90,22367009,17,17,4525000,0,0,0,0,0,0,0,0,0
202012,06,357000,019,2315,60242 ,00000 ,24194 ,260,23420, , ,93654      ,4,9,11,Reedley,14,14,2982011,0,0,0,0,0,0,0,0,0,13,13,2797005,0,0,0,0,0,0,0,0,0
202012,06,358000,071,2320,60466 ,00000 ,99171 ,348,40140, , ,92376      ,4,9,2,Rialto,42,42,10696037,0,0,0,0,0,0,1,6,555376,1,1,54522,0,0,0,0,0,0,0,0,0
202012,06,359000,013,2330,60620 ,00000 ,103701 ,488,41860, , ,94804      ,4,9,12,Richmond,137,137,23887748,0,0,0,1,3,250000,0,0,0,137,137,23887748,0,0,0,1,3,250000,0,0,0
202012,06,364000,099,2360,61068 ,00000 ,22678 ,488,33700, , ,95367      ,4,9,12,Riverbank,30,30,7665910,0,0,0,0,0,0,0,0,0,30,30,7665910,0,0,0,0,0,0,0,0,0
202012,06,365000,065,2370,62000 ,00000 ,303871 ,348,40140, ,1,92522      ,4,9,12,Riverside,180,180,35371652,0,0,0,0,0,0,7,164,16031348,180,180,35371652,0,0,0,0,0,0,7,164,16031348
202012,06,366000,065,    ,99990 ,00000 ,504392 ,348,40140, , ,92501      ,4,9,12,Riverside County Unincorporated Area,2524,2524,705857079,0,0,0,0,0,0,1,11,162216,2524,2524,705857079,0,0,0,0,0,0,1,11,162216
202012,06,367000,061,2375,62364 ,00000 ,56974 ,472,40900, , ,95677      ,4,9,12,Rocklin,424,424,164683549,0,0,0,0,0,0,0,0,0,424,424,164683549,0,0,0,0,0,0,0,0,0
202012,06,368000,097,2377,62546 ,00000 ,40971 ,488,42220, , ,949282411  ,4,9,6,Rohnert Park,213,213,41156087,0,0,0,0,0,0,0,0,0,111,111,20269941,0,0,0,0,0,0,0,0,0
202012,06,369000,037,2385,62602 ,00000 ,1860 ,348,31080, , ,918021460  ,4,9,12,Rolling Hills,1,1,2300000,0,0,0,0,0,0,0,0,0,1,1,2300000,0,0,0,0,0,0,0,0,0
202012,06,370000,037,2387,62644 ,00000 ,8067 ,348,31080, , ,918021460  ,4,9,12,Rolling Hills Estates,1,1,713000,0,0,0,0,0,0,0,0,0,1,1,713000,0,0,0,0,0,0,0,0,0
202012,06,371000,037,2400,62896 ,00000 ,53764 ,348,31080, , ,91770      ,4,9,9,Rosemead,64,64,9958364,3,6,791944,0,0,0,1,5,570443,44,44,6271964,1,2,91124,0,0,0,0,0,0
202012,06,372000,061,2405,62938 ,00000 ,118788 ,472,40900, ,1,95678      ,4,9,12,Roseville,1264,1264,329617278,0,0,0,0,0,0,10,372,46468959,1264,1264,329617278,0,0,0,0,0,0,10,372,46468959
202012,06,373000,041,2407,62980 ,00000 ,2415 ,488,41860, , ,94957      ,4,9,12,Ross town,0,0,0,0,0,0,0,0,0,0,0,0,0,0,0,0,0,0,0,0,0,0,0,0
202012,06,374000,067,2420,64000 ,00000 ,466488 ,472,40900, ,1,95811      ,4,9,12,Sacramento,935,935,259703389,41,82,11405097,23,89,17971250,58,2478,437005965,935,935,259703389,41,82,11405097,23,89,17971250,58,2478,437005965
202012,06,375000,067,    ,99990 ,00000 ,554554 ,472,40900, , ,95827      ,4,9,12,Sacramento County Unincorporated Area,636,636,186808564,0,0,0,0,0,0,0,0,0,636,636,186808564,0,0,0,0,0,0,0,0,0
202012,06,376000,053,2435,64224 ,00000 ,150441 ,999,41500, ,1,93901      ,4,9,12,Salinas,96,96,19230935,0,0,0,0,0,0,6,109,5398795,96,96,19230935,0,0,0,0,0,0,6,109,5398795
202012,06,377000,041,2445,64434 ,00000 ,12336 ,488,41860, , ,94960      ,4,9,12,San Anselmo town,15,15,4842100,0,0,0,0,0,0,0,0,0,15,15,4842100,0,0,0,0,0,0,0,0,0
202012,06,378000,069,    ,99990 ,00000 ,18479 ,488,41940, , ,95023      ,4,9,11,San Benito County Unincorporated Area,154,154,48911252,0,0,0,0,0,0,0,0,0,129,129,41883383,0,0,0,0,0,0,0,0,0
202012,06,379000,071,2450,65000 ,00000 ,209924 ,348,40140, ,1,924180001  ,4,9,11,San Bernardino,25,25,5343531,2,4,402684,0,0,0,0,0,0,19,19,3478780,2,4,402684,0,0,0,0,0,0
202012,06,380000,071,    ,99990 ,00000 ,291776 ,348,40140, , ,924150187  ,4,9,12,San Bernardino County Unincorporated Area,538,538,149421319,1,2,355932,13,51,8640660,7,122,18155807,538,538,149421319,1,2,355932,13,51,8640660,7,122,18155807
202012,06,381000,081,2455,65028 ,00000 ,41114 ,488,41860, , ,94066      ,4,9,12,San Bruno,17,17,8756135,0,0,0,0,0,0,0,0,0,17,17,8756135,0,0,0,0,0,0,0,0,0
202012,06,382000,111,2460,65042 ,00000 ,106433 ,348,37100, ,1,93002      ,4,9,12,San Buenaventura,6,6,1537129,3,6,1459883,3,9,1983175,23,342,39903619,6,6,1537129,3,6,1459883,3,9,1983175,23,342,39903619
202012,06,383000,081,2465,65070 ,00000 ,28406 ,488,41860, , ,940703085  ,4,9,12,San Carlos,28,28,6756332,0,0,0,1,4,1972578,0,0,0,28,28,6756332,0,0,0,1,4,1972578,0,0,0
202012,06,384000,059,2470,65084 ,00000 ,63522 ,348,31080, , ,92673      ,4,9,12,San Clemente,20,20,6600840,2,4,1218175,0,0,0,0,0,0,20,20,6600840,2,4,1218175,0,0,0,0,0,0
202012,06,385000,073,2475,66000 ,00000 ,1307402 ,999,41740, ,1,921014154  ,4,9,12,San Diego,445,445,129487250,19,38,7141951,46,156,26964005,80,4043,761888181,445,445,129487250,19,38,7141951,46,156,26964005,80,4043,761888181
202012,06,386000,073,    ,99990 ,00000 ,486604 ,999,41740, , ,92123      ,4,9,12,San Diego County Unincorporated Area,842,842,308479441,4,8,1970241,0,0,0,0,0,0,842,842,308479441,4,8,1970241,0,0,0,0,0,0
202012,06,387000,037,2477,66070 ,00000 ,33371 ,348,31080, , ,91773      ,4,9,12,San Dimas,18,18,6755595,0,0,0,0,0,0,0,0,0,18,18,6755595,0,0,0,0,0,0,0,0,0
202012,06,388000,037,2480,66140 ,00000 ,23645 ,348,31080, , ,91340      ,4,9,6,San Fernando,88,88,4740451,1,2,200000,3,9,2250000,0,0,0,56,56,3225700,1,2,200000,0,0,0,0,0,0
202012,06,389000,075,2485,67000 ,00000 ,805235 ,488,41860, ,1,94103      ,4,9,12,San Francisco,21,21,5832607,6,12,3021795,5,16,6459947,27,1955,770759604,21,21,5832607,6,12,3021795,5,16,6459947,27,1955,770759604
202012,06,390000,037,2490,67042 ,00000 ,39718 ,348,31080, , ,917780130  ,4,9,11,San Gabriel,42,42,10184978,4,8,2240592,3,9,2181304,2,136,21821467,41,41,10046733,4,8,2240592,3,9,2181304,2,136,21821467
202012,06,391000,065,2500,67112 ,00000 ,44199 ,348,40140, , ,92583      ,4,9,12,San Jacinto,126,126,22129266,0,0,0,0,0,0,0,0,0,126,126,22129266,0,0,0,0,0,0,0,0,0
202012,06,392000,019,2505,67126 ,00000 ,4001 ,260,23420, , ,93660      ,4,9,12,San Joaquin,8,8,1256000,0,0,0,0,0,0,0,0,0,8,8,1256000,0,0,0,0,0,0,0,0,0
202012,06,393000,077,    ,99990 ,00000 ,141995 ,488,44700, , ,95205      ,4,9,12,San Joaquin County Unincorporated Area,663,663,164806114,0,0,0,0,0,0,0,0,0,663,663,164806114,0,0,0,0,0,0,0,0,0
202012,06,394000,085,2510,68000 ,00000 ,945942 ,488,41940, ,1,951131905  ,4,9,12,San Jose,312,312,86658846,0,0,0,0,0,0,15,1057,109714475,312,312,86658846,0,0,0,0,0,0,15,1057,109714475
202012,06,395000,069,2515,68014 ,00000 ,1862 ,488,41940, , ,95045      ,4,9,8,San Juan Bautista,32,32,14590099,0,0,0,0,0,0,0,0,0,0,0,0,0,0,0,0,0,0,0,0,0
202012,06,396000,059,2519,68028 ,00000 ,34593 ,348,31080, , ,92675      ,4,9,9,San Juan Capistrano,83,83,35465550,0,0,0,2,6,1323136,1,75,11959681,58,58,24362514,0,0,0,0,0,0,1,75,11959681
202012,06,397000,001,6420,68084 ,00000 ,84950 ,488,41860, , ,94577      ,4,9,11,San Leandro,22,22,2674437,0,0,0,0,0,0,0,0,0,18,18,2287234,0,0,0,0,0,0,0,0,0
202012,06,399000,079,    ,99990 ,00000 ,118118 ,999,42020, , ,93408      ,4,9,12,San Luis Obispo County Unincorporated Area,283,283,100351309,0,0,0,1,3,277368,0,0,0,283,283,100351309,0,0,0,1,3,277368,0,0,0
202012,06,400000,073,2537,68196 ,00000 ,83781 ,999,41740, , ,920692918  ,4,9,12,San Marcos,233,233,35941600,0,0,0,3,12,2744096,3,72,8680023,233,233,35941600,0,0,0,3,12,2744096,3,72,8680023
202012,06,401000,037,2545,68224 ,00000 ,13147 ,348,31080, , ,91108      ,4,9,4,San Marino,0,0,0,0,0,0,0,0,0,0,0,0,0,0,0,0,0,0,0,0,0,0,0,0
202012,06,402000,081,2555,68252 ,00000 ,97207 ,488,41860, ,1,944031388  ,4,9,12,San Mateo,14,14,5120267,1,2,689396,0,0,0,1,25,3100000,14,14,5120267,1,2,689396,0,0,0,1,25,3100000
202012,06,403000,081,    ,99990 ,00000 ,61222 ,488,41860, , ,94063      ,4,9,0,San Mateo County Unincorporated Area,46,46,39473551,1,2,480300,0,0,0,9,50,7498078,0,0,0,0,0,0,0,0,0,0,0,0
202012,06,404000,013,2560,68294 ,00000 ,29139 ,488,41860, , ,94806      ,4,9,12,San Pablo,9,9,1507794,0,0,0,0,0,0,0,0,0,9,9,1507794,0,0,0,0,0,0,0,0,0
202012,06,405000,041,6486,68364 ,00000 ,57713 ,488,41860, ,1,94901      ,4,9,12,San Rafael,27,27,4295300,0,0,0,1,3,350000,0,0,0,27,27,4295300,0,0,0,1,3,350000,0,0,0
202012,06,406000,013,2567,68378 ,00000 ,72148 ,488,41860, ,1,94583      ,4,9,12,San Ramon,30,30,14946567,0,0,0,0,0,0,7,40,10228834,30,30,14946567,0,0,0,0,0,0,7,40,10228834
202012,06,408000,019,6378,67056 ,00000 ,24270 ,260,23420, , ,93657      ,4,9,9,Sanger,19,19,3531231,0,0,0,0,0,0,0,0,0,4,4,919500,0,0,0,0,0,0,0,0,0
202012,06,409000,059,2570,69000 ,00000 ,324528 ,348,31080, ,1,92702      ,4,9,11,Santa Ana,77,77,10843237,0,0,0,0,0,0,4,895,175114759,66,66,8436309,0,0,0,0,0,0,3,829,164647140
202012,06,411000,083,    ,99990 ,00000 ,133417 ,999,42200,2, ,93101      ,4,9,12,Santa Barbara County Unincorporated Area,149,149,74921302,2,4,1120000,0,0,0,0,0,0,149,149,74921302,2,4,1120000,0,0,0,0,0,0
202012,06,412000,085,2580,69084 ,00000 ,116468 ,488,41940, ,1,95050      ,4,9,11,Santa Clara,151,151,37557119,0,0,0,0,0,0,3,526,105834354,125,125,30136129,0,0,0,0,0,0,2,482,94728192
202012,06,413000,085,    ,99990 ,00000 ,89960 ,488,41940, , ,95110      ,4,9,12,Santa Clara County Unincorporated Area,68,68,42724725,0,0,0,0,0,0,2,1097,40000000,68,68,42724725,0,0,0,0,0,0,2,1097,40000000
202012,06,414000,037,2583,69088 ,00000 ,176320 ,348,31080, , ,91355      ,4,9,12,Santa Clarita,1114,1114,220880211,0,0,0,2,8,2000000,30,349,73486799,1114,1114,220880211,0,0,0,2,8,2000000,30,349,73486799
202012,06,416000,087,    ,99990 ,00000 ,129739 ,488,42100, , ,95060      ,4,9,12,Santa Cruz County Unincorporated Area,58,58,11124227,0,0,0,0,0,0,0,0,0,58,58,11124227,0,0,0,0,0,0,0,0,0
202012,06,417000,037,6534,69154 ,00000 ,16223 ,348,31080, , ,90670      ,4,9,12,Santa Fe Springs,0,0,0,0,0,0,0,0,0,7,126,16789800,0,0,0,0,0,0,0,0,0,7,126,16789800
202012,06,419000,037,2600,70000 ,00000 ,89736 ,348,31080, ,1,90401      ,4,9,4,Santa Monica,69,69,51973939,1,2,786584,0,0,0,3,82,11124978,11,11,3907019,0,0,0,0,0,0,2,77,10124978
202012,06,421000,097,2615,70098 ,00000 ,167815 ,488,42220, ,1,95404      ,4,9,12,Santa Rosa,440,440,182030577,2,4,885080,0,0,0,3,184,31107486,440,440,182030577,2,4,885080,0,0,0,3,184,31107486
202012,06,422000,073,2623,70224 ,00000 ,53413 ,999,41740, , ,92071      ,4,9,12,Santee,54,54,8850000,0,0,0,5,20,878796,4,20,2134281,54,54,8850000,0,0,0,5,20,878796,4,20,2134281
202012,06,423000,085,2630,70280 ,00000 ,29926 ,488,41940, , ,95070      ,4,9,6,Saratoga,50,50,43800560,0,0,0,0,0,0,0,0,0,17,17,15199466,0,0,0,0,0,0,0,0,0
202012,06,424000,041,2640,70364 ,00000 ,7061 ,488,41860, , ,94965      ,4,9,12,Sausalito,0,0,0,0,0,0,0,0,0,0,0,0,0,0,0,0,0,0,0,0,0,0,0,0
202012,06,425000,087,2647,70588 ,00000 ,11580 ,488,42100, , ,95066      ,4,9,12,Scotts Valley,11,11,2526395,0,0,0,0,0,0,0,0,0,11,11,2526395,0,0,0,0,0,0,0,0,0
202012,06,426000,059,2650,70686 ,00000 ,24168 ,348,31080, , ,90740      ,4,9,12,Seal Beach,29,29,14285725,0,0,0,0,0,0,0,0,0,29,29,14285725,0,0,0,0,0,0,0,0,0
202012,06,429000,019,2670,70882 ,00000 ,23219 ,260,23420, , ,936623728  ,4,9,5,Selma,37,37,5717029,0,0,0,0,0,0,0,0,0,18,18,2158500,0,0,0,0,0,0,0,0,0
202012,06,432000,091,    ,00000 ,00000 ,2471 ,999,99999, , ,95936      ,4,9,12,Sierra County,8,8,2784296,0,0,0,0,0,0,0,0,0,8,8,2784296,0,0,0,0,0,0,0,0,0
202012,06,433000,037,2690,71806 ,00000 ,10917 ,348,31080, , ,91024      ,4,9,0,Sierra Madre,1,1,79333,0,0,0,0,0,0,0,0,0,0,0,0,0,0,0,0,0,0,0,0,0
202012,06,434000,037,2693,71876 ,00000 ,11016 ,348,31080, , ,90755      ,4,9,12,Signal Hill,10,10,2495337,0,0,0,0,0,0,0,0,0,10,10,2495337,0,0,0,0,0,0,0,0,0
202012,06,437000,073,2704,72506 ,00000 ,12867 ,999,41740, , ,920752215  ,4,9,11,Solana Beach,13,13,8128684,0,0,0,0,0,0,0,0,0,12,12,7517351,0,0,0,0,0,0,0,0,0
202012,06,438000,095,    ,99990 ,00000 ,18834 ,488,46700, , ,94533      ,4,9,12,Solano County Unincorporated Area,24,24,6699920,0,0,0,0,0,0,0,0,0,24,24,6699920,0,0,0,0,0,0,0,0,0
202012,06,441000,097,2715,72646 ,00000 ,10648 ,488,42220, , ,954766690  ,4,9,11,Sonoma,14,14,2961642,0,0,0,0,0,0,0,0,0,7,7,1602167,0,0,0,0,0,0,0,0,0
202012,06,442000,097,    ,99990 ,00000 ,145186 ,488,42220, , ,95403      ,4,9,12,Sonoma County Unincorporated Area,417,417,104353579,0,0,0,0,0,0,0,0,0,417,417,104353579,0,0,0,0,0,0,0,0,0
202012,06,443000,109,2720,72674 ,00000 ,4903 ,999,99999, , ,95370      ,4,9,12,Sonora,1,1,334203,0,0,0,0,0,0,0,0,0,1,1,334203,0,0,0,0,0,0,0,0,0
202012,06,444000,037,2725,72996 ,00000 ,20116 ,348,31080, , ,91733      ,4,9,12,South El Monte,35,35,6580908,0,0,0,0,0,0,2,11,2778602,35,35,6580908,0,0,0,0,0,0,2,11,2778602
202012,06,445000,037,2730,73080 ,00000 ,94396 ,348,31080, , ,90280      ,4,9,12,South Gate,83,83,3923859,1,2,292516,0,0,0,1,60,10579000,83,83,3923859,1,2,292516,0,0,0,1,60,10579000
202012,06,446000,017,2737,73108 ,00000 ,21403 ,472,40900, , ,96150      ,4,9,12,South Lake Tahoe,19,19,8766000,1,2,150000,0,0,0,0,0,0,19,19,8766000,1,2,150000,0,0,0,0,0,0
202012,06,447000,037,2755,73220 ,00000 ,25619 ,348,31080, , ,91030      ,4,9,12,South Pasadena,13,13,2655000,0,0,0,0,0,0,0,0,0,13,13,2655000,0,0,0,0,0,0,0,0,0
202012,06,448000,081,2765,73262 ,00000 ,63632 ,488,41860, ,1,94080      ,4,9,12,South San Francisco,3,3,500000,0,0,0,0,0,0,0,0,0,3,3,500000,0,0,0,0,0,0,0,0,0
202012,06,451000,059,2802,73962 ,00000 ,38186 ,348,31080, , ,90680      ,4,9,12,Stanton,144,144,27410584,1,2,20000,0,0,0,0,0,0,144,144,27410584,1,2,20000,0,0,0,0,0,0
202012,06,452000,077,2805,75000 ,00000 ,291707 ,488,44700, ,1,952021997  ,4,9,12,Stockton,518,518,149258186,1,2,400000,0,0,0,9,216,27283455,518,518,149258186,1,2,400000,0,0,0,9,216,27283455
202012,06,454000,085,2835,77000 ,00000 ,140081 ,488,41940, ,1,940883707  ,4,9,12,Sunnyvale,169,169,40193891,3,6,1315890,0,0,0,2,255,30418052,169,169,40193891,3,6,1315890,0,0,0,2,255,30418052
202012,06,458000,029,2860,77574 ,00000 ,9327 ,999,12540, , ,93268      ,4,9,11,Taft,5,5,820225,0,0,0,0,0,0,0,0,0,4,4,660982,0,0,0,0,0,0,0,0,0
202012,06,462000,065,2878,78120 ,00000 ,100097 ,348,40140, ,1,92590      ,4,9,12,Temecula,261,261,47734444,0,0,0,21,63,2512114,0,0,0,261,261,47734444,0,0,0,21,63,2512114,0,0,0
202012,06,463000,037,2880,78148 ,00000 ,35558 ,348,31080, , ,91780      ,4,9,12,Temple City,51,51,9640582,0,0,0,0,0,0,0,0,0,51,51,9640582,0,0,0,0,0,0,0,0,0
202012,06,465000,041,2903,78666 ,00000 ,8962 ,488,41860, , ,94920      ,4,9,12,Tiburon town,2,2,4112000,0,0,0,0,0,0,0,0,0,2,2,4112000,0,0,0,0,0,0,0,0,0
202012,06,466000,037,7428,80000 ,00000 ,145438 ,348,31080, ,1,90503      ,4,9,11,Torrance,31,31,8031760,0,0,0,0,0,0,1,39,818434,22,22,6109788,0,0,0,0,0,0,1,39,818434
202012,06,470000,107,2945,80644 ,00000 ,59278 ,999,47300, , ,93274      ,4,9,12,Tulare,303,303,56062898,9,18,1677125,0,0,0,0,0,0,303,303,56062898,9,18,1677125,0,0,0,0,0,0
202012,06,471000,107,    ,99990 ,00000 ,142872 ,999,47300,2, ,93277      ,4,9,12,Tulare County Unincorporated Area,255,255,59988796,2,4,266768,14,45,9210000,0,0,0,255,255,59988796,2,4,266768,14,45,9210000,0,0,0
202012,06,475000,059,2965,80854 ,00000 ,75540 ,348,31080, ,1,92780      ,4,9,12,Tustin,35,35,7941234,0,0,0,0,0,0,2,20,4893907,35,35,7941234,0,0,0,0,0,0,2,20,4893907
202012,06,476000,071,2971,80994 ,00000 ,25048 ,348,40140, , ,92277      ,4,9,5,Twentynine Palms,5,5,303800,0,0,0,0,0,0,0,0,0,0,0,0,0,0,0,0,0,0,0,0,0
202012,06,478000,001,2977,81204 ,00000 ,69516 ,488,41860, , ,94587      ,4,9,11,Union City,5,5,1098797,0,0,0,0,0,0,0,0,0,3,3,529150,0,0,0,0,0,0,0,0,0
202012,06,479000,071,2978,81344 ,00000 ,73732 ,348,40140, , ,91786      ,4,9,12,Upland,45,45,10366342,1,2,333955,4,13,3482832,0,0,0,45,45,10366342,1,2,333955,4,13,3482832,0,0,0
202012,06,480000,095,2981,81554 ,00000 ,92428 ,488,46700, , ,95688      ,4,9,12,Vacaville,416,416,115153249,0,0,0,0,0,0,7,245,31012072,416,416,115153249,0,0,0,0,0,0,7,245,31012072
202012,06,481000,095,2984,81666 ,00000 ,115942 ,488,46700, ,1,94590      ,4,9,12,Vallejo,24,24,6665406,0,0,0,0,0,0,0,0,0,24,24,6665406,0,0,0,0,0,0,0,0,0
202012,06,483000,037,2996,82422 ,00000 ,112 ,348,31080, , ,900581714  ,4,9,12,Vernon,0,0,0,0,0,0,0,0,0,0,0,0,0,0,0,0,0,0,0,0,0,0,0,0
202012,06,484000,071,2997,82590 ,00000 ,115903 ,348,40140, , ,92392      ,4,9,12,Victorville,504,504,153321917,0,0,0,0,0,0,0,0,0,504,504,153321917,0,0,0,0,0,0,0,0,0
202012,06,485000,059,3010,82744 ,00000 ,5812 ,348,31080, , ,92861      ,4,9,0,Villa Park,5,5,6250000,0,0,0,0,0,0,0,0,0,0,0,0,0,0,0,0,0,0,0,0,0
202012,06,486000,107,3019,82954 ,00000 ,124442 ,999,47300, ,1,93291      ,4,9,12,Visalia,601,601,156282480,3,6,1001141,0,0,0,0,0,0,601,601,156282480,3,6,1001141,0,0,0,0,0,0
202012,06,487000,073,3021,82996 ,00000 ,93834 ,999,41740, , ,92084      ,4,9,11,Vista,272,272,55294750,5,10,1856574,0,0,0,14,267,34075514,247,247,49488246,5,10,1856574,0,0,0,13,229,30175196
202012,06,488000,037,3025,83332 ,00000 ,29172 ,348,31080, , ,91789      ,4,9,5,Walnut,11,11,5307241,0,0,0,0,0,0,0,0,0,1,1,466621,0,0,0,0,0,0,0,0,0
202012,06,489000,013,3030,83346 ,00000 ,64173 ,488,41860, ,1,94596      ,4,9,7,Walnut Creek,23,23,5666698,1,2,750000,0,0,0,7,282,59079405,15,15,4330818,0,0,0,0,0,0,2,143,38066395
202012,06,494000,037,3070,84200 ,00000 ,106098 ,348,31080, , ,91790      ,4,9,5,West Covina,49,49,12906226,0,0,0,0,0,0,0,0,0,9,9,2829899,0,0,0,0,0,0,0,0,0
202012,06,495000,037,3080,84410 ,00000 ,34399 ,348,31080, , ,900694314  ,4,9,12,West Hollywood,7,7,2305864,0,0,0,2,7,1870302,9,94,20468740,7,7,2305864,0,0,0,2,7,1870302,9,94,20468740
202012,06,496000,113,3098,84816 ,00000 ,48744 ,472,40900, ,1,95691      ,4,9,12,West Sacramento,96,96,27306861,0,0,0,0,0,0,40,493,57672482,96,96,27306861,0,0,0,0,0,0,40,493,57672482
202012,06,497000,037,3082,84438 ,00000 ,8270 ,348,31080, , ,918021460  ,4,9,12,Westlake Village,0,0,0,0,0,0,0,0,0,0,0,0,0,0,0,0,0,0,0,0,0,0,0,0
202012,06,498000,059,3085,84550 ,00000 ,89701 ,348,31080, , ,92683      ,4,9,12,Westminster,56,56,8311401,1,2,556890,1,3,622913,1,210,30771321,56,56,8311401,1,2,556890,1,3,622913,1,210,30771321
202012,06,501000,037,3110,85292 ,00000 ,85331 ,348,31080, , ,90602      ,4,9,6,Whittier,103,103,25513231,3,6,1206258,0,0,0,1,5,926609,88,88,21817897,0,0,0,0,0,0,0,0,0
202012,06,501100,065,3112,85446 ,00000 ,32176 ,348,40140, , ,92595      ,4,9,12,Wildomar,50,50,11274217,0,0,0,0,0,0,0,0,0,50,50,11274217,0,0,0,0,0,0,0,0,0
202012,06,504000,021,3125,85684 ,00000 ,6166 ,999,99999, , ,95988      ,4,9,11,Willows,1,1,262970,0,0,0,0,0,0,3,24,3021600,1,1,262970,0,0,0,0,0,0,3,24,3021600
202012,06,505000,113,3135,86034 ,00000 ,6624 ,472,40900, , ,95694      ,4,9,10,Winters,119,119,38046520,0,0,0,0,0,0,2,13,3336133,104,104,33533608,0,0,0,0,0,0,0,0,0
202012,06,506000,107,3145,86300 ,00000 ,7279 ,999,47300, , ,93286      ,4,9,12,Woodlake,35,35,4124917,0,0,0,0,0,0,2,36,4135365,35,35,4124917,0,0,0,0,0,0,2,36,4135365
202012,06,507000,113,3150,86328 ,00000 ,55468 ,472,40900, , ,95695      ,4,9,12,Woodland,339,339,111181307,0,0,0,0,0,0,0,0,0,339,339,111181307,0,0,0,0,0,0,0,0,0
202012,06,508000,081,3155,86440 ,00000 ,5287 ,488,41860, , ,94062      ,4,9,12,Woodside town,8,8,16882531,0,0,0,0,0,0,0,0,0,8,8,16882531,0,0,0,0,0,0,0,0,0
202012,06,509000,113,    ,99990 ,00000 ,24391 ,472,40900, , ,95695      ,4,9,12,Yolo County Unincorporated Area,16,16,10455678,0,0,0,0,0,0,0,0,0,16,16,10455678,0,0,0,0,0,0,0,0,0
202012,06,510000,059,3169,86832 ,00000 ,64234 ,348,31080, , ,928868714  ,4,9,11,Yorba Linda,69,69,35780911,0,0,0,0,0,0,0,0,0,57,57,31841151,0,0,0,0,0,0,0,0,0
202012,06,515000,071,3186,87042 ,00000 ,51367 ,348,40140, , ,923990181  ,4,9,12,Yucaipa,27,27,10117800,0,0,0,0,0,0,0,0,0,27,27,10117800,0,0,0,0,0,0,0,0,0
202012,06,516000,071,3187,87056 ,00000 ,20700 ,348,40140, , ,92284      ,4,9,0,Yucca Valley town,40,40,5994125,0,0,0,0,0,0,0,0,0,0,0,0,0,0,0,0,0,0,0,0,0
202012,08,001000,001,    ,99990 ,00000 ,88292 ,216,19740, , ,80601      ,4,8,12,Adams County Unincorporated Area,234,234,57920752,4,8,1100000,0,0,0,5,124,11359678,234,234,57920752,4,8,1100000,0,0,0,5,124,11359678
202012,08,007000,003,0015,01090 ,00000 ,8780 ,999,99999, , ,81101      ,4,8,12,Alamosa,28,28,4981250,3,6,756048,0,0,0,0,0,0,28,28,4981250,3,6,756048,0,0,0,0,0,0
202012,08,011000,093,0020,01530 ,00000 ,270 ,216,19740, , ,80420      ,4,8,4,Alma town,1,1,277683,0,0,0,0,0,0,0,0,0,1,1,277683,0,0,0,0,0,0,0,0,0
202012,08,015000,005,    ,99990 ,00000 ,83764 ,216,19740, , ,80112      ,4,8,10,Arapahoe County Unincorporated Area,618,618,160536121,0,0,0,0,0,0,12,299,41566598,552,552,141303030,0,0,0,0,0,0,10,267,37399888
202012,08,023000,059,0040,03455 ,00000 ,103584 ,216,19740,2, ,80002      ,4,8,12,Arvada,295,295,81936720,0,0,0,0,0,0,0,0,0,295,295,81936720,0,0,0,0,0,0,0,0,0
202012,08,031000,005,0055,04000 ,00000 ,285090 ,216,19740,2,1,800121553  ,4,8,12,Aurora,2063,2063,523107667,0,0,0,2,6,1257375,19,656,67347893,2063,2063,523107667,0,0,0,2,6,1257375,19,656,67347893
202012,08,045000,001,0075,06090 ,00000 ,1955 ,216,19740,2, ,801027806  ,4,8,12,Bennett town,127,127,34865780,1,2,653994,2,8,1328168,0,0,0,127,127,34865780,1,2,653994,2,8,1328168,0,0,0
202012,08,049000,069,0080,06255 ,00000 ,5042 ,999,22660,2, ,80513      ,4,8,11,Berthoud town,508,508,138253984,0,0,0,0,0,0,3,17,1507250,470,470,129176533,0,0,0,0,0,0,0,0,0
202012,08,053000,047,0090,07025 ,00000 ,118 ,216,19740, , ,80422      ,4,8,12,Black Hawk,0,0,0,0,0,0,0,0,0,0,0,0,0,0,0,0,0,0,0,0,0,0,0,0
202012,08,063000,013,0110,07850 ,00000 ,97385 ,216,14500, ,1,803060791  ,4,8,6,Boulder,40,40,34079580,4,8,1348740,5,17,3983451,15,251,49151202,15,15,9875456,4,8,1348740,5,17,3983451,7,121,21667418
202012,08,065000,013,    ,99990 ,00000 ,43380 ,216,14500,2, ,80306      ,4,8,12,Boulder County Unincorporated Area,66,66,51001711,0,0,0,0,0,0,0,0,0,66,66,51001711,0,0,0,0,0,0,0,0,0
202012,08,067000,005,0115,08070 ,00000 ,589 ,216,19740,2, ,801231586  ,4,8,9,Bow Mar town,0,0,0,0,0,0,0,0,0,0,0,0,0,0,0,0,0,0,0,0,0,0,0,0
202012,08,075000,001,0130,08675 ,00000 ,33009 ,216,19740,2, ,80601      ,4,8,12,Brighton,647,647,140078957,0,0,0,0,0,0,3,180,13639182,647,647,140078957,0,0,0,0,0,0,3,180,13639182
202012,08,079000,043,0140,09115 ,00000 ,233 ,999,99999, , ,81212      ,4,8,12,Brookside town,0,0,0,0,0,0,0,0,0,0,0,0,0,0,0,0,0,0,0,0,0,0,0,0
202012,08,083000,014,0143,09280 ,00000 ,55889 ,216,19740,2,1,80020      ,4,8,12,Broomfield,223,223,90164332,49,98,22203554,1,3,600000,12,103,15755230,223,223,90164332,49,98,22203554,1,3,600000,12,103,15755230
202012,08,095000,041,0165,11260 ,00000 ,780 ,999,17820, , ,808088203  ,4,8,12,Calhan town,0,0,0,0,0,0,0,0,0,0,0,0,0,0,0,0,0,0,0,0,0,0,0,0
202012,08,099000,043,0610,11810 ,00000 ,16400 ,999,99999, , ,812151460  ,4,8,12,Canon City,37,37,9360889,1,2,320081,0,0,0,0,0,0,37,37,9360889,1,2,320081,0,0,0,0,0,0
202012,08,102900,035,0186,12387 ,00000 ,10360 ,216,19740, , ,80108      ,4,8,12,Castle Pines,377,377,125116429,0,0,0,0,0,0,0,0,0,377,377,125116429,0,0,0,0,0,0,0,0,0
202012,08,103000,035,0188,12415 ,00000 ,48231 ,216,19740, , ,80104      ,4,8,12,Castle Rock town,1032,1032,286615506,0,0,0,0,0,0,2,58,10242305,1032,1032,286615506,0,0,0,0,0,0,2,58,10242305
202012,08,106000,005,0193,12815 ,00000 ,100377 ,216,19740, ,1,80112      ,4,8,12,Centennial,10,10,19754040,0,0,0,0,0,0,0,0,0,10,10,19754040,0,0,0,0,0,0,0,0,0
202012,08,111000,047,0200,12910 ,00000 ,663 ,216,19740,2, ,80427      ,4,8,5,Central City,0,0,0,0,0,0,0,0,0,0,0,0,0,0,0,0,0,0,0,0,0,0,0,0
202012,08,113000,015,    ,00000 ,00000 ,9219 ,999,99999, , ,81201      ,4,8,1,Chaffee County,155,155,39693352,2,4,647924,9,27,4947300,0,0,0,11,11,2408693,0,0,0,0,0,0,0,0,0
202012,08,117000,005,0210,13845 ,00000 ,5987 ,216,19740, , ,80113      ,4,8,12,Cherry Hills Village,15,15,39595000,0,0,0,0,0,0,0,0,0,15,15,39595000,0,0,0,0,0,0,0,0,0
202012,08,119000,017,    ,99990 ,00000 ,757 ,999,99999, , ,808100567  ,4,8,0,Cheyenne County Unincorporated Area,5,5,592034,0,0,0,0,0,0,0,0,0,0,0,0,0,0,0,0,0,0,0,0,0
202012,08,123000,019,    ,99990 ,00000 ,5885 ,216,19740,2, ,80444      ,4,8,5,Clear Creek County Unincorporated Area,20,20,5947644,0,0,0,0,0,0,0,0,0,6,6,1953570,0,0,0,0,0,0,0,0,0
202012,08,133000,005,0244,16385 ,00000 ,1256 ,216,19740, , ,80123      ,4,8,10,Columbine Valley town,16,16,24752565,0,0,0,0,0,0,0,0,0,14,14,22742329,0,0,0,0,0,0,0,0,0
202012,08,135000,001,0245,16495 ,00000 ,45913 ,216,19740, ,1,80022      ,4,8,12,Commerce City,892,892,229864135,32,64,7968215,2,6,1638854,0,0,0,892,892,229864135,32,64,7968215,2,6,1638854,0,0,0
202012,08,147000,079,0796,14765 ,00000 ,290 ,999,99999, , ,81130      ,4,8,11,City of Creede town,2,2,581663,0,0,0,0,0,0,0,0,0,1,1,370312,0,0,0,0,0,0,0,0,0
202012,08,151000,119,0280,18530 ,00000 ,1189 ,999,17820, , ,80813      ,4,8,8,Cripple Creek,4,4,410500,1,2,233000,0,0,0,0,0,0,1,1,110500,1,2,233000,0,0,0,0,0,0
202012,08,159000,027,    ,99990 ,00000 ,3100 ,999,99999, , ,81252      ,4,8,12,Custer County Unincorporated Area,97,97,28638890,0,0,0,0,0,0,0,0,0,97,97,28638890,0,0,0,0,0,0,0,0,0
202012,08,161000,123,0295,19080 ,00000 ,4152 ,216,24540, , ,805140186  ,4,8,12,Dacono,63,63,15855684,0,0,0,0,0,0,0,0,0,63,63,15855684,0,0,0,0,0,0,0,0,0
202012,08,165000,005,0305,19630 ,00000 ,546 ,216,19740, , ,80105      ,4,8,8,Deer Trail town,70,70,12537400,0,0,0,0,0,0,0,0,0,50,50,8988942,0,0,0,0,0,0,0,0,0
202012,08,173000,031,0320,20000 ,00000 ,600158 ,216,19740,2,1,80202      ,4,8,12,Denver,1167,1167,324142283,0,0,0,0,0,0,42,3892,507380807,1167,1167,324142283,0,0,0,0,0,0,42,3892,507380807
202012,08,181000,083,0335,20770 ,00000 ,936 ,999,99999, , ,81323      ,4,8,12,Dolores town,2,2,50000,1,2,400000,0,0,0,0,0,0,2,2,50000,1,2,400000,0,0,0,0,0,0
202012,08,183000,035,    ,99990 ,00000 ,171031 ,216,19740,2, ,80104      ,4,8,12,Douglas County Unincorporated Area,977,977,310387328,23,46,9710006,22,78,12818097,1,134,11917039,977,977,310387328,23,46,9710006,22,78,12818097,1,134,11917039
202012,08,193000,037,0360,22200 ,00000 ,6508 ,999,99999, , ,81631      ,4,8,12,Eagle town,11,11,7998161,1,2,419058,3,11,2690141,4,54,7156520,11,11,7998161,1,2,419058,3,11,2690141,4,54,7156520
202012,08,199000,059,0380,23135 ,00000 ,5170 ,216,19740, , ,80214      ,4,8,12,Edgewater,3,3,1106959,1,2,400000,0,0,0,0,0,0,3,3,1106959,1,2,400000,0,0,0,0,0,0
202012,08,201000,041,    ,99990 ,00000 ,165533 ,999,17820,2, ,80910      ,4,8,12,El Paso County Unincorporated Area,4928,4928,1834927574,150,300,30655491,1,4,1007100,34,1587,231933885,4928,4928,1834927574,150,300,30655491,1,4,1007100,34,1587,231933885
202012,08,203000,039,    ,99990 ,00000 ,20387 ,216,19740, , ,80117      ,4,8,12,Elbert County Unincorporated Area,177,177,59462911,0,0,0,0,0,0,0,0,0,177,177,59462911,0,0,0,0,0,0,0,0,0
202012,08,205000,039,0385,23740 ,00000 ,1358 ,216,19740, , ,80107      ,4,8,12,Elizabeth town,117,117,27079542,0,0,0,0,0,0,0,0,0,117,117,27079542,0,0,0,0,0,0,0,0,0
202012,08,209000,005,0395,24785 ,00000 ,30255 ,216,19740, , ,80110      ,4,8,12,Englewood,81,81,19753306,2,4,1309654,0,0,0,3,218,30728654,81,81,19753306,2,4,1309654,0,0,0,3,218,30728654
202012,08,213000,123,0400,24950 ,00000 ,9787 ,216,24540,2, ,805160750  ,4,8,8,Erie town,479,479,138879560,9,18,3092260,2,8,1202610,1,5,769077,301,301,87418705,9,18,3092260,2,8,1202610,0,0,0
202012,08,215000,069,0405,25115 ,00000 ,5858 ,999,22660, , ,80517      ,4,8,12,Estes Park town,18,18,11623935,0,0,0,0,0,0,0,0,0,18,18,11623935,0,0,0,0,0,0,0,0,0
202012,08,217000,123,0415,25280 ,00000 ,18537 ,216,24540, , ,806152036  ,4,8,4,Evans,92,92,18158108,1,2,500000,0,0,0,5,25,3029410,25,25,5174656,1,2,500000,0,0,0,0,0,0
202012,08,219000,093,0425,25610 ,00000 ,679 ,216,19740, , ,804400267  ,4,8,12,Fairplay town,0,0,0,0,0,0,0,0,0,0,0,0,0,0,0,0,0,0,0,0,0,0,0,0
202012,08,221000,001,0430,26270 ,00000 ,11467 ,216,19740, , ,80221      ,4,8,5,Federal Heights,0,0,0,0,0,0,0,0,0,0,0,0,0,0,0,0,0,0,0,0,0,0,0,0
202012,08,223000,123,0435,26600 ,00000 ,10147 ,216,24540, , ,80520      ,4,8,11,Firestone town,244,244,68272204,0,0,0,0,0,0,1,20,1299708,217,217,60581905,0,0,0,0,0,0,0,0,0
202012,08,231000,069,0455,27425 ,00000 ,143986 ,999,22660, ,1,805228052  ,4,8,12,Fort Collins,453,453,104656065,1,2,274061,0,0,0,10,180,16036490,453,453,104656065,1,2,274061,0,0,0,10,180,16036490
202012,08,240000,005,0483,28105 ,00000 ,685 ,216,19740, , ,80108      ,4,8,12,Foxfield town,1,1,400000,0,0,0,0,0,0,0,0,0,1,1,400000,0,0,0,0,0,0,0,0,0
202012,08,243000,123,0490,28360 ,00000 ,8679 ,216,24540, , ,805300435  ,4,8,10,Frederick town,326,326,90225742,0,0,0,3,11,2240424,0,0,0,271,271,75833815,0,0,0,3,11,2240424,0,0,0
202012,08,257000,019,0520,29735 ,00000 ,1034 ,216,19740, , ,80444      ,4,8,4,Georgetown town,5,5,1398052,0,0,0,0,0,0,3,72,8700000,1,1,155000,0,0,0,0,0,0,3,72,8700000
202012,08,261000,047,    ,99990 ,00000 ,4660 ,216,19740, , ,80427      ,4,8,12,Gilpin County Unincorporated Area,20,20,5554169,0,0,0,0,0,0,0,0,0,20,20,5554169,0,0,0,0,0,0,0,0,0
202012,08,263000,005,0530,30340 ,00000 ,4184 ,216,19740, , ,80246      ,4,8,12,Glendale,0,0,0,0,0,0,0,0,0,0,0,0,0,0,0,0,0,0,0,0,0,0,0,0
202012,08,267000,059,0540,30835 ,00000 ,18867 ,216,19740, , ,80401      ,4,8,12,Golden,11,11,4956790,1,2,616000,0,0,0,0,0,0,11,11,4956790,1,2,616000,0,0,0,0,0,0
202012,08,273000,049,    ,99990 ,00000 ,8178 ,999,99999,2, ,80451      ,4,8,11,Grand County Unincorporated Area,112,112,40751690,1,2,540186,0,0,0,1,9,1324811,101,101,36796782,1,2,540186,0,0,0,1,9,1324811
202012,08,279000,123,0570,32155 ,00000 ,92889 ,216,24540, ,1,80631      ,4,8,12,Greeley,85,85,20941517,0,0,0,4,14,2371946,14,173,13113109,85,85,20941517,0,0,0,4,14,2371946,14,173,13113109
202012,08,285000,005,0580,33035 ,00000 ,13925 ,216,19740, , ,80111      ,4,8,12,Greenwood Village,9,9,18505884,0,0,0,0,0,0,0,0,0,9,9,18505884,0,0,0,0,0,0,0,0,0
202012,08,287000,123,0585,33310 ,00000 ,137 ,216,24540, , ,80729      ,4,8,12,Grover town,0,0,0,0,0,0,0,0,0,0,0,0,0,0,0,0,0,0,0,0,0,0,0,0
202012,08,321000,073,0655,37875 ,00000 ,730 ,999,99999, , ,80821      ,4,8,12,Hugo town,1,1,295090,0,0,0,0,0,0,0,0,0,1,1,295090,0,0,0,0,0,0,0,0,0
202012,08,323000,019,0660,38370 ,00000 ,1717 ,216,19740, , ,80452      ,4,8,12,Idaho Springs,0,0,0,0,0,0,0,0,0,0,0,0,0,0,0,0,0,0,0,0,0,0,0,0
202012,08,333000,059,    ,99990 ,00000 ,187757 ,216,19740, , ,804193540  ,4,8,12,Jefferson County Unincorporated Area,199,199,85501531,0,0,0,0,0,0,0,0,0,199,199,85501531,0,0,0,0,0,0,0,0,0
202012,08,335000,123,0690,39855 ,00000 ,9350 ,216,24540,2, ,805340609  ,4,8,12,Johnstown town,122,122,25372199,0,0,0,0,0,0,3,252,12000000,122,122,25372199,0,0,0,0,0,0,3,252,12000000
202012,08,339000,123,0700,40185 ,00000 ,1127 ,216,24540, , ,80643      ,4,8,12,Keenesburg town,210,210,47602614,0,0,0,0,0,0,0,0,0,210,210,47602614,0,0,0,0,0,0,0,0,0
202012,08,347000,039,0715,40790 ,00000 ,723 ,216,19740, , ,80117      ,4,8,5,Kiowa town,3,3,426999,0,0,0,0,0,0,0,0,0,0,0,0,0,0,0,0,0,0,0,0,0
202012,08,359000,067,    ,99990 ,00000 ,31417 ,999,99999, , ,81301      ,4,8,12,La Plata County Unincorporated Area,159,159,98860196,0,0,0,0,0,0,0,0,0,159,159,98860196,0,0,0,0,0,0,0,0,0
202012,08,365000,013,0735,41835 ,00000 ,24453 ,216,14500, , ,80026      ,4,8,9,Lafayette,92,92,23306354,5,10,2158524,0,0,0,4,154,17357674,65,65,16968290,5,10,2158524,0,0,0,1,133,14926000
202012,08,373000,059,0760,43000 ,00000 ,142980 ,216,19740, ,1,80226      ,4,8,12,Lakewood,167,167,42044788,12,24,4514844,0,0,0,10,1046,192334434,167,167,42044788,12,24,4514844,0,0,0,10,1046,192334434
202012,08,375000,099,0765,43110 ,00000 ,7804 ,999,99999, , ,81052      ,4,8,12,Lamar,7,7,1567580,0,0,0,0,0,0,0,0,0,7,7,1567580,0,0,0,0,0,0,0,0,0
202012,08,377000,069,    ,99990 ,00000 ,65860 ,999,22660, , ,805221190  ,4,8,12,Larimer County Unincorporated Area,133,133,48625035,2,4,559931,0,0,0,0,0,0,133,133,48625035,2,4,559931,0,0,0,0,0,0
202012,08,383000,071,    ,99990 ,00000 ,5537 ,999,99999,2, ,81082      ,4,8,1,Las Animas County Unincorporated Area,29,29,4171127,0,0,0,0,0,0,0,0,0,0,0,0,0,0,0,0,0,0,0,0,0
202012,08,391000,005,0810,45255 ,00000 ,39328 ,216,19740,2, ,80165      ,4,8,11,Littleton,35,35,9707892,0,0,0,0,0,0,1,5,827161,32,32,8888636,0,0,0,0,0,0,0,0,0
202012,08,399500,035,0817,45955 ,00000 ,10218 ,216,19740, , ,80124      ,4,8,7,Lone Tree,30,30,11963946,0,0,0,0,0,0,0,0,0,6,6,2746180,0,0,0,0,0,0,0,0,0
202012,08,401000,013,0820,45970 ,00000 ,86240 ,216,14500,2, ,80501      ,4,8,12,Longmont,309,309,105389082,0,0,0,0,0,0,18,546,79772308,309,309,105389082,0,0,0,0,0,0,18,546,79772308
202012,08,403000,013,0825,46355 ,00000 ,18376 ,216,14500, , ,80027      ,4,8,12,Louisville,35,35,9228329,0,0,0,0,0,0,1,12,2425384,35,35,9228329,0,0,0,0,0,0,1,12,2425384
202012,08,405000,069,2640,46465 ,00000 ,66859 ,999,22660, , ,80537      ,4,8,12,Loveland,483,483,136117119,2,4,913888,1,4,692000,8,122,21914314,483,483,136117119,2,4,913888,1,4,692000,8,122,21914314
202012,08,411000,083,0845,48115 ,00000 ,1336 ,999,99999, , ,81328      ,4,8,11,Mancos town,4,4,615500,0,0,0,0,0,0,0,0,0,3,3,488000,0,0,0,0,0,0,0,0,0
202012,08,425000,077,    ,00000 ,00000 ,71607 ,999,24300, , ,815025001  ,4,8,12,Mesa County,778,778,125524241,9,18,2184143,0,0,0,8,208,16516270,778,778,125524241,9,18,2184143,0,0,0,8,208,16516270
202012,08,451000,059,0920,52075 ,00000 ,428 ,216,19740, , ,804653001  ,4,8,12,Morrison town,0,0,0,0,0,0,0,0,0,0,0,0,0,0,0,0,0,0,0,0,0,0,0,0
202012,08,455000,059,0925,52350 ,00000 ,507 ,216,19740, , ,80212      ,4,8,10,Mountain View town,1,1,330000,0,0,0,0,0,0,0,0,0,1,1,330000,0,0,0,0,0,0,0,0,0
202012,08,463000,001,0943,54330 ,00000 ,35777 ,216,19740,2, ,80233      ,4,8,12,Northglenn,0,0,0,0,0,0,0,0,0,0,0,0,0,0,0,0,0,0,0,0,0,0,0,0
202012,08,475000,085,0970,55540 ,00000 ,1849 ,999,99999, , ,81425      ,4,8,12,Olathe town,0,0,0,0,0,0,0,0,0,0,0,0,0,0,0,0,0,0,0,0,0,0,0,0
202012,08,507000,093,    ,99990 ,00000 ,15257 ,216,19740, , ,80440      ,4,8,12,Park County Unincorporated Area,161,161,41573011,0,0,0,0,0,0,0,0,0,161,161,41573011,0,0,0,0,0,0,0,0,0
202012,08,509000,035,1039,57630 ,00000 ,45297 ,216,19740, , ,80134      ,4,8,12,Parker town,400,400,145160596,1,2,498753,0,0,0,10,255,41723851,400,400,145160596,1,2,498753,0,0,0,10,255,41723851
202012,08,533000,101,    ,99990 ,00000 ,51976 ,444,39380,2, ,81003      ,4,8,10,Pueblo County Unincorporated Area,581,581,93289388,0,0,0,0,0,0,0,0,0,487,487,78091568,0,0,0,0,0,0,0,0,0
202012,08,535000,041,1090,62660 ,00000 ,123 ,999,17820, , ,808320129  ,4,8,10,Ramah town,0,0,0,0,0,0,0,0,0,0,0,0,0,0,0,0,0,0,0,0,0,0,0,0
202012,08,565000,109,1155,67005 ,00000 ,485 ,999,99999, , ,811490417  ,4,8,12,Saguache town,0,0,0,0,0,0,0,0,0,0,0,0,0,0,0,0,0,0,0,0,0,0,0,0
202012,08,585000,123,1195,69150 ,00000 ,3165 ,216,24540, , ,80546      ,4,8,12,Severance town,597,597,149612368,0,0,0,0,0,0,0,0,0,597,597,149612368,0,0,0,0,0,0,0,0,0
202012,08,587000,005,1200,69645 ,00000 ,5664 ,216,19740, , ,80110      ,4,8,12,Sheridan,0,0,0,0,0,0,0,0,0,0,0,0,0,0,0,0,0,0,0,0,0,0,0,0
202012,08,595000,019,1220,70360 ,00000 ,170 ,216,19740, , ,80476      ,4,8,12,Silver Plume town,0,0,0,0,0,0,0,0,0,0,0,0,0,0,0,0,0,0,0,0,0,0,0,0
202012,08,597000,117,1222,70525 ,00000 ,3887 ,999,99999, , ,80498      ,4,8,12,Silverthorne town,122,122,58313842,0,0,0,0,0,0,3,35,9898962,122,122,58313842,0,0,0,0,0,0,3,35,9898962
202012,08,601000,039,1230,70635 ,00000 ,618 ,216,19740, , ,80835      ,4,8,12,Simla town,2,2,127560,0,0,0,0,0,0,0,0,0,2,2,127560,0,0,0,0,0,0,0,0,0
202012,08,615000,025,1265,74815 ,00000 ,258 ,999,99999, , ,810760060  ,4,8,12,Sugar City town,0,0,0,0,0,0,0,0,0,0,0,0,0,0,0,0,0,0,0,0,0,0,0,0
202012,08,625000,119,    ,99990 ,00000 ,14536 ,999,17820,2, ,80866      ,4,8,12,Teller County Unincorporated Area,79,79,22453275,0,0,0,0,0,0,0,0,0,79,79,22453275,0,0,0,0,0,0,0,0,0
202012,08,629000,001,1285,77290 ,00000 ,118772 ,216,19740,2, ,80229      ,4,8,12,Thornton,747,747,210731813,33,66,7164100,0,0,0,3,51,7669590,747,747,210731813,33,66,7164100,0,0,0,3,51,7669590
202012,08,631000,069,1290,77510 ,00000 ,625 ,999,22660,2, ,80547      ,4,8,12,Timnath town,393,393,114849830,0,0,0,0,0,0,0,0,0,393,393,114849830,0,0,0,0,0,0,0,0,0
202012,08,639000,119,1310,80865 ,00000 ,397 ,999,17820, , ,80860      ,4,8,11,Victor,0,0,0,0,0,0,0,0,0,0,0,0,0,0,0,0,0,0,0,0,0,0,0,0
202012,08,655000,123,    ,99990 ,00000 ,42473 ,216,24540, , ,80631      ,4,8,12,Weld County Unincorporated Area,125,125,42813225,0,0,0,0,0,0,0,0,0,125,125,42813225,0,0,0,0,0,0,0,0,0
202012,08,657000,069,1345,83230 ,00000 ,6289 ,999,22660, , ,80549      ,4,8,12,Wellington town,205,205,56372677,0,0,0,0,0,0,11,67,13232788,205,205,56372677,0,0,0,0,0,0,11,67,13232788
202012,08,661000,001,1355,83835 ,00000 ,63696 ,216,19740,2, ,80031      ,4,8,12,Westminster,88,88,24439658,0,0,0,0,0,0,8,602,96543320,88,88,24439658,0,0,0,0,0,0,8,602,96543320
202012,08,665000,059,1360,84440 ,00000 ,30166 ,216,19740, , ,800338001  ,4,8,12,Wheat Ridge,147,147,36957033,0,0,0,0,0,0,7,264,43825600,147,147,36957033,0,0,0,0,0,0,7,264,43825600
202012,08,673000,123,4560,85485 ,00000 ,14070 ,216,24540,2, ,80550      ,4,8,12,Windsor town,703,703,206153674,4,8,1686841,6,22,5393804,15,247,32665836,703,703,206153674,4,8,1686841,6,22,5393804,15,247,32665836
202012,08,677000,119,1380,86090 ,00000 ,7200 ,999,17820, , ,80866      ,4,8,12,Woodland Park,28,28,12694035,0,0,0,0,0,0,0,0,0,28,28,12694035,0,0,0,0,0,0,0,0,0
202012,15,001000,001,    ,00000 ,00000 ,185079 ,999,99999, , ,96720      ,4,9,12,Hawaii County,866,866,337402077,2,4,433435,0,0,0,0,0,0,866,866,337402077,2,4,433435,0,0,0,0,0,0
202012,15,005000,003,    ,00000 ,00000 ,953207 ,999,46520, ,1,968133006  ,4,9,7,Honolulu County,895,895,357607033,0,0,0,3,10,6496243,27,916,167078826,510,510,202839701,0,0,0,0,0,0,11,356,61181268
202012,15,009000,007,    ,00000 ,00000 ,67091 ,999,99999, , ,96766      ,4,9,12,Kauai County,137,137,137073238,5,10,3452150,0,0,0,0,0,0,137,137,137073238,5,10,3452150,0,0,0,0,0,0
202012,15,013000,009,    ,00000 ,00000 ,154834 ,999,27980, , ,96793      ,4,9,12,Maui County,306,306,135321813,8,16,3191345,8,32,8000000,2,172,58466346,306,306,135321813,8,16,3191345,8,32,8000000,2,172,58466346
202012,16,009000,001,    ,99990 ,00000 ,59731 ,147,14260, , ,83702      ,4,8,12,Ada County Unincorporated Area,533,533,213786335,0,0,0,2,8,2800000,0,0,0,533,533,213786335,0,0,0,2,8,2800000,0,0,0
202012,16,025000,019,0050,01990 ,91656 ,13816 ,292,26820, , ,83406      ,4,8,12,Ammon,234,234,35895883,0,0,0,0,0,0,0,0,0,234,234,35895883,0,0,0,0,0,0,0,0,0
202012,16,033000,005,0080,03340 ,93289 ,355 ,999,38540, , ,832140061  ,4,8,12,Arimo,0,0,0,0,0,0,0,0,0,0,0,0,0,0,0,0,0,0,0,0,0,0,0,0
202012,16,053000,005,    ,99990 ,00000 ,11628 ,999,38540, , ,832016210  ,4,8,11,Bannock County Unincorporated Area,97,97,27462655,0,0,0,0,0,0,0,0,0,90,90,25785030,0,0,0,0,0,0,0,0,0
202012,16,065000,013,0140,06220 ,91380 ,2287 ,999,99999, , ,833130825  ,4,8,12,Bellevue,5,5,1509933,1,2,375830,0,0,0,0,0,0,5,5,1509933,1,2,375830,0,0,0,0,0,0
202012,16,073000,011,    ,99990 ,00000 ,26405 ,999,99999,2, ,832211700  ,4,8,12,Bingham County Unincorporated Area,187,187,24486080,0,0,0,0,0,0,0,0,0,187,187,24486080,0,0,0,0,0,0,0,0,0
202012,16,093000,001,0180,08830 ,92668 ,205671 ,147,14260, ,1,83701      ,4,8,12,Boise City,756,756,212567835,24,48,9863233,6,23,5731000,6,298,47360419,756,756,212567835,24,48,9863233,6,23,5731000,6,298,47360419
202012,16,097000,015,    ,99990 ,00000 ,5621 ,147,14260,2, ,836311300  ,4,8,12,Boise County Unincorporated Area,87,87,28568855,0,0,0,0,0,0,0,0,0,87,87,28568855,0,0,0,0,0,0,0,0,0
202012,16,109000,019,    ,99990 ,00000 ,30213 ,292,26820, , ,83402      ,4,8,12,Bonneville County Unincorporated Area,255,255,38909543,0,0,0,0,0,0,0,0,0,255,255,38909543,0,0,0,0,0,0,0,0,0
202012,16,113000,021,    ,99990 ,00000 ,7711 ,999,99999,2, ,83805      ,4,8,0,Boundary County Unincorporated Area,64,64,15541043,0,0,0,0,0,0,0,0,0,0,0,0,0,0,0,0,0,0,0,0,0
202012,16,137000,023,    ,99990 ,00000 ,1633 ,292,26820, , ,83213      ,4,8,4,Butte County Unincorporated Area,2,2,240431,0,0,0,0,0,0,0,0,0,1,1,60000,0,0,0,0,0,0,0,0,0
202012,16,141000,027,0240,12250 ,90483 ,46237 ,147,14260, , ,83605      ,4,8,12,Caldwell,905,905,130319361,0,0,0,10,40,3220555,2,50,797640,905,905,130319361,0,0,0,10,40,3220555,2,50,797640
202012,16,153000,027,    ,99990 ,00000 ,50187 ,147,14260, , ,83605      ,4,8,12,Canyon County Unincorporated Area,436,436,89842914,0,0,0,0,0,0,0,0,0,436,436,89842914,0,0,0,0,0,0,0,0,0
202012,16,165000,031,    ,99990 ,00000 ,11401 ,999,99999,2, ,833181862  ,4,8,12,Cassia County Unincorporated Area,60,60,13216485,0,0,0,0,0,0,0,0,0,60,60,13216485,0,0,0,0,0,0,0,0,0
202012,16,181000,005,0300,14680 ,92852 ,13922 ,999,38540, , ,832020006  ,4,8,3,Chubbuck,91,91,9314203,1,2,261000,1,3,174000,0,0,0,10,10,1213931,1,2,261000,0,0,0,0,0,0
202012,16,205000,055,0340,16750 ,90621 ,44137 ,518,17660, ,1,83814      ,4,8,5,Coeur dAlene,298,298,71880378,5,10,1888158,1,3,208794,11,184,19762184,97,97,26273819,2,4,622800,0,0,0,4,42,3850000
202012,16,217000,061,0370,19270 ,90690 ,501 ,999,99999, , ,83523      ,4,8,12,Craigmont,0,0,0,0,0,0,0,0,0,0,0,0,0,0,0,0,0,0,0,0,0,0,0,0
202012,16,277000,001,0520,23410 ,90345 ,19908 ,147,14260, , ,83616      ,4,8,12,Eagle,522,522,189202267,0,0,0,0,0,0,0,0,0,522,522,189202267,0,0,0,0,0,0,0,0,0
202012,16,281000,017,0530,23680 ,90598 ,210 ,999,99999, , ,838360186  ,4,8,12,East Hope,0,0,0,0,0,0,0,0,0,0,0,0,0,0,0,0,0,0,0,0,0,0,0,0
202012,16,289000,035,0550,25120 ,90920 ,125 ,999,99999, , ,838270202  ,4,8,12,Elk River,0,0,0,0,0,0,0,0,0,0,0,0,0,0,0,0,0,0,0,0,0,0,0,0
202012,16,297000,045,0560,25570 ,90966 ,6557 ,147,14260, , ,83617      ,4,8,12,Emmett,50,50,6999242,1,2,118640,0,0,0,0,0,0,50,50,6999242,1,2,118640,0,0,0,0,0,0
202012,16,301000,025,0570,26290 ,93749 ,416 ,999,99999, , ,83327      ,4,8,12,Fairfield,0,0,0,0,0,0,0,0,0,0,0,0,0,0,0,0,0,0,0,0,0,0,0,0
202012,16,329000,043,    ,99990 ,00000 ,6905 ,999,99999,2, ,83445      ,4,8,12,Fremont County Unincorporated Area,134,134,25710018,0,0,0,0,0,0,0,0,0,134,134,25710018,0,0,0,0,0,0,0,0,0
202012,16,337000,001,0650,29620 ,90345 ,10972 ,147,14260, , ,83714      ,4,8,9,Garden City,20,20,1669223,1,2,300000,0,0,0,0,0,0,8,8,519750,1,2,300000,0,0,0,0,0,0
202012,16,341000,045,    ,99990 ,00000 ,10162 ,147,14260, , ,83617      ,4,8,12,Gem County Unincorporated Area,88,88,16194939,0,0,0,0,0,0,0,0,0,88,88,16194939,0,0,0,0,0,0,0,0,0
202012,16,369000,073,0710,32770 ,91311 ,452 ,147,14260,2, ,836240069  ,4,8,12,Grand View,3,3,600000,0,0,0,0,0,0,0,0,0,3,3,600000,0,0,0,0,0,0,0,0,0
202012,16,377000,027,0730,33490 ,90483 ,846 ,147,14260, , ,83626      ,4,8,0,Greenleaf,0,0,0,0,0,0,0,0,0,0,0,0,0,0,0,0,0,0,0,0,0,0,0,0
202012,16,389000,051,0760,34570 ,91403 ,48 ,292,26820,2, ,834250205  ,4,8,2,Hamer,0,0,0,0,0,0,0,0,0,0,0,0,0,0,0,0,0,0,0,0,0,0,0,0
202012,16,397000,055,0780,35200 ,91426 ,203 ,518,17660, , ,83833      ,4,8,3,Harrison,0,0,0,0,0,0,0,0,0,0,0,0,0,0,0,0,0,0,0,0,0,0,0,0
202012,16,405000,055,0800,36370 ,90621 ,13294 ,518,17660, , ,83835      ,4,8,12,Hayden,132,132,41030949,0,0,0,0,0,0,5,96,10754125,132,132,41030949,0,0,0,0,0,0,5,96,10754125
202012,16,425000,073,0850,38170 ,91518 ,2633 ,147,14260, , ,836280757  ,4,8,12,Homedale,11,11,2194543,0,0,0,0,0,0,0,0,0,11,11,2194543,0,0,0,0,0,0,0,0,0
202012,16,433000,015,0870,38620 ,91541 ,707 ,147,14260, , ,836290246  ,4,8,12,Horseshoe Bend,30,30,5476212,0,0,0,1,3,200000,0,0,0,30,30,5476212,0,0,0,1,3,200000,0,0,0
202012,16,441000,015,0890,39610 ,91633 ,485 ,147,14260, , ,836310130  ,4,8,12,Idaho City,2,2,287360,0,0,0,0,0,0,0,0,0,2,2,287360,0,0,0,0,0,0,0,0,0
202012,16,449000,019,0900,39700 ,91656 ,56813 ,292,26820, ,1,834050220  ,4,8,12,Idaho Falls,324,324,54683085,0,0,0,0,0,0,0,0,0,324,324,54683085,0,0,0,0,0,0,0,0,0
202012,16,457000,019,0920,40420 ,91656 ,1803 ,292,26820, , ,83427      ,4,8,12,Iona,37,37,8776000,0,0,0,0,0,0,0,0,0,37,37,8776000,0,0,0,0,0,0,0,0,0
202012,16,469000,051,    ,99990 ,00000 ,19412 ,292,26820,2, ,83442      ,4,8,12,Jefferson County Unincorporated Area,244,244,46283083,2,4,313500,5,20,2819490,0,0,0,244,244,46283083,2,4,313500,5,20,2819490,0,0,0
202012,16,473000,053,0950,41320 ,91748 ,10890 ,999,46300, , ,833382614  ,4,8,11,Jerome,56,56,7097612,0,0,0,0,0,0,0,0,0,51,51,6438920,0,0,0,0,0,0,0,0,0
202012,16,477000,053,    ,99990 ,00000 ,10326 ,999,46300, , ,83338      ,4,8,12,Jerome County Unincorporated Area,38,38,6926115,0,0,0,0,0,0,0,0,0,38,38,6926115,0,0,0,0,0,0,0,0,0
202012,16,517000,055,    ,99990 ,00000 ,39672 ,518,17660, , ,838169000  ,4,8,12,Kootenai County Unincorporated Area,430,430,134729221,3,6,1017071,0,0,0,0,0,0,430,430,134729221,3,6,1017071,0,0,0,0,0,0
202012,16,521000,001,1040,44290 ,91863 ,15210 ,147,14260, , ,83634      ,4,8,12,Kuna,708,708,161200838,11,22,2605246,3,11,1467301,0,0,0,708,708,161200838,11,22,2605246,3,11,1467301,0,0,0
202012,16,529000,057,    ,99990 ,00000 ,8988 ,999,99999,2, ,83843      ,4,8,12,Latah County Unincorporated Area,61,61,14563868,0,0,0,0,0,0,0,0,0,61,61,14563868,0,0,0,0,0,0,0,0,0
202012,16,553000,051,1090,46720 ,91978 ,458 ,292,26820,2, ,834310160  ,4,8,12,Lewisville,2,2,575000,0,0,0,0,0,0,0,0,0,2,2,575000,0,0,0,0,0,0,0,0,0
202012,16,577000,073,1160,50950 ,92070 ,1031 ,147,14260, , ,83639      ,4,8,12,Marsing,2,2,395000,0,0,0,0,0,0,0,0,0,2,2,395000,0,0,0,0,0,0,0,0,0
202012,16,589000,027,1170,51850 ,92093 ,513 ,147,14260, , ,83641      ,4,8,12,Melba,1,1,200000,0,0,0,0,0,0,0,0,0,1,1,200000,0,0,0,0,0,0,0,0,0
202012,16,597000,001,1190,52120 ,90345 ,75092 ,147,14260, , ,83642      ,4,8,12,Meridian,1911,1911,462708547,0,0,0,18,58,10547060,38,561,67202543,1911,1911,462708547,0,0,0,18,58,10547060,38,561,67202543
202012,16,601000,027,1200,52660 ,92116 ,5524 ,147,14260, , ,83644      ,4,8,1,Middleton,201,201,46927994,0,0,0,0,0,0,0,0,0,19,19,5483691,0,0,0,0,0,0,0,0,0
202012,16,625000,057,1250,54550 ,92277 ,23800 ,999,99999, , ,83843      ,4,8,12,Moscow,43,43,11803731,2,4,702659,0,0,0,1,12,1531003,43,43,11803731,2,4,702659,0,0,0,1,12,1531003
202012,16,629000,039,1260,54730 ,92300 ,14206 ,999,99999, , ,836470010  ,4,8,12,Mountain Home,64,64,10664739,0,0,0,0,0,0,0,0,0,64,64,10664739,0,0,0,0,0,0,0,0,0
202012,16,649000,027,1320,56260 ,92438 ,81557 ,147,14260, , ,83651      ,4,8,12,Nampa,1280,1280,181238884,27,54,7057220,51,204,26016692,19,200,12950057,1280,1280,181238884,27,54,7057220,51,204,26016692,19,200,12950057
202012,16,673000,027,1370,58060 ,90483 ,531 ,147,14260, , ,836560257  ,4,8,12,Notus,0,0,0,0,0,0,0,0,0,0,0,0,0,0,0,0,0,0,0,0,0,0,0,0
202012,16,697000,079,1420,59590 ,93634 ,1555 ,999,99999, , ,83849      ,4,8,12,Osburn,0,0,0,0,0,0,0,0,0,0,0,0,0,0,0,0,0,0,0,0,0,0,0,0
202012,16,701000,073,    ,99990 ,00000 ,7410 ,147,14260,2, ,83650      ,4,8,4,Owyhee County Unincorporated Area,21,21,5015496,0,0,0,0,0,0,0,0,0,10,10,2962951,0,0,0,0,0,0,0,0,0
202012,16,717000,027,1460,60940 ,92714 ,1983 ,147,14260, , ,836600608  ,4,8,12,Parma,1,1,334000,2,4,650000,0,0,0,0,0,0,1,1,334000,2,4,650000,0,0,0,0,0,0
202012,16,725000,075,1480,61300 ,92783 ,7433 ,999,99999, , ,83661      ,4,8,12,Payette,55,55,11407756,1,2,178000,6,24,3567274,0,0,0,55,55,11407756,1,2,178000,6,24,3567274,0,0,0
202012,16,745000,015,1520,63550 ,91541 ,53 ,147,14260, , ,83666      ,4,8,12,Placerville,0,0,0,0,0,0,0,0,0,0,0,0,0,0,0,0,0,0,0,0,0,0,0,0
202012,16,753000,005,1540,64090 ,93289 ,54239 ,999,38540,2,1,83205      ,4,8,12,Pocatello,93,93,14125628,13,26,1456170,13,52,3513880,16,384,18580905,93,93,14125628,13,26,1456170,13,52,3513880,16,384,18580905
202012,16,765000,055,1560,64810 ,92875 ,27574 ,518,17660, , ,83854      ,4,8,12,Post Falls,467,467,104626862,13,26,3812802,1,3,270000,45,868,81314035,467,467,104626862,13,26,3812802,1,3,270000,45,868,81314035
202012,16,793000,065,1620,67420 ,93381 ,25484 ,999,99999, , ,83440      ,4,8,12,Rexburg,114,114,27751270,3,6,1286302,6,24,2027912,10,252,41327261,114,114,27751270,3,6,1286302,6,24,2027912,10,252,41327261
202012,16,813000,051,1660,67960 ,93036 ,598 ,292,26820,2, ,83443      ,4,8,12,Ririe,8,8,1495000,0,0,0,0,0,0,0,0,0,8,8,1495000,0,0,0,0,0,0,0,0,0
202012,16,817000,051,1670,68500 ,93059 ,580 ,292,26820,2, ,834440242  ,4,8,10,Roberts,12,12,2173500,0,0,0,0,0,0,0,0,0,12,12,2173500,0,0,0,0,0,0,0,0,0
202012,16,833000,017,1740,72100 ,93197 ,7365 ,999,99999, , ,83864      ,4,8,11,Sandpoint,58,58,9913461,1,2,409140,0,0,0,0,0,0,52,52,8478855,1,2,409140,0,0,0,0,0,0
202012,16,845000,079,    ,99990 ,00000 ,5180 ,999,99999, , ,838732348  ,4,8,12,Shoshone County Unincorporated Area,24,24,3438534,0,0,0,0,0,0,0,0,0,24,24,3438534,0,0,0,0,0,0,0,0,0
202012,16,869000,007,1710,71110 ,92691 ,131 ,999,99999, , ,83272      ,4,8,12,St. Charles,5,5,1770000,0,0,0,0,0,0,0,0,0,5,5,1770000,0,0,0,0,0,0,0,0,0
202012,16,878000,001,1820,76870 ,90805 ,5781 ,147,14260,2, ,83669      ,4,8,11,Star,541,541,171158850,0,0,0,0,0,0,0,0,0,508,508,159801253,0,0,0,0,0,0,0,0,0
202012,16,897000,019,1870,79120 ,93404 ,204 ,292,26820, , ,83449      ,4,8,12,Swan Valley,8,8,2141481,0,0,0,0,0,0,0,0,0,8,8,2141481,0,0,0,0,0,0,0,0,0
202012,16,913000,081,1900,80470 ,93473 ,269 ,999,99999, , ,83452      ,4,8,3,Tetonia,0,0,0,0,0,0,0,0,0,0,0,0,0,0,0,0,0,0,0,0,0,0,0,0
202012,16,921000,083,1920,82810 ,93565 ,44125 ,999,46300, ,1,83301      ,4,8,12,Twin Falls,523,523,87359898,23,46,6399313,7,28,3021087,13,84,6749814,523,523,87359898,23,46,6399313,7,28,3021087,13,84,6749814
202012,16,925000,083,    ,99990 ,00000 ,21454 ,999,46300,2, ,833016251  ,4,8,12,Twin Falls County Unincorporated Area,120,120,28484809,0,0,0,0,0,0,0,0,0,120,120,28484809,0,0,0,0,0,0,0,0,0
202012,16,977000,027,2030,87670 ,93841 ,1533 ,147,14260, , ,83676      ,4,8,12,Wilder,3,3,594198,6,12,1454478,1,4,80000,0,0,0,3,3,594198,6,12,1454478,1,4,80000,0,0,0
202012,30,009000,085,0018,03400 ,00000 ,208 ,999,99999, , ,59212      ,4,8,12,Bainville town,0,0,0,0,0,0,0,0,0,0,0,0,0,0,0,0,0,0,0,0,0,0,0,0
202012,30,015000,000,    ,00000 ,00000 ,99999 ,999,99999,2, ,596200517  ,4,8,0,Balance of State,0,0,0,0,0,0,0,0,0,0,0,0,0,0,0,0,0,0,0,0,0,0,0,0
202012,30,045000,111,0050,06550 ,00000 ,104170 ,999,13740, ,1,59103      ,4,8,12,Billings,359,359,94597855,52,104,18655994,16,62,7539784,11,61,5819716,359,359,94597855,52,104,18655994,16,62,7539784,11,61,5819716
202012,30,057000,031,0080,08950 ,00000 ,37280 ,999,99999, , ,597711230  ,4,8,12,Bozeman,211,211,53921816,32,64,12134204,29,106,18540476,29,564,57930500,211,211,53921816,32,64,12134204,29,106,18540476,29,564,57930500
202012,30,085000,093,0110,11397 ,00000 ,33525 ,999,99999,2, ,59701      ,4,8,12,Butte-Silver Bow,79,79,7809449,31,62,5429420,0,0,0,0,0,0,79,79,7809449,31,62,5429420,0,0,0,0,0,0
202012,30,097000,013,    ,99990 ,00000 ,21489 ,999,24500,2, ,59401      ,4,8,12,Cascade County Unincorporated Area,104,104,29255835,1,2,600000,0,0,0,0,0,0,104,104,29255835,1,2,600000,0,0,0,0,0,0
202012,30,117000,015,    ,99990 ,00000 ,3490 ,999,99999, , ,594420459  ,4,8,0,Chouteau County Unincorporated Area,12,12,3335412,0,0,0,0,0,0,0,0,0,0,0,0,0,0,0,0,0,0,0,0,0
202012,30,249000,009,0270,29575 ,00000 ,438 ,999,13740, , ,59029      ,4,8,11,Fromberg town,0,0,0,0,0,0,0,0,0,0,0,0,0,0,0,0,0,0,0,0,0,0,0,0
202012,30,253000,031,    ,99990 ,00000 ,40184 ,999,99999, , ,59715      ,4,8,11,Gallatin County Unincorporated Area,450,450,131469497,33,66,11406997,26,94,13801138,6,65,7997370,417,417,122099829,31,62,10717470,26,94,13801138,5,60,7356060
202012,30,273000,021,0285,31450 ,00000 ,4935 ,999,99999,2, ,59330      ,4,8,0,Glendive,0,0,0,0,0,0,0,0,0,0,0,0,0,0,0,0,0,0,0,0,0,0,0,0
202012,30,289000,013,1370,32800 ,00000 ,58505 ,999,24500, ,1,594035021  ,4,8,12,Great Falls,31,31,5834805,1,2,320693,0,0,0,1,12,925000,31,31,5834805,1,2,320693,0,0,0,1,12,925000
202012,30,293000,081,0300,33775 ,00000 ,4348 ,999,99999, , ,59840      ,4,8,3,Hamilton,11,11,1655892,7,14,1265464,0,0,0,0,0,0,2,2,440000,1,2,228964,0,0,0,0,0,0
202012,30,313000,049,0325,35600 ,00000 ,28190 ,999,99999, , ,59623      ,4,8,12,Helena,43,43,14498039,24,48,8741911,38,140,19087647,3,18,1807578,43,43,14498039,24,48,8741911,38,140,19087647,3,18,1807578
202012,30,317000,041,    ,99990 ,00000 ,6668 ,999,99999, , ,595010231  ,4,8,0,Hill County Unincorporated Area,0,0,0,0,0,0,0,0,0,0,0,0,0,0,0,0,0,0,0,0,0,0,0,0
202012,30,341000,043,    ,99990 ,00000 ,9185 ,999,99999, , ,596320249  ,4,8,12,Jefferson County Unincorporated Area,14,14,4085681,0,0,0,0,0,0,0,0,0,14,14,4085681,0,0,0,0,0,0,0,0,0
202012,30,349000,033,0365,39925 ,00000 ,343 ,999,99999, , ,59337      ,4,8,10,Jordan town,0,0,0,0,0,0,0,0,0,0,0,0,0,0,0,0,0,0,0,0,0,0,0,0
202012,30,361000,029,0375,40075 ,00000 ,19927 ,999,99999, , ,59903      ,4,8,12,Kalispell,270,270,80010484,8,16,2935362,2,7,1198620,8,176,15535400,270,270,80010484,8,16,2935362,2,7,1198620,8,176,15535400
202012,30,449000,063,0455,50200 ,00000 ,66788 ,999,33540, ,1,59802      ,4,8,12,Missoula,226,226,62186269,3,6,982304,0,0,0,13,314,15670991,226,226,62186269,3,6,982304,0,0,0,13,314,15670991
202012,30,453000,063,    ,99990 ,00000 ,42511 ,999,33540, , ,59808      ,4,8,12,Missoula County Unincorporated Area,194,194,32588145,4,8,424819,1,3,175000,1,37,2500000,194,194,32588145,4,8,424819,1,3,175000,1,37,2500000
202012,30,457000,027,0470,51550 ,00000 ,193 ,999,99999, , ,594640098  ,4,8,0,Moore town,0,0,0,0,0,0,0,0,0,0,0,0,0,0,0,0,0,0,0,0,0,0,0,0
202012,30,513000,047,0530,58750 ,00000 ,4488 ,999,99999, , ,59860      ,4,8,12,Polson,13,13,4321000,0,0,0,0,0,0,0,0,0,13,13,4321000,0,0,0,0,0,0,0,0,0
202012,30,601000,083,0590,67900 ,00000 ,5191 ,999,99999, , ,59270      ,4,8,12,Sidney,0,0,0,0,0,0,0,0,0,0,0,0,0,0,0,0,0,0,0,0,0,0,0,0
202012,30,681000,057,0655,77125 ,00000 ,190 ,999,99999, , ,59755      ,4,8,0,Virginia City town,0,0,0,0,0,0,0,0,0,0,0,0,0,0,0,0,0,0,0,0,0,0,0,0
202012,30,705000,029,0670,79825 ,00000 ,6357 ,999,99999, , ,59937      ,4,8,12,Whitefish,148,148,51149990,3,6,1083234,3,11,2483000,10,130,18510000,148,148,51149990,3,6,1083234,3,11,2483000,10,130,18510000
202012,32,001000,003,0010,06500 ,00000 ,15023 ,332,29820, , ,89005      ,4,8,12,Boulder City,34,34,12360811,0,0,0,0,0,0,0,0,0,34,34,12360811,0,0,0,0,0,0,0,0,0
202012,32,005000,017,0015,08500 ,00000 ,1130 ,999,99999, , ,890081006  ,4,8,12,Caliente,2,2,426834,0,0,0,0,0,0,0,0,0,2,2,426834,0,0,0,0,0,0,0,0,0
202012,32,009000,007,0020,08900 ,00000 ,2368 ,999,99999, , ,89822      ,4,8,12,Carlin,0,0,0,0,0,0,0,0,0,0,0,0,0,0,0,0,0,0,0,0,0,0,0,0
202012,32,013000,510,0025,09700 ,00000 ,55274 ,456,16180, ,1,89701      ,4,8,3,Carson City,190,190,50052999,0,0,0,3,9,1145553,9,64,6390053,56,56,14630916,0,0,0,0,0,0,0,0,0
202012,32,017000,001,    ,99990 ,00000 ,16271 ,999,99999, , ,894062748  ,4,8,12,Churchill County Unincorporated Area,71,71,15252344,0,0,0,0,0,0,0,0,0,71,71,15252344,0,0,0,0,0,0,0,0,0
202012,32,021000,003,    ,99990 ,00000 ,862524 ,332,29820, , ,89118      ,4,8,12,Clark County Unincorporated Area,2398,2398,614074627,12,24,4000339,54,210,35004482,68,1260,111669617,2398,2398,614074627,12,24,4000339,54,210,35004482,68,1260,111669617
202012,32,025000,005,    ,00000 ,00000 ,46997 ,999,99999, , ,89423      ,4,8,12,Douglas County,200,200,91111223,0,0,0,0,0,0,0,0,0,200,200,91111223,0,0,0,0,0,0,0,0,0
202012,32,029000,007,0035,22500 ,00000 ,18297 ,999,99999, , ,89801      ,4,8,12,Elko,73,73,14465901,0,0,0,0,0,0,0,0,0,73,73,14465901,0,0,0,0,0,0,0,0,0
202012,32,033000,007,    ,99990 ,00000 ,22451 ,999,99999, , ,89801      ,4,8,12,Elko County Unincorporated Area,104,104,13806976,0,0,0,0,0,0,0,0,0,104,104,13806976,0,0,0,0,0,0,0,0,0
202012,32,049000,001,0045,24100 ,00000 ,8606 ,999,99999, , ,89406      ,4,8,12,Fallon,28,28,5524384,0,0,0,0,0,0,0,0,0,28,28,5524384,0,0,0,0,0,0,0,0,0
202012,32,050000,019,0048,24900 ,00000 ,19368 ,999,99999, , ,89408      ,4,8,12,Fernley,109,109,26999395,0,0,0,0,0,0,0,0,0,109,109,26999395,0,0,0,0,0,0,0,0,0
202012,32,057000,003,0058,31900 ,00000 ,257729 ,332,29820, ,1,89015      ,4,8,12,Henderson,2264,2264,415299166,0,0,0,1,4,225905,4,123,6436525,2264,2264,415299166,0,0,0,1,4,225905,4,123,6436525
202012,32,061000,013,    ,99990 ,00000 ,9132 ,999,99999, , ,89445      ,4,8,12,Humboldt County Unincorporated Area,5,5,680939,0,0,0,0,0,0,0,0,0,5,5,680939,0,0,0,0,0,0,0,0,0
202012,32,065000,015,    ,00000 ,00000 ,5775 ,999,99999, , ,89820      ,4,8,12,Lander County,6,6,719353,0,0,0,0,0,0,0,0,0,6,6,719353,0,0,0,0,0,0,0,0,0
202012,32,069000,003,0065,40000 ,00000 ,583756 ,332,29820, ,1,89107      ,4,8,12,Las Vegas,1941,1941,539132364,0,0,0,12,40,2344461,74,1375,118790951,1941,1941,539132364,0,0,0,12,40,2344461,74,1375,118790951
202012,32,073000,017,    ,99990 ,00000 ,4215 ,999,99999, , ,89043      ,4,8,12,Lincoln County Unincorporated Area,10,10,1655000,0,0,0,0,0,0,0,0,0,10,10,1655000,0,0,0,0,0,0,0,0,0
202012,32,077000,027,0070,43000 ,00000 ,1894 ,999,99999, , ,89419      ,4,8,12,Lovelock,0,0,0,0,0,0,0,0,0,0,0,0,0,0,0,0,0,0,0,0,0,0,0,0
202012,32,081000,019,    ,99990 ,00000 ,29564 ,999,99999, , ,89447      ,4,8,11,Lyon County Unincorporated Area,212,212,55243105,0,0,0,0,0,0,0,0,0,201,201,52278863,0,0,0,0,0,0,0,0,0
202012,32,085000,003,0074,46000 ,00000 ,15276 ,332,29820, , ,890274706  ,4,8,12,Mesquite,361,361,79706094,0,0,0,0,0,0,3,36,1516320,361,361,79706094,0,0,0,0,0,0,3,36,1516320
202012,32,089000,021,    ,00000 ,00000 ,4772 ,999,99999, , ,894151450  ,4,8,5,Mineral County,0,0,0,0,0,0,0,0,0,0,0,0,0,0,0,0,0,0,0,0,0,0,0,0
202012,32,093000,003,0085,51800 ,00000 ,216961 ,332,29820, , ,89030      ,4,8,12,North Las Vegas,3040,3040,813869639,257,514,25897944,110,330,29715632,19,146,14182432,3040,3040,813869639,257,514,25897944,110,330,29715632,19,146,14182432
202012,32,101000,027,    ,99990 ,00000 ,4859 ,999,99999, , ,89419      ,4,8,12,Pershing County Unincorporated Area,0,0,0,0,0,0,0,0,0,0,0,0,0,0,0,0,0,0,0,0,0,0,0,0
202012,32,105000,031,1800,60600 ,00000 ,225221 ,456,39900, ,1,89505      ,4,8,0,Reno,1330,1330,373865484,24,48,5037084,13,44,5773422,97,1779,224467607,0,0,0,0,0,0,0,0,0,0,0,0
202012,32,109000,031,0100,68400 ,00000 ,90264 ,456,39900, , ,89431      ,4,8,12,Sparks,656,656,157633994,0,0,0,0,0,0,0,0,0,656,656,157633994,0,0,0,0,0,0,0,0,0
202012,32,113000,029,    ,00000 ,00000 ,4010 ,456,39900, , ,89440      ,4,8,12,Storey County,11,11,1107344,0,0,0,1,4,300000,0,0,0,11,11,1107344,0,0,0,1,4,300000,0,0,0
202012,32,117000,031,    ,99990 ,00000 ,105922 ,456,39900, , ,895200027  ,4,8,0,Washoe County Unincorporated Area,632,632,180425575,0,0,0,0,0,0,0,0,0,0,0,0,0,0,0,0,0,0,0,0,0
202012,32,121000,007,0120,83000 ,00000 ,1292 ,999,99999, , ,89835      ,4,8,1,Wells,3,3,200001,0,0,0,0,0,0,0,0,0,0,0,0,0,0,0,0,0,0,0,0,0
202012,32,122000,007,0122,83730 ,00000 ,4410 ,999,99999, , ,89883      ,4,8,12,West Wendover,0,0,0,0,0,0,0,0,0,0,0,0,0,0,0,0,0,0,0,0,0,0,0,0
202012,32,125000,033,    ,99990 ,00000 ,5775 ,999,99999, , ,89301      ,4,8,12,White Pine County,8,8,1491674,0,0,0,0,0,0,0,0,0,8,8,1491674,0,0,0,0,0,0,0,0,0
202012,32,129000,013,0130,84800 ,00000 ,7396 ,999,99999, , ,89445      ,4,8,12,Winnemucca,10,10,1631735,0,0,0,0,0,0,0,0,0,10,10,1631735,0,0,0,0,0,0,0,0,0
202012,32,133000,019,0135,85400 ,00000 ,3048 ,999,99999, , ,89447      ,4,8,10,Yerington,2,2,245000,0,0,0,0,0,0,0,0,0,2,2,245000,0,0,0,0,0,0,0,0,0
202012,35,005000,001,0015,02000 ,00000 ,545852 ,106,10740, ,1,871031293  ,4,8,12,Albuquerque,865,865,209875091,0,0,0,0,0,0,0,0,0,865,865,209875091,0,0,0,0,0,0,0,0,0
202012,35,013000,015,0023,05220 ,00000 ,11301 ,999,99999, , ,882111310  ,4,8,12,Artesia,50,50,15589735,0,0,0,0,0,0,0,0,0,50,50,15589735,0,0,0,0,0,0,0,0,0
202012,35,021000,000,    ,00000 ,00000 ,99999 ,999,99999,2, ,87504      ,4,8,0,Balance of State,396,396,107347394,0,0,0,0,0,0,0,0,0,0,0,0,0,0,0,0,0,0,0,0,0
202012,35,033000,001,    ,99990 ,00000 ,110013 ,106,10740,2, ,87102      ,4,8,12,Bernalillo County Unincorporated Area,219,219,93094048,0,0,0,0,0,0,0,0,0,219,219,93094048,0,0,0,0,0,0,0,0,0
202012,35,037000,043,0040,06970 ,00000 ,8320 ,106,10740, , ,87144      ,4,8,0,Bernalillo town,114,114,24508438,0,0,0,0,0,0,12,68,2833330,0,0,0,0,0,0,0,0,0,0,0,0
202012,35,053000,015,0055,12150 ,00000 ,26138 ,999,99999, , ,88220      ,4,8,12,Carlsbad,138,138,30713381,4,8,700000,0,0,0,29,252,28920000,138,138,30713381,4,8,700000,0,0,0,29,252,28920000
202012,35,077000,005,    ,99990 ,00000 ,14320 ,999,99999,2, ,88202      ,4,8,12,Chaves County Unincorporated Area,25,25,7330000,0,0,0,0,0,0,0,0,0,25,25,7330000,0,0,0,0,0,0,0,0,0
202012,35,093000,035,0080,16280 ,00000 ,674 ,999,99999, , ,88317      ,4,8,5,Cloudcroft village,0,0,0,0,0,0,0,0,0,0,0,0,0,0,0,0,0,0,0,0,0,0,0,0
202012,35,097000,009,0085,16420 ,00000 ,37775 ,999,99999, , ,881020760  ,4,8,0,Clovis,56,56,14126734,0,0,0,0,0,0,11,55,5070318,0,0,0,0,0,0,0,0,0,0,0,0
202012,35,117000,043,0094,17960 ,00000 ,8329 ,106,10740, , ,870488607  ,4,8,5,Corrales village,31,31,11543732,0,0,0,0,0,0,0,0,0,10,10,3841121,0,0,0,0,0,0,0,0,0
202012,35,133000,029,0116,20270 ,00000 ,14855 ,999,99999, , ,88031      ,4,8,9,Deming,6,6,1241600,0,0,0,0,0,0,0,0,0,4,4,884000,0,0,0,0,0,0,0,0,0
202012,35,145000,013,    ,99990 ,00000 ,93665 ,238,29740,2, ,88007      ,4,8,12,Dona Ana County Unincorporated Area,168,168,50034777,0,0,0,0,0,0,0,0,0,168,168,50034777,0,0,0,0,0,0,0,0,0
202012,35,185000,045,0143,25800 ,00000 ,45877 ,999,22140, ,1,87401      ,4,8,12,Farmington,51,51,10280283,0,0,0,0,0,0,1,8,500000,51,51,10280283,0,0,0,0,0,0,1,8,500000
202012,35,201000,031,0150,28460 ,00000 ,21678 ,999,99999, , ,87305      ,4,8,12,Gallup,4,4,1191000,0,0,0,0,0,0,1,9,750000,4,4,1191000,0,0,0,0,0,0,1,9,750000
202012,35,241000,025,0180,32520 ,00000 ,34122 ,999,99999, , ,88240      ,4,8,10,Hobbs,147,147,38495873,0,0,0,0,0,0,0,0,0,112,112,30826124,0,0,0,0,0,0,0,0,0
202012,35,269000,013,0220,39380 ,00000 ,97618 ,238,29740, ,1,88004      ,4,8,12,Las Cruces,737,737,185901540,2,4,788911,2,8,632000,7,64,4500000,737,737,185901540,2,4,788911,2,8,632000,7,64,4500000
202012,35,273000,047,0225,39940 ,00000 ,13753 ,999,99999, , ,877010160  ,4,8,12,Las Vegas,3,3,663668,0,0,0,0,0,0,0,0,0,3,3,663668,0,0,0,0,0,0,0,0,0
202012,35,293000,028,    ,00000 ,00000 ,17950 ,999,99999, , ,87544      ,4,8,12,Los Alamos County,24,24,6320104,0,0,0,0,0,0,0,0,0,24,24,6320104,0,0,0,0,0,0,0,0,0
202012,35,297000,061,0245,43370 ,00000 ,14835 ,106,10740,2, ,87031      ,4,8,9,Los Lunas village,96,96,21516091,0,0,0,0,0,0,0,0,0,96,96,21516091,0,0,0,0,0,0,0,0,0
202012,35,313000,029,    ,99990 ,00000 ,8576 ,999,99999,2, ,88030      ,4,8,2,Luna County Unincorporated Area,1,1,282835,0,0,0,0,0,0,0,0,0,1,1,282835,0,0,0,0,0,0,0,0,0
202012,35,369000,041,0323,59260 ,00000 ,12280 ,999,99999, , ,87505      ,4,8,0,Portales,21,21,3213139,0,0,0,0,0,0,0,0,0,0,0,0,0,0,0,0,0,0,0,0,0
202012,35,397000,043,0355,63460 ,00000 ,87391 ,106,10740,2, ,871444501  ,4,8,0,Rio Rancho,600,600,129369706,0,0,0,7,21,2292674,0,0,0,0,0,0,0,0,0,0,0,0,0,0,0
202012,35,405000,005,0362,64930 ,00000 ,48366 ,999,99999, , ,88201      ,4,8,5,Roswell,44,44,7540885,0,0,0,0,0,0,0,0,0,15,15,2611328,0,0,0,0,0,0,0,0,0
202012,35,413000,027,0365,65280 ,00000 ,2815 ,999,99999, , ,88346      ,4,8,12,Ruidoso Downs,2,2,274446,0,0,0,0,0,0,0,0,0,2,2,274446,0,0,0,0,0,0,0,0,0
202012,35,417000,027,0364,65210 ,00000 ,8029 ,999,99999, , ,88345      ,4,8,12,Ruidoso village,61,61,22634440,0,0,0,0,0,0,0,0,0,61,61,22634440,0,0,0,0,0,0,0,0,0
202012,35,425000,045,    ,99990 ,00000 ,69292 ,999,22140,2, ,87410      ,4,8,12,San Juan County Unincorporated Area,39,39,12364057,0,0,0,0,0,0,0,0,0,39,39,12364057,0,0,0,0,0,0,0,0,0
202012,35,441000,049,0381,70500 ,00000 ,67947 ,106,42140, ,1,87504      ,4,8,10,Santa Fe,288,288,78553639,0,0,0,0,0,0,23,317,44356560,251,251,70090447,0,0,0,0,0,0,22,288,40801200
202012,35,457000,017,0392,73260 ,00000 ,10315 ,999,99999, , ,88031      ,4,8,0,Silver City town,10,10,1620802,0,0,0,0,0,0,0,0,0,0,0,0,0,0,0,0,0,0,0,0,0
202012,35,469000,013,0400,75640 ,00000 ,14106 ,238,29740, , ,880630470  ,4,8,6,Sunland Park,128,128,28428331,0,0,0,0,0,0,0,0,0,55,55,12143754,0,0,0,0,0,0,0,0,0
202012,35,473000,055,    ,99990 ,00000 ,24905 ,999,99999, , ,87571      ,4,8,12,Taos County Unincorporated Area,81,81,17661553,0,0,0,0,0,0,0,0,0,81,81,17661553,0,0,0,0,0,0,0,0,0
202012,35,475000,055,0408,76480 ,00000 ,69 ,999,99999, , ,87525      ,4,8,8,Taos Ski Valley village,2,2,1567030,0,0,0,0,0,0,0,0,0,2,2,1567030,0,0,0,0,0,0,0,0,0
202012,35,497000,051,0428,79840 ,00000 ,6475 ,999,99999,2, ,87901      ,4,8,7,Truth or Consequences,17,17,5046175,0,0,0,0,0,0,1,6,735606,17,17,5046175,0,0,0,0,0,0,1,6,735606
202012,41,009000,043,0010,01000 ,00000 ,43695 ,440,10540,2,1,97321      ,4,9,9,Albany,188,188,36825249,1,2,463521,1,3,514437,4,53,5098251,122,122,21564437,1,2,463521,1,3,514437,0,0,0
202012,41,025000,047,0060,03300 ,00000 ,918 ,440,41420, , ,97002      ,4,9,9,Aurora,6,6,2077187,0,0,0,0,0,0,0,0,0,5,5,1714140,0,0,0,0,0,0,0,0,0
202012,41,030000,000,    ,00000 ,00000 ,99999 ,999,99999,2, ,973090404  ,4,9,12,Balance of State,368,368,40147300,0,0,0,0,0,0,0,0,0,368,368,40147300,0,0,0,0,0,0,0,0,0
202012,41,039000,067,0095,05350 ,00000 ,89803 ,440,38900, ,1,970764755  ,4,9,12,Beaverton,130,130,38484585,0,0,0,0,0,0,18,760,107093807,130,130,38484585,0,0,0,0,0,0,18,760,107093807
202012,41,041000,017,0100,05800 ,00000 ,76639 ,140,13460, ,1,97703      ,4,9,11,Bend,710,710,151236940,59,118,14424094,0,0,0,7,313,56973208,642,642,136975532,56,112,13653842,0,0,0,6,308,56210205
202012,41,045000,049,0105,07200 ,00000 ,3220 ,999,99999, , ,97818      ,4,9,12,Boardman,27,27,7566075,0,0,0,0,0,0,0,0,0,27,27,7566075,0,0,0,0,0,0,0,0,0
202012,41,051000,043,0125,09050 ,00000 ,1668 ,440,10540, , ,97327      ,4,9,12,Brownsville,5,5,1246000,1,2,619000,0,0,0,0,0,0,5,5,1246000,1,2,619000,0,0,0,0,0,0
202012,41,057000,005,0145,10750 ,00000 ,15829 ,440,38900,2, ,97013      ,4,9,1,Canby,0,0,0,0,0,0,0,0,0,0,0,0,0,0,0,0,0,0,0,0,0,0,0,0
202012,41,071000,029,0180,12400 ,00000 ,17169 ,366,32780, , ,97502      ,4,9,12,Central Point,49,49,11607545,0,0,0,0,0,0,5,71,8721511,49,49,11607545,0,0,0,0,0,0,5,71,8721511
202012,41,077000,005,    ,99990 ,00000 ,170591 ,440,38900,2, ,97045      ,4,9,12,Clackamas County Unincorporated Area,443,443,133161617,12,24,3625342,1,4,529148,18,355,44390685,443,443,133161617,12,24,3625342,1,4,529148,18,355,44390685
202012,41,085000,009,0200,14750 ,00000 ,1946 ,440,38900, , ,97018      ,4,9,12,Columbia City,2,2,534263,0,0,0,0,0,0,0,0,0,2,2,534263,0,0,0,0,0,0,0,0,0
202012,41,087000,009,    ,99990 ,00000 ,22092 ,440,38900,2, ,97051      ,4,9,12,Columbia County Unincorporated Area,46,46,14286758,0,0,0,0,0,0,0,0,0,46,46,14286758,0,0,0,0,0,0,0,0,0
202012,41,097000,067,0220,15550 ,00000 ,11869 ,440,38900, , ,97116      ,4,9,12,Cornelius,246,246,65960998,0,0,0,0,0,0,0,0,0,246,246,65960998,0,0,0,0,0,0,0,0,0
202012,41,099000,003,0225,15800 ,00000 ,54462 ,440,18700,2,1,973391083  ,4,9,12,Corvallis,53,53,12949236,0,0,0,0,0,0,2,18,2609992,53,53,12949236,0,0,0,0,0,0,2,18,2609992
202012,41,115000,071,0260,18250 ,00000 ,2534 ,440,38900, , ,97114      ,4,9,12,Dayton,8,8,1822703,0,0,0,0,0,0,0,0,0,8,8,1822703,0,0,0,0,0,0,0,0,0
202012,41,121000,017,    ,99990 ,00000 ,51188 ,140,13460,2, ,97701      ,4,9,12,Deschutes County Unincorporated Area,531,531,183981768,5,10,1340221,1,3,571129,2,15,1259416,531,531,183981768,5,10,1340221,1,3,571129,2,15,1259416
202012,41,127000,019,    ,99990 ,00000 ,58441 ,999,99999,2, ,97470      ,4,9,12,Douglas County Unincorporated Area,232,232,63061015,4,8,1000725,0,0,0,0,0,0,232,232,63061015,4,8,1000725,0,0,0,0,0,0
202012,41,133000,071,0310,21050 ,00000 ,3162 ,440,38900, , ,971150220  ,4,9,12,Dundee,2,2,875729,0,0,0,0,0,0,0,0,0,2,2,875729,0,0,0,0,0,0,0,0,0
202012,41,137000,067,0313,21250 ,00000 ,1351 ,440,38900, , ,97224      ,4,9,12,Durham,0,0,0,0,0,0,0,0,0,0,0,0,0,0,0,0,0,0,0,0,0,0,0,0
202012,41,149000,005,0355,23800 ,00000 ,2695 ,440,38900, , ,97401      ,4,9,12,Estacada,125,125,30272587,0,0,0,0,0,0,0,0,0,125,125,30272587,0,0,0,0,0,0,0,0,0
202012,41,151000,039,0360,23850 ,00000 ,156185 ,999,21660, ,1,97401      ,4,9,12,Eugene,322,322,81757643,28,56,11040752,1,4,689331,29,340,43801135,322,322,81757643,28,56,11040752,1,4,689331,29,340,43801135
202012,41,153000,051,0370,24250 ,00000 ,8920 ,440,38900, , ,97024      ,4,9,12,Fairview,1,1,365185,0,0,0,0,0,0,8,304,29263055,1,1,365185,0,0,0,0,0,0,8,304,29263055
202012,41,157000,039,0380,26050 ,00000 ,8466 ,999,21660, , ,97439      ,4,9,12,Florence,56,56,12124058,0,0,0,0,0,0,0,0,0,56,56,12124058,0,0,0,0,0,0,0,0,0
202012,41,159000,067,0385,26200 ,00000 ,21083 ,440,38900, , ,97116      ,4,9,12,Forest Grove,89,89,24387783,0,0,0,0,0,0,0,0,0,89,89,24387783,0,0,0,0,0,0,0,0,0
202012,41,189000,023,    ,99990 ,00000 ,2851 ,999,99999,2, ,978206192  ,4,9,4,Grant County Unincorporated Area,5,5,1800067,1,2,263345,0,0,0,0,0,0,5,5,1800067,1,2,263345,0,0,0,0,0,0
202012,41,195000,051,0465,31250 ,00000 ,105594 ,440,38900, , ,97030      ,4,9,12,Gresham,84,84,22139676,2,4,798075,0,0,0,10,337,39057866,84,84,22139676,2,4,798075,0,0,0,10,337,39057866
202012,41,201000,043,0480,31750 ,00000 ,904 ,440,10540, , ,97348      ,4,9,12,Halsey,0,0,0,0,0,0,0,0,0,0,0,0,0,0,0,0,0,0,0,0,0,0,0,0
202012,41,205000,005,0487,32050 ,00000 ,13903 ,440,38900, , ,97086      ,4,9,12,Happy Valley,443,443,144596751,0,0,0,0,0,0,3,216,27141750,443,443,144596751,0,0,0,0,0,0,3,216,27141750
202012,41,207000,025,    ,00000 ,00000 ,3053 ,999,99999, , ,97720      ,4,9,12,Harney County,14,14,3026211,0,0,0,0,0,0,0,0,0,14,14,3026211,0,0,0,0,0,0,0,0,0
202012,41,209000,043,0495,32550 ,00000 ,3567 ,440,10540, , ,97446      ,4,9,12,Harrisburg,4,4,916483,0,0,0,0,0,0,2,10,1099338,4,4,916483,0,0,0,0,0,0,2,10,1099338
202012,41,217000,067,0520,34100 ,00000 ,91611 ,440,38900, ,1,97123      ,4,9,11,Hillsboro,423,423,117359233,0,0,0,0,0,0,2,58,8640460,380,380,105544837,0,0,0,0,0,0,0,0,0
202012,41,223000,027,    ,99990 ,00000 ,14035 ,999,99999,2, ,97031      ,4,9,12,Hood River County Unincorporated Area,32,32,10416737,0,0,0,0,0,0,0,0,0,32,32,10416737,0,0,0,0,0,0,0,0,0
202012,41,243000,029,    ,99990 ,00000 ,62516 ,366,32780,2, ,97501      ,4,9,12,Jackson County Unincorporated Area,212,212,60662275,0,0,0,0,0,0,0,0,0,212,212,60662275,0,0,0,0,0,0,0,0,0
202012,41,245000,029,0580,37000 ,00000 ,2785 ,366,32780, , ,97530      ,4,9,0,Jacksonville,0,0,0,0,0,0,0,0,0,0,0,0,0,0,0,0,0,0,0,0,0,0,0,0
202012,41,265000,067,0617,39150 ,00000 ,3111 ,440,38900, , ,97224      ,4,9,12,King City,0,0,0,0,0,0,0,0,0,0,0,0,0,0,0,0,0,0,0,0,0,0,0,0
202012,41,267000,035,    ,00000 ,00000 ,42742 ,999,99999, , ,97601      ,4,9,12,Klamath County,152,152,32992556,0,0,0,0,0,0,0,0,0,152,152,32992556,0,0,0,0,0,0,0,0,0
202012,41,273000,071,0625,40300 ,00000 ,3742 ,440,38900, , ,97127      ,4,9,9,Lafayette,2,2,291243,2,4,695920,0,0,0,0,0,0,2,2,291243,1,2,330546,0,0,0,0,0,0
202012,41,275000,037,    ,99990 ,00000 ,5358 ,999,99999,2, ,97630      ,4,9,11,Lake County,8,8,1840739,0,0,0,0,0,0,0,0,0,8,8,1840739,0,0,0,0,0,0,0,0,0
202012,41,277000,005,0633,40550 ,00000 ,34066 ,440,38900,2, ,97034      ,4,9,12,Lake Oswego,64,64,35846281,0,0,0,0,0,0,0,0,0,64,64,35846281,0,0,0,0,0,0,0,0,0
202012,41,287000,039,    ,99990 ,00000 ,96150 ,999,21660,2, ,97408      ,4,9,0,Lane County Unincorporated Area,236,236,60318498,0,0,0,0,0,0,0,0,0,0,0,0,0,0,0,0,0,0,0,0,0
202012,41,289000,043,0640,41650 ,00000 ,15518 ,440,10540, ,1,97355      ,4,9,11,Lebanon,31,31,5880676,13,26,4538600,3,12,1461115,16,200,24853836,27,27,5094970,13,26,4538600,3,12,1461115,15,195,24435153
202012,41,297000,043,    ,99990 ,00000 ,35738 ,440,10540,2, ,97321      ,4,9,10,Linn County Unincorporated Area,91,91,30818679,0,0,0,0,0,0,0,0,0,77,77,26410315,0,0,0,0,0,0,0,0,0
202012,41,307000,043,0670,44300 ,00000 ,1161 ,440,10540, , ,97358      ,4,9,12,Lyons,2,2,540474,0,0,0,0,0,0,0,0,0,2,2,540474,0,0,0,0,0,0,0,0,0
202012,41,317000,047,    ,99990 ,00000 ,83664 ,440,41420,2, ,973095036  ,4,9,12,Marion County Unincorporated Area,217,217,66965631,10,20,3353298,4,14,2887384,0,0,0,217,217,66965631,10,20,3353298,4,14,2887384,0,0,0
202012,41,323000,071,0675,45000 ,00000 ,32187 ,440,38900, , ,97128      ,4,9,12,McMinnville,140,140,34953734,10,20,2447775,0,0,0,0,0,0,140,140,34953734,10,20,2447775,0,0,0,0,0,0
202012,41,325000,029,0720,47000 ,00000 ,74907 ,366,32780, ,1,97501      ,4,9,12,Medford,265,265,73184181,2,4,848156,0,0,0,2,16,1495000,265,265,73184181,2,4,848156,0,0,0,2,16,1495000
202012,41,331000,043,0740,48150 ,00000 ,1531 ,440,10540,2, ,97360      ,4,9,12,Mill City,3,3,759891,0,0,0,0,0,0,0,0,0,3,3,759891,0,0,0,0,0,0,0,0,0
202012,41,339000,005,0750,48650 ,00000 ,20291 ,440,38900,2, ,97206      ,4,9,12,Milwaukie,39,39,12367677,0,0,0,0,0,0,0,0,0,39,39,12367677,0,0,0,0,0,0,0,0,0
202012,41,345000,005,0760,49450 ,00000 ,8108 ,440,38900,2, ,97038      ,4,9,0,Molalla,0,0,0,0,0,0,0,0,0,0,0,0,0,0,0,0,0,0,0,0,0,0,0,0
202012,41,365000,051,    ,99990 ,00000 ,16199 ,440,38900,2, ,97030      ,4,9,12,Multnomah County Part 2 Unincorporated Area,5,5,1982675,0,0,0,0,0,0,0,0,0,5,5,1982675,0,0,0,0,0,0,0,0,0
202012,41,375000,071,0820,52100 ,00000 ,22068 ,440,38900, , ,97132      ,4,9,12,Newberg,58,58,15407034,1,2,225405,0,0,0,0,0,0,58,58,15407034,1,2,225405,0,0,0,0,0,0
202012,41,391000,045,0865,54900 ,00000 ,11366 ,999,99999, , ,97914      ,4,9,2,Ontario,3,3,757648,0,0,0,0,0,0,0,0,0,2,2,547453,0,0,0,0,0,0,0,0,0
202012,41,393000,005,0870,55200 ,00000 ,31859 ,440,38900, , ,970450021  ,4,9,12,Oregon City,86,86,23357861,0,0,0,0,0,0,0,0,0,86,86,23357861,0,0,0,0,0,0,0,0,0
202012,41,411000,051,0905,59000 ,00000 ,581485 ,440,38900,2,1,972015350  ,4,9,10,Portland,584,584,159618317,27,54,11234442,4,13,2133785,31,1128,135219630,475,475,131922486,16,32,6731014,2,7,683558,21,434,42697666
202012,41,425000,017,0945,61200 ,00000 ,26215 ,140,13460, , ,977562213  ,4,9,12,Redmond,551,551,129645720,1,2,364605,4,14,2341804,10,136,15451859,551,551,129645720,1,2,364605,4,14,2341804,10,136,15451859
202012,41,427000,019,0950,61300 ,00000 ,4154 ,999,99999, , ,97401      ,4,9,12,Reedsport,3,3,896396,0,0,0,0,0,0,0,0,0,3,3,896396,0,0,0,0,0,0,0,0,0
202012,41,445000,047,1005,64900 ,00000 ,130398 ,440,41420,2,1,97301      ,4,9,12,Salem,472,472,125921649,4,8,2387662,3,12,1527083,54,762,89466585,472,472,125921649,4,8,2387662,3,12,1527083,54,762,89466585
202012,41,449000,005,1015,65250 ,00000 ,9570 ,440,38900, , ,97055      ,4,9,12,Sandy,81,81,25511713,2,4,420566,0,0,0,0,0,0,81,81,25511713,2,4,420566,0,0,0,0,0,0
202012,41,451000,009,1020,65500 ,00000 ,6592 ,440,38900, , ,97056      ,4,9,12,Scappoose,16,16,4032109,0,0,0,2,7,1146163,0,0,0,16,16,4032109,0,0,0,2,7,1146163,0,0,0
202012,41,453000,043,1025,65650 ,00000 ,838 ,440,10540, , ,97374      ,4,9,12,Scio,1,1,356147,0,0,0,0,0,0,0,0,0,1,1,356147,0,0,0,0,0,0,0,0,0
202012,41,469000,067,1050,67100 ,00000 ,18194 ,440,38900, , ,97140      ,4,9,12,Sherwood,36,36,12827191,0,0,0,0,0,0,0,0,0,36,36,12827191,0,0,0,0,0,0,0,0,0
202012,41,475000,017,1065,67950 ,00000 ,2038 ,140,13460,2, ,97759      ,4,9,0,Sisters,0,0,0,0,0,0,0,0,0,0,0,0,0,0,0,0,0,0,0,0,0,0,0,0
202012,41,481000,039,1085,69600 ,00000 ,59403 ,999,21660, ,1,97477      ,4,9,12,Springfield,90,90,22194831,1,2,369404,1,4,222224,12,70,8495632,90,90,22194831,1,2,369404,1,4,222224,12,70,8495632
202012,41,483000,009,0995,64600 ,00000 ,12883 ,440,38900, , ,97051      ,4,9,10,St. Helens,59,59,15904682,0,0,0,0,0,0,5,55,5413381,55,55,15057378,0,0,0,0,0,0,3,36,3051285
202012,41,499000,043,1120,71950 ,00000 ,8925 ,440,10540, , ,97386      ,4,9,5,Sweet Home,27,27,2487632,1,2,97500,0,0,0,0,0,0,5,5,721034,1,2,97500,0,0,0,0,0,0
202012,41,503000,043,1123,72600 ,00000 ,1164 ,440,10540, , ,973890251  ,4,9,12,Tangent,0,0,0,0,0,0,0,0,0,0,0,0,0,0,0,0,0,0,0,0,0,0,0,0
202012,41,505000,067,1132,73650 ,00000 ,48035 ,440,38900, ,1,97223      ,4,9,12,Tigard,134,134,34905157,0,0,0,0,0,0,4,498,59408317,134,134,34905157,0,0,0,0,0,0,4,498,59408317
202012,41,509000,057,    ,99990 ,00000 ,15655 ,999,99999,2, ,97141      ,4,9,5,Tillamook County Unincorporated Area,130,130,36671083,0,0,0,0,0,0,0,0,0,35,35,10269831,0,0,0,0,0,0,0,0,0
202012,41,511000,041,1140,74000 ,00000 ,3465 ,999,99999, , ,97365      ,4,9,12,Toledo,3,3,370500,0,0,0,0,0,0,0,0,0,3,3,370500,0,0,0,0,0,0,0,0,0
202012,41,513000,051,1145,74850 ,00000 ,15962 ,440,38900,2, ,970602012  ,4,9,11,Troutdale,10,10,4088207,0,0,0,0,0,0,1,19,1477697,9,9,3800000,0,0,0,0,0,0,0,0,0
202012,41,517000,067,1150,74950 ,00000 ,23192 ,440,38900,2, ,970627092  ,4,9,12,Tualatin,0,0,0,0,0,0,0,0,0,0,0,0,0,0,0,0,0,0,0,0,0,0,0,0
202012,41,549000,065,    ,99990 ,00000 ,10056 ,999,99999,2, ,97058      ,4,9,12,Wasco County,63,63,14092101,7,14,2055293,0,0,0,1,6,125000,63,63,14092101,7,14,2055293,0,0,0,1,6,125000
202012,41,551000,067,    ,99990 ,00000 ,213376 ,440,38900,2, ,97124      ,4,9,12,Washington County Unincorporated Area,590,590,189768365,0,0,0,0,0,0,7,152,20510392,590,590,189768365,0,0,0,0,0,0,7,152,20510392
202012,41,555000,005,1215,80150 ,00000 ,25109 ,440,38900, , ,97068      ,4,9,12,West Linn,22,22,10734827,0,0,0,0,0,0,0,0,0,22,22,10734827,0,0,0,0,0,0,0,0,0
202012,41,569000,005,1233,82800 ,00000 ,17371 ,440,38900,2, ,97070      ,4,9,12,Wilsonville,82,82,23801968,0,0,0,0,0,0,0,0,0,82,82,23801968,0,0,0,0,0,0,0,0,0
202012,41,575000,051,1245,83950 ,00000 ,3878 ,440,38900, , ,970601095  ,4,9,12,Wood Village,2,2,1460414,0,0,0,0,0,0,8,184,22217737,2,2,1460414,0,0,0,0,0,0,8,184,22217737
202012,41,583000,071,    ,99990 ,00000 ,23546 ,440,38900,2, ,97128      ,4,9,12,Yamhill County Unincorporated Area,111,111,41011734,2,4,602692,0,0,0,0,0,0,111,111,41011734,2,4,602692,0,0,0,0,0,0
202012,49,001000,049,0005,00540 ,00000 ,9555 ,482,39340, , ,84004      ,4,8,3,Alpine,41,41,27225039,0,0,0,0,0,0,0,0,0,10,10,6425000,0,0,0,0,0,0,0,0,0
202012,49,003000,035,0007,00650 ,00000 ,383 ,482,41620, , ,84092      ,4,8,12,Alta town,7,7,6613500,0,0,0,0,0,0,0,0,0,7,7,6613500,0,0,0,0,0,0,0,0,0
202012,49,011000,049,0025,01310 ,00000 ,26263 ,482,39340, , ,84003      ,4,8,12,American Fork,200,200,70962868,0,0,0,27,103,16270000,12,67,9750000,200,200,70962868,0,0,0,27,103,16270000,12,67,9750000
202012,49,033000,035,0070,06810 ,00000 ,7598 ,482,41620,2, ,84065      ,4,8,0,Bluffdale,554,554,122452393,0,0,0,0,0,0,0,0,0,0,0,0,0,0,0,0,0,0,0,0,0
202012,49,037000,011,0075,07690 ,00000 ,42552 ,482,36260, , ,84010      ,4,8,12,Bountiful,29,29,14497305,2,4,1270474,5,15,2929029,0,0,0,29,29,14497305,2,4,1270474,5,15,2929029,0,0,0
202012,49,057000,049,0102,11430 ,00000 ,368 ,482,39340, , ,84013      ,4,8,8,Cedar Fort town,5,5,1762119,0,0,0,0,0,0,0,0,0,3,3,1180837,0,0,0,0,0,0,0,0,0
202012,49,059000,049,0103,11440 ,00000 ,9796 ,482,39340, , ,84062      ,4,8,12,Cedar Hills,25,25,10980858,0,0,0,0,0,0,0,0,0,25,25,10980858,0,0,0,0,0,0,0,0,0
202012,49,063000,011,0110,11980 ,00000 ,15335 ,482,36260, , ,84014      ,4,8,12,Centerville,38,38,9940743,0,0,0,0,0,0,0,0,0,38,38,9940743,0,0,0,0,0,0,0,0,0
202012,49,073000,011,0135,13850 ,00000 ,30112 ,482,36260, ,1,84015      ,4,8,12,Clearfield,52,52,8504840,0,0,0,2,6,1110000,5,176,14877132,52,52,8504840,0,0,0,2,6,1110000,5,176,14877132
202012,49,077000,011,0145,14290 ,00000 ,20426 ,482,36260, , ,84015      ,4,8,12,Clinton,130,130,36622507,0,0,0,0,0,0,0,0,0,130,130,36622507,0,0,0,0,0,0,0,0,0
202012,49,079000,043,0150,14840 ,00000 ,1363 ,999,99999, , ,84017      ,4,8,12,Coalville,13,13,1754567,0,0,0,0,0,0,0,0,0,13,13,1754567,0,0,0,0,0,0,0,0,0
202012,49,083500,035,0168,16270 ,00000 ,33433 ,482,41620, , ,84121      ,4,8,12,Cottonwood Heights,35,35,12441000,0,0,0,0,0,0,0,0,0,35,35,12441000,0,0,0,0,0,0,0,0,0
202012,49,087000,011,    ,99990 ,00000 ,3818 ,482,36260, , ,840250618  ,4,8,12,Davis County Unincorporated Area,5,5,2865381,0,0,0,0,0,0,0,0,0,5,5,2865381,0,0,0,0,0,0,0,0,0
202012,49,093000,035,0182,20120 ,00000 ,40532 ,482,41620,2, ,84020      ,4,8,12,Draper,345,345,131105048,0,0,0,0,0,0,1,434,84971168,345,345,131105048,0,0,0,0,0,0,1,434,84971168
202012,49,100900,049,0189,20810 ,00000 ,21415 ,482,39340, , ,84005      ,4,8,11,Eagle Mountain,1402,1402,389213941,0,0,0,11,41,2215488,0,0,0,1326,1326,368286880,0,0,0,11,41,2215488,0,0,0
202012,49,103000,049,0198,22370 ,00000 ,2436 ,482,39340, , ,84651      ,4,8,12,Elk Ridge,46,46,20011582,0,0,0,0,0,0,0,0,0,46,46,20011582,0,0,0,0,0,0,0,0,0
202012,49,123000,023,0235,24080 ,00000 ,669 ,482,39340, , ,846280156  ,4,8,0,Eureka,0,0,0,0,0,0,0,0,0,0,0,0,0,0,0,0,0,0,0,0,0,0,0,0
202012,49,124900,049,0238,24410 ,00000 ,119 ,482,39340, , ,840130271  ,4,8,8,Fairfield town,0,0,0,0,0,0,0,0,0,0,0,0,0,0,0,0,0,0,0,0,0,0,0,0
202012,49,127000,011,0245,24740 ,00000 ,18275 ,482,36260, , ,84025      ,4,8,12,Farmington,128,128,35823756,0,0,0,0,0,0,0,0,0,128,128,35823756,0,0,0,0,0,0,0,0,0
202012,49,129000,057,0247,24850 ,00000 ,5928 ,482,36260, , ,84404      ,4,8,12,Farr West,83,83,23093959,0,0,0,0,0,0,0,0,0,83,83,23093959,0,0,0,0,0,0,0,0,0
202012,49,141000,043,0275,26940 ,00000 ,1077 ,999,99999,2, ,84036      ,4,8,12,Francis,27,27,10480645,0,0,0,0,0,0,0,0,0,27,27,10480645,0,0,0,0,0,0,0,0,0
202012,49,143000,011,0280,27490 ,00000 ,4987 ,482,36260, , ,84037      ,4,8,12,Fruit Heights,21,21,7085525,0,0,0,0,0,0,0,0,0,21,21,7085525,0,0,0,0,0,0,0,0,0
202012,49,145000,033,0285,27930 ,00000 ,562 ,999,99999, , ,84028      ,4,8,0,Garden City town,18,18,4824561,0,0,0,0,0,0,0,0,0,0,0,0,0,0,0,0,0,0,0,0,0
202012,49,147000,017,    ,99990 ,00000 ,1249 ,999,99999,2, ,847590000  ,4,8,0,Garfield County Unincorporated Area,0,0,0,0,0,0,0,0,0,0,0,0,0,0,0,0,0,0,0,0,0,0,0,0
202012,49,157000,049,0315,30130 ,00000 ,921 ,482,39340, , ,84633      ,4,8,12,Goshen town,4,4,896816,0,0,0,0,0,0,0,0,0,4,4,896816,0,0,0,0,0,0,0,0,0
202012,49,161000,045,0320,31120 ,00000 ,8893 ,482,41620, , ,84029      ,4,8,12,Grantsville,221,221,47198912,0,0,0,2,7,1314600,0,0,0,221,221,47198912,0,0,0,2,7,1314600,0,0,0
202012,49,169000,057,0336,33540 ,00000 ,5567 ,482,36260, , ,84404      ,4,8,11,Harrisville,5,5,1655895,0,0,0,1,3,466282,0,0,0,4,4,1341944,0,0,0,0,0,0,0,0,0
202012,49,173000,051,0340,34200 ,00000 ,11362 ,999,99999, , ,840321827  ,4,8,12,Heber,107,107,41207534,0,0,0,0,0,0,1,9,1603907,107,107,41207534,0,0,0,0,0,0,1,9,1603907
202012,49,177000,043,0350,34640 ,00000 ,766 ,999,99999, , ,84033      ,4,8,12,Henefer town,2,2,355186,0,0,0,0,0,0,0,0,0,2,2,355186,0,0,0,0,0,0,0,0,0
202012,49,183000,035,0357,34970 ,00000 ,21785 ,482,41620, , ,84096      ,4,8,12,Herriman,720,720,177677000,0,0,0,0,0,0,13,247,35974000,720,720,177677000,0,0,0,0,0,0,13,247,35974000
202012,49,185000,049,0361,35190 ,00000 ,15523 ,482,39340, , ,840039038  ,4,8,12,Highland,85,85,43738932,0,0,0,1,4,869188,2,10,2595174,85,85,43738932,0,0,0,1,4,869188,2,10,2595174
202012,49,187000,053,0362,35300 ,00000 ,2726 ,999,41100, , ,84784      ,4,8,0,Hildale,6,6,332190,0,0,0,0,0,0,0,0,0,0,0,0,0,0,0,0,0,0,0,0,0
202012,49,192000,035,0372,36070 ,00000 ,26472 ,482,41620, , ,84117      ,4,8,12,Holladay,17,17,8412721,4,8,829448,0,0,0,6,63,11273493,17,17,8412721,4,8,829448,0,0,0,6,63,11273493
202012,49,194000,057,0377,36400 ,00000 ,7218 ,482,36260, , ,84315      ,4,8,12,Hooper,91,91,25776093,0,0,0,0,0,0,0,0,0,91,91,25776093,0,0,0,0,0,0,0,0,0
202012,49,199000,057,0390,37060 ,00000 ,608 ,482,36260, , ,84317      ,4,8,8,Huntsville town,3,3,752664,0,0,0,0,0,0,0,0,0,3,3,752664,0,0,0,0,0,0,0,0,0
202012,49,207000,021,    ,99990 ,00000 ,7787 ,999,99999,2, ,84720      ,4,8,4,Iron County Unincorporated Area,130,130,20188050,0,0,0,0,0,0,0,0,0,35,35,5198061,0,0,0,0,0,0,0,0,0
202012,49,213000,023,    ,99990 ,00000 ,1067 ,482,39340, , ,84648      ,4,8,0,Juab County Unincorporated Area,16,16,5838585,0,0,0,0,0,0,0,0,0,0,0,0,0,0,0,0,0,0,0,0,0
202012,49,217000,043,0425,39810 ,00000 ,1811 ,999,99999, , ,84036      ,4,8,12,Kamas,9,9,2967845,0,0,0,4,16,1141504,0,0,0,9,9,2967845,0,0,0,4,16,1141504,0,0,0
202012,49,227000,011,0445,40360 ,00000 ,27300 ,482,36260, , ,84037      ,4,8,12,Kaysville,106,106,43149403,0,0,0,0,0,0,0,0,0,106,106,43149403,0,0,0,0,0,0,0,0,0
202012,49,237000,011,0480,43660 ,00000 ,67311 ,482,36260, , ,84041      ,4,8,12,Layton,580,580,158311925,0,0,0,0,0,0,2,154,13500000,580,580,158311925,0,0,0,0,0,0,2,154,13500000
202012,49,243000,049,0495,44320 ,00000 ,47407 ,482,39340, , ,84043      ,4,8,12,Lehi,1044,1044,298624158,0,0,0,0,0,0,0,0,0,1044,1044,298624158,0,0,0,0,0,0,0,0,0
202012,49,245000,023,0500,44650 ,00000 ,841 ,482,39340, , ,84639      ,4,8,12,Levan town,4,4,1224521,0,0,0,0,0,0,0,0,0,4,4,1224521,0,0,0,0,0,0,0,0,0
202012,49,249000,049,0510,45090 ,00000 ,10070 ,482,39340, , ,84042      ,4,8,12,Lindon,93,93,26759888,0,0,0,0,0,0,0,0,0,93,93,26759888,0,0,0,0,0,0,0,0,0
202012,49,253000,005,0520,45860 ,00000 ,48174 ,999,30860, ,1,84321      ,4,8,12,Logan,247,247,51455699,2,4,748829,7,21,3350000,22,511,43822000,247,247,51455699,2,4,748829,7,21,3350000,22,511,43822000
202012,49,259000,009,0540,47620 ,00000 ,310 ,999,99999, , ,84046      ,4,8,11,Manila town,4,4,809049,0,0,0,0,0,0,0,0,0,3,3,576369,0,0,0,0,0,0,0,0,0
202012,49,265000,049,0555,47950 ,00000 ,7979 ,482,39340, , ,84664      ,4,8,12,Mapleton,246,246,77743000,0,0,0,8,29,4137960,2,10,1894000,246,246,77743000,0,0,0,8,29,4137960,2,10,1894000
202012,49,268000,057,0558,48300 ,00000 ,1701 ,482,36260, , ,84404      ,4,8,12,Marriott Slaterville,15,15,4522595,1,2,218248,1,3,370740,1,5,617900,15,15,4522595,1,2,218248,1,3,370740,1,5,617900
202012,49,275000,035,0580,49710 ,00000 ,27964 ,482,41620, , ,84047      ,4,8,12,Midvale,36,36,5654800,5,10,2102000,4,16,2600000,1,224,36000000,36,36,5654800,5,10,2102000,4,16,2600000,1,224,36000000
202012,49,281000,027,    ,99990 ,00000 ,3537 ,999,99999,2, ,84624      ,4,8,12,Millard County Unincorporated Area,20,20,2923312,0,0,0,0,0,0,0,0,0,20,20,2923312,0,0,0,0,0,0,0,0,0
202012,49,281900,035,    ,50150 ,00000 , ,482,41620, , ,84106      ,4,8,12,Millcreek,82,82,25082690,0,0,0,0,0,0,4,772,135216743,82,82,25082690,0,0,0,0,0,0,4,772,135216743
202012,49,287000,019,0605,50700 ,00000 ,5046 ,999,99999, , ,84532      ,4,8,12,Moab,17,17,3179276,3,6,795138,1,4,474856,0,0,0,17,17,3179276,3,6,795138,1,4,474856,0,0,0
202012,49,289000,023,0610,51140 ,00000 ,1547 ,482,39340, , ,84645      ,4,8,12,Mona,18,18,4999305,0,0,0,0,0,0,0,0,0,18,18,4999305,0,0,0,0,0,0,0,0,0
202012,49,293000,037,0620,51580 ,00000 ,1972 ,999,99999, , ,845350457  ,4,8,12,Monticello,3,3,397848,0,0,0,0,0,0,0,0,0,3,3,397848,0,0,0,0,0,0,0,0,0
202012,49,295000,029,0625,51910 ,00000 ,3687 ,482,36260, , ,840501085  ,4,8,0,Morgan,33,33,8820257,0,0,0,0,0,0,0,0,0,0,0,0,0,0,0,0,0,0,0,0,0
202012,49,297000,029,    ,99990 ,00000 ,5782 ,482,36260, , ,84050      ,4,8,12,Morgan County Unincorporated Area,64,64,35490131,0,0,0,0,0,0,0,0,0,64,64,35490131,0,0,0,0,0,0,0,0,0
202012,49,303000,035,0640,53230 ,00000 ,46746 ,482,41620, , ,84123      ,4,8,12,Murray,132,132,36239993,0,0,0,0,0,0,0,0,0,132,132,36239993,0,0,0,0,0,0,0,0,0
202012,49,307000,047,0647,53560 ,00000 ,1755 ,999,99999, , ,84078      ,4,8,12,Naples,6,6,1798753,0,0,0,0,0,0,0,0,0,6,6,1798753,0,0,0,0,0,0,0,0,0
202012,49,309000,023,0650,54220 ,00000 ,5389 ,482,39340, , ,84648      ,4,8,12,Nephi,29,29,9409767,0,0,0,0,0,0,5,25,4226966,29,29,9409767,0,0,0,0,0,0,5,25,4226966
202012,49,317000,005,0670,54990 ,00000 ,8269 ,999,30860, , ,843412008  ,4,8,12,North Logan,36,36,14415102,1,2,633735,3,10,1904435,3,25,3979790,36,36,14415102,1,2,633735,3,10,1904435,3,25,3979790
202012,49,319000,057,0675,55100 ,00000 ,17357 ,482,36260, , ,84414      ,4,8,10,North Ogden,133,133,34399918,0,0,0,14,56,10482418,4,24,2617071,113,113,28747862,0,0,0,11,44,8132905,3,17,1860773
202012,49,321000,011,0680,55210 ,00000 ,16322 ,482,36260, , ,84054      ,4,8,12,North Salt Lake,197,197,56782567,4,8,1696000,1,4,500000,0,0,0,197,197,56782567,4,8,1696000,1,4,500000,0,0,0
202012,49,323000,027,0685,55430 ,00000 ,578 ,999,99999, , ,84649      ,4,8,12,Oak City town,2,2,372855,0,0,0,0,0,0,0,0,0,2,2,372855,0,0,0,0,0,0,0,0,0
202012,49,325000,043,0690,55650 ,00000 ,1470 ,999,99999, , ,84055      ,4,8,12,Oakley,2,2,1124367,0,0,0,0,0,0,0,0,0,2,2,1124367,0,0,0,0,0,0,0,0,0
202012,49,327000,057,0695,55980 ,00000 ,82825 ,482,36260, ,1,84401      ,4,8,11,Ogden,155,155,28766528,3,6,1053334,4,15,2210000,5,192,23178714,144,144,26917184,3,6,1053334,3,12,2000000,4,186,22625760
202012,49,333000,025,0715,57080 ,00000 ,577 ,999,99999, , ,847580036  ,4,8,0,Orderville town,0,0,0,0,0,0,0,0,0,0,0,0,0,0,0,0,0,0,0,0,0,0,0,0
202012,49,335000,049,0720,57300 ,00000 ,88328 ,482,39340, ,1,84057      ,4,8,12,Orem,143,143,45047039,0,0,0,0,0,0,1,12,1678924,143,143,45047039,0,0,0,0,0,0,1,12,1678924
202012,49,343000,043,0740,58070 ,00000 ,7547 ,999,99999,2, ,84060      ,4,8,12,Park City,40,40,70258334,2,4,691450,1,3,445909,0,0,0,40,40,70258334,2,4,691450,1,3,445909,0,0,0
202012,49,349000,049,4300,58730 ,00000 ,18294 ,482,39340, , ,84651      ,4,8,12,Payson,81,81,18215369,1,2,239040,34,131,14106343,6,96,9569977,81,81,18215369,1,2,239040,34,131,14106343,6,96,9569977
202012,49,355000,057,0765,60710 ,00000 ,5476 ,482,36260, , ,84404      ,4,8,12,Plain City,92,92,24531154,1,2,370364,0,0,0,0,0,0,92,92,24531154,1,2,370364,0,0,0,0,0,0
202012,49,357000,049,0770,60930 ,00000 ,33509 ,482,39340, , ,84062      ,4,8,12,Pleasant Grove,113,113,46910388,5,10,2438775,10,30,7286930,0,0,0,113,113,46910388,5,10,2438775,10,30,7286930,0,0,0
202012,49,359000,057,0775,61150 ,00000 ,7979 ,482,36260, , ,844141408  ,4,8,12,Pleasant View,48,48,21126332,0,0,0,0,0,0,0,0,0,48,48,21126332,0,0,0,0,0,0,0,0,0
202012,49,369000,049,0800,62470 ,00000 ,112488 ,482,39340, ,1,846014338  ,4,8,12,Provo,219,219,55265307,1,2,226155,0,0,0,10,136,13772325,219,219,55265307,1,2,226155,0,0,0,10,136,13772325
202012,49,383000,057,0825,64010 ,00000 ,8426 ,482,36260, , ,844053782  ,4,8,12,Riverdale,33,33,6936937,0,0,0,0,0,0,0,0,0,33,33,6936937,0,0,0,0,0,0,0,0,0
202012,49,385000,035,0835,64340 ,00000 ,38753 ,482,41620, , ,84065      ,4,8,3,Riverton,145,145,45647160,0,0,0,15,47,8668122,6,44,9010905,19,19,6371387,0,0,0,2,6,1450740,2,24,4988169
202012,49,387500,023,0838,64590 ,00000 ,733 ,482,39340, , ,84645      ,4,8,10,Rocky Ridge town,2,2,555366,5,10,1779658,1,4,677699,0,0,0,2,2,555366,5,10,1779658,1,4,677699,0,0,0
202012,49,391000,057,0845,65110 ,00000 ,36884 ,482,36260, , ,84067      ,4,8,12,Roy,87,87,12647910,0,0,0,2,8,1069497,2,10,1286871,87,87,12647910,0,0,0,2,8,1069497,2,10,1286871
202012,49,395000,049,0860,65770 ,00000 ,6423 ,482,39340, , ,84653      ,4,8,11,Salem,151,151,55371094,0,0,0,0,0,0,0,0,0,140,140,50398039,0,0,0,0,0,0,0,0,0
202012,49,399000,035,0870,67000 ,00000 ,186440 ,482,41620, ,1,841145490  ,4,8,11,Salt Lake City,168,168,40016359,18,36,1416667,2,6,1043240,26,2457,317392070,154,154,36635550,16,32,750000,2,6,1043240,21,2058,257949892
202012,49,401000,035,    ,99990 ,00000 ,146209 ,482,41620,2, ,841904050  ,4,8,12,Salt Lake County Unincorporated Area,297,297,84224144,83,166,17130000,0,0,0,6,120,10000000,297,297,84224144,83,166,17130000,0,0,0,6,120,10000000
202012,49,405000,035,0875,67440 ,00000 ,87461 ,482,41620, , ,84070      ,4,8,12,Sandy,46,46,14034243,0,0,0,10,38,6633021,0,0,0,46,46,14034243,0,0,0,10,38,6633021,0,0,0
202012,49,407000,039,    ,00000 ,00000 ,4468 ,999,99999, , ,84642      ,4,8,12,Sanpete County,73,73,14797439,0,0,0,0,0,0,0,0,0,73,73,14797439,0,0,0,0,0,0,0,0,0
202012,49,411000,049,0885,67770 ,00000 ,9128 ,482,39340,2, ,84655      ,4,8,12,Santaquin,381,381,107190511,0,0,0,5,20,4491942,6,32,6075069,381,381,107190511,0,0,0,5,20,4491942,6,32,6075069
202012,49,412000,049,0887,67825 ,00000 ,17781 ,482,39340, , ,84045      ,4,8,12,Saratoga Springs,1450,1450,307769713,0,0,0,0,0,0,13,144,17600000,1450,1450,307769713,0,0,0,0,0,0,13,144,17600000
202012,49,425000,035,0920,70850 ,00000 ,50418 ,482,41620, , ,84095      ,4,8,12,South Jordan,1122,1122,266398000,3,6,1175000,0,0,0,2,143,22214000,1122,1122,266398000,3,6,1175000,0,0,0,2,143,22214000
202012,49,427000,057,0925,70960 ,00000 ,16532 ,482,36260, , ,84403      ,4,8,6,South Ogden,12,12,3346696,0,0,0,12,43,8183962,6,30,2529990,11,11,2895736,0,0,0,12,43,8183962,0,0,0
202012,49,429000,035,0930,71070 ,00000 ,23617 ,482,41620, , ,84115      ,4,8,12,South Salt Lake,85,85,25164126,0,0,0,18,69,14903477,9,49,9793742,85,85,25164126,0,0,0,18,69,14903477,9,49,9793742
202012,49,431000,011,0935,71180 ,00000 ,6051 ,482,36260, , ,84405      ,4,8,12,South Weber,80,80,28979529,0,0,0,0,0,0,0,0,0,80,80,28979529,0,0,0,0,0,0,0,0,0
202012,49,433000,049,0940,71290 ,00000 ,34691 ,482,39340, , ,84660      ,4,8,12,Spanish Fork,379,379,95219256,10,20,3571856,7,25,2719017,0,0,0,379,379,95219256,10,20,3571856,7,25,2719017,0,0,0
202012,49,439000,049,0955,72280 ,00000 ,29466 ,482,39340, , ,84663      ,4,8,12,Springville,282,282,80715326,2,4,861600,2,8,1943043,4,42,6135200,282,282,80715326,2,4,861600,2,8,1943043,4,42,6135200
202012,49,441000,053,0855,65330 ,00000 ,72897 ,999,41100, ,1,84770      ,4,8,12,St. George,1381,1381,210258886,1,2,450000,0,0,0,12,192,29550202,1381,1381,210258886,1,2,450000,0,0,0,12,192,29550202
202012,49,445000,045,0965,73050 ,00000 ,616 ,482,41620, , ,84071      ,4,8,12,Stockton town,0,0,0,0,0,0,0,0,0,0,0,0,0,0,0,0,0,0,0,0,0,0,0,0
202012,49,447000,043,    ,99990 ,00000 ,22290 ,999,99999, , ,840170128  ,4,8,0,Summit County Unincorporated Area,106,106,54458229,0,0,0,7,21,5890710,13,72,12301690,0,0,0,0,0,0,0,0,0,0,0,0
202012,49,451000,011,0975,74480 ,00000 ,5122 ,482,36260, , ,84015      ,4,8,12,Sunset,0,0,0,0,0,0,0,0,0,1,36,6856123,0,0,0,0,0,0,0,0,0,1,36,6856123
202012,49,453000,011,0980,74810 ,00000 ,24331 ,482,36260, , ,84075      ,4,8,12,Syracuse,373,373,83502157,0,0,0,0,0,0,0,0,0,373,373,83502157,0,0,0,0,0,0,0,0,0
202012,49,456000,035,0986,75360 ,00000 ,58652 ,482,41620, , ,84118      ,4,8,12,Taylorsville,60,60,12427837,0,0,0,0,0,0,0,0,0,60,60,12427837,0,0,0,0,0,0,0,0,0
202012,49,457000,045,0990,76680 ,00000 ,31605 ,482,41620, , ,840742191  ,4,8,12,Tooele,288,288,70647178,3,6,1194810,1,4,803708,3,34,4043059,288,288,70647178,3,6,1194810,1,4,803708,3,34,4043059
202012,49,459000,045,    ,99990 ,00000 ,14976 ,482,41620,2, ,84074      ,4,8,12,Tooele County Unincorporated Area,359,359,85047707,0,0,0,0,0,0,0,0,0,359,359,85047707,0,0,0,0,0,0,0,0,0
202012,49,471000,047,    ,99990 ,00000 ,20943 ,999,99999, , ,84078      ,4,8,12,Uintah County Unincorporated Area,43,43,13205802,0,0,0,0,0,0,0,0,0,43,43,13205802,0,0,0,0,0,0,0,0,0
202012,49,473000,057,1020,77890 ,00000 ,1322 ,482,36260, , ,84405      ,4,8,12,Uintah town,0,0,0,0,0,0,0,0,0,0,0,0,0,0,0,0,0,0,0,0,0,0,0,0
202012,49,475000,049,    ,99990 ,00000 ,10009 ,482,39340, , ,84601      ,4,8,12,Utah County Unincorporated Area,44,44,26196136,0,0,0,0,0,0,0,0,0,44,44,26196136,0,0,0,0,0,0,0,0,0
202012,49,477000,047,1025,80090 ,00000 ,9089 ,999,99999, , ,84078      ,4,8,12,Vernal,4,4,800000,0,0,0,0,0,0,0,0,0,4,4,800000,0,0,0,0,0,0,0,0,0
202012,49,481000,049,1029,80420 ,00000 ,139 ,482,39340, , ,840592032  ,4,8,12,Vineyard town,268,268,92540277,0,0,0,0,0,0,15,150,27915330,268,268,92540277,0,0,0,0,0,0,15,150,27915330
202012,49,491000,053,1045,81960 ,00000 ,18761 ,999,41100, , ,84780      ,4,8,12,Washington,811,811,210736869,0,0,0,0,0,0,3,96,8847392,811,811,210736869,0,0,0,0,0,0,3,96,8847392
202012,49,493000,053,    ,99990 ,00000 ,6988 ,999,41100, , ,84770      ,4,8,12,Washington County Unincorporated Area,58,58,12541536,0,0,0,0,0,0,0,0,0,58,58,12541536,0,0,0,0,0,0,0,0,0
202012,49,495000,057,1050,82070 ,00000 ,9067 ,482,36260, , ,84405      ,4,8,0,Washington Terrace,14,14,5495011,0,0,0,0,0,0,0,0,0,0,0,0,0,0,0,0,0,0,0,0,0
202012,49,499000,057,    ,99990 ,00000 ,14074 ,482,36260, , ,84401      ,4,8,12,Weber County Unincorporated Area,239,239,79151519,0,0,0,0,0,0,0,0,0,239,239,79151519,0,0,0,0,0,0,0,0,0
202012,49,505000,045,1065,82730 ,00000 ,1400 ,482,41620, , ,84083      ,4,8,12,Wendover,0,0,0,0,0,0,0,0,0,0,0,0,0,0,0,0,0,0,0,0,0,0,0,0
202012,49,507000,011,1070,82840 ,00000 ,5265 ,482,36260, , ,84087      ,4,8,12,West Bountiful,28,28,8124847,0,0,0,0,0,0,0,0,0,28,28,8124847,0,0,0,0,0,0,0,0,0
202012,49,508000,057,1073,82930 ,00000 ,10272 ,482,36260, , ,84401      ,4,8,12,West Haven,781,781,119541712,0,0,0,0,0,0,6,203,21445723,781,781,119541712,0,0,0,0,0,0,6,203,21445723
202012,49,509000,035,1075,82950 ,00000 ,103712 ,482,41620, , ,84088      ,4,8,11,West Jordan,353,353,96352701,13,26,3509233,4,15,2365685,31,257,38050326,315,315,87012235,13,26,3509233,3,12,1960209,29,247,36707605
202012,49,511000,011,1080,83390 ,00000 ,9511 ,482,36260, , ,84015      ,4,8,12,West Point,102,102,22761000,0,0,0,0,0,0,2,48,5280000,102,102,22761000,0,0,0,0,0,0,2,48,5280000
202012,49,513000,035,1082,83470 ,00000 ,129480 ,482,41620, , ,84119      ,4,8,12,West Valley City,118,118,32318198,11,22,7393548,17,58,14768379,4,446,77342166,118,118,32318198,11,22,7393548,17,58,14768379,4,446,77342166
202012,49,517000,049,1091,85050 ,00000 ,1344 ,482,39340, , ,84653      ,4,8,0,Woodland Hills,12,12,5210856,0,0,0,0,0,0,0,0,0,0,0,0,0,0,0,0,0,0,0,0,0
202012,49,521000,011,1095,85370 ,00000 ,9761 ,482,36260, , ,84087      ,4,8,12,Woods Cross,77,77,34278019,0,0,0,0,0,0,4,20,3988665,77,77,34278019,0,0,0,0,0,0,4,20,3988665
202012,53,005000,063,0010,00905 ,00000 ,6114 ,518,44060, , ,990019000  ,4,9,9,Airway Heights,77,77,18510912,0,0,0,0,0,0,0,0,0,60,60,14155415,0,0,0,0,0,0,0,0,0
202012,53,009000,033,0020,01290 ,00000 ,3014 ,500,42660, , ,98001      ,4,9,12,Algona,5,5,1219410,0,0,0,0,0,0,0,0,0,5,5,1219410,0,0,0,0,0,0,0,0,0
202012,53,013000,057,0030,01990 ,00000 ,15778 ,500,34580, ,1,98221      ,4,9,12,Anacortes,62,62,26481991,1,2,400000,1,4,450000,2,40,6704310,62,62,26481991,1,2,400000,1,4,450000,2,40,6704310
202012,53,015000,061,0035,02585 ,00000 ,17926 ,500,42660, , ,98223      ,4,9,6,Arlington,9,9,2498391,1,2,497340,0,0,0,10,130,12468988,3,3,863000,1,2,497340,0,0,0,1,18,1242840
202012,53,021000,033,0055,03180 ,00000 ,62761 ,500,42660,2,1,980014998  ,4,9,12,Auburn,83,83,30197653,0,0,0,0,0,0,0,0,0,83,83,30197653,0,0,0,0,0,0,0,0,0
202012,53,022000,035,0058,03736 ,00000 ,23025 ,500,14740, , ,981102824  ,4,9,12,Bainbridge Island,86,86,37890570,0,0,0,0,0,0,0,0,0,86,86,37890570,0,0,0,0,0,0,0,0,0
202012,53,023000,011,0065,04475 ,00000 ,17571 ,440,38900, , ,98604      ,4,9,12,Battle Ground,127,127,30323857,1,2,326150,2,8,1508967,1,5,955245,127,127,30323857,1,2,326150,2,8,1508967,1,5,955245
202012,53,025000,033,0070,04895 ,00000 ,299 ,500,42660, , ,98004      ,4,9,12,Beaux Arts Village town,0,0,0,0,0,0,0,0,0,0,0,0,0,0,0,0,0,0,0,0,0,0,0,0
202012,53,027000,033,0075,05210 ,00000 ,122363 ,500,42660, ,1,980099012  ,4,9,12,Bellevue,214,214,128532720,0,0,0,0,0,0,4,119,25708363,214,214,128532720,0,0,0,0,0,0,4,119,25708363
202012,53,029000,073,0080,05280 ,00000 ,80885 ,999,13380, ,1,98225      ,4,9,12,Bellingham,122,122,25240133,10,20,2588572,5,16,2944375,15,498,68238311,122,122,25240133,10,20,2588572,5,16,2944375,15,498,68238311
202012,53,031000,005,0083,05560 ,00000 ,3038 ,313,28420, , ,99320      ,4,9,12,Benton City,2,2,460340,1,2,350643,1,4,681857,0,0,0,2,2,460340,1,2,350643,1,4,681857,0,0,0
202012,53,033000,005,    ,99990 ,00000 ,32639 ,313,28420, , ,99336      ,4,9,11,Benton County Unincorporated Area,195,195,53398748,1,2,298676,0,0,0,0,0,0,175,175,48705188,0,0,0,0,0,0,0,0,0
202012,53,037000,033,0095,06330 ,00000 ,4151 ,500,42660, , ,98010      ,4,9,7,Black Diamond,191,191,64827965,10,20,4062790,0,0,0,15,155,21871080,75,75,26663191,4,8,948322,0,0,0,14,150,20844517
202012,53,039000,073,0100,06505 ,00000 ,4684 ,999,13380, , ,98230      ,4,9,12,Blaine,43,43,11101093,6,12,2694648,0,0,0,0,0,0,43,43,11101093,6,12,2694648,0,0,0,0,0,0
202012,53,041000,053,0105,07170 ,00000 ,17374 ,500,42660, , ,98391      ,4,9,12,Bonney Lake,92,92,26345322,0,0,0,0,0,0,1,6,544262,92,92,26345322,0,0,0,0,0,0,1,6,544262
202012,53,043000,033,0110,07380 ,00000 ,17090 ,500,42660,2, ,98011      ,4,9,12,Bothell,139,139,57226047,0,0,0,3,11,2776898,6,44,10099275,139,139,57226047,0,0,0,3,11,2776898,6,44,10099275
202012,53,047000,035,0115,07695 ,00000 ,37729 ,500,14740, ,1,983371858  ,4,9,12,Bremerton,176,176,45530523,8,16,2723949,0,0,0,7,182,18694524,176,176,45530523,8,16,2723949,0,0,0,7,182,18694524
202012,53,049000,047,0120,07835 ,00000 ,2370 ,999,99999, , ,988120340  ,4,9,11,Brewster,2,2,370815,1,2,239522,0,0,0,0,0,0,1,1,137484,1,2,239522,0,0,0,0,0,0
202012,53,051000,017,0123,07870 ,00000 ,2409 ,999,48300, , ,98813      ,4,9,12,Bridgeport,2,2,332423,0,0,0,0,0,0,0,0,0,2,2,332423,0,0,0,0,0,0,0,0,0
202012,53,053000,061,0124,07940 ,00000 ,6087 ,500,42660, , ,98036      ,4,9,12,Brier,13,13,9000000,0,0,0,0,0,0,0,0,0,13,13,9000000,0,0,0,0,0,0,0,0,0
202012,53,055000,053,0130,08570 ,00000 ,4354 ,500,42660, , ,98321      ,4,9,12,Buckley,92,92,29578668,0,0,0,0,0,0,0,0,0,92,92,29578668,0,0,0,0,0,0,0,0,0
202012,53,058000,033,0828,08850 ,00000 ,33313 ,500,42660, , ,981661973  ,4,9,12,Burien,25,25,9082285,5,10,2813365,1,3,650000,2,23,5022840,25,25,9082285,5,10,2813365,1,3,650000,2,23,5022840
202012,53,061000,011,0145,09480 ,00000 ,19355 ,440,38900, , ,986072166  ,4,9,12,Camas,337,337,105583916,0,0,0,0,0,0,0,0,0,337,337,105583916,0,0,0,0,0,0,0,0,0
202012,53,063000,053,0150,09970 ,00000 ,610 ,500,42660, , ,98323      ,4,9,12,Carbonado town,4,4,1075437,0,0,0,0,0,0,0,0,0,4,4,1075437,0,0,0,0,0,0,0,0,0
202012,53,065000,033,0155,10215 ,00000 ,1786 ,500,42660, , ,980141238  ,4,9,0,Carnation,19,19,6022027,0,0,0,0,0,0,0,0,0,0,0,0,0,0,0,0,0,0,0,0,0
202012,53,071000,069,0175,10635 ,00000 ,532 ,999,99999, , ,98612      ,4,9,12,Cathlamet town,0,0,0,0,0,0,0,0,0,0,0,0,0,0,0,0,0,0,0,0,0,0,0,0
202012,53,073000,041,0180,11160 ,00000 ,16336 ,999,99999, , ,98531      ,4,9,12,Centralia,28,28,6467724,11,22,3295000,3,9,1170000,0,0,0,28,28,6467724,11,22,3295000,3,9,1170000,0,0,0
202012,53,079000,007,    ,99990 ,00000 ,30498 ,999,48300, , ,98801      ,4,9,4,Chelan County Unincorporated Area,314,314,60369908,1,2,400000,0,0,0,0,0,0,124,124,26000000,1,2,400000,0,0,0,0,0,0
202012,53,081000,063,0200,11825 ,00000 ,10590 ,518,44060, , ,99004      ,4,9,12,Cheney,12,12,2428829,7,14,1673159,0,0,0,0,0,0,12,12,2428829,7,14,1673159,0,0,0,0,0,0
202012,53,083000,065,0205,12140 ,00000 ,2607 ,518,44060, , ,99109      ,4,9,12,Chewelah,8,8,2654805,2,4,734242,0,0,0,0,0,0,8,8,2654805,2,4,734242,0,0,0,0,0,0
202012,53,085000,009,    ,99990 ,00000 ,42228 ,999,99999, , ,983620149  ,4,9,12,Clallam County Unincorporated Area,148,148,37925397,0,0,0,0,0,0,0,0,0,148,148,37925397,0,0,0,0,0,0,0,0,0
202012,53,087000,011,    ,99990 ,00000 ,203339 ,440,38900, , ,986669810  ,4,9,10,Clark County Unincorporated Area,1435,1435,430806061,0,0,0,10,39,5654234,21,327,38293594,1137,1137,337271739,0,0,0,10,39,5654234,20,322,37788290
202012,53,089000,003,0215,12630 ,00000 ,7229 ,999,30300, , ,99403      ,4,9,12,Clarkston,1,1,160000,0,0,0,0,0,0,2,72,5720500,1,1,160000,0,0,0,0,0,0,2,72,5720500
202012,53,091000,037,0220,12945 ,00000 ,1872 ,999,99999, , ,98922      ,4,9,12,Cle Elum,26,26,5140913,0,0,0,0,0,0,0,0,0,26,26,5140913,0,0,0,0,0,0,0,0,0
202012,53,093000,033,0225,13365 ,00000 ,2984 ,500,42660, , ,98004      ,4,9,12,Clyde Hill,15,15,39071280,0,0,0,0,0,0,0,0,0,15,15,39071280,0,0,0,0,0,0,0,0,0
202012,53,109000,021,0263,14485 ,00000 ,4209 ,313,28420, , ,99326      ,4,9,12,Connell,5,5,1352411,0,0,0,0,0,0,0,0,0,5,5,1352411,0,0,0,0,0,0,0,0,0
202012,53,121000,029,0290,15185 ,00000 ,1831 ,999,99999, , ,98239      ,4,9,5,Coupeville town,7,7,1856636,0,0,0,2,7,1473077,0,0,0,2,2,744206,0,0,0,1,4,799328,0,0,0
202012,53,122000,033,0291,15290 ,00000 ,17575 ,500,42660, , ,98042      ,4,9,12,Covington,118,118,44590791,0,0,0,0,0,0,0,0,0,118,118,44590791,0,0,0,0,0,0,0,0,0
202012,53,123000,015,    ,99990 ,00000 ,44085 ,440,31020, , ,98626      ,4,9,11,Cowlitz County Unincorporated Area,280,280,68240918,2,4,532772,0,0,0,0,0,0,254,254,62358140,2,4,532772,0,0,0,0,0,0
202012,53,129000,061,0305,16690 ,00000 ,1347 ,500,42660, , ,98241      ,4,9,12,Darrington town,7,7,1396000,1,2,383000,0,0,0,0,0,0,7,7,1396000,1,2,383000,0,0,0,0,0,0
202012,53,135000,063,0317,17320 ,00000 ,3652 ,518,44060, , ,990060888  ,4,9,12,Deer Park,80,80,19595000,4,8,1426968,0,0,0,3,36,5531051,80,80,19595000,4,8,1426968,0,0,0,3,36,5531051
202012,53,137000,033,0325,17635 ,00000 ,29673 ,500,42660, , ,981986340  ,4,9,12,Des Moines,49,49,17460181,6,12,4255100,0,0,0,1,161,31750000,49,49,17460181,6,12,4255100,0,0,0,1,161,31750000
202012,53,139000,017,    ,99990 ,00000 ,20399 ,999,48300, , ,98802      ,4,9,12,Douglas County Unincorporated Area,200,200,53301541,0,0,0,0,0,0,5,78,9882527,200,200,53301541,0,0,0,0,0,0,5,78,9882527
202012,53,141000,053,0330,18965 ,00000 ,8199 ,500,42660, , ,983279002  ,4,9,12,DuPont,6,6,1563780,0,0,0,0,0,0,0,0,0,6,6,1563780,0,0,0,0,0,0,0,0,0
202012,53,143000,033,0335,19035 ,00000 ,6695 ,500,42660, , ,98019      ,4,9,12,Duvall,133,133,37488904,20,40,13652211,2,7,1901303,1,5,1313194,133,133,37488904,20,40,13652211,2,7,1901303,1,5,1313194
202012,53,145000,017,0350,20155 ,00000 ,13190 ,999,48300, , ,98802      ,4,9,12,East Wenatchee,4,4,1494883,0,0,0,0,0,0,1,10,1681921,4,4,1494883,0,0,0,0,0,0,1,10,1681921
202012,53,147000,053,0357,20260 ,00000 ,2758 ,500,42660, , ,98328      ,4,9,12,Eatonville town,10,10,3456000,0,0,0,0,0,0,0,0,0,10,10,3456000,0,0,0,0,0,0,0,0,0
202012,53,148000,053,0362,20645 ,00000 ,9387 ,500,42660, , ,983721513  ,4,9,12,Edgewood,138,138,53836421,0,0,0,0,0,0,2,16,1658585,138,138,53836421,0,0,0,0,0,0,2,16,1658585
202012,53,149000,061,0367,20750 ,00000 ,39709 ,500,42660, , ,98020      ,4,9,12,Edmonds,32,32,13220675,0,0,0,0,0,0,2,202,27298995,32,32,13220675,0,0,0,0,0,0,2,202,27298995
202012,53,153000,037,0380,21240 ,00000 ,18174 ,999,99999, , ,98926      ,4,9,5,Ellensburg,38,38,6093419,4,8,1215044,0,0,0,2,36,2636256,14,14,2361964,0,0,0,0,0,0,2,36,2636256
202012,53,163000,033,2016,22045 ,00000 ,10669 ,500,42660, , ,98022      ,4,9,12,Enumclaw,158,158,41275893,0,0,0,0,0,0,0,0,0,158,158,41275893,0,0,0,0,0,0,0,0,0
202012,53,167000,061,0420,22640 ,00000 ,103019 ,500,42660, ,1,98201      ,4,9,11,Everett,38,38,11441514,5,10,1439465,0,0,0,5,260,25319919,26,26,7989077,4,8,968400,0,0,0,3,189,17539209
202012,53,171000,063,0430,22990 ,00000 ,612 ,518,44060, , ,99012      ,4,9,12,Fairfield town,2,2,527683,0,0,0,0,0,0,0,0,0,2,2,527683,0,0,0,0,0,0,0,0,0
202012,53,175000,033,0443,23515 ,00000 ,89306 ,500,42660, , ,98003      ,4,9,9,Federal Way,50,50,19381881,0,0,0,0,0,0,3,50,7714982,30,30,11941153,0,0,0,0,0,0,0,0,0
202012,53,177000,073,2184,23620 ,00000 ,11415 ,999,13380, , ,98248      ,4,9,3,Ferndale,131,131,32305657,5,10,1870771,5,15,2741370,2,10,985568,39,39,8893634,5,10,1870771,0,0,0,0,0,0
202012,53,181000,053,0450,23795 ,00000 ,9173 ,500,42660, , ,98424      ,4,9,12,Fife,11,11,3290717,0,0,0,0,0,0,0,0,0,11,11,3290717,0,0,0,0,0,0,0,0,0
202012,53,183000,053,0455,23970 ,00000 ,6497 ,500,42660, , ,984666912  ,4,9,12,Fircrest,4,4,1189904,0,0,0,0,0,0,0,0,0,4,4,1189904,0,0,0,0,0,0,0,0,0
202012,53,187000,021,    ,99990 ,00000 ,13491 ,313,28420, , ,993017116  ,4,9,12,Franklin County Unincorporated Area,90,90,33618359,0,0,0,0,0,0,0,0,0,90,90,33618359,0,0,0,0,0,0,0,0,0
202012,53,189000,055,0470,25615 ,00000 ,2162 ,999,99999, , ,98250      ,4,9,12,Friday Harbor town,11,11,2654481,1,2,350900,0,0,0,0,0,0,11,11,2654481,1,2,350900,0,0,0,0,0,0
202012,53,197000,053,0490,26735 ,00000 ,7126 ,500,42660, , ,98335      ,4,9,12,Gig Harbor,112,112,35427505,4,8,1603814,0,0,0,0,0,0,112,112,35427505,4,8,1603814,0,0,0,0,0,0
202012,53,199000,061,0495,27365 ,00000 ,2075 ,500,42660, , ,98251      ,4,9,12,Gold Bar,6,6,1343454,0,0,0,0,0,0,0,0,0,6,6,1343454,0,0,0,0,0,0,0,0,0
202012,53,205000,077,0515,27925 ,00000 ,10862 ,999,49420, , ,989301360  ,4,9,12,Grandview,26,26,5858121,2,4,563674,0,0,0,0,0,0,26,26,5858121,2,4,563674,0,0,0,0,0,0
202012,53,209000,061,0523,27995 ,00000 ,3364 ,500,42660, , ,98252      ,4,9,12,Granite Falls,77,77,17454675,0,0,0,0,0,0,0,0,0,77,77,17454675,0,0,0,0,0,0,0,0,0
202012,53,211000,025,    ,99990 ,00000 ,40134 ,999,99999,2, ,98823      ,4,9,12,Grant County Unincorporated Area,149,149,40085341,0,0,0,0,0,0,0,0,0,149,149,40085341,0,0,0,0,0,0,0,0,0
202012,53,213000,027,    ,99990 ,00000 ,28438 ,999,99999, , ,985633614  ,4,9,12,Grays Harbor County Unincorporated Area,82,82,24819970,0,0,0,0,0,0,0,0,0,82,82,24819970,0,0,0,0,0,0,0,0,0
202012,53,221000,025,0547,29920 ,00000 ,151 ,999,99999, , ,99135      ,4,9,11,Hartline town,1,1,500,0,0,0,0,0,0,0,0,0,1,1,500,0,0,0,0,0,0,0,0,0
202012,53,227000,033,0570,32755 ,00000 ,394 ,500,42660, , ,98004      ,4,9,12,Hunts Point town,1,1,4225399,0,0,0,0,0,0,0,0,0,1,1,4225399,0,0,0,0,0,0,0,0,0
202012,53,235000,029,    ,99990 ,00000 ,53565 ,999,99999, , ,98239      ,4,9,12,Island County Unincorporated Area,312,312,84827094,0,0,0,0,0,0,1,5,587678,312,312,84827094,0,0,0,0,0,0,1,5,587678
202012,53,237000,033,0587,33805 ,00000 ,30434 ,500,42660, , ,98027      ,4,9,12,Issaquah,51,51,14165624,2,4,695781,4,16,2730659,5,32,4777291,51,51,14165624,2,4,695781,4,16,2730659,5,32,4777291
202012,53,239000,031,    ,99990 ,00000 ,20759 ,999,99999, , ,98368      ,4,9,5,Jefferson County Unincorporated Area,124,124,30132078,0,0,0,0,0,0,0,0,0,37,37,8482785,0,0,0,0,0,0,0,0,0
202012,53,241000,021,0597,34575 ,00000 ,193 ,313,28420, , ,99335      ,4,9,12,Kahlotus,0,0,0,0,0,0,0,0,0,0,0,0,0,0,0,0,0,0,0,0,0,0,0,0
202012,53,246000,033,0608,35170 ,00000 ,20460 ,500,42660, , ,98028      ,4,9,12,Kenmore,39,39,16810206,0,0,0,0,0,0,0,0,0,39,39,16810206,0,0,0,0,0,0,0,0,0
202012,53,247000,005,0610,35275 ,00000 ,73917 ,313,28420, ,1,99336      ,4,9,12,Kennewick,298,298,86487111,6,12,1341921,0,0,0,2,16,1000000,298,298,86487111,6,12,1341921,0,0,0,2,16,1000000
202012,53,249000,033,0615,35415 ,00000 ,92411 ,500,42660, ,1,980325895  ,4,9,1,Kent,313,313,111927415,0,0,0,3,9,1501536,9,55,5421518,0,0,0,0,0,0,0,0,0,0,0,0
202012,53,253000,033,    ,99990 ,00000 ,325002 ,500,42660, , ,98065      ,4,9,12,King County Unincorporated Area,218,218,60552840,2,4,1242708,10,36,9356227,1,6,892909,218,218,60552840,2,4,1242708,10,36,9356227,1,6,892909
202012,53,255000,033,0625,35940 ,00000 ,48787 ,500,42660, , ,98033      ,4,9,9,Kirkland,437,437,131708807,2,4,1249000,0,0,0,5,283,24888691,350,350,88211901,2,4,1249000,0,0,0,2,10,2389680
202012,53,257000,035,    ,99990 ,00000 ,170035 ,500,14740, , ,983664682  ,4,9,12,Kitsap County Unincorporated Area,510,510,152767611,3,6,824238,0,0,0,0,0,0,510,510,152767611,3,6,824238,0,0,0,0,0,0
202012,53,261000,037,    ,99990 ,00000 ,18063 ,999,99999, , ,98926      ,4,9,12,Kittitas County Unincorporated Area,297,297,96659976,0,0,0,0,0,0,0,0,0,297,297,96659976,0,0,0,0,0,0,0,0,0
202012,53,263000,039,    ,99990 ,00000 ,13975 ,999,99999, , ,98620      ,4,9,12,Klickitat County Unincorporated Area,91,91,15462390,0,0,0,0,0,0,0,0,0,91,91,15462390,0,0,0,0,0,0,0,0,0
202012,53,267000,011,3204,36710 ,00000 ,2800 ,440,38900, , ,98629      ,4,9,12,La Center,136,136,29145495,0,0,0,0,0,0,0,0,0,136,136,29145495,0,0,0,0,0,0,0,0,0
202012,53,273000,067,0634,36745 ,00000 ,42393 ,500,36500, ,1,98503      ,4,9,12,Lacey,135,135,40287823,11,22,4616292,2,8,1569298,12,150,20334547,135,135,40287823,11,22,4616292,2,8,1569298,12,150,20334547
202012,53,275000,033,0641,37270 ,00000 ,12598 ,500,42660, , ,98155      ,4,9,2,Lake Forest Park,8,8,3209049,0,0,0,0,0,0,0,0,0,0,0,0,0,0,0,0,0,0,0,0,0
202012,53,277000,061,0654,37900 ,00000 ,28069 ,500,42660, , ,98258      ,4,9,12,Lake Stevens,349,349,110714427,1,2,474179,0,0,0,0,0,0,349,349,110714427,1,2,474179,0,0,0,0,0,0
202012,53,278000,053,0667,38038 ,00000 ,58163 ,500,42660, ,1,98499      ,4,9,12,Lakewood,58,58,20133752,1,2,439465,0,0,0,11,102,8850680,58,58,20133752,1,2,439465,0,0,0,11,102,8850680
202012,53,287000,041,    ,99990 ,00000 ,44892 ,999,99999,2, ,98532      ,4,9,12,Lewis County Unincorporated Area,224,224,37086805,1,2,20000,2,8,1000000,0,0,0,224,224,37086805,1,2,20000,2,8,1000000,0,0,0
202012,53,288000,063,0684,39335 ,00000 ,7591 ,518,44060, , ,99019      ,4,9,12,Liberty Lake,152,152,45768608,0,0,0,0,0,0,2,15,2201368,152,152,45768608,0,0,0,0,0,0,2,15,2201368
202012,53,289000,043,    ,99990 ,00000 ,5081 ,999,99999,2, ,99122      ,4,9,12,Lincoln County Unincorporated Area,54,54,9532290,0,0,0,0,0,0,0,0,0,54,54,9532290,0,0,0,0,0,0,0,0,0
202012,53,299000,073,0710,40805 ,00000 ,11951 ,999,13380, , ,98264      ,4,9,12,Lynden,73,73,21939220,4,8,1835588,7,28,4001820,4,25,4914971,73,73,21939220,4,8,1835588,7,28,4001820,4,25,4914971
202012,53,301000,061,0715,40840 ,00000 ,35836 ,500,42660, , ,98036      ,4,9,12,Lynnwood,55,55,22620608,0,0,0,0,0,0,6,1061,111932002,55,55,22620608,0,0,0,0,0,0,6,1061,111932002
202012,53,307000,017,0735,42800 ,00000 ,320 ,999,48300, , ,988300218  ,4,9,12,Mansfield town,0,0,0,0,0,0,0,0,0,0,0,0,0,0,0,0,0,0,0,0,0,0,0,0
202012,53,307900,033,0738,43150 ,00000 ,22684 ,500,42660, , ,980380320  ,4,9,12,Maple Valley,210,210,72249988,0,0,0,0,0,0,0,0,0,210,210,72249988,0,0,0,0,0,0,0,0,0
202012,53,311000,061,0748,43955 ,00000 ,60020 ,500,42660, , ,98270      ,4,9,12,Marysville,361,361,88767770,1,2,423050,3,12,2144497,2,48,4816000,361,361,88767770,1,2,423050,3,12,2144497,2,48,4816000
202012,53,313000,045,    ,99990 ,00000 ,50865 ,999,99999, , ,98584      ,4,9,12,Mason County Unincorporated Area,234,234,63213138,0,0,0,0,0,0,0,0,0,234,234,63213138,0,0,0,0,0,0,0,0,0
202012,53,319000,063,0755,44690 ,00000 ,5060 ,518,44060, , ,99022      ,4,9,12,Medical Lake,1,1,114527,0,0,0,0,0,0,0,0,0,1,1,114527,0,0,0,0,0,0,0,0,0
202012,53,321000,033,0760,44725 ,00000 ,2969 ,500,42660, , ,98039      ,4,9,12,Medina,10,10,20423697,0,0,0,0,0,0,0,0,0,10,10,20423697,0,0,0,0,0,0,0,0,0
202012,53,323000,033,0763,45005 ,00000 ,22699 ,500,42660, , ,980403732  ,4,9,0,Mercer Island,90,90,73802372,0,0,0,0,0,0,0,0,0,0,0,0,0,0,0,0,0,0,0,0,0
202012,53,325000,021,0765,45180 ,00000 ,489 ,313,28420, , ,99343      ,4,9,9,Mesa,0,0,0,0,0,0,0,0,0,0,0,0,0,0,0,0,0,0,0,0,0,0,0,0
202012,53,331000,061,0778,45865 ,00000 ,18244 ,500,42660, , ,98012      ,4,9,12,Mill Creek,10,10,2858429,0,0,0,0,0,0,1,118,26757528,10,10,2858429,0,0,0,0,0,0,1,118,26757528
202012,53,333000,063,4188,45985 ,00000 ,1786 ,518,44060, , ,992064399  ,4,9,12,Millwood,2,2,500000,1,2,300000,0,0,0,1,5,744090,2,2,500000,1,2,300000,0,0,0,1,5,744090
202012,53,337000,053,0785,46020 ,00000 ,6137 ,500,42660,2, ,98354      ,4,9,12,Milton,11,11,3861503,1,2,344450,0,0,0,1,120,19920512,11,11,3861503,1,2,344450,0,0,0,1,120,19920512
202012,53,339000,061,0790,46685 ,00000 ,17304 ,500,42660, , ,98272      ,4,9,12,Monroe,85,85,31398416,0,0,0,0,0,0,4,34,4126100,85,85,31398416,0,0,0,0,0,0,4,34,4126100
202012,53,341000,027,0795,46895 ,00000 ,3976 ,999,99999, , ,98563      ,4,9,10,Montesano,1,1,251134,0,0,0,0,0,0,0,0,0,0,0,0,0,0,0,0,0,0,0,0,0
202012,53,345000,025,0805,47245 ,00000 ,20366 ,999,99999, , ,98837      ,4,9,5,Moses Lake,124,124,27178211,1,2,321830,0,0,0,0,0,0,30,30,6370959,0,0,0,0,0,0,0,0,0
202012,53,349000,057,0820,47560 ,00000 ,31743 ,500,34580, ,1,98273      ,4,9,12,Mount Vernon,86,86,22369992,0,0,0,0,0,0,1,5,875119,86,86,22369992,0,0,0,0,0,0,1,5,875119
202012,53,351000,061,0815,47490 ,00000 ,19909 ,500,42660, , ,98043      ,4,9,12,Mountlake Terrace,25,25,6403634,0,0,0,0,0,0,1,168,26077219,25,25,6403634,0,0,0,0,0,0,1,168,26077219
202012,53,353000,077,0825,47665 ,00000 ,3308 ,999,49420, , ,98936      ,4,9,12,Moxee,14,14,2941000,0,0,0,0,0,0,0,0,0,14,14,2941000,0,0,0,0,0,0,0,0,0
202012,53,355000,061,0830,47735 ,00000 ,20254 ,500,42660, , ,98275      ,4,9,12,Mukilteo,1,1,740393,0,0,0,3,12,2999733,0,0,0,1,1,740393,0,0,0,3,12,2999733,0,0,0
202012,53,362000,033,0858,48645 ,00000 ,10380 ,500,42660, , ,98056      ,4,9,12,Newcastle,6,6,2571718,13,26,7306126,1,4,1132232,0,0,0,6,6,2571718,13,26,7306126,1,4,1132232,0,0,0
202012,53,367000,033,0870,49415 ,00000 ,6335 ,500,42660, , ,98166      ,4,9,12,Normandy Park,8,8,3077169,0,0,0,0,0,0,0,0,0,8,8,3077169,0,0,0,0,0,0,0,0,0
202012,53,369000,033,0875,49485 ,00000 ,5731 ,500,42660, , ,980450896  ,4,9,11,North Bend,139,139,58306679,0,0,0,0,0,0,0,0,0,129,129,53995518,0,0,0,0,0,0,0,0,0
202012,53,371000,059,0877,49555 ,00000 ,956 ,440,38900, , ,98648      ,4,9,12,North Bonneville,3,3,950942,0,0,0,0,0,0,0,0,0,3,3,950942,0,0,0,0,0,0,0,0,0
202012,53,375000,029,0895,50360 ,00000 ,22075 ,999,99999, , ,98277      ,4,9,12,Oak Harbor,4,4,1683764,2,4,832359,0,0,0,7,103,14138448,4,4,1683764,2,4,832359,0,0,0,7,103,14138448
202012,53,381000,027,0907,50570 ,00000 ,5569 ,999,99999, , ,98569      ,4,9,12,Ocean Shores,219,219,39577893,2,4,651465,0,0,0,0,0,0,219,219,39577893,2,4,651465,0,0,0,0,0,0
202012,53,387000,047,    ,99990 ,00000 ,24780 ,999,99999,2, ,98840      ,4,9,12,Okanogan County Unincorporated Area,112,112,18226036,0,0,0,0,0,0,0,0,0,112,112,18226036,0,0,0,0,0,0,0,0,0
202012,53,389000,067,0920,51300 ,00000 ,46478 ,500,36500, ,1,98507      ,4,9,12,Olympia,40,40,11991086,1,2,301500,0,0,0,5,154,14218427,40,40,11991086,1,2,301500,0,0,0,5,154,14218427
202012,53,391000,047,0925,51340 ,00000 ,4845 ,999,99999, , ,98841      ,4,9,12,Omak,2,2,599212,1,2,385000,4,16,2352000,2,14,1974000,2,2,599212,1,2,385000,4,16,2352000,2,14,1974000
202012,53,395000,053,0940,52005 ,00000 ,6746 ,500,42660, , ,983600489  ,4,9,12,Orting,1,1,275029,0,0,0,0,0,0,0,0,0,1,1,275029,0,0,0,0,0,0,0,0,0
202012,53,399000,033,0950,52495 ,00000 ,6514 ,500,42660,2, ,98047      ,4,9,12,Pacific,3,3,1074000,0,0,0,0,0,0,0,0,0,3,3,1074000,0,0,0,0,0,0,0,0,0
202012,53,403000,049,    ,99990 ,00000 ,14073 ,999,99999, , ,98631      ,4,9,1,Pacific County Unincorporated Area,79,79,12246754,0,0,0,0,0,0,0,0,0,0,0,0,0,0,0,0,0,0,0,0,0
202012,53,407000,021,0960,53545 ,00000 ,59781 ,313,28420, , ,99301      ,4,9,12,Pasco,525,525,134064243,0,0,0,0,0,0,0,0,0,525,525,134064243,0,0,0,0,0,0,0,0,0
202012,53,413000,051,    ,99990 ,00000 ,9810 ,999,99999,2, ,99156      ,4,9,12,Pend Oreille County Unincorporated Area,76,76,11121212,0,0,0,0,0,0,0,0,0,76,76,11121212,0,0,0,0,0,0,0,0,0
202012,53,415000,053,    ,99990 ,00000 ,366738 ,500,42660, , ,98409      ,4,9,12,Pierce County Unincorporated Area,1697,1697,484674999,19,38,7709376,14,56,10668105,65,1094,142121354,1697,1697,484674999,19,38,7709376,14,56,10668105,65,1094,142121354
202012,53,417000,023,0985,55120 ,00000 ,1425 ,999,99999, , ,993470370  ,4,9,12,Pomeroy,0,0,0,0,0,0,0,0,0,0,0,0,0,0,0,0,0,0,0,0,0,0,0,0
202012,53,419000,009,0990,55365 ,00000 ,19038 ,999,99999, , ,98362      ,4,9,12,Port Angeles,29,29,5496457,2,4,170000,0,0,0,0,0,0,29,29,5496457,2,4,170000,0,0,0,0,0,0
202012,53,421000,035,1000,55785 ,00000 ,11144 ,500,14740, ,1,98366      ,4,9,12,Port Orchard,114,114,37273885,1,2,331376,1,4,704916,5,139,13370382,114,114,37273885,1,2,331376,1,4,704916,5,139,13370382
202012,53,423000,031,1005,55855 ,00000 ,9113 ,999,99999, , ,98368      ,4,9,12,Port Townsend,31,31,5029965,1,2,296302,0,0,0,0,0,0,31,31,5029965,1,2,296302,0,0,0,0,0,0
202012,53,425000,035,1010,55995 ,00000 ,9200 ,500,14740, , ,983707437  ,4,9,12,Poulsbo,23,23,5412420,0,0,0,0,0,0,1,27,2577270,23,23,5412420,0,0,0,0,0,0,1,27,2577270
202012,53,429000,005,1020,56450 ,00000 ,5714 ,313,28420, , ,99350      ,4,9,12,Prosser,19,19,5194997,0,0,0,0,0,0,0,0,0,19,19,5194997,0,0,0,0,0,0,0,0,0
202012,53,431000,075,1025,56625 ,00000 ,29799 ,999,99999, , ,99163      ,4,9,12,Pullman,41,41,10507838,2,4,690845,1,4,442000,0,0,0,41,41,10507838,2,4,690845,1,4,442000,0,0,0
202012,53,433000,053,1030,56695 ,00000 ,37022 ,500,42660, , ,98371      ,4,9,12,Puyallup,102,102,40210843,0,0,0,0,0,0,0,0,0,102,102,40210843,0,0,0,0,0,0,0,0,0
202012,53,435000,025,1040,57115 ,00000 ,6750 ,999,99999, , ,98848      ,4,9,5,Quincy,113,113,18576198,8,16,2204645,0,0,0,0,0,0,47,47,7678000,1,2,341000,0,0,0,0,0,0
202012,53,443000,033,1065,57535 ,00000 ,54144 ,500,42660, ,1,980739710  ,4,9,12,Redmond,82,82,33593914,1,2,607835,0,0,0,8,1921,198513868,82,82,33593914,1,2,607835,0,0,0,8,1921,198513868
202012,53,445000,033,1070,57745 ,00000 ,90927 ,500,42660, ,1,98055      ,4,9,12,Renton,158,158,63679376,5,10,2480645,10,35,6464428,3,60,4905984,158,158,63679376,5,10,2480645,10,35,6464428,3,60,4905984
202012,53,449000,005,1080,58235 ,00000 ,48058 ,313,28420, ,1,99352      ,4,9,12,Richland,386,386,123541186,6,12,2204814,0,0,0,7,174,25969396,386,386,123541186,6,12,2204814,0,0,0,7,174,25969396
202012,53,451000,011,1085,58410 ,00000 ,4763 ,440,38900, , ,98642      ,4,9,12,Ridgefield,670,670,187890672,2,4,968783,0,0,0,0,0,0,670,670,187890672,2,4,968783,0,0,0,0,0,0
202012,53,455000,047,1095,58795 ,00000 ,280 ,999,99999, , ,98849      ,4,9,12,Riverside town,0,0,0,0,0,0,0,0,0,0,0,0,0,0,0,0,0,0,0,0,0,0,0,0
202012,53,459000,063,1100,59145 ,00000 ,470 ,518,44060, , ,99030      ,4,9,12,Rockford town,8,8,2221466,0,0,0,0,0,0,0,0,0,8,8,2221466,0,0,0,0,0,0,0,0,0
202012,53,465000,053,1125,60160 ,00000 ,793 ,500,42660, , ,98580      ,4,9,12,Roy,0,0,0,0,0,0,0,0,0,0,0,0,0,0,0,0,0,0,0,0,0,0,0,0
202012,53,469000,053,1130,60510 ,00000 ,749 ,500,42660, , ,984076597  ,4,9,1,Ruston town,4,4,1846000,0,0,0,0,0,0,0,0,0,0,0,0,0,0,0,0,0,0,0,0,0
202012,53,469900,033,1136,61115 ,00000 ,45780 ,500,42660, , ,98075      ,4,9,12,Sammamish,172,172,80057579,0,0,0,0,0,0,0,0,0,172,172,80057579,0,0,0,0,0,0,0,0,0
202012,53,471000,055,    ,99990 ,00000 ,13607 ,999,99999, , ,98250      ,4,9,10,San Juan County Unincorporated Area,103,103,27761376,0,0,0,0,0,0,0,0,0,87,87,23995850,0,0,0,0,0,0,0,0,0
202012,53,473000,033,1139,62288 ,00000 ,26909 ,500,42660, , ,98188      ,4,9,12,Seatac,16,16,6049930,3,6,1358545,1,3,484686,0,0,0,16,16,6049930,3,6,1358545,1,3,484686,0,0,0
202012,53,475000,033,1140,63000 ,00000 ,608660 ,500,42660, ,1,981244019  ,4,9,12,Seattle,256,256,111540297,132,264,64354320,133,447,71557807,188,5371,688324703,256,256,111540297,132,264,64354320,133,447,71557807,188,5371,688324703
202012,53,484000,033,1169,63960 ,00000 ,53007 ,500,42660, , ,981334905  ,4,9,11,Shoreline,163,163,41558074,1,2,698000,2,7,1558805,3,76,11682845,152,152,39079458,1,2,698000,2,7,1558805,2,21,2524254
202012,53,485000,057,    ,99990 ,00000 ,48117 ,500,34580,2, ,98273      ,4,9,12,Skagit County Unincorporated Area,112,112,28905166,0,0,0,1,3,529108,0,0,0,112,112,28905166,0,0,0,1,3,529108,0,0,0
202012,53,487000,059,    ,99990 ,00000 ,8645 ,440,38900, , ,98648      ,4,9,12,Skamania County Unincorporated Area,57,57,11035939,0,0,0,0,0,0,0,0,0,57,57,11035939,0,0,0,0,0,0,0,0,0
202012,53,489000,033,1175,64855 ,00000 ,198 ,500,42660, , ,98288      ,4,9,5,Skykomish town,0,0,0,0,0,0,0,0,0,0,0,0,0,0,0,0,0,0,0,0,0,0,0,0
202012,53,491000,061,1180,65170 ,00000 ,9098 ,500,42660, , ,98290      ,4,9,9,Snohomish,11,11,3655729,0,0,0,0,0,0,4,33,2965992,8,8,2584717,0,0,0,0,0,0,1,7,818440
202012,53,493000,061,    ,99990 ,00000 ,302292 ,500,42660,2, ,98201      ,4,9,12,Snohomish County Unincorporated Area,1103,1103,370520002,40,80,19574007,6,24,5670549,26,650,122947338,1103,1103,370520002,40,80,19574007,6,24,5670549,26,650,122947338
202012,53,495000,033,1185,65205 ,00000 ,10670 ,500,42660, , ,98065      ,4,9,12,Snoqualmie,0,0,0,0,0,0,0,0,0,0,0,0,0,0,0,0,0,0,0,0,0,0,0,0
202012,53,503000,053,1210,66045 ,00000 ,434 ,500,42660, , ,98409      ,4,9,12,South Prairie town,0,0,0,0,0,0,0,0,0,0,0,0,0,0,0,0,0,0,0,0,0,0,0,0
202012,53,507000,063,6120,67000 ,00000 ,208916 ,518,44060, ,1,992013269  ,4,9,0,Spokane,332,332,87583164,8,16,1907394,4,13,1679761,15,178,20586212,0,0,0,0,0,0,0,0,0,0,0,0
202012,53,509000,063,    ,99990 ,00000 ,136108 ,518,44060,2, ,992600500  ,4,9,12,Spokane County Unincorporated Area,787,787,171941662,9,18,2669181,1,3,463684,12,289,40776392,787,787,171941662,9,18,2669181,1,3,463684,12,289,40776392
202012,53,509500,063,1222,67167 ,00000 ,89755 ,518,44060, ,1,99206      ,4,9,12,Spokane Valley,217,217,56622505,49,98,18457685,6,21,3036180,27,774,103538454,217,217,56622505,49,98,18457685,6,21,3036180,27,774,103538454
202012,53,517000,061,1235,67455 ,00000 ,6231 ,500,42660, , ,98292      ,4,9,12,Stanwood,121,121,33271928,9,18,4028926,0,0,0,2,162,17729043,121,121,33271928,9,18,4028926,0,0,0,2,162,17729043
202012,53,521000,053,1245,67770 ,00000 ,5985 ,500,42660, , ,98388      ,4,9,12,Steilacoom town,18,18,6750266,0,0,0,0,0,0,0,0,0,18,18,6750266,0,0,0,0,0,0,0,0,0
202012,53,523000,065,    ,99990 ,00000 ,33893 ,518,44060, , ,991142847  ,4,9,12,Stevens County Unincorporated Area,173,173,45870928,0,0,0,0,0,0,0,0,0,173,173,45870928,0,0,0,0,0,0,0,0,0
202012,53,525000,059,1250,67875 ,00000 ,1465 ,440,38900, , ,98648      ,4,9,12,Stevenson,22,22,6002650,0,0,0,0,0,0,0,0,0,22,22,6002650,0,0,0,0,0,0,0,0,0
202012,53,527000,061,1255,68260 ,00000 ,4651 ,500,42660, , ,982941099  ,4,9,12,Sultan,187,187,45606355,2,4,945000,2,8,600000,0,0,0,187,187,45606355,2,4,945000,2,8,600000,0,0,0
202012,53,531000,053,1272,68435 ,00000 ,9451 ,500,42660, , ,98390      ,4,9,12,Sumner,43,43,11505968,0,0,0,1,3,457127,1,6,708107,43,43,11505968,0,0,0,1,3,457127,1,6,708107
202012,53,535000,053,1280,70000 ,00000 ,198397 ,500,42660, ,1,98402      ,4,9,12,Tacoma,165,165,45824292,17,34,5367377,4,15,3025401,17,564,62528145,165,165,45824292,17,34,5367377,4,15,3025401,17,564,62528145
202012,53,541000,067,    ,99990 ,00000 ,135123 ,500,36500, , ,985026065  ,4,9,12,Thurston County Unincorporated Area,343,343,91610868,0,0,0,0,0,0,3,29,3300000,343,343,91610868,0,0,0,0,0,0,3,29,3300000
202012,53,551000,033,1320,72625 ,00000 ,19107 ,500,42660, , ,981882544  ,4,9,12,Tukwila,26,26,10464585,0,0,0,0,0,0,1,103,12977875,26,26,10464585,0,0,0,0,0,0,1,103,12977875
202012,53,553000,067,1325,72905 ,00000 ,17371 ,500,36500, ,1,98501      ,4,9,4,Tumwater,139,139,31364076,0,0,0,0,0,0,8,46,1956714,80,80,18809245,0,0,0,0,0,0,0,0,0
202012,53,560000,053,1343,73465 ,00000 ,31144 ,500,42660, , ,984660289  ,4,9,12,University Place,20,20,6268485,0,0,0,0,0,0,6,114,14191607,20,20,6268485,0,0,0,0,0,0,6,114,14191607
202012,53,563000,011,1347,74060 ,00000 ,161791 ,440,38900, ,1,986681995  ,4,9,12,Vancouver,517,517,116162030,10,20,3633440,3,11,1592177,47,1025,128429214,517,517,116162030,10,20,3633440,3,11,1592177,47,1025,128429214
202012,53,567000,071,1360,75565 ,00000 ,1217 ,313,47460, , ,99361      ,4,9,0,Waitsburg,11,11,1100000,0,0,0,0,0,0,0,0,0,0,0,0,0,0,0,0,0,0,0,0,0
202012,53,569000,071,1365,75775 ,00000 ,31731 ,313,47460, ,1,99362      ,4,9,12,Walla Walla,33,33,9846758,4,8,1234179,2,8,1044608,0,0,0,33,33,9846758,4,8,1234179,2,8,1044608,0,0,0
202012,53,571000,071,    ,99990 ,00000 ,16750 ,313,47460, , ,993622857  ,4,9,12,Walla Walla County Unincorporated Area,65,65,22054674,0,0,0,0,0,0,0,0,0,65,65,22054674,0,0,0,0,0,0,0,0,0
202012,53,577000,011,1385,76405 ,00000 ,14095 ,440,38900, , ,98671      ,4,9,11,Washougal,58,58,20742356,0,0,0,0,0,0,0,0,0,52,52,19204010,0,0,0,0,0,0,0,0,0
202012,53,581000,017,1395,76510 ,00000 ,1138 ,999,48300, , ,98858      ,4,9,12,Waterville town,1,1,317660,0,0,0,0,0,0,0,0,0,1,1,317660,0,0,0,0,0,0,0,0,0
202012,53,583000,063,1400,76720 ,00000 ,106 ,518,44060, , ,99039      ,4,9,8,Waverly town,0,0,0,0,0,0,0,0,0,0,0,0,0,0,0,0,0,0,0,0,0,0,0,0
202012,53,585000,007,1405,77105 ,00000 ,31925 ,999,48300, ,1,98807      ,4,9,12,Wenatchee,27,27,5974018,2,4,804906,0,0,0,12,162,18418081,27,27,5974018,2,4,804906,0,0,0,12,162,18418081
202012,53,587000,005,1425,77665 ,00000 ,11811 ,313,28420, , ,99353      ,4,9,12,West Richland,228,228,73454623,0,0,0,0,0,0,0,0,0,228,228,73454623,0,0,0,0,0,0,0,0,0
202012,53,591000,073,    ,99990 ,00000 ,87079 ,999,13380, , ,982269050  ,4,9,12,Whatcom County Unincorporated Area,286,286,83178764,8,16,3174090,0,0,0,0,0,0,286,286,83178764,8,16,3174090,0,0,0,0,0,0
202012,53,599000,053,1445,78925 ,00000 ,477 ,500,42660, , ,98396      ,4,9,12,Wilkeson town,0,0,0,0,0,0,0,0,0,0,0,0,0,0,0,0,0,0,0,0,0,0,0,0
202012,53,601000,025,1450,79135 ,00000 ,205 ,999,99999,2, ,98860      ,4,9,0,Wilson Creek town,0,0,0,0,0,0,0,0,0,0,0,0,0,0,0,0,0,0,0,0,0,0,0,0
202012,53,607000,047,1465,79380 ,00000 ,394 ,999,99999, , ,98862      ,4,9,5,Winthrop town,14,14,2913937,0,0,0,0,0,0,0,0,0,5,5,1045000,0,0,0,0,0,0,0,0,0
202012,53,608500,033,1468,79590 ,00000 ,10938 ,500,42660, , ,98072      ,4,9,12,Woodinville,16,16,7480857,0,0,0,0,0,0,1,84,25167405,16,16,7480857,0,0,0,0,0,0,1,84,25167405
202012,53,613000,061,1475,79835 ,00000 ,1307 ,500,42660, , ,98020      ,4,9,8,Woodway,3,3,4990000,0,0,0,0,0,0,0,0,0,2,2,4340000,0,0,0,0,0,0,0,0,0
202012,53,615000,011,1480,79975 ,00000 ,1566 ,440,38900, , ,98675      ,4,9,12,Yacolt town,2,2,507683,0,0,0,0,0,0,0,0,0,2,2,507683,0,0,0,0,0,0,0,0,0
202012,53,617000,077,1485,80010 ,00000 ,91067 ,999,49420, ,1,98901      ,4,9,12,Yakima,144,144,29175863,7,14,2019654,10,32,3388030,1,13,2109388,144,144,29175863,7,14,2019654,10,32,3388030,1,13,2109388
202012,53,619000,077,    ,99990 ,00000 ,83889 ,999,49420,2, ,989012614  ,4,9,12,Yakima County Unincorporated Area,150,150,46234484,2,4,713718,0,0,0,0,0,0,150,150,46234484,2,4,713718,0,0,0,0,0,0
202012,53,621000,033,1490,80150 ,00000 ,1001 ,500,42660, , ,98004      ,4,9,12,Yarrow Point town,2,2,2202450,0,0,0,0,0,0,0,0,0,2,2,2202450,0,0,0,0,0,0,0,0,0
202012,53,623000,067,1495,80220 ,00000 ,6848 ,500,36500, , ,98597      ,4,9,12,Yelm,11,11,3149578,5,10,1737410,0,0,0,0,0,0,11,11,3149578,5,10,1737410,0,0,0,0,0,0
202012,56,005000,001,    ,99990 ,00000 ,5238 ,999,99999, , ,82070      ,4,8,12,Albany County Unincorporated Area,62,62,14060200,1,2,40000,0,0,0,4,32,1560000,62,62,14060200,1,2,40000,0,0,0,4,32,1560000
202012,56,025000,025,0029,05245 ,00000 ,2213 ,999,16220, , ,82601      ,4,8,8,Bar Nunn town,10,10,1306865,0,0,0,0,0,0,0,0,0,5,5,688154,0,0,0,0,0,0,0,0,0
202012,56,053000,003,0047,11700 ,00000 ,593 ,999,99999, , ,82412      ,4,8,8,Byron town,0,0,0,0,0,0,0,0,0,0,0,0,0,0,0,0,0,0,0,0,0,0,0,0
202012,56,057000,005,    ,99990 ,00000 ,15239 ,999,99999,2, ,827164239  ,4,8,0,Campbell County Unincorporated Area,47,47,11993575,0,0,0,0,0,0,0,0,0,0,0,0,0,0,0,0,0,0,0,0,0
202012,56,061000,007,    ,99990 ,00000 ,2148 ,999,99999, , ,82301      ,4,8,12,Carbon County Unincorporated Area,13,13,3168930,0,0,0,0,0,0,0,0,0,13,13,3168930,0,0,0,0,0,0,0,0,0
202012,56,065000,025,0051,13150 ,00000 ,55316 ,999,16220, ,1,82601      ,4,8,12,Casper,60,60,18055015,2,4,252625,1,4,470000,1,49,4881063,60,60,18055015,2,4,252625,1,4,470000,1,49,4881063
202012,56,069000,021,0054,13900 ,00000 ,59466 ,999,16940, ,1,82001      ,4,8,12,Cheyenne,188,188,48941048,0,0,0,4,16,1929268,4,76,12476230,188,188,48941048,0,0,0,4,16,1929268,4,76,12476230
202012,56,081000,029,0065,15760 ,00000 ,9520 ,999,99999, , ,82414      ,4,8,12,Cody,41,41,10421522,1,2,212500,0,0,0,0,0,0,41,41,10421522,1,2,212500,0,0,0,0,0,0
202012,56,093000,003,0075,17645 ,00000 ,655 ,999,99999, , ,82420      ,4,8,5,Cowley town,6,6,2053374,0,0,0,0,0,0,0,0,0,3,3,1326000,0,0,0,0,0,0,0,0,0
202012,56,117000,009,0100,21125 ,00000 ,6120 ,999,99999, , ,82633      ,4,8,12,Douglas,9,9,1690431,0,0,0,0,0,0,0,0,0,9,9,1690431,0,0,0,0,0,0,0,0,0
202012,56,137000,041,0135,25620 ,00000 ,12359 ,999,99999, , ,82930      ,4,8,7,Evanston,8,8,2172500,0,0,0,0,0,0,0,0,0,3,3,894000,0,0,0,0,0,0,0,0,0
202012,56,141000,025,1300,25765 ,00000 ,2544 ,999,16220,2, ,82636      ,4,8,1,Evansville town,2,2,310000,0,0,0,1,3,0,0,0,0,0,0,0,0,0,0,0,0,0,0,0,0
202012,56,161000,005,0160,31855 ,00000 ,29087 ,999,99999, , ,82716      ,4,8,12,Gillette,27,27,8148804,1,2,600000,0,0,0,0,0,0,27,27,8148804,1,2,600000,0,0,0,0,0,0
202012,56,185000,037,0180,33740 ,00000 ,12515 ,999,99999, , ,82935      ,4,8,12,Green River,4,4,1146000,0,0,0,0,0,0,0,0,0,4,4,1146000,0,0,0,0,0,0,0,0,0
202012,56,217000,039,0215,40120 ,00000 ,9577 ,999,99999, , ,83001      ,4,8,0,Jackson town,24,24,12554511,8,16,4986552,5,15,582495,2,10,2080796,0,0,0,0,0,0,0,0,0,0,0,0
202012,56,245000,013,0245,44760 ,00000 ,7487 ,999,99999, , ,82520      ,4,8,12,Lander,4,4,1675000,0,0,0,0,0,0,0,0,0,4,4,1675000,0,0,0,0,0,0,0,0,0
202012,56,249000,001,0250,45050 ,00000 ,30816 ,999,99999, , ,82073      ,4,8,12,Laramie,64,64,12442760,0,0,0,0,0,0,3,50,4435140,64,64,12442760,0,0,0,0,0,0,3,50,4435140
202012,56,253000,021,    ,99990 ,00000 ,30661 ,999,16940, , ,82009      ,4,8,12,Laramie County Unincorporated Area,241,241,44939542,0,0,0,2,8,543320,2,10,678583,241,241,44939542,0,0,0,2,8,543320,2,10,678583
202012,56,257000,023,    ,99990 ,00000 ,8923 ,999,99999, , ,83101      ,4,8,9,Lincoln County Unincorporated Area,116,116,33914762,0,0,0,0,0,0,0,0,0,83,83,24581210,0,0,0,0,0,0,0,0,0
202012,56,289000,035,0295,50415 ,00000 ,1094 ,999,99999, , ,831136502  ,4,8,12,Marbleton town,0,0,0,0,0,0,0,0,0,0,0,0,0,0,0,0,0,0,0,0,0,0,0,0
202012,56,297000,029,0305,51720 ,00000 ,327 ,999,99999, , ,82433      ,4,8,11,Meeteetse town,0,0,0,0,0,0,0,0,0,0,0,0,0,0,0,0,0,0,0,0,0,0,0,0
202012,56,305000,025,0310,53460 ,00000 ,3461 ,999,16220, , ,826440789  ,4,8,12,Mills town,35,35,6490535,0,0,0,0,0,0,0,0,0,35,35,6490535,0,0,0,0,0,0,0,0,0
202012,56,317000,025,    ,99990 ,00000 ,11317 ,999,16220,2, ,82601      ,4,8,12,Natrona County Unincorporated Area,41,41,8781978,0,0,0,0,0,0,0,0,0,41,41,8781978,0,0,0,0,0,0,0,0,0
202012,56,333000,029,    ,99990 ,00000 ,12025 ,999,99999,2, ,82414      ,4,8,12,Park County Unincorporated Area,126,126,37093084,0,0,0,0,0,0,0,0,0,126,126,37093084,0,0,0,0,0,0,0,0,0
202012,56,349000,035,0350,61580 ,00000 ,2030 ,999,99999, , ,82941      ,4,8,12,Pinedale town,6,6,1545000,0,0,0,0,0,0,0,0,0,6,6,1545000,0,0,0,0,0,0,0,0,0
202012,56,357000,029,0357,62450 ,00000 ,6314 ,999,99999, , ,82435      ,4,8,12,Powell,23,23,3441269,1,2,320000,0,0,0,0,0,0,23,23,3441269,1,2,320000,0,0,0,0,0,0
202012,56,369000,007,0375,66075 ,00000 ,52 ,999,99999, , ,82325      ,4,8,12,Riverside town,0,0,0,0,0,0,0,0,0,0,0,0,0,0,0,0,0,0,0,0,0,0,0,0
202012,56,373000,013,0380,66220 ,00000 ,10615 ,999,99999, , ,82501      ,4,8,12,Riverton,2,2,500000,0,0,0,0,0,0,0,0,0,2,2,500000,0,0,0,0,0,0,0,0,0
202012,56,381000,037,0390,67235 ,00000 ,23036 ,999,99999, , ,82901      ,4,8,12,Rock Springs,39,39,9879000,0,0,0,0,0,0,0,0,0,39,39,9879000,0,0,0,0,0,0,0,0,0
202012,56,393000,033,0400,69845 ,00000 ,17444 ,999,99999, , ,82801      ,4,8,5,Sheridan,47,47,11185532,5,10,1388450,1,3,292020,1,8,800000,20,20,4753418,2,4,579780,0,0,0,1,8,800000
202012,56,397000,033,    ,99990 ,00000 ,9918 ,999,99999, , ,82801      ,4,8,0,Sheridan County Unincorporated Area,101,101,28601474,0,0,0,0,0,0,0,0,0,0,0,0,0,0,0,0,0,0,0,0,0
202012,56,409000,035,    ,99990 ,00000 ,6571 ,999,99999, , ,829410506  ,4,8,8,Sublette County Unincorporated Area,35,35,10643949,0,0,0,0,0,0,0,0,0,24,24,7124012,0,0,0,0,0,0,0,0,0
202012,56,417000,037,0427,74775 ,00000 ,336 ,999,99999, , ,829450040  ,4,8,12,Superior town,0,0,0,0,0,0,0,0,0,0,0,0,0,0,0,0,0,0,0,0,0,0,0,0
202012,56,421000,037,    ,99990 ,00000 ,7223 ,999,99999, , ,82935      ,4,8,12,Sweetwater County Unincorporated Area,7,7,2063839,0,0,0,0,0,0,0,0,0,7,7,2063839,0,0,0,0,0,0,0,0,0
202012,56,429000,039,    ,99990 ,00000 ,11717 ,999,99999, , ,83001      ,4,8,12,Teton County Unincorporated Area,140,140,244418588,1,2,5200000,0,0,0,0,0,0,140,140,244418588,1,2,5200000,0,0,0,0,0,0
202012,56,441000,015,0450,77530 ,00000 ,6501 ,999,99999, , ,82240      ,4,8,12,Torrington,0,0,0,0,0,0,0,0,0,0,0,0,0,0,0,0,0,0,0,0,0,0,0,0
202012,56,445000,041,    ,99990 ,00000 ,4840 ,999,99999, , ,82930      ,4,8,12,Uinta County Unincorporated Area,23,23,6738000,0,0,0,0,0,0,0,0,0,23,23,6738000,0,0,0,0,0,0,0,0,0
202012,56,453000,027,0460,79705 ,00000 ,15 ,999,99999, , ,82242      ,4,8,1,Van Tassell town,0,0,0,0,0,0,0,0,0,0,0,0,0,0,0,0,0,0,0,0,0,0,0,0
