Survey,State,6-Digit,County,Census Place,FIPS Place,FIPS MCD,Pop,CSA,CBSA,Footnote,Central,Zip,Region,Division,Number of,Place,,1-unit,,,2-units,,,3-4 units,,,5+ units,,,1-unit rep,,,2-units rep,,,3-4 units rep,,,5+ units rep
Date,Code,ID,Code,Code,Code,Code,  ,Code,Code,Code,City,Code,Code,Code,Months Rep,Name,Bldgs,Units,Value,Bldgs,Units,Value,Bldgs,Units,Value,Bldgs,Units,Value,Bldgs,Units,Value,Bldgs,Units,Value,Bldgs,Units,Value,Bldgs,Units,Value
 
201612,02,009000,013,0070,01090 ,00000 ,1027 ,999,99999, , ,99503      ,4,9,1,Akutan,0,0,0,0,0,0,0,0,0,0,0,0,0,0,0,0,0,0,0,0,0,0,0,0
201612,02,041000,020,0140,03000 ,00000 ,291826 ,999,11260, ,1,995196650  ,4,9,0,Municipality of Anchorage,719,719,225284620,0,0,0,12,37,6422957,18,174,27508629,0,0,0,0,0,0,0,0,0,0,0,0
201612,02,049000,105,0160,03440 ,00000 ,459 ,999,99999, , ,998200189  ,4,9,1,Angoon,0,0,0,0,0,0,0,0,0,0,0,0,0,0,0,0,0,0,0,0,0,0,0,0
201612,02,085000,050,0310,06520 ,00000 ,6080 ,999,99999, , ,99559      ,4,9,12,Bethel,6,6,1800000,1,2,450000,0,0,0,0,0,0,6,6,1800000,1,2,450000,0,0,0,0,0,0
201612,02,097000,060,    ,99990 ,00000 ,997 ,999,99999, , ,996330189  ,4,9,12,Bristol Bay Borough,2,2,450000,0,0,0,0,0,0,0,0,0,2,2,450000,0,0,0,0,0,0,0,0,0
201612,02,133000,261,0820,17410 ,00000 ,2239 ,999,99999, , ,99574      ,4,9,12,Cordova,7,7,1388596,0,0,0,0,0,0,0,0,0,7,7,1388596,0,0,0,0,0,0,0,0,0
201612,02,137000,198,0830,17740 ,00000 ,1201 ,999,99999, , ,99921      ,4,9,12,Craig,3,3,807982,1,2,358195,1,3,439137,0,0,0,3,3,807982,1,2,358195,1,3,439137,0,0,0
201612,02,149000,070,0880,18950 ,00000 ,2329 ,999,99999, , ,99576      ,4,9,6,Dillingham,3,3,870887,0,0,0,0,0,0,0,0,0,1,1,287713,0,0,0,0,0,0,0,0,0
201612,02,173000,158,0900,22910 ,00000 ,762 ,999,99999, , ,99581      ,4,9,0,Emmonak,0,0,0,0,0,0,0,0,0,0,0,0,0,0,0,0,0,0,0,0,0,0,0,0
201612,02,177000,090,1080,24230 ,00000 ,31535 ,999,21820,2,1,99701      ,4,9,0,Fairbanks,0,0,0,0,0,0,0,0,0,0,0,0,0,0,0,0,0,0,0,0,0,0,0,0
201612,02,209000,100,    ,99990 ,00000 ,2508 ,999,99999, , ,99827      ,4,9,5,Haines Borough,8,8,2228561,0,0,0,0,0,0,0,0,0,1,1,287713,0,0,0,0,0,0,0,0,0
201612,02,221000,122,1370,33140 ,00000 ,5003 ,999,99999, , ,99603      ,4,9,12,Homer,33,33,8129960,2,4,600000,1,3,300000,0,0,0,33,33,8129960,2,4,600000,1,3,300000,0,0,0
201612,02,225000,105,1380,33360 ,00000 ,760 ,999,99999, , ,99829      ,4,9,9,Hoonah,3,3,500000,0,0,0,0,0,0,0,0,0,3,3,500000,0,0,0,0,0,0,0,0,0
201612,02,233000,170,1410,33800 ,00000 ,1912 ,999,11260, , ,996940027  ,4,9,12,Houston,8,8,799960,0,0,0,0,0,0,0,0,0,8,8,799960,0,0,0,0,0,0,0,0,0
201612,02,253000,110,    ,99990 ,00000 ,31275 ,999,99999, , ,99801      ,4,9,12,Juneau city and borough,50,50,12237748,5,10,1745112,3,10,424992,10,83,11202481,50,50,12237748,5,10,1745112,3,10,424992,10,83,11202481
201612,02,277000,122,1630,38420 ,00000 ,7100 ,999,99999, , ,99611      ,4,9,12,Kenai,18,18,3908000,2,4,220000,1,3,184000,0,0,0,18,18,3908000,2,4,220000,1,3,184000,0,0,0
201612,02,289000,130,    ,99990 ,00000 ,5016 ,999,99999, , ,999016059  ,4,9,12,Ketchikan Gateway Borough,32,32,9245562,3,6,846480,0,0,0,0,0,0,32,32,9245562,3,6,846480,0,0,0,0,0,0
201612,02,297000,013,1670,39410 ,00000 ,938 ,999,99999, , ,99503      ,4,9,11,King Cove,0,0,0,0,0,0,0,0,0,0,0,0,0,0,0,0,0,0,0,0,0,0,0,0
201612,02,317000,150,1750,40950 ,00000 ,6130 ,999,99999, , ,99615      ,4,9,12,Kodiak City-Kodiak Island Borough,12,12,3057651,1,2,219247,1,4,410728,0,0,0,12,12,3057651,1,2,219247,1,4,410728,0,0,0
201612,02,329000,188,1800,41830 ,00000 ,3201 ,999,99999, , ,99752      ,4,9,7,Kotzebue,3,3,930609,0,0,0,0,0,0,0,0,0,2,2,575427,0,0,0,0,0,0,0,0,0
201612,02,409000,290,2330,54150 ,00000 ,94 ,999,99999, , ,99691      ,4,9,11,Nikolai,0,0,0,0,0,0,0,0,0,0,0,0,0,0,0,0,0,0,0,0,0,0,0,0
201612,02,413000,180,2370,54920 ,00000 ,3598 ,999,99999, , ,997620281  ,4,9,12,Nome,7,7,947236,1,2,172044,0,0,0,0,0,0,7,7,947236,1,2,172044,0,0,0,0,0,0
201612,02,425000,090,2410,55910 ,00000 ,2117 ,999,21820, , ,99705      ,4,9,12,North Pole,11,11,2930822,0,0,0,0,0,0,0,0,0,11,11,2930822,0,0,0,0,0,0,0,0,0
201612,02,429000,185,    ,99990 ,00000 ,2790 ,999,99999, , ,997230069  ,4,9,12,North Slope Borough,9,9,2455481,1,2,358195,0,0,0,0,0,0,9,9,2455481,1,2,358195,0,0,0,0,0,0
201612,02,433000,188,    ,99990 ,00000 ,881 ,999,99999,2, ,99752      ,4,9,12,Northwest Arctic Borough Unincorporated Area,3,3,1575000,0,0,0,0,0,0,0,0,0,3,3,1575000,0,0,0,0,0,0,0,0,0
201612,02,457000,170,2510,58660 ,00000 ,5937 ,999,11260, , ,996456748  ,4,9,12,Palmer,7,7,1876293,3,6,702416,0,0,0,0,0,0,7,7,1876293,3,6,702416,0,0,0,0,0,0
201612,02,461000,105,2550,59650 ,00000 ,88 ,999,99999, , ,99832      ,4,9,12,Pelican,0,0,0,0,0,0,0,0,0,0,0,0,0,0,0,0,0,0,0,0,0,0,0,0
201612,02,465000,195,    ,99990 ,00000 ,2948 ,999,99999, , ,99833      ,4,9,12,Petersburg Borough,6,6,2093500,0,0,0,0,0,0,0,0,0,6,6,2093500,0,0,0,0,0,0,0,0,0
201612,02,505000,013,2900,67020 ,00000 ,976 ,999,99999, , ,99661      ,4,9,12,Sand Point,0,0,0,0,0,0,0,0,0,0,0,0,0,0,0,0,0,0,0,0,0,0,0,0
201612,02,525000,122,2950,68340 ,00000 ,255 ,999,99999, , ,99663      ,4,9,12,Seldovia,0,0,0,0,0,0,0,0,0,0,0,0,0,0,0,0,0,0,0,0,0,0,0,0
201612,02,529000,122,2960,68560 ,00000 ,2693 ,999,99999, , ,99664      ,4,9,12,Seward,5,5,1041000,2,4,450000,1,4,650000,1,5,650000,5,5,1041000,2,4,450000,1,4,650000,1,5,650000
201612,02,557000,220,    ,99990 ,00000 ,8881 ,999,99999, , ,99835      ,4,9,0,Sitka city and borough,19,19,6106819,1,2,574745,0,0,0,0,0,0,0,0,0,0,0,0,0,0,0,0,0,0
201612,02,561000,230,3050,70760 ,00000 ,968 ,999,99999, , ,998400415  ,4,9,7,Municipality of Skagway,11,11,2299000,1,2,232443,0,0,0,0,0,0,10,10,2019000,0,0,0,0,0,0,0,0,0
201612,02,565000,122,3070,71640 ,00000 ,4163 ,999,99999, , ,99669      ,4,9,9,Soldotna,29,29,6310927,2,4,500930,0,0,0,0,0,0,24,24,5307087,2,4,500930,0,0,0,0,0,0
201612,02,581000,016,2880,66470 ,00000 ,479 ,999,99999, , ,99660      ,4,9,12,St. Paul,0,0,0,0,0,0,0,0,0,0,0,0,0,0,0,0,0,0,0,0,0,0,0,0
201612,02,597000,105,3290,76260 ,00000 ,131 ,999,99999, , ,998410052  ,4,9,12,Tenakee Springs,0,0,0,0,0,0,0,0,0,0,0,0,0,0,0,0,0,0,0,0,0,0,0,0
201612,02,625000,016,3430,80770 ,00000 ,4376 ,999,99999, , ,99685      ,4,9,0,Unalaska,4,4,392472,0,0,0,0,0,0,0,0,0,0,0,0,0,0,0,0,0,0,0,0,0
201612,02,633000,261,3470,82200 ,00000 ,3976 ,999,99999, , ,99686      ,4,9,12,Valdez,5,5,948000,0,0,0,0,0,0,0,0,0,5,5,948000,0,0,0,0,0,0,0,0,0
201612,02,645000,170,3520,83080 ,00000 ,7831 ,999,11260, , ,99654      ,4,9,12,Wasilla,17,17,4902748,10,20,2821600,4,16,1894504,1,42,3978099,17,17,4902748,10,20,2821600,4,16,1894504,1,42,3978099
201612,02,653000,261,3550,84510 ,00000 ,220 ,999,99999, , ,996930608  ,4,9,0,Whittier,0,0,0,0,0,0,0,0,0,0,0,0,0,0,0,0,0,0,0,0,0,0,0,0
201612,02,657000,275,    ,86380 ,00000 ,2369 ,999,99999, , ,99929      ,4,9,12,Wrangell city and borough,6,6,530000,0,0,0,0,0,0,0,0,0,6,6,530000,0,0,0,0,0,0,0,0,0
201612,02,661000,282,3610,86490 ,00000 ,662 ,999,99999, , ,99689      ,4,9,12,Yakutat city and borough,1,1,190600,0,0,0,0,0,0,0,0,0,1,1,190600,0,0,0,0,0,0,0,0,0
201612,04,001000,001,    ,99990 ,00000 ,61192 ,999,99999, , ,85936      ,4,8,12,Apache County Unincorporated Area,30,30,6887254,0,0,0,0,0,0,0,0,0,30,30,6887254,0,0,0,0,0,0,0,0,0
201612,04,009000,021,0007,02830 ,00000 ,35546 ,999,38060,2, ,851192899  ,4,8,12,Apache Junction,52,52,7105660,0,0,0,0,0,0,0,0,0,52,52,7105660,0,0,0,0,0,0,0,0,0
201612,04,013000,013,0013,04720 ,00000 ,76238 ,999,38060, , ,85323      ,4,8,12,Avondale,355,355,86383355,0,0,0,0,0,0,0,0,0,355,355,86383355,0,0,0,0,0,0,0,0,0
201612,04,025000,013,0030,07940 ,00000 ,50876 ,999,38060, , ,85326      ,4,8,12,Buckeye,1521,1521,380979491,0,0,0,0,0,0,0,0,0,1521,1521,380979491,0,0,0,0,0,0,0,0,0
201612,04,029000,015,0031,08220 ,00000 ,39540 ,332,29420, , ,86442      ,4,8,12,Bullhead City,88,88,20056087,0,0,0,0,0,0,0,0,0,88,88,20056087,0,0,0,0,0,0,0,0,0
201612,04,037000,013,0039,10180 ,00000 ,3363 ,999,38060, , ,85377      ,4,8,12,Carefree town,20,20,7696605,0,0,0,0,0,0,0,0,0,20,20,7696605,0,0,0,0,0,0,0,0,0
201612,04,041000,021,0040,10530 ,00000 ,48571 ,999,38060, , ,85122      ,4,8,12,Casa Grande,136,136,32770567,0,0,0,0,0,0,0,0,0,136,136,32770567,0,0,0,0,0,0,0,0,0
201612,04,045000,013,0044,11300 ,00000 ,5015 ,999,38060, , ,85331      ,4,8,12,Cave Creek town,35,35,14137522,0,0,0,0,0,0,0,0,0,35,35,14137522,0,0,0,0,0,0,0,0,0
201612,04,049000,013,0050,12000 ,00000 ,236123 ,999,38060, , ,85225      ,4,8,12,Chandler,1202,1202,381773652,26,52,4897147,23,91,17839632,74,1000,173674886,1202,1202,381773652,26,52,4897147,23,91,17839632,74,1000,173674886
201612,04,065000,003,    ,99990 ,00000 ,52410 ,999,43420, , ,85603      ,4,8,12,Cochise County Unincorporated Area,77,77,10493368,0,0,0,0,0,0,0,0,0,77,77,10493368,0,0,0,0,0,0,0,0,0
201612,04,069000,005,    ,99990 ,00000 ,54125 ,999,22380, , ,860019331  ,4,8,12,Coconino County Unincorporated Area,147,147,35347587,0,0,0,0,0,0,0,0,0,147,147,35347587,0,0,0,0,0,0,0,0,0
201612,04,077000,021,0067,15500 ,00000 ,11825 ,999,38060, , ,85228      ,4,8,12,Coolidge,7,7,868500,0,0,0,0,0,0,0,0,0,7,7,868500,0,0,0,0,0,0,0,0,0
201612,04,085000,003,0080,20050 ,00000 ,17378 ,999,43420, ,1,856072030  ,4,8,4,Douglas,2,2,161334,0,0,0,0,0,0,11,59,5863468,0,0,0,0,0,0,0,0,0,0,0,0
201612,04,097000,013,0100,22220 ,00000 ,31797 ,999,38060, , ,853352955  ,4,8,12,El Mirage,3,3,898328,0,0,0,0,0,0,0,0,0,3,3,898328,0,0,0,0,0,0,0,0,0
201612,04,101000,021,0105,22360 ,00000 ,16631 ,999,38060, , ,852312517  ,4,8,12,Eloy,87,87,16120719,0,0,0,0,0,0,0,0,0,87,87,16120719,0,0,0,0,0,0,0,0,0
201612,04,105000,005,0115,23620 ,00000 ,65870 ,999,22380, ,1,86001      ,4,8,12,Flagstaff,231,231,51538981,3,6,945842,0,0,0,5,232,40000000,231,231,51538981,3,6,945842,0,0,0,5,232,40000000
201612,04,109000,021,0120,23760 ,00000 ,25536 ,999,38060, , ,85132      ,4,8,11,Florence town,189,189,62912239,0,0,0,0,0,0,0,0,0,174,174,57978338,0,0,0,0,0,0,0,0,0
201612,04,113000,013,0124,25300 ,00000 ,22489 ,999,38060, , ,85268      ,4,8,12,Fountain Hills town,49,49,23710334,0,0,0,0,0,0,0,0,0,49,49,23710334,0,0,0,0,0,0,0,0,0
201612,04,117000,005,0125,25720 ,00000 ,1314 ,999,22380, , ,86022      ,4,8,12,Fredonia town,0,0,0,0,0,0,0,0,0,0,0,0,0,0,0,0,0,0,0,0,0,0,0,0
201612,04,121000,013,0129,27050 ,00000 ,1922 ,999,38060, , ,85337      ,4,8,12,Gila Bend town,1,1,200000,0,0,0,0,0,0,0,0,0,1,1,200000,0,0,0,0,0,0,0,0,0
201612,04,125000,007,    ,99990 ,00000 ,25602 ,999,99999, , ,85501      ,4,8,12,Gila County Unincorporated Area,43,43,9176704,0,0,0,0,0,0,0,0,0,43,43,9176704,0,0,0,0,0,0,0,0,0
201612,04,129000,013,0135,27400 ,00000 ,208453 ,999,38060, , ,85296      ,4,8,12,Gilbert town,1601,1601,319815066,10,20,1239330,0,0,0,29,918,58732495,1601,1601,319815066,10,20,1239330,0,0,0,29,918,58732495
201612,04,133000,013,0140,27820 ,00000 ,226721 ,999,38060, , ,85301      ,4,8,12,Glendale,173,173,54031137,0,0,0,0,0,0,1,10,593978,173,173,54031137,0,0,0,0,0,0,1,10,593978
201612,04,141000,013,0150,28380 ,00000 ,65275 ,999,38060, , ,85338      ,4,8,12,Goodyear,994,994,282623810,1,2,373868,0,0,0,22,132,15494444,994,994,282623810,1,2,373868,0,0,0,22,132,15494444
201612,04,145000,009,    ,99990 ,00000 ,20402 ,999,99999, , ,85546      ,4,8,12,Graham County Unincorporated Area,27,27,7919177,0,0,0,0,0,0,0,0,0,27,27,7919177,0,0,0,0,0,0,0,0,0
201612,04,153000,013,0158,30270 ,00000 ,5523 ,999,38060, , ,852832507  ,4,8,7,Guadalupe town,22,22,4277600,0,0,0,0,0,0,3,15,2011104,22,22,4277600,0,0,0,0,0,0,3,15,2011104
201612,04,157000,007,0160,32020 ,00000 ,662 ,999,99999,2, ,85135      ,4,8,12,Hayden town,0,0,0,0,0,0,0,0,0,0,0,0,0,0,0,0,0,0,0,0,0,0,0,0
201612,04,181000,015,0185,37620 ,00000 ,28068 ,332,29420, ,1,86401      ,4,8,12,Kingman,179,179,28034568,3,6,319791,0,0,0,0,0,0,179,179,28034568,3,6,319791,0,0,0,0,0,0
201612,04,189000,015,0188,39370 ,00000 ,52527 ,332,29420, ,1,86403      ,4,8,12,Lake Havasu City,306,306,60348147,10,20,2314222,0,0,0,0,0,0,306,306,60348147,10,20,2314222,0,0,0,0,0,0
201612,04,193000,013,0196,41330 ,00000 ,5476 ,999,38060, , ,85340      ,4,8,12,Litchfield Park,80,80,27413000,0,0,0,0,0,0,0,0,0,80,80,27413000,0,0,0,0,0,0,0,0,0
201612,04,201000,019,0210,44270 ,00000 ,34961 ,536,46060,2, ,85653      ,4,8,10,Marana town,597,597,182777355,0,0,0,0,0,0,0,0,0,489,489,150203188,0,0,0,0,0,0,0,0,0
201612,04,205000,013,    ,99990 ,00000 ,284404 ,999,38060, , ,85008      ,4,8,12,Maricopa County Unincorporated Area,1155,1155,243682463,0,0,0,1,4,93938,0,0,0,1155,1155,243682463,0,0,0,1,4,93938,0,0,0
201612,04,205100,021,0212,44410 ,00000 ,43482 ,999,38060, , ,85238      ,4,8,12,Maricopa,524,524,129916210,0,0,0,0,0,0,0,0,0,524,524,129916210,0,0,0,0,0,0,0,0,0
201612,04,209000,013,0215,46000 ,00000 ,439041 ,999,38060, ,1,852111466  ,4,8,11,Mesa,2106,2106,594282799,4,8,870098,2,8,1248119,17,690,94845228,1923,1923,536123397,4,8,870098,2,8,1248119,14,580,81225868
201612,04,217000,015,    ,99990 ,00000 ,75230 ,332,29420, , ,864027000  ,4,8,12,Mohave County Unincorporated Area,84,84,22888393,0,0,0,0,0,0,0,0,0,84,84,22888393,0,0,0,0,0,0,0,0,0
201612,04,221000,017,    ,99990 ,00000 ,68097 ,999,99999, , ,85901      ,4,8,9,Navajo County Unincorporated Area,117,117,18625596,0,0,0,0,0,0,0,0,0,96,96,15122439,0,0,0,0,0,0,0,0,0
201612,04,229000,019,0238,51600 ,00000 ,41011 ,536,46060, , ,85737      ,4,8,0,Oro Valley town,176,176,78715622,0,0,0,0,0,0,0,0,0,0,0,0,0,0,0,0,0,0,0,0,0
201612,04,237000,013,0242,52930 ,00000 ,12820 ,999,38060, , ,852534328  ,4,8,12,Paradise Valley town,79,79,84117263,0,0,0,1,4,2063630,1,42,6352267,79,79,84117263,0,0,0,1,4,2063630,1,42,6352267
201612,04,249000,007,0252,53700 ,00000 ,15301 ,999,99999, , ,855414306  ,4,8,12,Payson town,68,68,17946154,0,0,0,0,0,0,0,0,0,68,68,17946154,0,0,0,0,0,0,0,0,0
201612,04,253000,013,0255,54050 ,00000 ,154058 ,999,38060,2, ,85345      ,4,8,12,Peoria,1636,1636,446742024,0,0,0,0,0,0,0,0,0,1636,1636,446742024,0,0,0,0,0,0,0,0,0
201612,04,257000,013,2650,55000 ,00000 ,1445632 ,999,38060, ,1,850031611  ,4,8,12,Phoenix,2479,2479,688678174,21,60,9422651,15,62,8222463,90,4371,617758240,2479,2479,688678174,21,60,9422651,15,62,8222463,90,4371,617758240
201612,04,261000,019,    ,99990 ,00000 ,353264 ,536,46060, , ,85701      ,4,8,12,Pima County Unincorporated Area,685,685,187300643,0,0,0,0,0,0,0,0,0,685,685,187300643,0,0,0,0,0,0,0,0,0
201612,04,269000,021,    ,99990 ,00000 ,187517 ,999,38060,2, ,85132      ,4,8,12,Pinal County Unincorporated Area,1550,1550,253565772,92,184,11545348,0,0,0,0,0,0,1550,1550,253565772,92,184,11545348,0,0,0,0,0,0
201612,04,277000,025,0280,57380 ,00000 ,39843 ,999,39140, ,1,86301      ,4,8,11,Prescott,341,341,106784485,2,4,581416,0,0,0,1,16,1362330,316,316,99717969,2,4,581416,0,0,0,0,0,0
201612,04,281000,025,0282,57450 ,00000 ,38822 ,999,39140, , ,863142275  ,4,8,12,Prescott Valley town,472,472,108354957,4,8,1224937,0,0,0,17,214,27609988,472,472,108354957,4,8,1224937,0,0,0,17,214,27609988
201612,04,289000,013,0284,58150 ,00000 ,25912 ,999,38060,2, ,852429311  ,4,8,12,Queen Creek town,1096,1096,433477550,0,0,0,0,0,0,0,0,0,1096,1096,433477550,0,0,0,0,0,0,0,0,0
201612,04,293000,009,0298,62000 ,00000 ,9566 ,999,99999, , ,85548      ,4,8,12,Safford,13,13,1898745,0,0,0,0,0,0,0,0,0,13,13,1898745,0,0,0,0,0,0,0,0,0
201612,04,294000,019,0303,62140 ,00000 ,25259 ,536,46060, , ,85629      ,4,8,12,Sahuarita town,250,250,70073433,0,0,0,0,0,0,0,0,0,250,250,70073433,0,0,0,0,0,0,0,0,0
201612,04,297000,027,0321,63470 ,00000 ,25505 ,999,49740, , ,85349      ,4,8,12,San Luis,193,193,28178703,0,0,0,0,0,0,0,0,0,193,193,28178703,0,0,0,0,0,0,0,0,0
201612,04,301000,023,    ,99990 ,00000 ,25670 ,999,99999, , ,856481090  ,4,8,12,Santa Cruz County Unincorporated Area,68,68,15553340,0,0,0,0,0,0,0,0,0,68,68,15553340,0,0,0,0,0,0,0,0,0
201612,04,305000,013,0327,65000 ,00000 ,217385 ,999,38060, ,1,85251      ,4,8,12,Scottsdale,684,684,190593347,10,20,3395667,0,0,0,9,672,65498810,684,684,190593347,10,20,3395667,0,0,0,9,672,65498810
201612,04,317000,017,0337,66470 ,00000 ,10660 ,999,99999, , ,85901      ,4,8,12,Show Low,66,66,13433954,0,0,0,0,0,0,0,0,0,66,66,13433954,0,0,0,0,0,0,0,0,0
201612,04,321000,003,0338,66820 ,00000 ,43888 ,999,43420, ,1,85635      ,4,8,12,Sierra Vista,60,60,9957619,0,0,0,0,0,0,0,0,0,60,60,9957619,0,0,0,0,0,0,0,0,0
201612,04,329000,027,0342,68080 ,00000 ,14287 ,999,49740, , ,85350      ,4,8,6,Somerton,109,109,14504153,0,0,0,0,0,0,0,0,0,43,43,8892407,0,0,0,0,0,0,0,0,0
201612,04,333000,019,0344,68850 ,00000 ,5652 ,536,46060, , ,857132803  ,4,8,9,South Tucson,0,0,0,0,0,0,0,0,0,0,0,0,0,0,0,0,0,0,0,0,0,0,0,0
201612,04,349000,013,0361,71510 ,00000 ,117517 ,999,38060, , ,85374      ,4,8,12,Surprise,523,523,163593929,0,0,0,0,0,0,1,100,9471663,523,523,163593929,0,0,0,0,0,0,1,100,9471663
201612,04,353000,017,0366,72420 ,00000 ,4112 ,999,99999, , ,85939      ,4,8,0,Taylor town,5,5,899935,0,0,0,0,0,0,0,0,0,0,0,0,0,0,0,0,0,0,0,0,0
201612,04,357000,013,0368,73000 ,00000 ,161719 ,999,38060, ,1,85281      ,4,8,12,Tempe,85,85,18480428,3,6,1050000,0,0,0,17,1494,159997028,85,85,18480428,3,6,1050000,0,0,0,17,1494,159997028
201612,04,365000,013,0372,74190 ,00000 ,6545 ,999,38060, , ,85353      ,4,8,5,Tolleson,4,4,997045,0,0,0,0,0,0,0,0,0,2,2,376447,0,0,0,0,0,0,0,0,0
201612,04,373000,019,0385,77000 ,00000 ,520116 ,536,46060, ,1,85726      ,4,8,0,Tucson,456,456,101508559,13,26,3510562,0,0,0,20,395,55874598,0,0,0,0,0,0,0,0,0,0,0,0
201612,04,381000,013,0397,82740 ,00000 ,6363 ,999,38060,2, ,85390      ,4,8,11,Wickenburg town,129,129,33300547,0,0,0,0,0,0,0,0,0,122,122,31444185,0,0,0,0,0,0,0,0,0
201612,04,401000,025,    ,99990 ,00000 ,83782 ,999,39140, , ,86305      ,4,8,12,Yavapai County Unincorporated Area,302,302,72930155,1,2,265310,0,0,0,0,0,0,302,302,72930155,1,2,265310,0,0,0,0,0,0
201612,04,405000,013,0416,85400 ,00000 ,6156 ,999,38060, , ,853631212  ,4,8,12,Youngtown town,0,0,0,0,0,0,0,0,0,0,0,0,0,0,0,0,0,0,0,0,0,0,0,0
201612,04,409000,027,0420,85540 ,00000 ,93064 ,999,49740, ,1,85366      ,4,8,12,Yuma,449,449,75313963,0,0,0,2,7,711986,0,0,0,449,449,75313963,0,0,0,2,7,711986,0,0,0
201612,04,413000,027,    ,99990 ,00000 ,60013 ,999,49740, , ,85364      ,4,8,12,Yuma County Unincorporated Area,128,128,17873953,0,0,0,0,0,0,0,0,0,128,128,17873953,0,0,0,0,0,0,0,0,0
201612,06,001000,071,0003,00296 ,00000 ,31765 ,348,40140, , ,92301      ,4,9,12,Adelanto,6,6,1396123,0,0,0,0,0,0,0,0,0,6,6,1396123,0,0,0,0,0,0,0,0,0
201612,06,002000,037,0007,00394 ,00000 ,20330 ,348,31080, , ,91301      ,4,9,12,Agoura Hills,3,3,1540000,0,0,0,0,0,0,0,0,0,3,3,1540000,0,0,0,0,0,0,0,0,0
201612,06,003000,001,0010,00562 ,00000 ,73812 ,488,41860, , ,94501      ,4,9,12,Alameda,59,59,15506677,0,0,0,0,0,0,1,31,3900000,59,59,15506677,0,0,0,0,0,0,1,31,3900000
201612,06,004000,001,    ,99990 ,00000 ,141266 ,488,41860, , ,94544      ,4,9,12,Alameda County Unincorporated Area,22,22,10687723,5,10,3202569,0,0,0,0,0,0,22,22,10687723,5,10,3202569,0,0,0,0,0,0
201612,06,005000,001,0020,00674 ,00000 ,18539 ,488,41860, , ,94706      ,4,9,12,Albany,3,3,267880,0,0,0,0,0,0,1,175,30290637,3,3,267880,0,0,0,0,0,0,1,175,30290637
201612,06,006000,037,0025,00884 ,00000 ,83089 ,348,31080, , ,91801      ,4,9,11,Alhambra,23,23,4522222,0,0,0,0,0,0,1,29,3879525,22,22,4307000,0,0,0,0,0,0,0,0,0
201612,06,006200,059,0027,00947 ,00000 ,47823 ,348,31080, , ,92656      ,4,9,11,Aliso Viejo,0,0,0,0,0,0,0,0,0,1,69,7179454,0,0,0,0,0,0,0,0,0,0,0,0
201612,06,011000,059,0070,02000 ,00000 ,336265 ,348,31080, ,1,92803      ,4,9,12,Anaheim,129,129,35184722,1,2,200000,3,11,1575498,12,797,105901316,129,129,35184722,1,2,200000,3,11,1575498,12,797,105901316
201612,06,014000,013,0085,02252 ,00000 ,102372 ,488,41860, , ,94531      ,4,9,12,Antioch,42,42,12579971,0,0,0,0,0,0,2,85,15509460,42,42,12579971,0,0,0,0,0,0,2,85,15509460
201612,06,015000,071,0090,02364 ,00000 ,69135 ,348,40140, , ,92307      ,4,9,12,Apple Valley town,148,148,20255590,0,0,0,0,0,0,0,0,0,148,148,20255590,0,0,0,0,0,0,0,0,0
201612,06,016000,037,0246,02462 ,00000 ,56364 ,348,31080, ,1,91007      ,4,9,0,Arcadia,75,75,32349028,0,0,0,0,0,0,27,192,16858831,0,0,0,0,0,0,0,0,0,0,0,0
201612,06,019000,037,0135,02896 ,00000 ,16522 ,348,31080, , ,90701      ,4,9,0,Artesia,7,7,1388570,0,0,0,2,6,810000,1,5,300000,0,0,0,0,0,0,0,0,0,0,0,0
201612,06,022000,081,0150,03092 ,00000 ,6914 ,488,41860, , ,94027      ,4,9,12,Atherton town,27,27,80241156,0,0,0,0,0,0,0,0,0,27,27,80241156,0,0,0,0,0,0,0,0,0
201612,06,024000,061,0160,03204 ,00000 ,13330 ,472,40900, , ,95603      ,4,9,12,Auburn,21,21,6541808,0,0,0,0,0,0,0,0,0,21,21,6541808,0,0,0,0,0,0,0,0,0
201612,06,025000,037,0165,03274 ,00000 ,3728 ,348,31080, , ,90704      ,4,9,12,Avalon,2,2,1148300,0,0,0,0,0,0,0,0,0,2,2,1148300,0,0,0,0,0,0,0,0,0
201612,06,027000,037,0378,03386 ,00000 ,46361 ,348,31080, , ,917022514  ,4,9,12,Azusa,63,63,34805493,0,0,0,0,0,0,6,43,11938622,63,63,34805493,0,0,0,0,0,0,6,43,11938622
201612,06,028000,029,0180,03526 ,00000 ,347483 ,999,12540, ,1,93301      ,4,9,0,Bakersfield,1559,1559,389739204,2,4,500452,2,6,589812,15,148,13594540,0,0,0,0,0,0,0,0,0,0,0,0
201612,06,029000,037,0185,03666 ,00000 ,75390 ,348,31080, , ,91706      ,4,9,12,Baldwin Park,24,24,5175376,0,0,0,1,4,624060,0,0,0,24,24,5175376,0,0,0,1,4,624060,0,0,0
201612,06,030000,065,0190,03820 ,00000 ,29603 ,348,40140, , ,92220      ,4,9,12,Banning,0,0,0,0,0,0,0,0,0,0,0,0,0,0,0,0,0,0,0,0,0,0,0,0
201612,06,031000,071,0414,04030 ,00000 ,22639 ,348,40140, , ,92311      ,4,9,6,Barstow,33,33,3362683,0,0,0,0,0,0,0,0,0,0,0,0,0,0,0,0,0,0,0,0,0
201612,06,032000,065,0205,04758 ,00000 ,36877 ,348,40140, , ,92223      ,4,9,12,Beaumont,450,450,76567652,0,0,0,0,0,0,1,38,3870527,450,450,76567652,0,0,0,0,0,0,1,38,3870527
201612,06,033000,037,0210,04870 ,00000 ,35477 ,348,31080, , ,90201      ,4,9,0,Bell,0,0,0,0,0,0,0,0,0,0,0,0,0,0,0,0,0,0,0,0,0,0,0,0
201612,06,034000,037,0220,04996 ,00000 ,42072 ,348,31080, , ,902013253  ,4,9,12,Bell Gardens,3,3,436455,0,0,0,0,0,0,0,0,0,3,3,436455,0,0,0,0,0,0,0,0,0
201612,06,035000,037,0215,04982 ,00000 ,76616 ,348,31080, , ,907065494  ,4,9,12,Bellflower,41,41,9882820,3,6,994000,0,0,0,0,0,0,41,41,9882820,3,6,994000,0,0,0,0,0,0
201612,06,036000,081,0225,05108 ,00000 ,25835 ,488,41860, , ,94002      ,4,9,12,Belmont,6,6,4197450,0,0,0,0,0,0,0,0,0,6,6,4197450,0,0,0,0,0,0,0,0,0
201612,06,037000,041,0230,05164 ,00000 ,2068 ,488,41860, , ,94920      ,4,9,0,Belvedere,2,2,2435600,0,0,0,0,0,0,0,0,0,0,0,0,0,0,0,0,0,0,0,0,0
201612,06,038000,095,0235,05290 ,00000 ,26997 ,488,46700, , ,94510      ,4,9,12,Benicia,10,10,2395598,0,0,0,0,0,0,0,0,0,10,10,2395598,0,0,0,0,0,0,0,0,0
201612,06,039000,001,0245,06000 ,00000 ,112580 ,488,41860, ,1,94704      ,4,9,0,Berkeley,16,16,4799292,0,0,0,0,0,0,12,341,50653957,0,0,0,0,0,0,0,0,0,0,0,0
201612,06,040000,037,0250,06308 ,00000 ,34109 ,348,31080, , ,90210      ,4,9,11,Beverly Hills,38,38,89343123,0,0,0,0,0,0,1,5,3711111,36,36,86166200,0,0,0,0,0,0,0,0,0
201612,06,041000,071,0255,06434 ,00000 ,5019 ,348,40140, , ,923158900  ,4,9,12,Big Bear Lake,32,32,9401734,0,0,0,0,0,0,0,0,0,32,32,9401734,0,0,0,0,0,0,0,0,0
201612,06,043000,027,0275,06798 ,00000 ,3879 ,999,99999, , ,93514      ,4,9,12,Bishop,1,1,30000,0,0,0,2,6,425316,0,0,0,1,1,30000,0,0,0,2,6,425316,0,0,0
201612,06,045000,065,0290,07218 ,00000 ,20817 ,348,40140, , ,92225      ,4,9,12,Blythe,4,4,779133,0,0,0,0,0,0,0,0,0,4,4,779133,0,0,0,0,0,0,0,0,0
201612,06,046000,037,0315,07946 ,00000 ,1048 ,348,31080, , ,91008      ,4,9,10,Bradbury,8,8,23489670,0,0,0,0,0,0,0,0,0,8,8,23489670,0,0,0,0,0,0,0,0,0
201612,06,048000,059,0325,08100 ,00000 ,39282 ,348,31080, , ,92621      ,4,9,12,Brea,137,137,34595821,0,0,0,0,0,0,5,44,9858185,137,137,34595821,0,0,0,0,0,0,5,44,9858185
201612,06,049000,013,0327,08142 ,00000 ,51481 ,488,41860, , ,94513      ,4,9,12,Brentwood,558,558,128243671,0,0,0,0,0,0,0,0,0,558,558,128243671,0,0,0,0,0,0,0,0,0
201612,06,050000,081,0330,08310 ,00000 ,4282 ,488,41860, , ,94005      ,4,9,9,Brisbane,1,1,500000,3,6,1950000,0,0,0,0,0,0,1,1,500000,2,4,1250000,0,0,0,0,0,0
201612,06,051000,059,0335,08786 ,00000 ,80530 ,348,31080, , ,90620      ,4,9,12,Buena Park,74,74,20347346,0,0,0,0,0,0,0,0,0,74,74,20347346,0,0,0,0,0,0,0,0,0
201612,06,052000,037,0340,08954 ,00000 ,103340 ,348,31080, ,1,915021232  ,4,9,12,Burbank,16,16,5132630,1,2,800000,2,8,2173860,1,241,55214103,16,16,5132630,1,2,800000,2,8,2173860,1,241,55214103
201612,06,053000,081,0345,09066 ,00000 ,28806 ,488,41860, , ,94010      ,4,9,8,Burlingame,21,21,11485561,0,0,0,0,0,0,1,125,32000000,16,16,8142500,0,0,0,0,0,0,1,125,32000000
201612,06,054500,037,0362,09598 ,00000 ,23058 ,348,31080, , ,91302      ,4,9,12,Calabasas,8,8,5920880,0,0,0,0,0,0,3,30,13336707,8,8,5920880,0,0,0,0,0,0,3,30,13336707
201612,06,058000,065,0368,09864 ,00000 ,7879 ,348,40140, , ,92320      ,4,9,5,Calimesa,52,52,16562474,0,0,0,0,0,0,0,0,0,35,35,11884781,0,0,0,0,0,0,0,0,0
201612,06,061000,111,0379,10046 ,00000 ,65201 ,348,37100, ,1,93010      ,4,9,12,Camarillo,121,121,32497956,0,0,0,1,4,749786,8,111,12645244,121,121,32497956,0,0,0,1,4,749786,8,111,12645244
201612,06,062000,085,0390,10345 ,00000 ,39349 ,488,41940, , ,95008      ,4,9,11,Campbell,51,51,15226073,2,4,707520,0,0,0,6,165,30782877,47,47,14006802,2,4,707520,0,0,0,6,165,30782877
201612,06,062500,065,0397,10928 ,00000 ,10561 ,348,40140, , ,92587      ,4,9,12,Canyon Lake,11,11,5315121,0,0,0,0,0,0,0,0,0,11,11,5315121,0,0,0,0,0,0,0,0,0
201612,06,064000,073,0405,11194 ,00000 ,105328 ,999,41740, ,1,920087314  ,4,9,12,Carlsbad,273,273,109160348,2,4,1035725,0,0,0,25,390,61942706,273,273,109160348,2,4,1035725,0,0,0,25,390,61942706
201612,06,067000,037,0440,11530 ,00000 ,91714 ,348,31080, ,1,918021460  ,4,9,12,Carson,9,9,1963300,0,0,0,0,0,0,1,9,2169000,9,9,1963300,0,0,0,0,0,0,1,9,2169000
201612,06,068000,065,0465,12048 ,00000 ,51200 ,348,40140, , ,92234      ,4,9,12,Cathedral City,44,44,9821935,1,2,242982,0,0,0,0,0,0,44,44,9821935,1,2,242982,0,0,0,0,0,0
201612,06,070000,037,0487,12552 ,00000 ,49041 ,348,31080, , ,90703      ,4,9,12,Cerritos,0,0,0,0,0,0,0,0,0,1,197,19379366,0,0,0,0,0,0,0,0,0,1,197,19379366
201612,06,071000,007,0500,13014 ,00000 ,86187 ,999,17020, ,1,95927      ,4,9,12,Chico,282,282,58211040,0,0,0,10,39,3196165,17,213,24835150,282,282,58211040,0,0,0,10,39,3196165,17,213,24835150
201612,06,072000,071,0510,13210 ,00000 ,77983 ,348,40140, ,1,91710      ,4,9,12,Chino,370,370,116538374,0,0,0,0,0,0,11,200,25766122,370,370,116538374,0,0,0,0,0,0,11,200,25766122
201612,06,072500,071,0511,13214 ,00000 ,74799 ,348,40140, , ,917095442  ,4,9,12,Chino Hills,119,119,32392635,0,0,0,0,0,0,9,331,44453000,119,119,32392635,0,0,0,0,0,0,9,331,44453000
201612,06,074000,073,0525,13392 ,00000 ,243916 ,999,41740, , ,91910      ,4,9,12,Chula Vista,86,86,24143327,5,10,2041530,21,68,13752222,46,1011,136669272,86,86,24143327,5,10,2041530,21,68,13752222,46,1011,136669272
201612,06,074500,067,0530,13588 ,00000 ,83301 ,472,40900, , ,95610      ,4,9,6,Citrus Heights,15,15,3540851,0,0,0,0,0,0,0,0,0,3,3,716651,0,0,0,0,0,0,0,0,0
201612,06,075000,037,0535,13756 ,00000 ,34926 ,348,31080, , ,91711      ,4,9,12,Claremont,42,42,11335170,0,0,0,0,0,0,0,0,0,42,42,11335170,0,0,0,0,0,0,0,0,0
201612,06,079000,019,0550,14218 ,00000 ,95631 ,260,23420, , ,93612      ,4,9,11,Clovis,862,862,237096353,0,0,0,0,0,0,1,5,668266,787,787,216588419,0,0,0,0,0,0,0,0,0
201612,06,080000,065,0555,14260 ,00000 ,40704 ,348,40140, , ,92236      ,4,9,8,Coachella,37,37,6959126,0,0,0,0,0,0,0,0,0,25,25,4679214,0,0,0,0,0,0,0,0,0
201612,06,081000,019,0560,14274 ,00000 ,13380 ,260,23420, , ,93210      ,4,9,12,Coalinga,1,1,105000,0,0,0,0,0,0,0,0,0,1,1,105000,0,0,0,0,0,0,0,0,0
201612,06,082000,061,0565,14498 ,00000 ,1963 ,472,40900, , ,95713      ,4,9,12,Colfax,0,0,0,0,0,0,0,0,0,0,0,0,0,0,0,0,0,0,0,0,0,0,0,0
201612,06,083000,081,0575,14736 ,00000 ,1792 ,488,41860, , ,94014      ,4,9,12,Colma town,0,0,0,0,0,0,0,0,0,0,0,0,0,0,0,0,0,0,0,0,0,0,0,0
201612,06,084000,071,0580,14890 ,00000 ,52154 ,348,40140, , ,92324      ,4,9,12,Colton,4,4,575069,0,0,0,0,0,0,0,0,0,4,4,575069,0,0,0,0,0,0,0,0,0
201612,06,087000,037,0587,14974 ,00000 ,12823 ,348,31080, , ,90040      ,4,9,10,Commerce,3,3,474904,0,0,0,0,0,0,0,0,0,1,1,158570,0,0,0,0,0,0,0,0,0
201612,06,088000,037,0590,15044 ,00000 ,96455 ,348,31080, , ,90220      ,4,9,11,Compton,23,23,5649284,5,10,1300456,6,24,2957143,0,0,0,23,23,5649284,5,10,1300456,6,24,2957143,0,0,0
201612,06,089000,013,0595,16000 ,00000 ,122067 ,488,41860, , ,94519      ,4,9,12,Concord,15,15,3574405,0,0,0,0,0,0,1,180,33000000,15,15,3574405,0,0,0,0,0,0,1,180,33000000
201612,06,090000,013,    ,99990 ,00000 ,159785 ,488,41860,2, ,94553      ,4,9,12,Contra Costa County Unincorporated Area,681,681,290417769,0,0,0,0,0,0,2,264,38655762,681,681,290417769,0,0,0,0,0,0,2,264,38655762
201612,06,093000,065,0610,16350 ,00000 ,152374 ,348,40140, ,1,928822187  ,4,9,12,Corona,66,66,16899489,0,0,0,0,0,0,0,0,0,66,66,16899489,0,0,0,0,0,0,0,0,0
201612,06,094000,073,0615,16378 ,00000 ,18912 ,999,41740, , ,92118      ,4,9,7,Coronado,55,55,58192450,0,0,0,1,4,1350000,0,0,0,34,34,44038500,0,0,0,1,4,1350000,0,0,0
201612,06,095000,041,0620,16462 ,00000 ,9253 ,488,41860, , ,94925      ,4,9,5,Corte Madera town,0,0,0,0,0,0,0,0,0,0,0,0,0,0,0,0,0,0,0,0,0,0,0,0
201612,06,096000,059,0625,16532 ,00000 ,109960 ,348,31080, ,1,926261200  ,4,9,6,Costa Mesa,179,179,33842266,0,0,0,0,0,0,2,490,37037862,59,59,11210820,0,0,0,0,0,0,2,490,37037862
201612,06,098000,037,0635,16742 ,00000 ,47796 ,348,31080, , ,91722      ,4,9,0,Covina,3,3,845001,0,0,0,0,0,0,0,0,0,0,0,0,0,0,0,0,0,0,0,0,0
201612,06,100000,037,0658,17498 ,00000 ,23805 ,348,31080, , ,90201      ,4,9,12,Cudahy,1,1,217000,0,0,0,0,0,0,0,0,0,1,1,217000,0,0,0,0,0,0,0,0,0
201612,06,101000,037,0665,17568 ,00000 ,38883 ,348,31080, , ,90232      ,4,9,11,Culver City,3,3,873125,0,0,0,1,3,700000,0,0,0,2,2,498000,0,0,0,1,3,700000,0,0,0
201612,06,102000,085,0670,17610 ,00000 ,58302 ,488,41940, ,1,95014      ,4,9,12,Cupertino,57,57,21717220,0,0,0,0,0,0,0,0,0,57,57,21717220,0,0,0,0,0,0,0,0,0
201612,06,103000,059,0685,17750 ,00000 ,47802 ,348,31080, , ,90630      ,4,9,12,Cypress,134,134,30805257,0,0,0,0,0,0,0,0,0,134,134,30805257,0,0,0,0,0,0,0,0,0
201612,06,104000,081,0700,17918 ,00000 ,101123 ,488,41860, , ,94015      ,4,9,12,Daly City,103,103,34007464,0,0,0,1,4,844246,3,18,4147402,103,103,34007464,0,0,0,1,4,844246,3,18,4147402
201612,06,105000,059,0705,17946 ,00000 ,33351 ,348,31080, , ,92629      ,4,9,12,Dana Point,44,44,51891861,0,0,0,0,0,0,0,0,0,44,44,51891861,0,0,0,0,0,0,0,0,0
201612,06,106000,013,0706,17988 ,00000 ,42039 ,488,41860, , ,94526      ,4,9,12,Danville town,17,17,13713194,0,0,0,0,0,0,0,0,0,17,17,13713194,0,0,0,0,0,0,0,0,0
201612,06,107000,113,0715,18100 ,00000 ,65622 ,472,40900, , ,95616      ,4,9,12,Davis,173,173,39471155,7,14,2245316,1,4,400000,6,70,10350000,173,173,39471155,7,14,2245316,1,4,400000,6,70,10350000
201612,06,108000,073,0735,18506 ,00000 ,4161 ,999,41740, , ,92075      ,4,9,12,Del Mar,5,5,3110999,0,0,0,0,0,0,0,0,0,5,5,3110999,0,0,0,0,0,0,0,0,0
201612,06,111000,029,0725,18394 ,00000 ,53041 ,999,12540, , ,93215      ,4,9,11,Delano,34,34,7443040,0,0,0,0,0,0,0,0,0,34,34,7443040,0,0,0,0,0,0,0,0,0
201612,06,112000,065,0765,18996 ,00000 ,25938 ,348,40140, , ,92240      ,4,9,12,Desert Hot Springs,29,29,5689685,0,0,0,0,0,0,0,0,0,29,29,5689685,0,0,0,0,0,0,0,0,0
201612,06,113000,037,0771,19192 ,00000 ,55544 ,348,31080, , ,91765      ,4,9,12,Diamond Bar,9,9,4605144,0,0,0,0,0,0,0,0,0,9,9,4605144,0,0,0,0,0,0,0,0,0
201612,06,114000,107,0775,19318 ,00000 ,21453 ,546,47300, , ,936181612  ,4,9,12,Dinuba,21,21,1801491,0,0,0,0,0,0,0,0,0,21,21,1801491,0,0,0,0,0,0,0,0,0
201612,06,118000,037,0795,19766 ,00000 ,111772 ,348,31080, , ,90241      ,4,9,12,Downey,44,44,11955353,3,6,876986,0,0,0,0,0,0,44,44,11955353,3,6,876986,0,0,0,0,0,0
201612,06,119000,037,0800,19990 ,00000 ,21321 ,348,31080, , ,91010      ,4,9,9,Duarte,0,0,0,0,0,0,0,0,0,0,0,0,0,0,0,0,0,0,0,0,0,0,0,0
201612,06,120000,001,0802,20018 ,00000 ,46036 ,488,41860, , ,94568      ,4,9,12,Dublin,606,606,220753489,0,0,0,0,0,0,1,5,1447506,606,606,220753489,0,0,0,0,0,0,1,5,1447506
201612,06,122000,081,0827,20956 ,00000 ,28155 ,488,41860, , ,94303      ,4,9,0,East Palo Alto,47,47,13802185,0,0,0,0,0,0,0,0,0,0,0,0,0,0,0,0,0,0,0,0,0
201612,06,123000,073,0850,21712 ,00000 ,99478 ,999,41740, , ,92020      ,4,9,9,El Cajon,102,102,14267813,0,0,0,0,0,0,0,0,0,76,76,8851906,0,0,0,0,0,0,0,0,0
201612,06,124000,025,0855,21782 ,00000 ,42598 ,999,20940, ,1,922444450  ,4,9,10,El Centro,7,7,1313449,0,0,0,0,0,0,1,7,535375,2,2,322000,0,0,0,0,0,0,0,0,0
201612,06,125000,013,0860,21796 ,00000 ,23549 ,488,41860, , ,94530      ,4,9,7,El Cerrito,5,5,2856667,0,0,0,0,0,0,5,70,9752555,3,3,1950000,0,0,0,0,0,0,0,0,0
201612,06,126000,017,    ,99990 ,00000 ,149266 ,472,40900, , ,95667      ,4,9,12,El Dorado County Unincorporated Area,659,659,261380959,0,0,0,0,0,0,0,0,0,659,659,261380959,0,0,0,0,0,0,0,0,0
201612,06,127000,037,0880,22230 ,00000 ,113475 ,348,31080, , ,917313293  ,4,9,11,El Monte,79,79,14346703,0,0,0,1,3,270351,0,0,0,75,75,13351624,0,0,0,1,3,270351,0,0,0
201612,06,128000,037,0895,22412 ,00000 ,16654 ,348,31080, , ,90245      ,4,9,10,El Segundo,0,0,0,0,0,0,0,0,0,0,0,0,0,0,0,0,0,0,0,0,0,0,0,0
201612,06,128500,067,0870,22020 ,00000 ,153015 ,472,40900, , ,95758      ,4,9,12,Elk Grove,455,455,87372853,0,0,0,0,0,0,0,0,0,455,455,87372853,0,0,0,0,0,0,0,0,0
201612,06,129000,001,0910,22594 ,00000 ,10080 ,488,41860, , ,94608      ,4,9,12,Emeryville,1,1,224919,0,0,0,0,0,0,0,0,0,1,1,224919,0,0,0,0,0,0,0,0,0
201612,06,130000,073,0920,22678 ,00000 ,59518 ,999,41740, , ,920243633  ,4,9,12,Encinitas,85,85,18810606,0,0,0,0,0,0,0,0,0,85,85,18810606,0,0,0,0,0,0,0,0,0
201612,06,132000,073,0935,22804 ,00000 ,143911 ,999,41740, , ,92025      ,4,9,12,Escondido,81,81,21957775,0,0,0,0,0,0,2,88,10203169,81,81,21957775,0,0,0,0,0,0,2,88,10203169
201612,06,136000,041,0955,23168 ,00000 ,7441 ,488,41860, , ,94930      ,4,9,1,Fairfax town,0,0,0,0,0,0,0,0,0,0,0,0,0,0,0,0,0,0,0,0,0,0,0,0
201612,06,137000,095,0960,23182 ,00000 ,105321 ,488,46700, ,1,94533      ,4,9,12,Fairfield,201,201,57282877,0,0,0,0,0,0,4,63,9553987,201,201,57282877,0,0,0,0,0,0,4,63,9553987
201612,06,141000,019,1015,24134 ,00000 ,7549 ,260,23420, , ,93622      ,4,9,12,Firebaugh,0,0,0,0,0,0,0,0,0,0,0,0,0,0,0,0,0,0,0,0,0,0,0,0
201612,06,142000,067,2532,24638 ,00000 ,72203 ,472,40900, ,1,95630      ,4,9,12,Folsom,157,157,45734835,0,0,0,1,4,432643,0,0,0,157,157,45734835,0,0,0,1,4,432643,0,0,0
201612,06,143000,071,1030,24680 ,00000 ,196069 ,348,40140, , ,92335      ,4,9,12,Fontana,458,458,126466330,0,0,0,2,7,803423,4,23,3159854,458,458,126466330,0,0,0,2,7,803423,4,23,3159854
201612,06,147000,081,1062,25338 ,00000 ,30567 ,488,41860, , ,94404      ,4,9,12,Foster City,0,0,0,0,0,0,0,0,0,5,74,27767725,0,0,0,0,0,0,0,0,0,5,74,27767725
201612,06,148000,059,1065,25380 ,00000 ,55313 ,348,31080, ,1,92708      ,4,9,12,Fountain Valley,8,8,4538423,0,0,0,0,0,0,0,0,0,8,8,4538423,0,0,0,0,0,0,0,0,0
201612,06,149000,019,1070,25436 ,00000 ,5570 ,260,23420, , ,93625      ,4,9,12,Fowler,49,49,15973695,0,0,0,0,0,0,0,0,0,49,49,15973695,0,0,0,0,0,0,0,0,0
201612,06,150000,001,1080,26000 ,00000 ,214089 ,488,41860, , ,94538      ,4,9,11,Fremont,384,384,143088831,1,2,478910,9,34,8239130,6,154,29435679,365,365,136174133,1,2,478910,9,34,8239130,5,126,26598724
201612,06,151000,019,1090,27000 ,00000 ,494665 ,260,23420, ,1,937213604  ,4,9,12,Fresno,1005,1005,293974924,9,18,2084000,12,45,7422332,26,220,16658649,1005,1005,293974924,9,18,2084000,12,45,7422332,26,220,16658649
201612,06,152000,019,    ,99990 ,00000 ,171705 ,260,23420, , ,93721      ,4,9,12,Fresno County Unincorporated Area,144,144,41367635,0,0,0,0,0,0,0,0,0,144,144,41367635,0,0,0,0,0,0,0,0,0
201612,06,153000,059,1095,28000 ,00000 ,135161 ,348,31080, , ,92632      ,4,9,12,Fullerton,25,25,7200532,1,2,447858,0,0,0,2,72,11662802,25,25,7200532,1,2,447858,0,0,0,2,72,11662802
201612,06,154000,067,1100,28112 ,00000 ,23647 ,472,40900, , ,956322039  ,4,9,12,Galt,134,134,38223933,0,0,0,0,0,0,0,0,0,134,134,38223933,0,0,0,0,0,0,0,0,0
201612,06,155000,059,1110,29000 ,00000 ,170883 ,348,31080, , ,92840      ,4,9,12,Garden Grove,14,14,5355000,1,2,325000,0,0,0,0,0,0,14,14,5355000,1,2,325000,0,0,0,0,0,0
201612,06,156000,037,1105,28168 ,00000 ,58829 ,348,31080, ,1,90247      ,4,9,12,Gardena,95,95,17154182,0,0,0,0,0,0,1,7,729214,95,95,17154182,0,0,0,0,0,0,1,7,729214
201612,06,157000,085,1115,29504 ,00000 ,48821 ,488,41940, , ,950206141  ,4,9,12,Gilroy,312,312,125071949,0,0,0,0,0,0,7,462,5037382,312,312,125071949,0,0,0,0,0,0,7,462,5037382
201612,06,158000,037,2790,30000 ,00000 ,191719 ,348,31080, ,1,91206      ,4,9,12,Glendale,9,9,3771050,1,2,765000,2,8,2600000,11,1097,129238056,9,9,3771050,1,2,765000,2,8,2600000,11,1097,129238056
201612,06,159000,037,1135,30014 ,00000 ,50073 ,348,31080, , ,91741      ,4,9,12,Glendora,218,218,58053593,0,0,0,0,0,0,0,0,0,218,218,58053593,0,0,0,0,0,0,0,0,0
201612,06,161000,053,1143,30392 ,00000 ,8187 ,999,41500, , ,93926      ,4,9,12,Gonzales,0,0,0,0,0,0,0,0,0,0,0,0,0,0,0,0,0,0,0,0,0,0,0,0
201612,06,162000,071,1147,30658 ,00000 ,12040 ,348,40140, , ,923135295  ,4,9,9,Grand Terrace,21,21,5071527,0,0,0,0,0,0,0,0,0,18,18,4522638,0,0,0,0,0,0,0,0,0
201612,06,164000,053,1160,30994 ,00000 ,16330 ,999,41500, , ,93927      ,4,9,10,Greenfield,5,5,981215,0,0,0,0,0,0,2,10,1155168,3,3,616343,0,0,0,0,0,0,0,0,0
201612,06,169000,081,1195,31708 ,00000 ,11324 ,488,41860, , ,94019      ,4,9,5,Half Moon Bay,16,16,5657232,2,4,1000000,0,0,0,6,30,3927372,4,4,910500,2,4,1000000,0,0,0,0,0,0
201612,06,171000,037,1217,32506 ,00000 ,14254 ,348,31080, , ,90716      ,4,9,12,Hawaiian Gardens,1,1,52000,1,2,353951,0,0,0,0,0,0,1,1,52000,1,2,353951,0,0,0,0,0,0
201612,06,172000,037,1220,32548 ,00000 ,84293 ,348,31080, , ,90250      ,4,9,11,Hawthorne,0,0,0,0,0,0,0,0,0,2,34,2840201,0,0,0,0,0,0,0,0,0,1,22,1626558
201612,06,173000,001,1225,33000 ,00000 ,144186 ,488,41860, ,1,94541      ,4,9,12,Hayward,474,474,149002592,0,0,0,0,0,0,0,0,0,474,474,149002592,0,0,0,0,0,0,0,0,0
201612,06,174000,097,1230,33056 ,00000 ,11254 ,488,42220, , ,95448      ,4,9,11,Healdsburg,18,18,5228135,0,0,0,0,0,0,0,0,0,15,15,4254785,0,0,0,0,0,0,0,0,0
201612,06,175000,065,1235,33182 ,00000 ,78657 ,348,40140, , ,92343      ,4,9,12,Hemet,33,33,8670442,0,0,0,0,0,0,0,0,0,33,33,8670442,0,0,0,0,0,0,0,0,0
201612,06,176000,013,1245,33308 ,00000 ,24060 ,488,41860, , ,94547      ,4,9,12,Hercules,30,30,10151664,0,0,0,0,0,0,0,0,0,30,30,10151664,0,0,0,0,0,0,0,0,0
201612,06,177000,037,1246,33364 ,00000 ,19506 ,348,31080, , ,90254      ,4,9,12,Hermosa Beach,58,58,30048199,0,0,0,1,3,694859,0,0,0,58,58,30048199,0,0,0,1,3,694859,0,0,0
201612,06,178000,071,1247,33434 ,00000 ,90173 ,348,40140, , ,923453493  ,4,9,12,Hesperia,137,137,30013668,35,70,8228813,0,0,0,4,96,6355027,137,137,30013668,35,70,8228813,0,0,0,4,96,6355027
201612,06,179000,037,1252,33518 ,00000 ,1856 ,348,31080, , ,91302      ,4,9,12,Hidden Hills,2,2,2956198,0,0,0,0,0,0,0,0,0,2,2,2956198,0,0,0,0,0,0,0,0,0
201612,06,180000,071,1260,33588 ,00000 ,53104 ,348,40140, , ,92346      ,4,9,5,Highland,37,37,9129303,0,0,0,0,0,0,0,0,0,33,33,8168407,0,0,0,0,0,0,0,0,0
201612,06,181000,081,1265,33798 ,00000 ,10825 ,488,41860, , ,94010      ,4,9,12,Hillsborough town,12,12,16332875,0,0,0,0,0,0,0,0,0,12,12,16332875,0,0,0,0,0,0,0,0,0
201612,06,182000,069,1270,34120 ,00000 ,34928 ,488,41940, , ,95023      ,4,9,12,Hollister,331,331,79624663,0,0,0,0,0,0,1,5,1398501,331,331,79624663,0,0,0,0,0,0,1,5,1398501
201612,06,185000,023,    ,99990 ,00000 ,71916 ,999,99999, , ,95501      ,4,9,12,Humboldt County Unincorporated Area,118,118,17998392,0,0,0,0,0,0,3,21,1055926,118,118,17998392,0,0,0,0,0,0,3,21,1055926
201612,06,186000,059,1300,36000 ,00000 ,189992 ,348,31080, , ,92648      ,4,9,12,Huntington Beach,32,32,12896520,1,2,273783,4,15,2551242,12,810,125707426,32,32,12896520,1,2,273783,4,15,2551242,12,810,125707426
201612,06,187000,037,1305,36056 ,00000 ,58114 ,348,31080, , ,90255      ,4,9,11,Huntington Park,1,1,182000,0,0,0,0,0,0,1,20,2158000,1,1,182000,0,0,0,0,0,0,1,20,2158000
201612,06,188000,019,1310,36084 ,00000 ,6754 ,260,23420, , ,93234      ,4,9,12,Huron,30,30,3600000,0,0,0,0,0,0,7,56,4800000,30,30,3600000,0,0,0,0,0,0,7,56,4800000
201612,06,189000,025,1317,36280 ,00000 ,14758 ,999,20940,2, ,92251      ,4,9,11,Imperial,123,123,26487513,0,0,0,0,0,0,0,0,0,118,118,25322638,0,0,0,0,0,0,0,0,0
201612,06,190000,073,1320,36294 ,00000 ,26324 ,999,41740, , ,91932      ,4,9,12,Imperial Beach,14,14,2565925,1,2,350000,2,6,600000,2,12,1721866,14,14,2565925,1,2,350000,2,6,600000,2,12,1721866
201612,06,191000,025,    ,99990 ,00000 ,37778 ,999,20940,2, ,922432811  ,4,9,6,Imperial County Unincorporated Area,5,5,948935,0,0,0,0,0,0,0,0,0,3,3,584027,0,0,0,0,0,0,0,0,0
201612,06,192000,065,1327,36434 ,00000 ,4958 ,348,40140, , ,92260      ,4,9,12,Indian Wells,36,36,12848860,0,0,0,0,0,0,0,0,0,36,36,12848860,0,0,0,0,0,0,0,0,0
201612,06,193000,065,1330,36448 ,00000 ,76036 ,348,40140, , ,92201      ,4,9,12,Indio,242,242,40422609,0,0,0,0,0,0,0,0,0,242,242,40422609,0,0,0,0,0,0,0,0,0
201612,06,194000,037,1335,36490 ,00000 ,219 ,348,31080, , ,918021460  ,4,9,12,Industry,0,0,0,0,0,0,0,0,0,0,0,0,0,0,0,0,0,0,0,0,0,0,0,0
201612,06,195000,037,1340,36546 ,00000 ,109673 ,348,31080, , ,90301      ,4,9,9,Inglewood,3,3,569560,3,6,1199240,0,0,0,1,7,1408000,3,3,569560,2,4,863240,0,0,0,1,7,1408000
201612,06,198000,059,1347,36770 ,00000 ,212375 ,348,31080, ,1,92714      ,4,9,12,Irvine,1461,1461,398091382,40,80,19057098,92,311,65945561,87,2785,441097833,1461,1461,398091382,40,80,19057098,92,311,65945561,87,2785,441097833
201612,06,199000,037,1350,36826 ,00000 ,1422 ,348,31080, , ,91706      ,4,9,12,Irwindale,11,11,2585000,0,0,0,0,0,0,0,0,0,11,11,2585000,0,0,0,0,0,0,0,0,0
201612,06,200000,067,1355,36882 ,00000 ,804 ,472,40900, , ,95641      ,4,9,12,Isleton,1,1,150000,0,0,0,0,0,0,0,0,0,1,1,150000,0,0,0,0,0,0,0,0,0
201612,06,202000,019,1390,38226 ,00000 ,13544 ,260,23420, , ,93630      ,4,9,12,Kerman,92,92,12005206,0,0,0,0,0,0,0,0,0,92,92,12005206,0,0,0,0,0,0,0,0,0
201612,06,203000,029,    ,99990 ,00000 ,297932 ,999,12540, , ,93301      ,4,9,7,Kern County Unincorporated Area,262,262,42251780,2,4,266213,2,6,410024,0,0,0,150,150,24579020,1,2,112186,0,0,0,0,0,0
201612,06,206000,019,1405,38562 ,00000 ,11382 ,260,23420, , ,936311908  ,4,9,12,Kingsburg,51,51,13935460,6,12,2111184,0,0,0,0,0,0,51,51,13935460,6,12,2111184,0,0,0,0,0,0
201612,06,207000,037,1410,39003 ,00000 ,20246 ,348,31080, , ,910112137  ,4,9,12,La Canada Flintridge,13,13,15560735,0,0,0,0,0,0,0,0,0,13,13,15560735,0,0,0,0,0,0,0,0,0
201612,06,208000,059,1428,39290 ,00000 ,60239 ,348,31080, , ,90631      ,4,9,12,La Habra,12,12,3873931,2,4,580806,0,0,0,7,331,34038011,12,12,3873931,2,4,580806,0,0,0,7,331,34038011
201612,06,209000,037,1429,39304 ,00000 ,5325 ,348,31080, , ,90631      ,4,9,12,La Habra Heights,3,3,3060128,0,0,0,0,0,0,0,0,0,3,3,3060128,0,0,0,0,0,0,0,0,0
201612,06,210000,073,1460,40004 ,00000 ,57065 ,999,41740, , ,919425502  ,4,9,12,La Mesa,5,5,997342,2,4,500979,2,7,616306,5,84,7137445,5,5,997342,2,4,500979,2,7,616306,5,84,7137445
201612,06,211000,037,1462,40032 ,00000 ,48527 ,348,31080, , ,90638      ,4,9,6,La Mirada,0,0,0,0,0,0,0,0,0,0,0,0,0,0,0,0,0,0,0,0,0,0,0,0
201612,06,212000,059,1477,40256 ,00000 ,15568 ,348,31080, , ,90623      ,4,9,12,La Palma,10,10,3565725,0,0,0,0,0,0,0,0,0,10,10,3565725,0,0,0,0,0,0,0,0,0
201612,06,213000,037,1480,40340 ,00000 ,39816 ,348,31080, , ,917444719  ,4,9,12,La Puente,6,6,969775,0,0,0,0,0,0,0,0,0,6,6,969775,0,0,0,0,0,0,0,0,0
201612,06,214000,065,1482,40354 ,00000 ,37467 ,348,40140, , ,92253      ,4,9,12,La Quinta,102,102,28986873,0,0,0,0,0,0,0,0,0,102,102,28986873,0,0,0,0,0,0,0,0,0
201612,06,215000,037,1500,40830 ,00000 ,31063 ,348,31080, , ,91750      ,4,9,12,La Verne,15,15,8069000,0,0,0,0,0,0,0,0,0,15,15,8069000,0,0,0,0,0,0,0,0,0
201612,06,217000,059,1418,39178 ,00000 ,22723 ,348,31080, , ,92651      ,4,9,11,Laguna Beach,22,22,13480991,2,4,1143825,0,0,0,0,0,0,20,20,12197119,2,4,1143825,0,0,0,0,0,0
201612,06,217500,059,1419,39220 ,00000 ,30344 ,348,31080, , ,92653      ,4,9,12,Laguna Hills,1,1,1285000,0,0,0,0,0,0,0,0,0,1,1,1285000,0,0,0,0,0,0,0,0,0
201612,06,218000,059,1421,39248 ,00000 ,62979 ,348,31080, , ,92677      ,4,9,12,Laguna Niguel,1,1,1044900,0,0,0,0,0,0,2,548,102816615,1,1,1044900,0,0,0,0,0,0,2,548,102816615
201612,06,218500,059,1425,39259 ,00000 ,16192 ,348,31080, , ,92637      ,4,9,12,Laguna Woods,0,0,0,0,0,0,0,0,0,0,0,0,0,0,0,0,0,0,0,0,0,0,0,0
201612,06,220000,065,1438,39486 ,00000 ,51821 ,348,40140, , ,92330      ,4,9,12,Lake Elsinore,580,580,158891360,0,0,0,0,0,0,0,0,0,580,580,158891360,0,0,0,0,0,0,0,0,0
201612,06,220500,059,3714,39496 ,00000 ,77264 ,348,31080, , ,92630      ,4,9,12,Lake Forest,513,513,142909050,0,0,0,0,0,0,0,0,0,513,513,142909050,0,0,0,0,0,0,0,0,0
201612,06,222000,037,1459,39892 ,00000 ,80048 ,348,31080, , ,90712      ,4,9,12,Lakewood,3,3,670320,0,0,0,0,0,0,0,0,0,3,3,670320,0,0,0,0,0,0,0,0,0
201612,06,223000,037,1476,40130 ,00000 ,156633 ,348,31080, , ,93534      ,4,9,12,Lancaster,91,91,34451790,0,0,0,0,0,0,7,156,16102920,91,91,34451790,0,0,0,0,0,0,7,156,16102920
201612,06,224000,041,1485,40438 ,00000 ,11926 ,488,41860, , ,949392035  ,4,9,12,Larkspur,6,6,4457538,0,0,0,0,0,0,0,0,0,6,6,4457538,0,0,0,0,0,0,0,0,0
201612,06,226000,077,1490,40704 ,00000 ,18023 ,488,44700, , ,95330      ,4,9,12,Lathrop,148,148,49221224,0,0,0,0,0,0,0,0,0,148,148,49221224,0,0,0,0,0,0,0,0,0
201612,06,227000,037,1505,40886 ,00000 ,32769 ,348,31080, , ,90260      ,4,9,0,Lawndale,3,3,505743,0,0,0,0,0,0,0,0,0,0,0,0,0,0,0,0,0,0,0,0,0
201612,06,228000,073,1512,41124 ,00000 ,25320 ,999,41740, , ,92045      ,4,9,12,Lemon Grove,3,3,322984,0,0,0,0,0,0,2,100,13995536,3,3,322984,0,0,0,0,0,0,2,100,13995536
201612,06,230000,061,1535,41474 ,00000 ,42819 ,472,40900, , ,95648      ,4,9,12,Lincoln,217,217,71199630,0,0,0,0,0,0,0,0,0,217,217,71199630,0,0,0,0,0,0,0,0,0
201612,06,233000,001,1570,41992 ,00000 ,80968 ,488,41860, , ,94550      ,4,9,12,Livermore,261,261,67925612,0,0,0,4,15,3667653,8,54,13704542,261,261,67925612,0,0,0,4,15,3667653,8,54,13704542
201612,06,234000,047,1575,42006 ,00000 ,13058 ,382,32900, , ,95334      ,4,9,12,Livingston,34,34,11517116,0,0,0,0,0,0,0,0,0,34,34,11517116,0,0,0,0,0,0,0,0,0
201612,06,236000,071,1588,42370 ,00000 ,23261 ,348,40140, , ,92354      ,4,9,12,Loma Linda,3,3,590000,0,0,0,0,0,0,0,0,0,3,3,590000,0,0,0,0,0,0,0,0,0
201612,06,237000,037,4146,42468 ,00000 ,20256 ,348,31080, , ,918021460  ,4,9,12,Lomita,6,6,2453074,0,0,0,0,0,0,1,13,1387500,6,6,2453074,0,0,0,0,0,0,1,13,1387500
201612,06,239000,037,1610,43000 ,00000 ,462257 ,348,31080, ,1,90802      ,4,9,12,Long Beach,22,22,8182168,2,4,652130,0,0,0,1,94,14637214,22,22,8182168,2,4,652130,0,0,0,1,94,14637214
201612,06,240000,061,1612,43140 ,00000 ,6430 ,472,40900, , ,956501330  ,4,9,0,Loomis town,16,16,5230464,0,0,0,0,0,0,0,0,0,0,0,0,0,0,0,0,0,0,0,0,0
201612,06,241000,059,4200,43224 ,00000 ,11449 ,348,31080, , ,90720      ,4,9,12,Los Alamitos,2,2,750000,0,0,0,0,0,0,1,5,750000,2,2,750000,0,0,0,0,0,0,1,5,750000
201612,06,242000,085,1620,43280 ,00000 ,28976 ,488,41940, , ,94022      ,4,9,12,Los Altos,52,52,47780190,0,0,0,0,0,0,0,0,0,52,52,47780190,0,0,0,0,0,0,0,0,0
201612,06,243000,085,1625,43294 ,00000 ,7922 ,488,41940, , ,94022      ,4,9,12,Los Altos Hills town,34,34,25520898,0,0,0,0,0,0,0,0,0,34,34,25520898,0,0,0,0,0,0,0,0,0
201612,06,244000,037,1630,44000 ,00000 ,3792621 ,348,31080, ,1,90012      ,4,9,12,Los Angeles,1796,1796,864535489,333,666,121905114,26,89,26575815,256,11339,2085644389,1796,1796,864535489,333,666,121905114,26,89,26575815,256,11339,2085644389
201612,06,245000,037,    ,99990 ,00000 ,1057426 ,348,31080, , ,918021460  ,4,9,12,Los Angeles County Unincorporated Area,481,481,216864074,28,56,12972890,9,34,6773876,3,67,8528000,481,481,216864074,28,56,12972890,9,34,6773876,3,67,8528000
201612,06,247000,085,1640,44112 ,00000 ,29413 ,488,41940, , ,95030      ,4,9,12,Los Gatos town,51,51,39768877,0,0,0,0,0,0,0,0,0,51,51,39768877,0,0,0,0,0,0,0,0,0
201612,06,249000,037,1660,44574 ,00000 ,69772 ,348,31080, , ,90262      ,4,9,12,Lynwood,6,6,1680000,0,0,0,0,0,0,0,0,0,6,6,1680000,0,0,0,0,0,0,0,0,0
201612,06,250000,039,1680,45022 ,00000 ,61416 ,260,31460, ,1,93637      ,4,9,12,Madera,185,185,26364673,0,0,0,0,0,0,0,0,0,185,185,26364673,0,0,0,0,0,0,0,0,0
201612,06,251000,039,    ,99990 ,00000 ,70729 ,260,31460, , ,93637      ,4,9,12,Madera County Unincorporated Area,100,100,23683154,0,0,0,0,0,0,0,0,0,100,100,23683154,0,0,0,0,0,0,0,0,0
201612,06,251500,037,1685,45246 ,00000 ,12645 ,348,31080, , ,902654865  ,4,9,12,Malibu,8,8,16531306,0,0,0,0,0,0,0,0,0,8,8,16531306,0,0,0,0,0,0,0,0,0
201612,06,252000,051,1687,45358 ,00000 ,8234 ,999,99999, , ,93546      ,4,9,12,Mammoth Lakes town,16,16,7268583,0,0,0,0,0,0,0,0,0,16,16,7268583,0,0,0,0,0,0,0,0,0
201612,06,253000,037,1690,45400 ,00000 ,35135 ,348,31080, , ,90266      ,4,9,12,Manhattan Beach,116,116,79885023,0,0,0,0,0,0,0,0,0,116,116,79885023,0,0,0,0,0,0,0,0,0
201612,06,254000,077,4434,45484 ,00000 ,67096 ,488,44700, , ,95337      ,4,9,12,Manteca,593,593,119720535,0,0,0,0,0,0,0,0,0,593,593,119720535,0,0,0,0,0,0,0,0,0
201612,06,256000,041,    ,99990 ,00000 ,67427 ,488,41860, , ,94903      ,4,9,12,Marin County Unincorporated Area,38,38,24625050,0,0,0,0,0,0,0,0,0,38,38,24625050,0,0,0,0,0,0,0,0,0
201612,06,259000,013,1710,46114 ,00000 ,35824 ,488,41860, , ,945532394  ,4,9,12,Martinez,27,27,4274800,0,0,0,0,0,0,0,0,0,27,27,4274800,0,0,0,0,0,0,0,0,0
201612,06,261000,037,1730,46492 ,00000 ,27395 ,348,31080, , ,90270      ,4,9,12,Maywood,1,1,254000,0,0,0,0,0,0,0,0,0,1,1,254000,0,0,0,0,0,0,0,0,0
201612,06,263000,045,    ,99990 ,00000 ,59156 ,999,99999,2, ,95482      ,4,9,8,Mendocino County Unincorporated Area,100,100,10855441,0,0,0,0,0,0,0,0,0,67,67,6181214,0,0,0,0,0,0,0,0,0
201612,06,264000,019,1740,46828 ,00000 ,11014 ,260,23420, , ,93640      ,4,9,0,Mendota,0,0,0,0,0,0,0,0,0,0,0,0,0,0,0,0,0,0,0,0,0,0,0,0
201612,06,265000,081,1745,46870 ,00000 ,32026 ,488,41860, , ,94025      ,4,9,1,Menlo Park,51,51,34449041,0,0,0,0,0,0,9,166,20848311,0,0,0,0,0,0,0,0,0,0,0,0
201612,06,265300,065,1743,46842 ,00000 ,77519 ,348,40140, , ,92586      ,4,9,12,Menifee,565,565,153813975,0,0,0,0,0,0,0,0,0,565,565,153813975,0,0,0,0,0,0,0,0,0
201612,06,267000,047,    ,99990 ,00000 ,89167 ,382,32900, , ,95340      ,4,9,12,Merced County Unincorporated Area,114,114,24177716,0,0,0,0,0,0,0,0,0,114,114,24177716,0,0,0,0,0,0,0,0,0
201612,06,268000,041,1765,47710 ,00000 ,13903 ,488,41860, , ,94941      ,4,9,7,Mill Valley,6,6,5393275,0,0,0,0,0,0,0,0,0,1,1,1686000,0,0,0,0,0,0,0,0,0
201612,06,269000,081,1760,47486 ,00000 ,21532 ,488,41860, , ,94030      ,4,9,12,Millbrae,0,0,0,0,0,0,0,0,0,0,0,0,0,0,0,0,0,0,0,0,0,0,0,0
201612,06,270000,085,1770,47766 ,00000 ,66790 ,488,41940, ,1,950355479  ,4,9,12,Milpitas,104,104,34489380,0,0,0,0,0,0,7,55,14292617,104,104,34489380,0,0,0,0,0,0,7,55,14292617
201612,06,271000,059,1786,48256 ,00000 ,93305 ,348,31080, , ,92691      ,4,9,12,Mission Viejo,32,32,9563625,0,0,0,0,0,0,0,0,0,32,32,9563625,0,0,0,0,0,0,0,0,0
201612,06,275000,037,1800,48648 ,00000 ,36590 ,348,31080, , ,910165107  ,4,9,6,Monrovia,18,18,4300502,0,0,0,0,0,0,0,0,0,11,11,2230390,0,0,0,0,0,0,0,0,0
201612,06,277000,071,1815,48788 ,00000 ,36664 ,348,40140, , ,91763      ,4,9,12,Montclair,35,35,10999350,1,2,332500,0,0,0,3,24,3800212,35,35,10999350,1,2,332500,0,0,0,3,24,3800212
201612,06,278000,085,1835,48956 ,00000 ,3341 ,488,41940, , ,95030      ,4,9,12,Monte Sereno,9,9,12245771,1,2,1480748,0,0,0,0,0,0,9,9,12245771,1,2,1480748,0,0,0,0,0,0
201612,06,279000,037,1820,48816 ,00000 ,62500 ,348,31080, , ,90640      ,4,9,12,Montebello,1,1,235139,0,0,0,0,0,0,0,0,0,1,1,235139,0,0,0,0,0,0,0,0,0
201612,06,281000,053,    ,99990 ,00000 ,100213 ,999,41500, , ,93901      ,4,9,12,Monterey County Unincorporated Area,253,253,69773631,1,2,215865,6,23,5268834,2,46,7317355,253,253,69773631,1,2,215865,6,23,5268834,2,46,7317355
201612,06,282000,037,1830,48914 ,00000 ,60269 ,348,31080, ,1,91754      ,4,9,12,Monterey Park,61,61,16011027,0,0,0,0,0,0,0,0,0,61,61,16011027,0,0,0,0,0,0,0,0,0
201612,06,285000,065,1849,49270 ,00000 ,193365 ,348,40140, , ,925520805  ,4,9,11,Moreno Valley,112,112,41826068,0,0,0,0,0,0,15,120,13033206,100,100,37858963,0,0,0,0,0,0,15,120,13033206
201612,06,286000,085,1850,49278 ,00000 ,37882 ,488,41940, , ,95037      ,4,9,12,Morgan Hill,166,166,48874911,1,2,227308,11,36,8390221,7,70,16247665,166,166,48874911,1,2,227308,11,36,8390221,7,70,16247665
201612,06,289000,085,1863,49670 ,00000 ,74066 ,488,41940, ,1,94039      ,4,9,12,Mountain View,107,107,32951539,0,0,0,8,29,7514379,10,362,54676346,107,107,32951539,0,0,0,8,29,7514379,10,362,54676346
201612,06,290000,065,1877,50076 ,00000 ,103466 ,348,40140, , ,92362      ,4,9,12,Murrieta,143,143,38793413,0,0,0,10,34,3541950,20,102,10921090,143,143,38793413,0,0,0,10,34,3541950,20,102,10921090
201612,06,293000,073,1885,50398 ,00000 ,58582 ,999,41740, , ,919504397  ,4,9,3,National City,7,7,1555663,0,0,0,0,0,0,9,62,12497018,0,0,0,0,0,0,0,0,0,0,0,0
201612,06,294000,071,1890,50734 ,00000 ,4844 ,348,40140, , ,92363      ,4,9,11,Needles,0,0,0,0,0,0,0,0,0,0,0,0,0,0,0,0,0,0,0,0,0,0,0,0
201612,06,296000,057,    ,99990 ,00000 ,66656 ,999,99999,2, ,95959      ,4,9,12,Nevada County Unincorporated Area,143,143,29258669,3,6,474219,0,0,0,0,0,0,143,143,29258669,3,6,474219,0,0,0,0,0,0
201612,06,297000,001,1900,50916 ,00000 ,42573 ,488,41860, , ,94560      ,4,9,9,Newark,220,220,66592885,0,0,0,4,14,3997986,30,196,50614586,201,201,60246319,0,0,0,4,14,3997986,27,179,45785886
201612,06,299000,059,1912,51182 ,00000 ,85186 ,348,31080, ,1,92660      ,4,9,0,Newport Beach,108,108,89769568,18,36,12000216,1,3,1061398,0,0,0,0,0,0,0,0,0,0,0,0,0,0,0
201612,06,300000,065,1919,51560 ,00000 ,27063 ,348,40140, , ,92860      ,4,9,12,Norco,3,3,678467,0,0,0,0,0,0,0,0,0,3,3,678467,0,0,0,0,0,0,0,0,0
201612,06,301000,037,1950,52526 ,00000 ,105549 ,348,31080, , ,90650      ,4,9,12,Norwalk,24,24,3993626,0,0,0,5,19,3182760,0,0,0,24,24,3993626,0,0,0,5,19,3182760,0,0,0
201612,06,302000,041,1955,52582 ,00000 ,51904 ,488,41860, , ,94945      ,4,9,12,Novato,10,10,4592803,0,0,0,0,0,0,0,0,0,10,10,4592803,0,0,0,0,0,0,0,0,0
201612,06,304000,001,1970,53000 ,00000 ,390724 ,488,41860, ,1,94612      ,4,9,12,Oakland,181,181,72308496,4,8,1604336,4,12,2617232,28,1934,294390613,181,181,72308496,4,8,1604336,4,12,2617232,28,1934,294390613
201612,06,304100,013,1975,53070 ,00000 ,35432 ,488,41860, , ,94561      ,4,9,12,Oakley,295,295,84304675,0,0,0,0,0,0,0,0,0,295,295,84304675,0,0,0,0,0,0,0,0,0
201612,06,305000,073,1990,53322 ,00000 ,167086 ,999,41740, , ,92054      ,4,9,12,Oceanside,26,26,8526804,0,0,0,15,45,6387000,18,318,43194041,26,26,8526804,0,0,0,15,45,6387000,18,318,43194041
201612,06,307000,071,2005,53896 ,00000 ,163924 ,348,40140, ,1,91764      ,4,9,12,Ontario,448,448,88899356,0,0,0,0,0,0,29,206,25065964,448,448,88899356,0,0,0,0,0,0,29,206,25065964
201612,06,308000,059,2015,53980 ,00000 ,136416 ,348,31080, ,1,92866      ,4,9,12,Orange,10,10,1682164,5,10,934483,0,0,0,6,126,18193367,10,10,1682164,5,10,934483,0,0,0,6,126,18193367
201612,06,309000,059,    ,99990 ,00000 ,121160 ,348,31080, , ,927035000  ,4,9,12,Orange County Unincorporated Area,687,687,241147907,3,6,1242200,0,0,0,18,379,43391462,687,687,241147907,3,6,1242200,0,0,0,18,379,43391462
201612,06,310000,019,2020,54008 ,00000 ,9078 ,260,23420, , ,93646      ,4,9,12,Orange Cove,5,5,666363,0,0,0,0,0,0,0,0,0,5,5,666363,0,0,0,0,0,0,0,0,0
201612,06,313000,007,2045,54386 ,00000 ,15546 ,999,17020, , ,95965      ,4,9,12,Oroville,15,15,2820755,0,0,0,0,0,0,0,0,0,15,15,2820755,0,0,0,0,0,0,0,0,0
201612,06,314000,111,2050,54652 ,00000 ,197899 ,348,37100, ,1,93030      ,4,9,0,Oxnard,96,96,23982388,0,0,0,12,44,6934800,19,452,53551269,0,0,0,0,0,0,0,0,0,0,0,0
201612,06,316000,081,2060,54806 ,00000 ,37234 ,488,41860, , ,94044      ,4,9,12,Pacifica,8,8,3126800,1,2,685200,1,3,1163100,0,0,0,8,8,3126800,1,2,685200,1,3,1163100,0,0,0
201612,06,317000,065,2080,55184 ,00000 ,48445 ,348,40140, , ,92260      ,4,9,12,Palm Desert,75,75,42708628,0,0,0,2,6,1232452,4,207,33075000,75,75,42708628,0,0,0,2,6,1232452,4,207,33075000
201612,06,318000,065,2085,55254 ,00000 ,44552 ,348,40140, , ,92263      ,4,9,12,Palm Springs,137,137,48601658,0,0,0,0,0,0,0,0,0,137,137,48601658,0,0,0,0,0,0,0,0,0
201612,06,319000,037,2072,55156 ,00000 ,152750 ,348,31080, , ,93550      ,4,9,12,Palmdale,169,169,37243632,0,0,0,0,0,0,0,0,0,169,169,37243632,0,0,0,0,0,0,0,0,0
201612,06,320000,085,2090,55282 ,00000 ,64403 ,488,41940, ,1,94301      ,4,9,12,Palo Alto,85,85,55212447,0,0,0,0,0,0,1,13,1300000,85,85,55212447,0,0,0,0,0,0,1,13,1300000
201612,06,321000,037,2095,55380 ,00000 ,13438 ,348,31080, , ,90274      ,4,9,0,Palos Verdes Estates,15,15,10958655,0,0,0,0,0,0,0,0,0,0,0,0,0,0,0,0,0,0,0,0,0
201612,06,323000,037,2105,55618 ,00000 ,54098 ,348,31080, , ,90723      ,4,9,12,Paramount,20,20,4528935,0,0,0,0,0,0,0,0,0,20,20,4528935,0,0,0,0,0,0,0,0,0
201612,06,324000,019,2120,55856 ,00000 ,14494 ,260,23420, , ,936482433  ,4,9,0,Parlier,18,18,2130210,0,0,0,0,0,0,0,0,0,0,0,0,0,0,0,0,0,0,0,0,0
201612,06,325000,037,5508,56000 ,00000 ,137122 ,348,31080, ,1,911011704  ,4,9,12,Pasadena,33,33,8959225,0,0,0,1,4,1233110,15,373,104213647,33,33,8959225,0,0,0,1,4,1233110,15,373,104213647
201612,06,328000,065,5568,56700 ,00000 ,68386 ,348,40140, , ,925702200  ,4,9,0,Perris,157,157,18102308,0,0,0,0,0,0,15,106,7368921,0,0,0,0,0,0,0,0,0,0,0,0
201612,06,330000,037,2145,56924 ,00000 ,62942 ,348,31080, , ,906601016  ,4,9,4,Pico Rivera,2,2,470568,0,0,0,0,0,0,0,0,0,0,0,0,0,0,0,0,0,0,0,0,0
201612,06,331000,001,2150,56938 ,00000 ,10667 ,488,41860, , ,94611      ,4,9,11,Piedmont,3,3,3557143,0,0,0,0,0,0,0,0,0,2,2,3000000,0,0,0,0,0,0,0,0,0
201612,06,332000,013,2160,57288 ,00000 ,18390 ,488,41860, , ,94564      ,4,9,0,Pinole,0,0,0,0,0,0,0,0,0,0,0,0,0,0,0,0,0,0,0,0,0,0,0,0
201612,06,334000,013,2175,57456 ,00000 ,63264 ,488,41860, , ,94565      ,4,9,11,Pittsburg,174,174,40426642,0,0,0,0,0,0,13,244,33248741,153,153,36099401,0,0,0,0,0,0,12,230,31498741
201612,06,335000,059,2195,57526 ,00000 ,50533 ,348,31080, , ,92870      ,4,9,9,Placentia,50,50,12901219,0,0,0,0,0,0,1,5,935664,38,38,9817556,0,0,0,0,0,0,0,0,0
201612,06,336000,061,    ,99990 ,00000 ,108128 ,472,40900, , ,95603      ,4,9,12,Placer County Unincorporated Area,430,430,222324355,1,2,368483,0,0,0,1,32,10726494,430,430,222324355,1,2,368483,0,0,0,1,32,10726494
201612,06,337000,017,2200,57540 ,00000 ,10389 ,472,40900, , ,95667      ,4,9,10,Placerville,71,71,13427480,0,0,0,0,0,0,0,0,0,67,67,12681434,0,0,0,0,0,0,0,0,0
201612,06,338000,013,2210,57764 ,00000 ,33152 ,488,41860, , ,94523      ,4,9,11,Pleasant Hill,6,6,2402125,0,0,0,0,0,0,0,0,0,6,6,2402125,0,0,0,0,0,0,0,0,0
201612,06,339000,001,2215,57792 ,00000 ,70285 ,488,41860, ,1,94566      ,4,9,10,Pleasanton,55,55,32893263,1,2,418225,0,0,0,22,475,88010185,37,37,23120020,1,2,418225,0,0,0,15,257,56068675
201612,06,340000,063,    ,99990 ,00000 ,17903 ,999,99999, , ,959719143  ,4,9,12,Plumas County Unincorporated Area,45,45,7764653,0,0,0,0,0,0,0,0,0,45,45,7764653,0,0,0,0,0,0,0,0,0
201612,06,343000,037,2230,58072 ,00000 ,149058 ,348,31080, , ,91766      ,4,9,12,Pomona,75,75,14590382,0,0,0,3,12,1943391,14,127,21790750,75,75,14590382,0,0,0,3,12,1943391,14,127,21790750
201612,06,345000,107,2245,58240 ,00000 ,54165 ,546,47300, ,1,93257      ,4,9,12,Porterville,43,43,11501953,0,0,0,0,0,0,0,0,0,43,43,11501953,0,0,0,0,0,0,0,0,0
201612,06,346000,063,2255,58352 ,00000 ,2104 ,999,99999, , ,96122      ,4,9,12,Portola,2,2,231000,0,0,0,0,0,0,0,0,0,2,2,231000,0,0,0,0,0,0,0,0,0
201612,06,347000,081,2257,58380 ,00000 ,4353 ,488,41860, , ,94028      ,4,9,11,Portola Valley town,8,8,19353984,0,0,0,0,0,0,0,0,0,7,7,17468627,0,0,0,0,0,0,0,0,0
201612,06,348000,073,2260,58520 ,00000 ,47811 ,999,41740, , ,92064      ,4,9,12,Poway,18,18,10089270,0,0,0,0,0,0,0,0,0,18,18,10089270,0,0,0,0,0,0,0,0,0
201612,06,348900,067,2277,59444 ,00000 ,64776 ,472,40900, ,1,956706111  ,4,9,12,Rancho Cordova,326,326,95970105,0,0,0,0,0,0,0,0,0,326,326,95970105,0,0,0,0,0,0,0,0,0
201612,06,349000,071,2278,59451 ,00000 ,165269 ,348,40140, , ,91730      ,4,9,12,Rancho Cucamonga,165,165,50406551,0,0,0,0,0,0,0,0,0,165,165,50406551,0,0,0,0,0,0,0,0,0
201612,06,350000,065,2281,59500 ,00000 ,17218 ,348,40140, , ,92270      ,4,9,12,Rancho Mirage,47,47,18344224,0,0,0,0,0,0,0,0,0,47,47,18344224,0,0,0,0,0,0,0,0,0
201612,06,351000,037,2284,59514 ,00000 ,41643 ,348,31080, , ,90274      ,4,9,12,Rancho Palos Verdes,15,15,2096364,0,0,0,0,0,0,0,0,0,15,15,2096364,0,0,0,0,0,0,0,0,0
201612,06,351500,059,2288,59587 ,00000 ,47853 ,348,31080, , ,926882824  ,4,9,12,Rancho Santa Margarita,33,33,4119775,0,0,0,0,0,0,0,0,0,33,33,4119775,0,0,0,0,0,0,0,0,0
201612,06,353000,089,2296,59920 ,00000 ,89861 ,454,39820, ,1,96001      ,4,9,12,Redding,133,133,29076172,0,0,0,0,0,0,0,0,0,133,133,29076172,0,0,0,0,0,0,0,0,0
201612,06,354000,071,2297,59962 ,00000 ,68747 ,348,40140, ,1,92373      ,4,9,9,Redlands,43,43,8195639,0,0,0,0,0,0,3,15,636534,28,28,4448444,0,0,0,0,0,0,0,0,0
201612,06,355000,037,2300,60018 ,00000 ,66748 ,348,31080, , ,90277      ,4,9,12,Redondo Beach,123,123,39932387,0,0,0,0,0,0,0,0,0,123,123,39932387,0,0,0,0,0,0,0,0,0
201612,06,356000,081,2305,60102 ,00000 ,76815 ,488,41860, ,1,940640391  ,4,9,8,Redwood City,32,32,13108591,1,2,650000,0,0,0,10,495,78968439,21,21,9284761,1,2,650000,0,0,0,6,347,47480352
201612,06,357000,019,2315,60242 ,00000 ,24194 ,260,23420, , ,93654      ,4,9,11,Reedley,7,7,841033,0,0,0,0,0,0,0,0,0,7,7,841033,0,0,0,0,0,0,0,0,0
201612,06,358000,071,2320,60466 ,00000 ,99171 ,348,40140, , ,92376      ,4,9,10,Rialto,0,0,0,0,0,0,0,0,0,1,15,1852937,0,0,0,0,0,0,0,0,0,1,15,1852937
201612,06,359000,013,2330,60620 ,00000 ,103701 ,488,41860, , ,94804      ,4,9,1,Richmond,66,66,13642832,0,0,0,0,0,0,3,15,2781213,0,0,0,0,0,0,0,0,0,0,0,0
201612,06,364000,099,2360,61068 ,00000 ,22678 ,382,33700, , ,95367      ,4,9,12,Riverbank,47,47,6824520,0,0,0,0,0,0,0,0,0,47,47,6824520,0,0,0,0,0,0,0,0,0
201612,06,365000,065,2370,62000 ,00000 ,303871 ,348,40140, ,1,92522      ,4,9,12,Riverside,219,219,48458903,0,0,0,0,0,0,8,254,18940194,219,219,48458903,0,0,0,0,0,0,8,254,18940194
201612,06,366000,065,    ,99990 ,00000 ,504392 ,348,40140, , ,92501      ,4,9,12,Riverside County Unincorporated Area,1512,1512,418502232,0,0,0,0,0,0,0,0,0,1512,1512,418502232,0,0,0,0,0,0,0,0,0
201612,06,367000,061,2375,62364 ,00000 ,56974 ,472,40900, , ,95677      ,4,9,12,Rocklin,561,561,154772347,0,0,0,0,0,0,11,220,22918761,561,561,154772347,0,0,0,0,0,0,11,220,22918761
201612,06,368000,097,2377,62546 ,00000 ,40971 ,488,42220, , ,949282411  ,4,9,12,Rohnert Park,122,122,18287425,0,0,0,0,0,0,0,0,0,122,122,18287425,0,0,0,0,0,0,0,0,0
201612,06,369000,037,2385,62602 ,00000 ,1860 ,348,31080, , ,918021460  ,4,9,12,Rolling Hills,0,0,0,0,0,0,0,0,0,0,0,0,0,0,0,0,0,0,0,0,0,0,0,0
201612,06,370000,037,2387,62644 ,00000 ,8067 ,348,31080, , ,918021460  ,4,9,12,Rolling Hills Estates,5,5,2920100,0,0,0,0,0,0,0,0,0,5,5,2920100,0,0,0,0,0,0,0,0,0
201612,06,371000,037,2400,62896 ,00000 ,53764 ,348,31080, , ,91770      ,4,9,11,Rosemead,31,31,8848643,1,2,598420,0,0,0,2,28,2795521,28,28,7976053,1,2,598420,0,0,0,2,28,2795521
201612,06,372000,061,2405,62938 ,00000 ,118788 ,472,40900, ,1,95678      ,4,9,12,Roseville,862,862,243857423,0,0,0,0,0,0,1,58,8322575,862,862,243857423,0,0,0,0,0,0,1,58,8322575
201612,06,373000,041,2407,62980 ,00000 ,2415 ,488,41860, , ,94957      ,4,9,12,Ross town,0,0,0,0,0,0,0,0,0,0,0,0,0,0,0,0,0,0,0,0,0,0,0,0
201612,06,374000,067,2420,64000 ,00000 ,466488 ,472,40900, ,1,95811      ,4,9,12,Sacramento,1017,1017,240302524,53,106,15861653,0,0,0,16,559,75691878,1017,1017,240302524,53,106,15861653,0,0,0,16,559,75691878
201612,06,375000,067,    ,99990 ,00000 ,554554 ,472,40900, , ,95827      ,4,9,12,Sacramento County Unincorporated Area,581,581,205767761,0,0,0,0,0,0,0,0,0,581,581,205767761,0,0,0,0,0,0,0,0,0
201612,06,376000,053,2435,64224 ,00000 ,150441 ,999,41500, ,1,93901      ,4,9,12,Salinas,2,2,188000,1,2,332274,0,0,0,4,48,4000000,2,2,188000,1,2,332274,0,0,0,4,48,4000000
201612,06,377000,041,2445,64434 ,00000 ,12336 ,488,41860, , ,94960      ,4,9,2,San Anselmo town,3,3,2257720,0,0,0,0,0,0,0,0,0,0,0,0,0,0,0,0,0,0,0,0,0
201612,06,378000,069,    ,99990 ,00000 ,18479 ,488,41940, , ,95023      ,4,9,1,San Benito County Unincorporated Area,82,82,25552647,1,2,250037,0,0,0,0,0,0,10,10,1806950,0,0,0,0,0,0,0,0,0
201612,06,379000,071,2450,65000 ,00000 ,209924 ,348,40140, ,1,92418      ,4,9,11,San Bernardino,35,35,6593303,0,0,0,0,0,0,8,62,5623258,32,32,5980130,0,0,0,0,0,0,8,62,5623258
201612,06,380000,071,    ,99990 ,00000 ,291776 ,348,40140, , ,924150187  ,4,9,12,San Bernardino County Unincorporated Area,496,496,95957706,0,0,0,8,29,1480143,0,0,0,496,496,95957706,0,0,0,8,29,1480143,0,0,0
201612,06,381000,081,2455,65028 ,00000 ,41114 ,488,41860, , ,94066      ,4,9,9,San Bruno,1,1,469960,0,0,0,0,0,0,1,83,19165000,0,0,0,0,0,0,0,0,0,1,83,19165000
201612,06,382000,111,2460,65042 ,00000 ,106433 ,348,37100, ,1,93002      ,4,9,12,San Buenaventura,57,57,7111399,8,16,1803399,6,22,3184972,19,153,19081809,57,57,7111399,8,16,1803399,6,22,3184972,19,153,19081809
201612,06,383000,081,2465,65070 ,00000 ,28406 ,488,41860, , ,940703085  ,4,9,12,San Carlos,16,16,11702801,0,0,0,0,0,0,10,253,45334234,16,16,11702801,0,0,0,0,0,0,10,253,45334234
201612,06,384000,059,2470,65084 ,00000 ,63522 ,348,31080, , ,92673      ,4,9,12,San Clemente,101,101,52785591,0,0,0,1,3,1237715,0,0,0,101,101,52785591,0,0,0,1,3,1237715,0,0,0
201612,06,385000,073,2475,66000 ,00000 ,1307402 ,999,41740, ,1,921014154  ,4,9,12,San Diego,821,821,249260348,60,120,20978237,44,141,24006671,120,5458,1008440941,821,821,249260348,60,120,20978237,44,141,24006671,120,5458,1008440941
201612,06,386000,073,    ,99990 ,00000 ,486604 ,999,41740, , ,92123      ,4,9,12,San Diego County Unincorporated Area,484,484,182621668,0,0,0,10,31,4260849,7,97,13002324,484,484,182621668,0,0,0,10,31,4260849,7,97,13002324
201612,06,387000,037,2477,66070 ,00000 ,33371 ,348,31080, , ,91773      ,4,9,11,San Dimas,18,18,5358325,0,0,0,0,0,0,0,0,0,17,17,5054574,0,0,0,0,0,0,0,0,0
201612,06,388000,037,2480,66140 ,00000 ,23645 ,348,31080, , ,91340      ,4,9,12,San Fernando,5,5,400000,0,0,0,2,8,200000,0,0,0,5,5,400000,0,0,0,2,8,200000,0,0,0
201612,06,389000,075,2485,67000 ,00000 ,805235 ,488,41860, ,1,94103      ,4,9,12,San Francisco,123,123,33581373,19,38,17034908,8,26,13729285,41,3900,1080121307,123,123,33581373,19,38,17034908,8,26,13729285,41,3900,1080121307
201612,06,390000,037,2490,67042 ,00000 ,39718 ,348,31080, , ,917780130  ,4,9,10,San Gabriel,73,73,26371098,0,0,0,0,0,0,2,11,2765699,60,60,22368175,0,0,0,0,0,0,0,0,0
201612,06,391000,065,2500,67112 ,00000 ,44199 ,348,40140, , ,92583      ,4,9,12,San Jacinto,146,146,21938303,0,0,0,0,0,0,0,0,0,146,146,21938303,0,0,0,0,0,0,0,0,0
201612,06,392000,019,2505,67126 ,00000 ,4001 ,260,23420, , ,93660      ,4,9,12,San Joaquin,0,0,0,0,0,0,0,0,0,0,0,0,0,0,0,0,0,0,0,0,0,0,0,0
201612,06,393000,077,    ,99990 ,00000 ,141995 ,488,44700, , ,95205      ,4,9,12,San Joaquin County Unincorporated Area,383,383,122000524,0,0,0,0,0,0,0,0,0,383,383,122000524,0,0,0,0,0,0,0,0,0
201612,06,394000,085,2510,68000 ,00000 ,945942 ,488,41940, ,1,951131905  ,4,9,12,San Jose,222,222,59028341,2,4,733351,10,37,6807597,66,2465,289256363,222,222,59028341,2,4,733351,10,37,6807597,66,2465,289256363
201612,06,395000,069,2515,68014 ,00000 ,1862 ,488,41940, , ,95045      ,4,9,10,San Juan Bautista,11,11,2627286,0,0,0,0,0,0,0,0,0,10,10,2443000,0,0,0,0,0,0,0,0,0
201612,06,396000,059,2519,68028 ,00000 ,34593 ,348,31080, , ,92675      ,4,9,12,San Juan Capistrano,62,62,28327083,0,0,0,0,0,0,0,0,0,62,62,28327083,0,0,0,0,0,0,0,0,0
201612,06,397000,001,6420,68084 ,00000 ,84950 ,488,41860, ,1,94577      ,4,9,10,San Leandro,2,2,1063113,0,0,0,0,0,0,0,0,0,2,2,1063113,0,0,0,0,0,0,0,0,0
201612,06,399000,079,    ,99990 ,00000 ,118118 ,999,42020, , ,93408      ,4,9,11,San Luis Obispo County Unincorporated Area,329,329,124711784,0,0,0,2,8,1607641,7,139,14624598,302,302,113697382,0,0,0,2,8,1607641,7,139,14624598
201612,06,400000,073,2537,68196 ,00000 ,83781 ,999,41740, , ,920692918  ,4,9,12,San Marcos,80,80,32158590,0,0,0,1,3,457316,10,263,37834468,80,80,32158590,0,0,0,1,3,457316,10,263,37834468
201612,06,401000,037,2545,68224 ,00000 ,13147 ,348,31080, , ,91108      ,4,9,12,San Marino,11,11,7542277,1,2,621842,0,0,0,0,0,0,11,11,7542277,1,2,621842,0,0,0,0,0,0
201612,06,402000,081,2555,68252 ,00000 ,97207 ,488,41860, , ,944031388  ,4,9,12,San Mateo,68,68,23376815,0,0,0,3,9,2282900,2,148,39327904,68,68,23376815,0,0,0,3,9,2282900,2,148,39327904
201612,06,403000,081,    ,99990 ,00000 ,61222 ,488,41860, , ,94063      ,4,9,11,San Mateo County Unincorporated Area,46,46,36047037,0,0,0,1,3,627840,2,27,9890430,42,42,32716890,0,0,0,1,3,627840,2,27,9890430
201612,06,404000,013,2560,68294 ,00000 ,29139 ,488,41860, , ,94806      ,4,9,6,San Pablo,23,23,5812112,0,0,0,0,0,0,0,0,0,4,4,1065345,0,0,0,0,0,0,0,0,0
201612,06,405000,041,6486,68364 ,00000 ,57713 ,488,41860, ,1,94915      ,4,9,11,San Rafael,26,26,13289108,0,0,0,0,0,0,0,0,0,23,23,11589540,0,0,0,0,0,0,0,0,0
201612,06,406000,013,2567,68378 ,00000 ,72148 ,488,41860, ,1,94583      ,4,9,10,San Ramon,2,2,816122,0,0,0,7,21,988846,1,6,761767,0,0,0,0,0,0,7,21,988846,0,0,0
201612,06,408000,019,6378,67056 ,00000 ,24270 ,260,23420, , ,93657      ,4,9,0,Sanger,33,33,4598335,0,0,0,0,0,0,0,0,0,0,0,0,0,0,0,0,0,0,0,0,0
201612,06,409000,059,2570,69000 ,00000 ,324528 ,348,31080, ,1,92702      ,4,9,10,Santa Ana,130,130,24929247,0,0,0,0,0,0,4,174,23728703,122,122,23215023,0,0,0,0,0,0,2,70,8781243
201612,06,411000,083,    ,99990 ,00000 ,133417 ,999,42200,2, ,93101      ,4,9,12,Santa Barbara County Unincorporated Area,66,66,50858933,0,0,0,1,3,738835,16,99,11018133,66,66,50858933,0,0,0,1,3,738835,16,99,11018133
201612,06,412000,085,2580,69084 ,00000 ,116468 ,488,41940, ,1,95050      ,4,9,12,Santa Clara,68,68,19889207,0,0,0,1,4,486852,2,347,75131000,68,68,19889207,0,0,0,1,4,486852,2,347,75131000
201612,06,413000,085,    ,99990 ,00000 ,89960 ,488,41940, , ,95110      ,4,9,12,Santa Clara County Unincorporated Area,60,60,53897090,0,0,0,0,0,0,0,0,0,60,60,53897090,0,0,0,0,0,0,0,0,0
201612,06,414000,037,2583,69088 ,00000 ,176320 ,348,31080, , ,91355      ,4,9,12,Santa Clarita,429,429,135852613,0,0,0,0,0,0,0,0,0,429,429,135852613,0,0,0,0,0,0,0,0,0
201612,06,416000,087,    ,99990 ,00000 ,129739 ,488,42100, , ,95060      ,4,9,0,Santa Cruz County Unincorporated Area,105,105,22609415,0,0,0,5,16,1837168,17,97,9865947,0,0,0,0,0,0,0,0,0,0,0,0
201612,06,417000,037,6534,69154 ,00000 ,16223 ,348,31080, , ,90670      ,4,9,12,Santa Fe Springs,0,0,0,0,0,0,0,0,0,0,0,0,0,0,0,0,0,0,0,0,0,0,0,0
201612,06,419000,037,2600,70000 ,00000 ,89736 ,348,31080, ,1,90401      ,4,9,5,Santa Monica,48,48,32022267,0,0,0,1,3,738452,2,10,1600844,17,17,12438544,0,0,0,1,3,738452,0,0,0
201612,06,421000,097,2615,70098 ,00000 ,167815 ,488,42220, ,1,95404      ,4,9,12,Santa Rosa,104,104,28437983,4,8,915830,0,0,0,7,126,11950710,104,104,28437983,4,8,915830,0,0,0,7,126,11950710
201612,06,422000,073,2623,70224 ,00000 ,53413 ,999,41740, , ,92071      ,4,9,12,Santee,80,80,9321444,0,0,0,0,0,0,0,0,0,80,80,9321444,0,0,0,0,0,0,0,0,0
201612,06,423000,085,2630,70280 ,00000 ,29926 ,488,41940, , ,95070      ,4,9,5,Saratoga,21,21,16970428,0,0,0,0,0,0,0,0,0,17,17,12179980,0,0,0,0,0,0,0,0,0
201612,06,424000,041,2640,70364 ,00000 ,7061 ,488,41860, , ,94965      ,4,9,12,Sausalito,1,1,273532,1,2,1979034,0,0,0,0,0,0,1,1,273532,1,2,1979034,0,0,0,0,0,0
201612,06,425000,087,2647,70588 ,00000 ,11580 ,488,42100, , ,95066      ,4,9,0,Scotts Valley,9,9,3438000,0,0,0,0,0,0,0,0,0,0,0,0,0,0,0,0,0,0,0,0,0
201612,06,426000,059,2650,70686 ,00000 ,24168 ,348,31080, , ,90740      ,4,9,10,Seal Beach,5,5,2043895,0,0,0,0,0,0,0,0,0,5,5,2043895,0,0,0,0,0,0,0,0,0
201612,06,429000,019,2670,70882 ,00000 ,23219 ,260,23420, , ,936623728  ,4,9,11,Selma,33,33,5860294,0,0,0,0,0,0,0,0,0,27,27,4950687,0,0,0,0,0,0,0,0,0
201612,06,432000,091,    ,00000 ,00000 ,2471 ,999,99999, , ,95936      ,4,9,12,Sierra County,8,8,1648025,0,0,0,0,0,0,0,0,0,8,8,1648025,0,0,0,0,0,0,0,0,0
201612,06,433000,037,2690,71806 ,00000 ,10917 ,348,31080, , ,91024      ,4,9,3,Sierra Madre,0,0,0,0,0,0,0,0,0,0,0,0,0,0,0,0,0,0,0,0,0,0,0,0
201612,06,434000,037,2693,71876 ,00000 ,11016 ,348,31080, , ,90755      ,4,9,12,Signal Hill,3,3,1489090,0,0,0,0,0,0,0,0,0,3,3,1489090,0,0,0,0,0,0,0,0,0
201612,06,437000,073,2704,72506 ,00000 ,12867 ,999,41740, , ,920752215  ,4,9,12,Solana Beach,16,16,6727000,0,0,0,0,0,0,0,0,0,16,16,6727000,0,0,0,0,0,0,0,0,0
201612,06,438000,095,    ,99990 ,00000 ,18834 ,488,46700, , ,94533      ,4,9,12,Solano County Unincorporated Area,31,31,9339248,0,0,0,0,0,0,0,0,0,31,31,9339248,0,0,0,0,0,0,0,0,0
201612,06,441000,097,2715,72646 ,00000 ,10648 ,488,42220, , ,954766690  ,4,9,12,Sonoma,32,32,6516190,0,0,0,0,0,0,1,8,1265704,32,32,6516190,0,0,0,0,0,0,1,8,1265704
201612,06,442000,097,    ,99990 ,00000 ,145186 ,488,42220, , ,95403      ,4,9,12,Sonoma County Unincorporated Area,203,203,69714134,0,0,0,0,0,0,4,70,5846296,203,203,69714134,0,0,0,0,0,0,4,70,5846296
201612,06,443000,109,2720,72674 ,00000 ,4903 ,999,99999, , ,95370      ,4,9,12,Sonora,4,4,307500,0,0,0,0,0,0,0,0,0,4,4,307500,0,0,0,0,0,0,0,0,0
201612,06,444000,037,2725,72996 ,00000 ,20116 ,348,31080, , ,91733      ,4,9,11,South El Monte,34,34,6884048,0,0,0,0,0,0,0,0,0,30,30,6093005,0,0,0,0,0,0,0,0,0
201612,06,445000,037,2730,73080 ,00000 ,94396 ,348,31080, , ,90280      ,4,9,12,South Gate,11,11,1272468,0,0,0,0,0,0,1,7,842000,11,11,1272468,0,0,0,0,0,0,1,7,842000
201612,06,446000,017,2737,73108 ,00000 ,21403 ,472,40900, , ,96150      ,4,9,10,South Lake Tahoe,40,40,20447800,0,0,0,0,0,0,0,0,0,34,34,18267000,0,0,0,0,0,0,0,0,0
201612,06,447000,037,2755,73220 ,00000 ,25619 ,348,31080, , ,91030      ,4,9,4,South Pasadena,7,7,2082956,0,0,0,0,0,0,0,0,0,5,5,1309000,0,0,0,0,0,0,0,0,0
201612,06,448000,081,2765,73262 ,00000 ,63632 ,488,41860, ,1,94080      ,4,9,11,South San Francisco,1,1,360728,1,2,350000,0,0,0,4,99,17008091,1,1,360728,1,2,350000,0,0,0,3,94,16144948
201612,06,451000,059,2802,73962 ,00000 ,38186 ,348,31080, , ,90680      ,4,9,12,Stanton,2,2,529944,0,0,0,0,0,0,0,0,0,2,2,529944,0,0,0,0,0,0,0,0,0
201612,06,452000,077,2805,75000 ,00000 ,291707 ,488,44700, ,1,952021997  ,4,9,10,Stockton,227,227,62756082,0,0,0,0,0,0,2,52,6015246,200,200,55498817,0,0,0,0,0,0,0,0,0
201612,06,454000,085,2835,77000 ,00000 ,140081 ,488,41940, ,1,940883707  ,4,9,12,Sunnyvale,234,234,50297233,1,2,416416,1,4,910392,0,0,0,234,234,50297233,1,2,416416,1,4,910392,0,0,0
201612,06,458000,029,2860,77574 ,00000 ,9327 ,999,12540, , ,93268      ,4,9,12,Taft,8,8,1420048,0,0,0,0,0,0,0,0,0,8,8,1420048,0,0,0,0,0,0,0,0,0
201612,06,462000,065,2878,78120 ,00000 ,100097 ,348,40140, ,1,925899033  ,4,9,12,Temecula,161,161,37447464,0,0,0,0,0,0,13,140,12354005,161,161,37447464,0,0,0,0,0,0,13,140,12354005
201612,06,463000,037,2880,78148 ,00000 ,35558 ,348,31080, , ,91780      ,4,9,12,Temple City,84,84,30254731,0,0,0,0,0,0,0,0,0,84,84,30254731,0,0,0,0,0,0,0,0,0
201612,06,465000,041,2903,78666 ,00000 ,8962 ,488,41860, , ,94920      ,4,9,12,Tiburon town,5,5,4885000,0,0,0,0,0,0,0,0,0,5,5,4885000,0,0,0,0,0,0,0,0,0
201612,06,466000,037,7428,80000 ,00000 ,145438 ,348,31080, ,1,90503      ,4,9,12,Torrance,32,32,7479433,1,2,510316,0,0,0,1,6,1500000,32,32,7479433,1,2,510316,0,0,0,1,6,1500000
201612,06,470000,107,2945,80644 ,00000 ,59278 ,546,47300, , ,93274      ,4,9,12,Tulare,305,305,50652615,16,32,1152000,0,0,0,0,0,0,305,305,50652615,16,32,1152000,0,0,0,0,0,0
201612,06,471000,107,    ,99990 ,00000 ,142872 ,546,47300,2, ,93277      ,4,9,12,Tulare County Unincorporated Area,176,176,33821709,1,2,165000,0,0,0,0,0,0,176,176,33821709,1,2,165000,0,0,0,0,0,0
201612,06,475000,059,2965,80854 ,00000 ,75540 ,348,31080, ,1,92780      ,4,9,10,Tustin,138,138,50561661,2,4,706459,0,0,0,2,14,2609634,127,127,46667328,2,4,706459,0,0,0,1,6,1500000
201612,06,476000,071,2971,80994 ,00000 ,25048 ,348,40140, , ,92277      ,4,9,12,Twentynine Palms,1,1,87184,0,0,0,0,0,0,0,0,0,1,1,87184,0,0,0,0,0,0,0,0,0
201612,06,478000,001,2977,81204 ,00000 ,69516 ,488,41860, , ,94587      ,4,9,12,Union City,1,1,627950,0,0,0,0,0,0,0,0,0,1,1,627950,0,0,0,0,0,0,0,0,0
201612,06,479000,071,2978,81344 ,00000 ,73732 ,348,40140, , ,91786      ,4,9,1,Upland,66,66,17325716,0,0,0,0,0,0,0,0,0,1,1,110000,0,0,0,0,0,0,0,0,0
201612,06,480000,095,2981,81554 ,00000 ,92428 ,488,46700, , ,95688      ,4,9,12,Vacaville,337,337,98806748,0,0,0,0,0,0,0,0,0,337,337,98806748,0,0,0,0,0,0,0,0,0
201612,06,481000,095,2984,81666 ,00000 ,115942 ,488,46700, ,1,94590      ,4,9,11,Vallejo,39,39,10571598,0,0,0,0,0,0,0,0,0,37,37,10038690,0,0,0,0,0,0,0,0,0
201612,06,483000,037,2996,82422 ,00000 ,112 ,348,31080, , ,900581714  ,4,9,11,Vernon,0,0,0,0,0,0,0,0,0,0,0,0,0,0,0,0,0,0,0,0,0,0,0,0
201612,06,484000,071,2997,82590 ,00000 ,115903 ,348,40140, ,1,92392      ,4,9,12,Victorville,115,115,31534170,0,0,0,0,0,0,0,0,0,115,115,31534170,0,0,0,0,0,0,0,0,0
201612,06,485000,059,3010,82744 ,00000 ,5812 ,348,31080, , ,92861      ,4,9,0,Villa Park,0,0,0,0,0,0,0,0,0,0,0,0,0,0,0,0,0,0,0,0,0,0,0,0
201612,06,486000,107,3019,82954 ,00000 ,124442 ,546,47300, ,1,93291      ,4,9,12,Visalia,613,613,153418700,6,12,1684194,0,0,0,10,80,7330000,613,613,153418700,6,12,1684194,0,0,0,10,80,7330000
201612,06,487000,073,3021,82996 ,00000 ,93834 ,999,41740, , ,92084      ,4,9,12,Vista,100,100,31476954,0,0,0,0,0,0,0,0,0,100,100,31476954,0,0,0,0,0,0,0,0,0
201612,06,488000,037,3025,83332 ,00000 ,29172 ,348,31080, , ,91789      ,4,9,7,Walnut,16,16,4430025,0,0,0,0,0,0,0,0,0,10,10,2447542,0,0,0,0,0,0,0,0,0
201612,06,489000,013,3030,83346 ,00000 ,64173 ,488,41860, ,1,94596      ,4,9,12,Walnut Creek,5,5,2823553,0,0,0,2,6,1689788,2,190,21294787,5,5,2823553,0,0,0,2,6,1689788,2,190,21294787
201612,06,494000,037,3070,84200 ,00000 ,106098 ,348,31080, , ,91790      ,4,9,10,West Covina,52,52,18198666,0,0,0,0,0,0,0,0,0,34,34,12646400,0,0,0,0,0,0,0,0,0
201612,06,495000,037,3080,84410 ,00000 ,34399 ,348,31080, , ,900694314  ,4,9,6,West Hollywood,12,12,4763434,0,0,0,0,0,0,8,378,75431551,5,5,1702453,0,0,0,0,0,0,2,43,11234098
201612,06,496000,113,3098,84816 ,00000 ,48744 ,472,40900, , ,95691      ,4,9,12,West Sacramento,102,102,32643651,0,0,0,0,0,0,0,0,0,102,102,32643651,0,0,0,0,0,0,0,0,0
201612,06,497000,037,3082,84438 ,00000 ,8270 ,348,31080, , ,918021460  ,4,9,12,Westlake Village,1,1,2000000,0,0,0,0,0,0,0,0,0,1,1,2000000,0,0,0,0,0,0,0,0,0
201612,06,498000,059,3085,84550 ,00000 ,89701 ,348,31080, , ,92683      ,4,9,12,Westminster,89,89,21288632,0,0,0,0,0,0,0,0,0,89,89,21288632,0,0,0,0,0,0,0,0,0
201612,06,501000,037,3110,85292 ,00000 ,85331 ,348,31080, , ,90602      ,4,9,12,Whittier,13,13,3093000,1,2,439000,9,36,8121000,0,0,0,13,13,3093000,1,2,439000,9,36,8121000,0,0,0
201612,06,501100,065,3112,85446 ,00000 ,32176 ,348,40140, , ,92595      ,4,9,12,Wildomar,173,173,52710214,0,0,0,0,0,0,0,0,0,173,173,52710214,0,0,0,0,0,0,0,0,0
201612,06,504000,021,3125,85684 ,00000 ,6166 ,999,99999, , ,95988      ,4,9,12,Willows,3,3,661644,0,0,0,0,0,0,0,0,0,3,3,661644,0,0,0,0,0,0,0,0,0
201612,06,505000,113,3135,86034 ,00000 ,6624 ,472,40900, , ,95694      ,4,9,12,Winters,34,34,9613260,0,0,0,0,0,0,0,0,0,34,34,9613260,0,0,0,0,0,0,0,0,0
201612,06,506000,107,3145,86300 ,00000 ,7279 ,546,47300, , ,93286      ,4,9,12,Woodlake,6,6,839500,0,0,0,0,0,0,0,0,0,6,6,839500,0,0,0,0,0,0,0,0,0
201612,06,507000,113,3150,86328 ,00000 ,55468 ,472,40900, , ,95695      ,4,9,12,Woodland,263,263,79491407,0,0,0,0,0,0,0,0,0,263,263,79491407,0,0,0,0,0,0,0,0,0
201612,06,508000,081,3155,86440 ,00000 ,5287 ,488,41860, , ,94062      ,4,9,12,Woodside town,9,9,28119485,0,0,0,0,0,0,0,0,0,9,9,28119485,0,0,0,0,0,0,0,0,0
201612,06,509000,113,    ,99990 ,00000 ,24391 ,472,40900, , ,95695      ,4,9,11,Yolo County Unincorporated Area,13,13,4057093,0,0,0,0,0,0,0,0,0,12,12,3608674,0,0,0,0,0,0,0,0,0
201612,06,510000,059,3169,86832 ,00000 ,64234 ,348,31080, , ,928868714  ,4,9,12,Yorba Linda,126,126,26404994,0,0,0,0,0,0,0,0,0,126,126,26404994,0,0,0,0,0,0,0,0,0
201612,06,515000,071,3186,87042 ,00000 ,51367 ,348,40140, , ,923990181  ,4,9,0,Yucaipa,4,4,902152,0,0,0,0,0,0,0,0,0,0,0,0,0,0,0,0,0,0,0,0,0
201612,06,516000,071,3187,87056 ,00000 ,20700 ,348,40140, , ,92284      ,4,9,12,Yucca Valley town,18,18,2742145,0,0,0,0,0,0,0,0,0,18,18,2742145,0,0,0,0,0,0,0,0,0
201612,08,001000,001,    ,99990 ,00000 ,88292 ,216,19740, , ,80601      ,4,8,12,Adams County Unincorporated Area,275,275,83845145,1,2,280000,0,0,0,0,0,0,275,275,83845145,1,2,280000,0,0,0,0,0,0
201612,08,007000,003,0015,01090 ,00000 ,8780 ,999,99999, , ,81101      ,4,8,12,Alamosa,17,17,1619268,0,0,0,0,0,0,4,58,2996636,17,17,1619268,0,0,0,0,0,0,4,58,2996636
201612,08,011000,093,0020,01530 ,00000 ,270 ,216,19740, , ,80420      ,4,8,1,Alma town,1,1,205346,0,0,0,0,0,0,0,0,0,0,0,0,0,0,0,0,0,0,0,0,0
201612,08,015000,005,    ,99990 ,00000 ,83764 ,216,19740, , ,80112      ,4,8,12,Arapahoe County Unincorporated Area,277,277,60532972,0,0,0,0,0,0,0,0,0,277,277,60532972,0,0,0,0,0,0,0,0,0
201612,08,023000,059,0040,03455 ,00000 ,103584 ,216,19740,2, ,80002      ,4,8,12,Arvada,856,856,232636001,0,0,0,0,0,0,0,0,0,856,856,232636001,0,0,0,0,0,0,0,0,0
201612,08,031000,005,0055,04000 ,00000 ,285090 ,216,19740,2,1,800121553  ,4,8,12,Aurora,1344,1344,323981450,0,0,0,0,0,0,39,1365,170353007,1344,1344,323981450,0,0,0,0,0,0,39,1365,170353007
201612,08,045000,001,0075,06090 ,00000 ,1955 ,216,19740,2, ,801027806  ,4,8,9,Bennett town,0,0,0,0,0,0,0,0,0,0,0,0,0,0,0,0,0,0,0,0,0,0,0,0
201612,08,049000,069,0080,06255 ,00000 ,5042 ,999,22660,2, ,80513      ,4,8,12,Berthoud town,125,125,28162113,1,2,329258,1,4,511778,18,128,11880000,125,125,28162113,1,2,329258,1,4,511778,18,128,11880000
201612,08,053000,047,0090,07025 ,00000 ,118 ,216,19740, , ,80422      ,4,8,12,Black Hawk,0,0,0,0,0,0,0,0,0,0,0,0,0,0,0,0,0,0,0,0,0,0,0,0
201612,08,063000,013,0110,07850 ,00000 ,97385 ,216,14500, ,1,803060791  ,4,8,11,Boulder,90,90,55166759,0,0,0,0,0,0,2,27,4613809,79,79,50055247,0,0,0,0,0,0,1,16,1516007
201612,08,065000,013,    ,99990 ,00000 ,43380 ,216,14500,2, ,80306      ,4,8,12,Boulder County Unincorporated Area,66,66,34381263,0,0,0,0,0,0,0,0,0,66,66,34381263,0,0,0,0,0,0,0,0,0
201612,08,067000,005,0115,08070 ,00000 ,589 ,216,19740,2, ,801231586  ,4,8,0,Bow Mar town,7,7,11781000,0,0,0,0,0,0,0,0,0,0,0,0,0,0,0,0,0,0,0,0,0
201612,08,075000,001,0130,08675 ,00000 ,33009 ,216,19740,2, ,80601      ,4,8,8,Brighton,201,201,58499877,0,0,0,0,0,0,0,0,0,128,128,37820389,0,0,0,0,0,0,0,0,0
201612,08,079000,043,0140,09115 ,00000 ,233 ,999,99999, , ,81212      ,4,8,12,Brookside town,2,2,441600,0,0,0,0,0,0,0,0,0,2,2,441600,0,0,0,0,0,0,0,0,0
201612,08,083000,014,0143,09280 ,00000 ,55889 ,216,19740,2,1,80020      ,4,8,12,Broomfield,523,523,174784374,5,10,2005953,2,8,1075814,1,5,673523,523,523,174784374,5,10,2005953,2,8,1075814,1,5,673523
201612,08,095000,041,0165,11260 ,00000 ,780 ,999,17820, , ,808088203  ,4,8,12,Calhan town,1,1,249286,0,0,0,0,0,0,0,0,0,1,1,249286,0,0,0,0,0,0,0,0,0
201612,08,099000,043,0610,11810 ,00000 ,16400 ,999,99999, , ,812151460  ,4,8,8,Canon City,15,15,3681260,0,0,0,0,0,0,0,0,0,14,14,3467649,0,0,0,0,0,0,0,0,0
201612,08,102900,035,0186,12387 ,00000 ,10360 ,216,19740, , ,80108      ,4,8,12,Castle Pines,2,2,1554095,0,0,0,0,0,0,0,0,0,2,2,1554095,0,0,0,0,0,0,0,0,0
201612,08,103000,035,0188,12415 ,00000 ,48231 ,216,19740, , ,80104      ,4,8,12,Castle Rock town,775,775,210694354,0,0,0,0,0,0,25,476,39062823,775,775,210694354,0,0,0,0,0,0,25,476,39062823
201612,08,106000,005,0193,12815 ,00000 ,100377 ,216,19740, , ,80112      ,4,8,12,Centennial,50,50,14356350,0,0,0,0,0,0,10,533,78851117,50,50,14356350,0,0,0,0,0,0,10,533,78851117
201612,08,111000,047,0200,12910 ,00000 ,663 ,216,19740,2, ,80427      ,4,8,12,Central City,0,0,0,0,0,0,0,0,0,0,0,0,0,0,0,0,0,0,0,0,0,0,0,0
201612,08,113000,015,    ,00000 ,00000 ,9219 ,999,99999, , ,81201      ,4,8,0,Chaffee County,115,115,30462152,4,8,1295848,1,3,549700,0,0,0,0,0,0,0,0,0,0,0,0,0,0,0
201612,08,117000,005,0210,13845 ,00000 ,5987 ,216,19740, , ,80113      ,4,8,12,Cherry Hills Village,18,18,27568940,0,0,0,0,0,0,0,0,0,18,18,27568940,0,0,0,0,0,0,0,0,0
201612,08,119000,017,    ,99990 ,00000 ,757 ,999,99999, , ,808100567  ,4,8,11,Cheyenne County Unincorporated Area,1,1,75000,0,0,0,0,0,0,0,0,0,1,1,75000,0,0,0,0,0,0,0,0,0
201612,08,123000,019,    ,99990 ,00000 ,5885 ,216,19740,2, ,80444      ,4,8,12,Clear Creek County Unincorporated Area,11,11,3672112,0,0,0,0,0,0,0,0,0,11,11,3672112,0,0,0,0,0,0,0,0,0
201612,08,133000,005,0244,16385 ,00000 ,1256 ,216,19740, , ,80123      ,4,8,12,Columbine Valley town,17,17,12916580,0,0,0,0,0,0,0,0,0,17,17,12916580,0,0,0,0,0,0,0,0,0
201612,08,135000,001,0245,16495 ,00000 ,45913 ,216,19740, , ,80022      ,4,8,12,Commerce City,442,442,114245479,0,0,0,1,4,408408,7,76,7982971,442,442,114245479,0,0,0,1,4,408408,7,76,7982971
201612,08,147000,079,0796,14765 ,00000 ,290 ,999,99999, , ,81130      ,4,8,12,City of Creede town,2,2,193027,0,0,0,0,0,0,0,0,0,2,2,193027,0,0,0,0,0,0,0,0,0
201612,08,151000,119,0280,18530 ,00000 ,1189 ,999,17820, , ,80813      ,4,8,0,Cripple Creek,0,0,0,1,2,220000,0,0,0,0,0,0,0,0,0,0,0,0,0,0,0,0,0,0
201612,08,159000,027,    ,99990 ,00000 ,3100 ,999,99999, , ,81252      ,4,8,12,Custer County Unincorporated Area,54,54,14707658,0,0,0,0,0,0,0,0,0,54,54,14707658,0,0,0,0,0,0,0,0,0
201612,08,165000,005,0305,19630 ,00000 ,546 ,216,19740, , ,80105      ,4,8,11,Deer Trail town,6,6,647085,0,0,0,0,0,0,0,0,0,3,3,339089,0,0,0,0,0,0,0,0,0
201612,08,173000,031,0320,20000 ,00000 ,600158 ,216,19740,2,1,80202      ,4,8,12,Denver,1965,1965,492087791,147,294,59990140,1,4,757100,74,5555,735415057,1965,1965,492087791,147,294,59990140,1,4,757100,74,5555,735415057
201612,08,181000,083,0335,20770 ,00000 ,936 ,999,99999, , ,81323      ,4,8,12,Dolores town,2,2,166934,0,0,0,0,0,0,0,0,0,2,2,166934,0,0,0,0,0,0,0,0,0
201612,08,183000,035,    ,99990 ,00000 ,171031 ,216,19740,2, ,80104      ,4,8,12,Douglas County Unincorporated Area,857,857,275349086,0,0,0,0,0,0,22,453,48521282,857,857,275349086,0,0,0,0,0,0,22,453,48521282
201612,08,193000,037,0360,22200 ,00000 ,6508 ,999,99999, , ,81631      ,4,8,12,Eagle town,35,35,11623642,0,0,0,0,0,0,0,0,0,35,35,11623642,0,0,0,0,0,0,0,0,0
201612,08,199000,059,0380,23135 ,00000 ,5170 ,216,19740, , ,80214      ,4,8,9,Edgewater,3,3,696975,0,0,0,0,0,0,0,0,0,1,1,309375,0,0,0,0,0,0,0,0,0
201612,08,201000,041,    ,99990 ,00000 ,165533 ,999,17820,2, ,80910      ,4,8,12,El Paso County Unincorporated Area,3525,3525,1432924710,4,8,832439,0,0,0,48,1500,223336916,3525,3525,1432924710,4,8,832439,0,0,0,48,1500,223336916
201612,08,203000,039,    ,99990 ,00000 ,20387 ,216,19740, , ,80117      ,4,8,12,Elbert County Unincorporated Area,119,119,29527629,0,0,0,0,0,0,0,0,0,119,119,29527629,0,0,0,0,0,0,0,0,0
201612,08,205000,039,0385,23740 ,00000 ,1358 ,216,19740, , ,80107      ,4,8,0,Elizabeth town,1,1,160430,0,0,0,0,0,0,0,0,0,0,0,0,0,0,0,0,0,0,0,0,0
201612,08,209000,005,0395,24785 ,00000 ,30255 ,216,19740, , ,80110      ,4,8,12,Englewood,45,45,9536753,0,0,0,0,0,0,4,212,31610949,45,45,9536753,0,0,0,0,0,0,4,212,31610949
201612,08,213000,123,0400,24950 ,00000 ,9787 ,216,24540,2, ,805160750  ,4,8,12,Erie town,434,434,116929142,0,0,0,0,0,0,0,0,0,434,434,116929142,0,0,0,0,0,0,0,0,0
201612,08,215000,069,0405,25115 ,00000 ,5858 ,999,22660, , ,80517      ,4,8,11,Estes Park town,35,35,9638257,0,0,0,0,0,0,0,0,0,34,34,9418011,0,0,0,0,0,0,0,0,0
201612,08,217000,123,0415,25280 ,00000 ,18537 ,216,24540, , ,806202036  ,4,8,11,Evans,61,61,9450767,5,10,1263177,0,0,0,0,0,0,56,56,8662074,5,10,1263177,0,0,0,0,0,0
201612,08,219000,093,0425,25610 ,00000 ,679 ,216,19740, , ,804400267  ,4,8,12,Fairplay town,0,0,0,0,0,0,0,0,0,0,0,0,0,0,0,0,0,0,0,0,0,0,0,0
201612,08,221000,001,0430,26270 ,00000 ,11467 ,216,19740, , ,80221      ,4,8,8,Federal Heights,26,26,5815330,0,0,0,1,3,579135,0,0,0,26,26,5815330,0,0,0,0,0,0,0,0,0
201612,08,223000,123,0435,26600 ,00000 ,10147 ,216,24540, , ,80504      ,4,8,10,Firestone town,204,204,58932698,0,0,0,0,0,0,6,86,4336633,167,167,49448833,0,0,0,0,0,0,4,72,3594425
201612,08,231000,069,0455,27425 ,00000 ,143986 ,999,22660, ,1,805228052  ,4,8,12,Fort Collins,488,488,133295147,14,28,4230061,4,13,2263130,64,1345,158524321,488,488,133295147,14,28,4230061,4,13,2263130,64,1345,158524321
201612,08,240000,005,0483,28105 ,00000 ,685 ,216,19740, , ,80504      ,4,8,12,Foxfield town,0,0,0,0,0,0,0,0,0,0,0,0,0,0,0,0,0,0,0,0,0,0,0,0
201612,08,243000,123,0490,28360 ,00000 ,8679 ,216,24540, , ,805300435  ,4,8,12,Frederick town,199,199,56599001,0,0,0,0,0,0,0,0,0,199,199,56599001,0,0,0,0,0,0,0,0,0
201612,08,257000,019,0520,29735 ,00000 ,1034 ,216,19740, , ,80444      ,4,8,12,Georgetown town,1,1,273532,0,0,0,0,0,0,0,0,0,1,1,273532,0,0,0,0,0,0,0,0,0
201612,08,261000,047,    ,99990 ,00000 ,4660 ,216,19740, , ,80427      ,4,8,11,Gilpin County Unincorporated Area,32,32,13400000,0,0,0,0,0,0,0,0,0,30,30,12525000,0,0,0,0,0,0,0,0,0
201612,08,263000,005,0530,30340 ,00000 ,4184 ,216,19740, , ,80222      ,4,8,12,Glendale,0,0,0,0,0,0,0,0,0,0,0,0,0,0,0,0,0,0,0,0,0,0,0,0
201612,08,267000,059,0540,30835 ,00000 ,18867 ,216,19740, , ,80401      ,4,8,12,Golden,5,5,1546600,0,0,0,0,0,0,0,0,0,5,5,1546600,0,0,0,0,0,0,0,0,0
201612,08,273000,049,    ,99990 ,00000 ,8178 ,999,99999,2, ,80451      ,4,8,12,Grand County Unincorporated Area,78,78,28084818,0,0,0,0,0,0,0,0,0,78,78,28084818,0,0,0,0,0,0,0,0,0
201612,08,279000,123,0570,32155 ,00000 ,92889 ,216,24540, ,1,80631      ,4,8,12,Greeley,263,263,54798682,5,10,1483770,9,29,3272153,22,273,29130788,263,263,54798682,5,10,1483770,9,29,3272153,22,273,29130788
201612,08,285000,005,0580,33035 ,00000 ,13925 ,216,19740, , ,801114591  ,4,8,12,Greenwood Village,29,29,17489166,0,0,0,0,0,0,3,16,2377391,29,29,17489166,0,0,0,0,0,0,3,16,2377391
201612,08,287000,123,0585,33310 ,00000 ,137 ,216,24540, , ,80729      ,4,8,12,Grover town,0,0,0,0,0,0,0,0,0,0,0,0,0,0,0,0,0,0,0,0,0,0,0,0
201612,08,321000,073,0655,37875 ,00000 ,730 ,999,99999, , ,80821      ,4,8,12,Hugo town,3,3,670000,0,0,0,0,0,0,0,0,0,3,3,670000,0,0,0,0,0,0,0,0,0
201612,08,323000,019,0660,38370 ,00000 ,1717 ,216,19740, , ,80452      ,4,8,12,Idaho Springs,0,0,0,0,0,0,0,0,0,0,0,0,0,0,0,0,0,0,0,0,0,0,0,0
201612,08,333000,059,    ,99990 ,00000 ,187757 ,216,19740, , ,804193540  ,4,8,12,Jefferson County Unincorporated Area,420,420,128350552,2,4,938190,3,9,756300,12,508,61918167,420,420,128350552,2,4,938190,3,9,756300,12,508,61918167
201612,08,335000,123,0690,39855 ,00000 ,9350 ,216,24540,2, ,805340609  ,4,8,12,Johnstown town,125,125,36374134,0,0,0,0,0,0,8,56,6293268,125,125,36374134,0,0,0,0,0,0,8,56,6293268
201612,08,339000,123,0700,40185 ,00000 ,1127 ,216,24540, , ,80643      ,4,8,11,Keenesburg town,3,3,598278,0,0,0,0,0,0,0,0,0,3,3,598278,0,0,0,0,0,0,0,0,0
201612,08,347000,039,0715,40790 ,00000 ,723 ,216,19740, , ,80117      ,4,8,12,Kiowa town,0,0,0,0,0,0,0,0,0,0,0,0,0,0,0,0,0,0,0,0,0,0,0,0
201612,08,359000,067,    ,99990 ,00000 ,31417 ,999,99999, , ,81301      ,4,8,12,La Plata County Unincorporated Area,130,130,73711400,0,0,0,0,0,0,0,0,0,130,130,73711400,0,0,0,0,0,0,0,0,0
201612,08,365000,013,0735,41835 ,00000 ,24453 ,216,14500, , ,80026      ,4,8,6,Lafayette,166,166,31018544,14,28,4601022,5,18,2088322,6,31,4587425,96,96,18594422,0,0,0,1,3,330000,0,0,0
201612,08,373000,059,0760,43000 ,00000 ,142980 ,216,19740, ,1,80226      ,4,8,12,Lakewood,191,191,58838262,0,0,0,0,0,0,17,579,72566908,191,191,58838262,0,0,0,0,0,0,17,579,72566908
201612,08,375000,099,0765,43110 ,00000 ,7804 ,999,99999, , ,81052      ,4,8,6,Lamar,2,2,460000,0,0,0,0,0,0,0,0,0,1,1,310000,0,0,0,0,0,0,0,0,0
201612,08,377000,069,    ,99990 ,00000 ,65860 ,999,22660, , ,805221190  ,4,8,12,Larimer County Unincorporated Area,205,205,74122763,0,0,0,0,0,0,0,0,0,205,205,74122763,0,0,0,0,0,0,0,0,0
201612,08,383000,071,    ,99990 ,00000 ,5537 ,999,99999,2, ,81082      ,4,8,0,Las Animas County Unincorporated Area,4,4,774444,0,0,0,0,0,0,0,0,0,0,0,0,0,0,0,0,0,0,0,0,0
201612,08,391000,005,0810,45255 ,00000 ,39328 ,216,19740,2, ,80165      ,4,8,12,Littleton,209,209,43548861,4,8,1214270,0,0,0,4,510,52963739,209,209,43548861,4,8,1214270,0,0,0,4,510,52963739
201612,08,399500,035,0817,45955 ,00000 ,10218 ,216,19740, , ,80124      ,4,8,2,Lone Tree,71,71,28259591,0,0,0,3,9,1556706,0,0,0,3,3,1614154,0,0,0,0,0,0,0,0,0
201612,08,401000,013,0820,45970 ,00000 ,86240 ,216,14500,2, ,80501      ,4,8,12,Longmont,302,302,96435004,0,0,0,0,0,0,48,815,75159158,302,302,96435004,0,0,0,0,0,0,48,815,75159158
201612,08,403000,013,0825,46355 ,00000 ,18376 ,216,14500, , ,80027      ,4,8,12,Louisville,45,45,13605089,0,0,0,0,0,0,7,225,46823091,45,45,13605089,0,0,0,0,0,0,7,225,46823091
201612,08,405000,069,2640,46465 ,00000 ,66859 ,999,22660, , ,80537      ,4,8,12,Loveland,392,392,106789368,2,4,474206,0,0,0,8,176,18644338,392,392,106789368,2,4,474206,0,0,0,8,176,18644338
201612,08,411000,083,0845,48115 ,00000 ,1336 ,999,99999, , ,81328      ,4,8,4,Mancos town,4,4,634858,0,0,0,0,0,0,0,0,0,1,1,310000,0,0,0,0,0,0,0,0,0
201612,08,425000,077,    ,00000 ,00000 ,71607 ,999,24300, , ,815025001  ,4,8,12,Mesa County,498,498,123202594,5,10,1224677,0,0,0,2,91,9352294,498,498,123202594,5,10,1224677,0,0,0,2,91,9352294
201612,08,451000,059,0920,52075 ,00000 ,428 ,216,19740, , ,804653001  ,4,8,12,Morrison town,0,0,0,0,0,0,0,0,0,0,0,0,0,0,0,0,0,0,0,0,0,0,0,0
201612,08,455000,059,0925,52350 ,00000 ,507 ,216,19740, , ,80212      ,4,8,12,Mountain View town,3,3,1025000,0,0,0,0,0,0,0,0,0,3,3,1025000,0,0,0,0,0,0,0,0,0
201612,08,463000,001,0943,54330 ,00000 ,35777 ,216,19740,2, ,80233      ,4,8,11,Northglenn,0,0,0,0,0,0,0,0,0,0,0,0,0,0,0,0,0,0,0,0,0,0,0,0
201612,08,475000,085,0970,55540 ,00000 ,1849 ,999,99999, , ,81425      ,4,8,12,Olathe town,0,0,0,0,0,0,0,0,0,0,0,0,0,0,0,0,0,0,0,0,0,0,0,0
201612,08,507000,093,    ,99990 ,00000 ,15257 ,216,19740, , ,80440      ,4,8,12,Park County Unincorporated Area,136,136,20060444,0,0,0,0,0,0,0,0,0,136,136,20060444,0,0,0,0,0,0,0,0,0
201612,08,509000,035,1039,57630 ,00000 ,45297 ,216,19740, , ,80134      ,4,8,12,Parker town,309,309,107504802,0,0,0,0,0,0,19,380,42655541,309,309,107504802,0,0,0,0,0,0,19,380,42655541
201612,08,533000,101,    ,99990 ,00000 ,51976 ,444,39380,2, ,81003      ,4,8,10,Pueblo County Unincorporated Area,265,265,45433035,2,4,504224,0,0,0,2,13,1837193,230,230,39312428,0,0,0,0,0,0,0,0,0
201612,08,535000,041,1090,62660 ,00000 ,123 ,999,17820, , ,808320129  ,4,8,12,Ramah town,0,0,0,0,0,0,0,0,0,0,0,0,0,0,0,0,0,0,0,0,0,0,0,0
201612,08,565000,109,1155,67005 ,00000 ,485 ,999,99999, , ,811490417  ,4,8,12,Saguache town,0,0,0,0,0,0,0,0,0,0,0,0,0,0,0,0,0,0,0,0,0,0,0,0
201612,08,585000,123,1195,69150 ,00000 ,3165 ,216,24540, , ,80546      ,4,8,11,Severance town,73,73,20740327,0,0,0,0,0,0,0,0,0,64,64,18312566,0,0,0,0,0,0,0,0,0
201612,08,587000,005,1200,69645 ,00000 ,5664 ,216,19740, , ,80110      ,4,8,12,Sheridan,21,21,2838024,0,0,0,0,0,0,0,0,0,21,21,2838024,0,0,0,0,0,0,0,0,0
201612,08,595000,019,1220,70360 ,00000 ,170 ,216,19740, , ,80476      ,4,8,12,Silver Plume town,0,0,0,0,0,0,0,0,0,0,0,0,0,0,0,0,0,0,0,0,0,0,0,0
201612,08,597000,117,1222,70525 ,00000 ,3887 ,999,99999, , ,80498      ,4,8,12,Silverthorne town,82,82,41554721,0,0,0,0,0,0,0,0,0,82,82,41554721,0,0,0,0,0,0,0,0,0
201612,08,601000,039,1230,70635 ,00000 ,618 ,216,19740, , ,80835      ,4,8,1,Simla town,0,0,0,0,0,0,0,0,0,0,0,0,0,0,0,0,0,0,0,0,0,0,0,0
201612,08,615000,025,1265,74815 ,00000 ,258 ,999,99999, , ,810760060  ,4,8,12,Sugar City town,1,1,15000,0,0,0,0,0,0,0,0,0,1,1,15000,0,0,0,0,0,0,0,0,0
201612,08,625000,119,    ,99990 ,00000 ,14536 ,999,17820,2, ,80866      ,4,8,12,Teller County Unincorporated Area,56,56,16148080,0,0,0,0,0,0,0,0,0,56,56,16148080,0,0,0,0,0,0,0,0,0
201612,08,629000,001,1285,77290 ,00000 ,118772 ,216,19740,2, ,80229      ,4,8,12,Thornton,733,733,199231235,0,0,0,6,21,2036831,11,67,5661056,733,733,199231235,0,0,0,6,21,2036831,11,67,5661056
201612,08,631000,069,1290,77510 ,00000 ,625 ,999,22660, , ,80547      ,4,8,12,Timnath town,154,154,44086107,0,0,0,0,0,0,0,0,0,154,154,44086107,0,0,0,0,0,0,0,0,0
201612,08,639000,119,1310,80865 ,00000 ,397 ,999,17820, , ,80860      ,4,8,12,Victor,0,0,0,0,0,0,0,0,0,0,0,0,0,0,0,0,0,0,0,0,0,0,0,0
201612,08,655000,123,    ,99990 ,00000 ,42473 ,216,24540, , ,80631      ,4,8,12,Weld County Unincorporated Area,140,140,27478349,0,0,0,0,0,0,0,0,0,140,140,27478349,0,0,0,0,0,0,0,0,0
201612,08,657000,069,1345,83230 ,00000 ,6289 ,999,22660, , ,80549      ,4,8,12,Wellington town,215,215,52691615,1,2,358126,11,44,6954552,25,164,12651549,215,215,52691615,1,2,358126,11,44,6954552,25,164,12651549
201612,08,661000,001,1355,83835 ,00000 ,63696 ,216,19740,2, ,80031      ,4,8,12,Westminster,196,196,53290614,0,0,0,0,0,0,0,0,0,196,196,53290614,0,0,0,0,0,0,0,0,0
201612,08,665000,059,1360,84440 ,00000 ,30166 ,216,19740, , ,800338001  ,4,8,12,Wheat Ridge,34,34,10253088,0,0,0,0,0,0,0,0,0,34,34,10253088,0,0,0,0,0,0,0,0,0
201612,08,673000,123,4560,85485 ,00000 ,14070 ,216,24540,2, ,80550      ,4,8,0,Windsor town,296,296,92493465,1,2,699470,4,12,4198440,10,58,9826650,0,0,0,0,0,0,0,0,0,0,0,0
201612,08,677000,119,1380,86090 ,00000 ,7200 ,999,17820, , ,80866      ,4,8,12,Woodland Park,27,27,10051969,0,0,0,0,0,0,2,48,5156336,27,27,10051969,0,0,0,0,0,0,2,48,5156336
201612,15,001000,001,    ,00000 ,00000 ,185079 ,999,99999, , ,96720      ,4,9,12,Hawaii County,792,792,315026390,8,16,14144000,0,0,0,10,170,36603556,792,792,315026390,8,16,14144000,0,0,0,10,170,36603556
201612,15,005000,003,    ,00000 ,00000 ,953207 ,999,46520, ,1,968133006  ,4,9,12,Honolulu County,846,846,342926740,0,0,0,0,0,0,17,812,298543569,846,846,342926740,0,0,0,0,0,0,17,812,298543569
201612,15,009000,007,    ,00000 ,00000 ,67091 ,999,99999, , ,96766      ,4,9,11,Kauai County,156,156,84014569,0,0,0,4,16,18760000,0,0,0,141,141,74659613,0,0,0,4,16,18760000,0,0,0
201612,15,013000,009,    ,00000 ,00000 ,154834 ,999,27980, , ,96793      ,4,9,12,Maui County,256,256,73135490,44,88,26112835,7,27,4085398,23,196,47773840,256,256,73135490,44,88,26112835,7,27,4085398,23,196,47773840
201612,16,009000,001,    ,99990 ,00000 ,59731 ,147,14260, , ,83702      ,4,8,12,Ada County Unincorporated Area,500,500,102587736,0,0,0,0,0,0,0,0,0,500,500,102587736,0,0,0,0,0,0,0,0,0
201612,16,025000,019,0050,01990 ,91656 ,13816 ,292,26820, , ,83406      ,4,8,12,Ammon,80,80,14951146,0,0,0,0,0,0,0,0,0,80,80,14951146,0,0,0,0,0,0,0,0,0
201612,16,033000,005,0080,03340 ,93289 ,355 ,999,38540,2, ,832140061  ,4,8,5,Arimo,0,0,0,0,0,0,0,0,0,0,0,0,0,0,0,0,0,0,0,0,0,0,0,0
201612,16,053000,005,    ,99990 ,00000 ,11628 ,999,38540,2, ,832016210  ,4,8,12,Bannock County Unincorporated Area,39,39,7468367,0,0,0,0,0,0,0,0,0,39,39,7468367,0,0,0,0,0,0,0,0,0
201612,16,065000,013,0140,06220 ,91380 ,2287 ,999,99999, , ,833130825  ,4,8,3,Bellevue,3,3,955611,0,0,0,0,0,0,0,0,0,0,0,0,0,0,0,0,0,0,0,0,0
201612,16,073000,011,    ,99990 ,00000 ,26405 ,999,99999,2, ,832211700  ,4,8,12,Bingham County Unincorporated Area,87,87,11599119,4,8,656343,0,0,0,0,0,0,87,87,11599119,4,8,656343,0,0,0,0,0,0
201612,16,093000,001,0180,08830 ,92668 ,205671 ,147,14260, ,1,83701      ,4,8,12,Boise City,682,682,187690198,9,18,3181128,16,64,4377908,25,635,75158305,682,682,187690198,9,18,3181128,16,64,4377908,25,635,75158305
201612,16,097000,015,    ,99990 ,00000 ,5621 ,147,14260,2, ,836311300  ,4,8,12,Boise County Unincorporated Area,56,56,13889663,0,0,0,0,0,0,0,0,0,56,56,13889663,0,0,0,0,0,0,0,0,0
201612,16,109000,019,    ,99990 ,00000 ,30213 ,292,26820, , ,83402      ,4,8,12,Bonneville County Unincorporated Area,293,293,48162480,6,12,1055620,0,0,0,0,0,0,293,293,48162480,6,12,1055620,0,0,0,0,0,0
201612,16,113000,021,    ,99990 ,00000 ,7711 ,999,99999,2, ,83805      ,4,8,2,Boundary County Unincorporated Area,47,47,11414524,0,0,0,0,0,0,0,0,0,0,0,0,0,0,0,0,0,0,0,0,0
201612,16,137000,023,    ,99990 ,00000 ,1633 ,292,26820, , ,83213      ,4,8,0,Butte County Unincorporated Area,2,2,488380,0,0,0,0,0,0,0,0,0,0,0,0,0,0,0,0,0,0,0,0,0
201612,16,141000,027,0240,12250 ,90483 ,46237 ,147,14260, , ,83605      ,4,8,11,Caldwell,537,537,72651477,0,0,0,0,0,0,0,0,0,490,490,66334994,0,0,0,0,0,0,0,0,0
201612,16,153000,027,    ,99990 ,00000 ,50187 ,147,14260, , ,83651      ,4,8,12,Canyon County Unincorporated Area,283,283,51796244,0,0,0,0,0,0,0,0,0,283,283,51796244,0,0,0,0,0,0,0,0,0
201612,16,165000,031,    ,99990 ,00000 ,11401 ,999,99999,2, ,833181862  ,4,8,12,Cassia County Unincorporated Area,35,35,8393658,0,0,0,0,0,0,2,10,705057,35,35,8393658,0,0,0,0,0,0,2,10,705057
201612,16,181000,005,0300,14680 ,92852 ,13922 ,999,38540, , ,832020006  ,4,8,12,Chubbuck,59,59,6342832,0,0,0,0,0,0,0,0,0,59,59,6342832,0,0,0,0,0,0,0,0,0
201612,16,205000,055,0340,16750 ,90621 ,44137 ,518,17660, ,1,83814      ,4,8,11,Coeur dAlene,261,261,52791923,4,8,1047601,1,3,256875,3,38,2603072,236,236,47453794,4,8,1047601,0,0,0,1,24,1500000
201612,16,217000,061,0370,19270 ,90690 ,501 ,999,99999, , ,83523      ,4,8,12,Craigmont,0,0,0,0,0,0,0,0,0,0,0,0,0,0,0,0,0,0,0,0,0,0,0,0
201612,16,277000,001,0520,23410 ,90345 ,19908 ,147,14260, , ,83616      ,4,8,11,Eagle,502,502,184554591,0,0,0,0,0,0,1,5,598483,463,463,169759383,0,0,0,0,0,0,0,0,0
201612,16,281000,017,0530,23680 ,90598 ,210 ,999,99999, , ,838360186  ,4,8,11,East Hope,0,0,0,0,0,0,0,0,0,0,0,0,0,0,0,0,0,0,0,0,0,0,0,0
201612,16,289000,035,0550,25120 ,90920 ,125 ,999,99999, , ,838270202  ,4,8,12,Elk River,1,1,52000,0,0,0,0,0,0,0,0,0,1,1,52000,0,0,0,0,0,0,0,0,0
201612,16,297000,045,0560,25570 ,90966 ,6557 ,147,14260, , ,83617      ,4,8,10,Emmett,19,19,2239199,0,0,0,0,0,0,0,0,0,17,17,2028531,0,0,0,0,0,0,0,0,0
201612,16,301000,025,0570,26290 ,93749 ,416 ,999,99999, , ,83327      ,4,8,12,Fairfield,0,0,0,0,0,0,0,0,0,0,0,0,0,0,0,0,0,0,0,0,0,0,0,0
201612,16,329000,043,    ,99990 ,00000 ,6905 ,999,99999,2, ,83445      ,4,8,11,Fremont County Unincorporated Area,87,87,13920289,0,0,0,0,0,0,0,0,0,81,81,12900931,0,0,0,0,0,0,0,0,0
201612,16,337000,001,0650,29620 ,90345 ,10972 ,147,14260, , ,83714      ,4,8,12,Garden City,61,61,10512060,0,0,0,0,0,0,0,0,0,61,61,10512060,0,0,0,0,0,0,0,0,0
201612,16,341000,045,    ,99990 ,00000 ,10162 ,147,14260, , ,83617      ,4,8,12,Gem County Unincorporated Area,41,41,6104471,0,0,0,0,0,0,0,0,0,41,41,6104471,0,0,0,0,0,0,0,0,0
201612,16,377000,027,0730,33490 ,90483 ,846 ,147,14260, , ,83626      ,4,8,0,Greenleaf,0,0,0,0,0,0,0,0,0,0,0,0,0,0,0,0,0,0,0,0,0,0,0,0
201612,16,397000,055,0780,35200 ,91426 ,203 ,518,17660, , ,83833      ,4,8,0,Harrison,0,0,0,0,0,0,0,0,0,0,0,0,0,0,0,0,0,0,0,0,0,0,0,0
201612,16,405000,055,0800,36370 ,90621 ,13294 ,518,17660, , ,83835      ,4,8,12,Hayden,148,148,31713278,2,4,701190,1,4,451263,0,0,0,148,148,31713278,2,4,701190,1,4,451263,0,0,0
201612,16,425000,073,0850,38170 ,91518 ,2633 ,147,14260, , ,836280757  ,4,8,12,Homedale,10,10,1750494,0,0,0,0,0,0,0,0,0,10,10,1750494,0,0,0,0,0,0,0,0,0
201612,16,433000,015,0870,38620 ,91541 ,707 ,147,14260, , ,836290246  ,4,8,12,Horseshoe Bend,1,1,131437,0,0,0,0,0,0,0,0,0,1,1,131437,0,0,0,0,0,0,0,0,0
201612,16,441000,015,0890,39610 ,91633 ,485 ,147,14260, , ,836310130  ,4,8,12,Idaho City,0,0,0,0,0,0,0,0,0,0,0,0,0,0,0,0,0,0,0,0,0,0,0,0
201612,16,449000,019,0900,39700 ,91656 ,56813 ,292,26820, ,1,834050220  ,4,8,12,Idaho Falls,260,260,33615670,0,0,0,0,0,0,1,36,1800000,260,260,33615670,0,0,0,0,0,0,1,36,1800000
201612,16,457000,019,0920,40420 ,91656 ,1803 ,292,26820, , ,83427      ,4,8,12,Iona,23,23,3728500,0,0,0,0,0,0,0,0,0,23,23,3728500,0,0,0,0,0,0,0,0,0
201612,16,469000,051,    ,99990 ,00000 ,19412 ,292,26820,2, ,83442      ,4,8,12,Jefferson County Unincorporated Area,164,164,29140250,0,0,0,0,0,0,0,0,0,164,164,29140250,0,0,0,0,0,0,0,0,0
201612,16,473000,053,0950,41320 ,91748 ,10890 ,999,99999, , ,833382614  ,4,8,5,Jerome,43,43,6151396,0,0,0,0,0,0,0,0,0,11,11,1697010,0,0,0,0,0,0,0,0,0
201612,16,477000,053,    ,99990 ,00000 ,10326 ,999,99999, , ,83338      ,4,8,12,Jerome County Unincorporated Area,30,30,4390844,0,0,0,0,0,0,0,0,0,30,30,4390844,0,0,0,0,0,0,0,0,0
201612,16,517000,055,    ,99990 ,00000 ,39672 ,518,17660, , ,838169000  ,4,8,12,Kootenai County Unincorporated Area,333,333,94896604,3,6,1070094,0,0,0,0,0,0,333,333,94896604,3,6,1070094,0,0,0,0,0,0
201612,16,521000,001,1040,44290 ,91863 ,15210 ,147,14260, , ,83634      ,4,8,12,Kuna,372,372,71786862,0,0,0,14,56,5841650,0,0,0,372,372,71786862,0,0,0,14,56,5841650,0,0,0
201612,16,529000,057,    ,99990 ,00000 ,8988 ,999,99999, , ,83843      ,4,8,12,Latah County Unincorporated Area,47,47,13788508,0,0,0,0,0,0,0,0,0,47,47,13788508,0,0,0,0,0,0,0,0,0
201612,16,577000,073,1160,50950 ,92070 ,1031 ,147,14260, , ,83639      ,4,8,9,Marsing,0,0,0,0,0,0,0,0,0,0,0,0,0,0,0,0,0,0,0,0,0,0,0,0
201612,16,589000,027,1170,51850 ,92093 ,513 ,147,14260, , ,83641      ,4,8,11,Melba,0,0,0,0,0,0,0,0,0,0,0,0,0,0,0,0,0,0,0,0,0,0,0,0
201612,16,597000,001,1190,52120 ,90345 ,75092 ,147,14260, , ,83642      ,4,8,12,Meridian,1481,1481,349597463,0,0,0,8,32,3020768,10,56,7911739,1481,1481,349597463,0,0,0,8,32,3020768,10,56,7911739
201612,16,601000,027,1200,52660 ,92116 ,5524 ,147,14260, , ,83644      ,4,8,12,Middleton,111,111,19443893,0,0,0,0,0,0,0,0,0,111,111,19443893,0,0,0,0,0,0,0,0,0
201612,16,625000,057,1250,54550 ,92277 ,23800 ,999,99999, , ,83843      ,4,8,12,Moscow,28,28,5880787,8,16,2863750,0,0,0,4,33,3320234,28,28,5880787,8,16,2863750,0,0,0,4,33,3320234
201612,16,629000,039,1260,54730 ,92300 ,14206 ,999,99999, , ,836470010  ,4,8,12,Mountain Home,36,36,6410047,0,0,0,0,0,0,0,0,0,36,36,6410047,0,0,0,0,0,0,0,0,0
201612,16,649000,027,1320,56260 ,92438 ,81557 ,147,14260, , ,83651      ,4,8,12,Nampa,492,492,71928630,1,2,136995,38,152,9844000,11,286,21391535,492,492,71928630,1,2,136995,38,152,9844000,11,286,21391535
201612,16,673000,027,1370,58060 ,90483 ,531 ,147,14260, , ,836560257  ,4,8,12,Notus,0,0,0,0,0,0,0,0,0,0,0,0,0,0,0,0,0,0,0,0,0,0,0,0
201612,16,697000,079,1420,59590 ,93634 ,1555 ,999,99999, , ,83849      ,4,8,12,Osburn,0,0,0,0,0,0,0,0,0,0,0,0,0,0,0,0,0,0,0,0,0,0,0,0
201612,16,701000,073,    ,99990 ,00000 ,7410 ,147,14260,2, ,83650      ,4,8,10,Owyhee County Unincorporated Area,18,18,2934995,0,0,0,0,0,0,0,0,0,15,15,2384749,0,0,0,0,0,0,0,0,0
201612,16,717000,027,1460,60940 ,92714 ,1983 ,147,14260, , ,836600608  ,4,8,12,Parma,2,2,595000,0,0,0,0,0,0,0,0,0,2,2,595000,0,0,0,0,0,0,0,0,0
201612,16,725000,075,1480,61300 ,92783 ,7433 ,999,99999, , ,83661      ,4,8,6,Payette,18,18,1712190,4,8,674732,0,0,0,0,0,0,9,9,786000,2,4,253000,0,0,0,0,0,0
201612,16,745000,015,1520,63550 ,91541 ,53 ,147,14260, , ,83666      ,4,8,11,Placerville,0,0,0,0,0,0,0,0,0,0,0,0,0,0,0,0,0,0,0,0,0,0,0,0
201612,16,753000,005,1540,64090 ,93289 ,54239 ,999,38540,2,1,83205      ,4,8,11,Pocatello,98,98,11428774,0,0,0,0,0,0,0,0,0,92,92,10723415,0,0,0,0,0,0,0,0,0
201612,16,765000,055,1560,64810 ,92875 ,27574 ,518,17660, , ,83854      ,4,8,10,Post Falls,341,341,72171373,1,2,297593,0,0,0,26,350,23095142,296,296,62630349,0,0,0,0,0,0,24,324,21353476
201612,16,777000,041,1580,65260 ,92921 ,5204 ,999,30860, , ,832631232  ,4,8,5,Preston,14,14,2996072,0,0,0,0,0,0,0,0,0,9,9,1788400,0,0,0,0,0,0,0,0,0
201612,16,793000,065,1620,67420 ,93381 ,25484 ,999,99999, , ,83440      ,4,8,11,Rexburg,49,49,14624474,1,2,96316,3,12,1056900,15,279,29903002,43,43,13065751,1,2,96316,2,8,754706,14,268,28486403
201612,16,813000,051,1660,67960 ,93036 ,598 ,292,26820,2, ,83443      ,4,8,12,Ririe,0,0,0,0,0,0,0,0,0,0,0,0,0,0,0,0,0,0,0,0,0,0,0,0
201612,16,833000,017,1740,72100 ,93197 ,7365 ,999,99999, , ,83864      ,4,8,12,Sandpoint,42,42,7611783,1,2,500000,0,0,0,7,72,5919175,42,42,7611783,1,2,500000,0,0,0,7,72,5919175
201612,16,845000,079,    ,99990 ,00000 ,5180 ,999,99999, , ,838732348  ,4,8,12,Shoshone County Unincorporated Area,9,9,1745508,0,0,0,0,0,0,0,0,0,9,9,1745508,0,0,0,0,0,0,0,0,0
201612,16,869000,007,1710,71110 ,92691 ,131 ,999,99999, , ,83272      ,4,8,9,St. Charles,1,1,85000,0,0,0,0,0,0,0,0,0,1,1,85000,0,0,0,0,0,0,0,0,0
201612,16,878000,001,1820,76870 ,90805 ,5781 ,147,14260,2, ,83669      ,4,8,12,Star,209,209,52391465,1,2,283470,1,4,288010,5,32,2338520,209,209,52391465,1,2,283470,1,4,288010,5,32,2338520
201612,16,897000,019,1870,79120 ,93404 ,204 ,292,26820, , ,83449      ,4,8,12,Swan Valley,3,3,1359772,0,0,0,0,0,0,0,0,0,3,3,1359772,0,0,0,0,0,0,0,0,0
201612,16,913000,081,1900,80470 ,93473 ,269 ,999,99999, , ,83452      ,4,8,12,Tetonia,0,0,0,0,0,0,0,0,0,0,0,0,0,0,0,0,0,0,0,0,0,0,0,0
201612,16,921000,083,1920,82810 ,93565 ,44125 ,999,99999, , ,83301      ,4,8,12,Twin Falls,248,248,49684889,5,10,1030551,0,0,0,1,60,5039361,248,248,49684889,5,10,1030551,0,0,0,1,60,5039361
201612,16,925000,083,    ,99990 ,00000 ,21454 ,999,99999,2, ,833016251  ,4,8,12,Twin Falls County Unincorporated Area,58,58,11849733,0,0,0,0,0,0,0,0,0,58,58,11849733,0,0,0,0,0,0,0,0,0
201612,16,977000,027,2030,87670 ,93841 ,1533 ,147,14260, , ,83676      ,4,8,11,Wilder,19,19,3201912,0,0,0,0,0,0,0,0,0,17,17,2866752,0,0,0,0,0,0,0,0,0
201612,30,009000,085,0018,03400 ,00000 ,208 ,999,99999, , ,59212      ,4,8,12,Bainville town,1,1,287713,0,0,0,0,0,0,0,0,0,1,1,287713,0,0,0,0,0,0,0,0,0
201612,30,015000,000,    ,00000 ,00000 ,99999 ,999,99999,2,0,           ,4,8,0,Balance of State,0,0,0,0,0,0,0,0,0,0,0,0,0,0,0,0,0,0,0,0,0,0,0,0
201612,30,045000,111,0050,06550 ,00000 ,104170 ,999,13740, ,1,59103      ,4,8,12,Billings,525,525,95912978,0,0,0,0,0,0,1,12,805837,525,525,95912978,0,0,0,0,0,0,1,12,805837
201612,30,057000,031,0080,08950 ,00000 ,37280 ,999,99999, , ,597711230  ,4,8,12,Bozeman,373,373,89646003,36,72,13523633,18,72,11406594,13,221,17995534,373,373,89646003,36,72,13523633,18,72,11406594,13,221,17995534
201612,30,085000,093,0110,11397 ,00000 ,33525 ,999,99999,2, ,59701      ,4,8,12,Butte-Silver Bow,43,43,4424376,0,0,0,1,4,172466,2,39,4500000,43,43,4424376,0,0,0,1,4,172466,2,39,4500000
201612,30,097000,013,    ,99990 ,00000 ,21489 ,999,24500, , ,59401      ,4,8,12,Cascade County Unincorporated Area,105,105,28745975,1,2,358195,0,0,0,0,0,0,105,105,28745975,1,2,358195,0,0,0,0,0,0
201612,30,117000,015,    ,99990 ,00000 ,3490 ,999,99999, , ,594420459  ,4,8,0,Chouteau County Unincorporated Area,9,9,2501559,0,0,0,0,0,0,0,0,0,0,0,0,0,0,0,0,0,0,0,0,0
201612,30,249000,009,0270,29575 ,00000 ,438 ,999,13740, , ,59029      ,4,8,0,Fromberg town,0,0,0,0,0,0,0,0,0,0,0,0,0,0,0,0,0,0,0,0,0,0,0,0
201612,30,253000,031,    ,99990 ,00000 ,40184 ,999,99999, , ,59715      ,4,8,12,Gallatin County Unincorporated Area,531,531,153275488,13,26,3735748,12,45,5342472,4,28,2732144,531,531,153275488,13,26,3735748,12,45,5342472,4,28,2732144
201612,30,273000,021,0285,31450 ,00000 ,4935 ,999,99999, , ,59330      ,4,8,0,Glendive,5,5,1108332,0,0,0,0,0,0,1,5,592593,0,0,0,0,0,0,0,0,0,0,0,0
201612,30,289000,013,1370,32800 ,00000 ,58505 ,999,24500, ,1,594035021  ,4,8,12,Great Falls,48,48,11452422,0,0,0,1,3,350000,3,84,8596582,48,48,11452422,0,0,0,1,3,350000,3,84,8596582
201612,30,293000,081,0300,33775 ,00000 ,4348 ,999,99999, , ,59840      ,4,8,0,Hamilton,7,7,966320,3,6,518250,0,0,0,0,0,0,0,0,0,0,0,0,0,0,0,0,0,0
201612,30,313000,049,0325,35600 ,00000 ,28190 ,999,99999, , ,59623      ,4,8,12,Helena,51,51,15257103,2,4,1219680,19,72,7543385,8,48,3940866,51,51,15257103,2,4,1219680,19,72,7543385,8,48,3940866
201612,30,317000,041,    ,99990 ,00000 ,6668 ,999,99999, , ,595010231  ,4,8,0,Hill County Unincorporated Area,0,0,0,0,0,0,0,0,0,0,0,0,0,0,0,0,0,0,0,0,0,0,0,0
201612,30,341000,043,    ,99990 ,00000 ,9185 ,999,99999, , ,596320249  ,4,8,12,Jefferson County Unincorporated Area,5,5,1438567,0,0,0,0,0,0,0,0,0,5,5,1438567,0,0,0,0,0,0,0,0,0
201612,30,349000,033,0365,39925 ,00000 ,343 ,999,99999, , ,59337      ,4,8,12,Jordan town,0,0,0,0,0,0,0,0,0,0,0,0,0,0,0,0,0,0,0,0,0,0,0,0
201612,30,361000,029,0375,40075 ,00000 ,19927 ,999,99999, , ,59903      ,4,8,12,Kalispell,107,107,22005815,10,20,2789131,2,8,1200000,0,0,0,107,107,22005815,10,20,2789131,2,8,1200000,0,0,0
201612,30,449000,063,0455,50200 ,00000 ,66788 ,999,33540, ,1,59802      ,4,8,12,Missoula,223,223,31680615,8,16,1404866,3,11,322535,17,522,35378256,223,223,31680615,8,16,1404866,3,11,322535,17,522,35378256
201612,30,453000,063,    ,99990 ,00000 ,42511 ,999,33540, , ,59808      ,4,8,12,Missoula County Unincorporated Area,145,145,35908218,1,2,169840,2,8,291229,1,8,178000,145,145,35908218,1,2,169840,2,8,291229,1,8,178000
201612,30,457000,027,0470,51550 ,00000 ,193 ,999,99999, , ,594640098  ,4,8,0,Moore town,0,0,0,0,0,0,0,0,0,0,0,0,0,0,0,0,0,0,0,0,0,0,0,0
201612,30,513000,047,0530,58750 ,00000 ,4488 ,999,99999, , ,59860      ,4,8,12,Polson,12,12,5520103,0,0,0,4,16,760000,0,0,0,12,12,5520103,0,0,0,4,16,760000,0,0,0
201612,30,601000,083,0590,67900 ,00000 ,5191 ,999,99999, , ,59270      ,4,8,12,Sidney,6,6,2222500,0,0,0,0,0,0,0,0,0,6,6,2222500,0,0,0,0,0,0,0,0,0
201612,30,681000,057,0655,77125 ,00000 ,190 ,999,99999, , ,59755      ,4,8,12,Virginia City town,0,0,0,0,0,0,0,0,0,0,0,0,0,0,0,0,0,0,0,0,0,0,0,0
201612,30,705000,029,0670,79825 ,00000 ,6357 ,999,99999, , ,59937      ,4,8,12,Whitefish,63,63,20391469,1,2,300000,3,9,1296000,6,75,7285000,63,63,20391469,1,2,300000,3,9,1296000,6,75,7285000
201612,32,001000,003,0010,06500 ,00000 ,15023 ,332,29820, , ,89005      ,4,8,12,Boulder City,3,3,962418,0,0,0,0,0,0,0,0,0,3,3,962418,0,0,0,0,0,0,0,0,0
201612,32,005000,017,0015,08500 ,00000 ,1130 ,999,99999, , ,890081006  ,4,8,12,Caliente,0,0,0,0,0,0,0,0,0,0,0,0,0,0,0,0,0,0,0,0,0,0,0,0
201612,32,009000,007,0020,08900 ,00000 ,2368 ,999,99999, , ,89822      ,4,8,12,Carlin,0,0,0,0,0,0,0,0,0,0,0,0,0,0,0,0,0,0,0,0,0,0,0,0
201612,32,013000,510,0025,09700 ,00000 ,55274 ,456,16180, ,1,89701      ,4,8,12,Carson City,87,87,25893738,0,0,0,0,0,0,9,72,8108171,87,87,25893738,0,0,0,0,0,0,9,72,8108171
201612,32,017000,001,    ,99990 ,00000 ,16271 ,999,99999, , ,894062748  ,4,8,12,Churchill County Unincorporated Area,15,15,3158604,0,0,0,0,0,0,0,0,0,15,15,3158604,0,0,0,0,0,0,0,0,0
201612,32,021000,003,    ,99990 ,00000 ,862524 ,332,29820, , ,89118      ,4,8,12,Clark County Unincorporated Area,4085,4085,518281686,0,0,0,9,27,1834350,133,2401,173856929,4085,4085,518281686,0,0,0,9,27,1834350,133,2401,173856929
201612,32,025000,005,    ,00000 ,00000 ,46997 ,999,99999, , ,89423      ,4,8,12,Douglas County,162,162,62642654,0,0,0,0,0,0,0,0,0,162,162,62642654,0,0,0,0,0,0,0,0,0
201612,32,029000,007,0035,22500 ,00000 ,18297 ,999,99999, , ,89801      ,4,8,12,Elko,51,51,10518570,0,0,0,0,0,0,0,0,0,51,51,10518570,0,0,0,0,0,0,0,0,0
201612,32,033000,007,    ,99990 ,00000 ,22451 ,999,99999, , ,89801      ,4,8,12,Elko County Unincorporated Area,115,115,14317485,1,2,298736,0,0,0,0,0,0,115,115,14317485,1,2,298736,0,0,0,0,0,0
201612,32,037000,033,0040,23500 ,00000 ,4255 ,999,99999, , ,893011996  ,4,8,10,Ely,1,1,224351,0,0,0,0,0,0,0,0,0,0,0,0,0,0,0,0,0,0,0,0,0
201612,32,049000,001,0045,24100 ,00000 ,8606 ,999,99999, , ,89406      ,4,8,12,Fallon,15,15,3712035,0,0,0,0,0,0,0,0,0,15,15,3712035,0,0,0,0,0,0,0,0,0
201612,32,050000,019,0048,24900 ,00000 ,19368 ,999,99999, , ,89408      ,4,8,12,Fernley,91,91,20038869,0,0,0,0,0,0,0,0,0,91,91,20038869,0,0,0,0,0,0,0,0,0
201612,32,057000,003,0058,31900 ,00000 ,257729 ,332,29820, ,1,89015      ,4,8,12,Henderson,2223,2223,604933372,4,8,245762,0,0,0,64,1366,77140606,2223,2223,604933372,4,8,245762,0,0,0,64,1366,77140606
201612,32,061000,013,    ,99990 ,00000 ,9132 ,999,99999, , ,89445      ,4,8,12,Humboldt County Unincorporated Area,6,6,1051831,0,0,0,0,0,0,0,0,0,6,6,1051831,0,0,0,0,0,0,0,0,0
201612,32,065000,015,    ,00000 ,00000 ,5775 ,999,99999, , ,89820      ,4,8,12,Lander County,0,0,0,0,0,0,0,0,0,0,0,0,0,0,0,0,0,0,0,0,0,0,0,0
201612,32,069000,003,0065,40000 ,00000 ,583756 ,332,29820, ,1,89107      ,4,8,12,Las Vegas,1454,1454,395331465,0,0,0,0,0,0,16,826,68167226,1454,1454,395331465,0,0,0,0,0,0,16,826,68167226
201612,32,073000,017,    ,99990 ,00000 ,4215 ,999,99999, , ,89043      ,4,8,7,Lincoln County Unincorporated Area,10,10,2704966,0,0,0,0,0,0,0,0,0,7,7,1914724,0,0,0,0,0,0,0,0,0
201612,32,077000,027,0070,43000 ,00000 ,1894 ,999,99999, , ,89419      ,4,8,12,Lovelock,0,0,0,0,0,0,0,0,0,0,0,0,0,0,0,0,0,0,0,0,0,0,0,0
201612,32,081000,019,    ,99990 ,00000 ,29564 ,999,99999, , ,89447      ,4,8,12,Lyon County Unincorporated Area,133,133,29286169,0,0,0,0,0,0,0,0,0,133,133,29286169,0,0,0,0,0,0,0,0,0
201612,32,085000,003,0074,46000 ,00000 ,15276 ,332,29820, , ,890274706  ,4,8,12,Mesquite,246,246,56274096,0,0,0,0,0,0,0,0,0,246,246,56274096,0,0,0,0,0,0,0,0,0
201612,32,089000,021,    ,00000 ,00000 ,4772 ,999,99999, , ,89415      ,4,8,12,Mineral County,0,0,0,0,0,0,0,0,0,0,0,0,0,0,0,0,0,0,0,0,0,0,0,0
201612,32,093000,003,0085,51800 ,00000 ,216961 ,332,29820, , ,89030      ,4,8,12,North Las Vegas,794,794,105704388,5,10,1279187,0,0,0,12,134,12819157,794,794,105704388,5,10,1279187,0,0,0,12,134,12819157
201612,32,101000,027,    ,99990 ,00000 ,4859 ,999,99999, , ,89419      ,4,8,12,Pershing County Unincorporated Area,0,0,0,0,0,0,0,0,0,0,0,0,0,0,0,0,0,0,0,0,0,0,0,0
201612,32,105000,031,1800,60600 ,00000 ,225221 ,456,39900, ,1,89505      ,4,8,12,Reno,1059,1059,262972284,36,72,10639520,16,50,7189137,76,1193,121643427,1059,1059,262972284,36,72,10639520,16,50,7189137,76,1193,121643427
201612,32,109000,031,0100,68400 ,00000 ,90264 ,456,39900, , ,89431      ,4,8,12,Sparks,490,490,107391034,0,0,0,0,0,0,40,417,54779225,490,490,107391034,0,0,0,0,0,0,40,417,54779225
201612,32,113000,029,    ,00000 ,00000 ,4010 ,456,39900, , ,89440      ,4,8,10,Storey County,11,11,1462838,0,0,0,0,0,0,0,0,0,9,9,1112058,0,0,0,0,0,0,0,0,0
201612,32,117000,031,    ,99990 ,00000 ,105922 ,456,39900, , ,895200027  ,4,8,11,Washoe County Unincorporated Area,307,307,104472717,0,0,0,0,0,0,0,0,0,284,284,97196331,0,0,0,0,0,0,0,0,0
201612,32,121000,007,0120,83000 ,00000 ,1292 ,999,99999, , ,89835      ,4,8,1,Wells,5,5,330000,0,0,0,0,0,0,0,0,0,3,3,300000,0,0,0,0,0,0,0,0,0
201612,32,122000,007,0122,83730 ,00000 ,4410 ,999,99999, , ,89883      ,4,8,12,West Wendover,1,1,173000,0,0,0,0,0,0,0,0,0,1,1,173000,0,0,0,0,0,0,0,0,0
201612,32,125000,033,    ,99990 ,00000 ,5775 ,999,99999, , ,89301      ,4,8,9,White Pine County Unincorporated Area,3,3,1181752,0,0,0,0,0,0,0,0,0,2,2,833575,0,0,0,0,0,0,0,0,0
201612,32,129000,013,0130,84800 ,00000 ,7396 ,999,99999, , ,89445      ,4,8,12,Winnemucca,6,6,1015969,0,0,0,0,0,0,0,0,0,6,6,1015969,0,0,0,0,0,0,0,0,0
201612,32,133000,019,0135,85400 ,00000 ,3048 ,999,99999, , ,89447      ,4,8,12,Yerington,0,0,0,0,0,0,0,0,0,0,0,0,0,0,0,0,0,0,0,0,0,0,0,0
201612,35,005000,001,0015,02000 ,00000 ,545852 ,106,10740, ,1,871031293  ,4,8,9,Albuquerque,913,913,181100110,1,2,262100,0,0,0,23,377,37815734,663,663,132122023,1,2,262100,0,0,0,20,323,32849129
201612,35,009000,007,0021,03400 ,00000 ,1216 ,999,99999, , ,87710      ,4,8,12,Angel Fire village,9,9,4065000,0,0,0,0,0,0,0,0,0,9,9,4065000,0,0,0,0,0,0,0,0,0
201612,35,013000,015,0023,05220 ,00000 ,11301 ,999,99999, , ,882111310  ,4,8,12,Artesia,18,18,6099688,0,0,0,0,0,0,0,0,0,18,18,6099688,0,0,0,0,0,0,0,0,0
201612,35,021000,000,    ,00000 ,00000 ,99999 ,999,99999,2, ,87504      ,4,8,0,Balance of State,337,337,91203142,0,0,0,0,0,0,0,0,0,0,0,0,0,0,0,0,0,0,0,0,0
201612,35,033000,001,    ,99990 ,00000 ,110013 ,106,10740,2, ,87102      ,4,8,12,Bernalillo County Unincorporated Area,118,118,48289969,0,0,0,0,0,0,7,61,6927005,118,118,48289969,0,0,0,0,0,0,7,61,6927005
201612,35,037000,043,0040,06970 ,00000 ,8320 ,106,10740, , ,87144      ,4,8,0,Bernalillo town,86,86,18488824,0,0,0,0,0,0,12,62,2583330,0,0,0,0,0,0,0,0,0,0,0,0
201612,35,053000,015,0055,12150 ,00000 ,26138 ,999,99999, , ,88220      ,4,8,12,Carlsbad,73,73,13646175,0,0,0,0,0,0,24,204,12000000,73,73,13646175,0,0,0,0,0,0,24,204,12000000
201612,35,077000,005,    ,99990 ,00000 ,14320 ,999,99999,2, ,88202      ,4,8,12,Chaves County Unincorporated Area,18,18,3339810,0,0,0,0,0,0,0,0,0,18,18,3339810,0,0,0,0,0,0,0,0,0
201612,35,093000,035,0080,16280 ,00000 ,674 ,999,99999, , ,88317      ,4,8,11,Cloudcroft village,2,2,417174,0,0,0,0,0,0,0,0,0,2,2,417174,0,0,0,0,0,0,0,0,0
201612,35,097000,009,0085,16420 ,00000 ,37775 ,999,99999, , ,881020760  ,4,8,12,Clovis,38,38,9360942,0,0,0,0,0,0,4,64,5900000,38,38,9360942,0,0,0,0,0,0,4,64,5900000
201612,35,117000,043,0094,17960 ,00000 ,8329 ,106,10740, , ,870488607  ,4,8,10,Corrales village,16,16,5422822,0,0,0,0,0,0,0,0,0,14,14,4670118,0,0,0,0,0,0,0,0,0
201612,35,133000,029,0116,20270 ,00000 ,14855 ,999,99999, , ,88031      ,4,8,12,Deming,5,5,752000,0,0,0,0,0,0,0,0,0,5,5,752000,0,0,0,0,0,0,0,0,0
201612,35,145000,013,    ,99990 ,00000 ,93665 ,238,29740,2, ,88007      ,4,8,12,Dona Ana County Unincorporated Area,170,170,41847302,0,0,0,0,0,0,0,0,0,170,170,41847302,0,0,0,0,0,0,0,0,0
201612,35,169000,039,2500,25170 ,00000 ,6966 ,999,99999,2, ,87532      ,4,8,1,Espanola,0,0,0,0,0,0,0,0,0,0,0,0,0,0,0,0,0,0,0,0,0,0,0,0
201612,35,185000,045,0143,25800 ,00000 ,45877 ,999,22140, ,1,87401      ,4,8,12,Farmington,52,52,11960413,1,2,218880,0,0,0,0,0,0,52,52,11960413,1,2,218880,0,0,0,0,0,0
201612,35,201000,031,0150,28460 ,00000 ,21678 ,999,99999, , ,87305      ,4,8,12,Gallup,10,10,1852000,0,0,0,0,0,0,0,0,0,10,10,1852000,0,0,0,0,0,0,0,0,0
201612,35,241000,025,0180,32520 ,00000 ,34122 ,999,99999, , ,88240      ,4,8,11,Hobbs,151,151,29052426,0,0,0,0,0,0,7,86,15006172,132,132,25043940,0,0,0,0,0,0,6,65,14563026
201612,35,269000,013,0220,39380 ,00000 ,97618 ,238,29740, ,1,88004      ,4,8,12,Las Cruces,418,418,79578201,1,2,127920,0,0,0,1,11,790940,418,418,79578201,1,2,127920,0,0,0,1,11,790940
201612,35,273000,047,0225,39940 ,00000 ,13753 ,999,99999, , ,877010160  ,4,8,11,Las Vegas,1,1,140000,0,0,0,0,0,0,0,0,0,1,1,140000,0,0,0,0,0,0,0,0,0
201612,35,293000,028,    ,00000 ,00000 ,17950 ,999,99999, , ,87544      ,4,8,10,Los Alamos County,4,4,1424270,0,0,0,0,0,0,0,0,0,2,2,750000,0,0,0,0,0,0,0,0,0
201612,35,297000,061,0245,43370 ,00000 ,14835 ,106,10740, , ,87031      ,4,8,0,Los Lunas village,96,96,10407552,0,0,0,0,0,0,0,0,0,0,0,0,0,0,0,0,0,0,0,0,0
201612,35,313000,029,    ,99990 ,00000 ,8576 ,999,99999, , ,88030      ,4,8,5,Luna County Unincorporated Area,2,2,575427,0,0,0,0,0,0,0,0,0,2,2,575427,0,0,0,0,0,0,0,0,0
201612,35,369000,041,0323,59260 ,00000 ,12280 ,999,99999, , ,88130      ,4,8,12,Portales,16,16,2446500,0,0,0,0,0,0,0,0,0,16,16,2446500,0,0,0,0,0,0,0,0,0
201612,35,397000,043,0355,63460 ,00000 ,87391 ,106,10740,2, ,871444501  ,4,8,5,Rio Rancho,698,698,137443156,2,4,566542,7,28,2347891,0,0,0,218,218,46257790,0,0,0,0,0,0,0,0,0
201612,35,405000,005,0362,64930 ,00000 ,48366 ,999,99999, , ,88201      ,4,8,12,Roswell,56,56,9245665,0,0,0,0,0,0,9,144,9800000,56,56,9245665,0,0,0,0,0,0,9,144,9800000
201612,35,413000,027,0365,65280 ,00000 ,2815 ,999,99999, , ,88346      ,4,8,12,Ruidoso Downs,1,1,32500,0,0,0,0,0,0,0,0,0,1,1,32500,0,0,0,0,0,0,0,0,0
201612,35,417000,027,0364,65210 ,00000 ,8029 ,999,99999, , ,88345      ,4,8,0,Ruidoso village,70,70,17691122,0,0,0,0,0,0,0,0,0,0,0,0,0,0,0,0,0,0,0,0,0
201612,35,425000,045,    ,99990 ,00000 ,69292 ,999,22140,2, ,87410      ,4,8,11,San Juan County Unincorporated Area,50,50,13007732,0,0,0,0,0,0,0,0,0,45,45,11764748,0,0,0,0,0,0,0,0,0
201612,35,441000,049,0381,70500 ,00000 ,67947 ,106,42140, ,1,87504      ,4,8,5,Santa Fe,117,117,29198079,0,0,0,0,0,0,0,0,0,45,45,11769449,0,0,0,0,0,0,0,0,0
201612,35,457000,017,0392,73260 ,00000 ,10315 ,999,99999, , ,88031      ,4,8,9,Silver City town,7,7,1083787,0,0,0,0,0,0,0,0,0,3,3,380000,0,0,0,0,0,0,0,0,0
201612,35,461000,053,0396,73540 ,00000 ,9051 ,999,99999, , ,87801      ,4,8,12,Socorro,1,1,164000,0,0,0,0,0,0,0,0,0,1,1,164000,0,0,0,0,0,0,0,0,0
201612,35,469000,013,0400,75640 ,00000 ,14106 ,238,29740, , ,880630470  ,4,8,11,Sunland Park,177,177,32376365,0,0,0,0,0,0,0,0,0,160,160,29153703,0,0,0,0,0,0,0,0,0
201612,35,473000,055,    ,99990 ,00000 ,24905 ,999,99999, , ,87571      ,4,8,0,Taos County Unincorporated Area,77,77,8443497,0,0,0,0,0,0,0,0,0,0,0,0,0,0,0,0,0,0,0,0,0
201612,35,475000,055,0408,76480 ,00000 ,69 ,999,99999, , ,87525      ,4,8,12,Taos Ski Valley village,1,1,247242,0,0,0,0,0,0,0,0,0,1,1,247242,0,0,0,0,0,0,0,0,0
201612,35,497000,051,0428,79840 ,00000 ,6475 ,999,99999, , ,87901      ,4,8,12,Truth or Consequences,1,1,347000,0,0,0,0,0,0,0,0,0,1,1,347000,0,0,0,0,0,0,0,0,0
201612,41,009000,043,0010,01000 ,00000 ,43695 ,440,10540,2,1,97321      ,4,9,12,Albany,107,107,26548876,0,0,0,0,0,0,0,0,0,107,107,26548876,0,0,0,0,0,0,0,0,0
201612,41,011000,071,0025,02000 ,00000 ,1614 ,440,38900, , ,97101      ,4,9,11,Amity,6,6,1022742,0,0,0,0,0,0,0,0,0,6,6,1022742,0,0,0,0,0,0,0,0,0
201612,41,025000,047,0060,03300 ,00000 ,918 ,440,41420, , ,97002      ,4,9,7,Aurora,5,5,1178841,0,0,0,0,0,0,0,0,0,1,1,254000,0,0,0,0,0,0,0,0,0
201612,41,030000,000,    ,00000 ,00000 ,99999 ,999,99999,2, ,973090404  ,4,9,0,Balance of State,148,148,21920553,0,0,0,0,0,0,0,0,0,0,0,0,0,0,0,0,0,0,0,0,0
201612,41,039000,067,0095,05350 ,00000 ,89803 ,440,38900, ,1,970764755  ,4,9,12,Beaverton,35,35,8593433,0,0,0,6,18,3195396,5,151,16304204,35,35,8593433,0,0,0,6,18,3195396,5,151,16304204
201612,41,041000,017,0100,05800 ,00000 ,76639 ,140,13460, ,1,97701      ,4,9,12,Bend,1014,1014,232602849,20,40,7100517,18,59,4345311,14,358,39641182,1014,1014,232602849,20,40,7100517,18,59,4345311,14,358,39641182
201612,41,045000,049,0105,07200 ,00000 ,3220 ,999,99999, , ,97818      ,4,9,0,Boardman,6,6,955242,0,0,0,0,0,0,0,0,0,0,0,0,0,0,0,0,0,0,0,0,0
201612,41,051000,043,0125,09050 ,00000 ,1668 ,440,10540, , ,97327      ,4,9,12,Brownsville,1,1,135889,0,0,0,0,0,0,0,0,0,1,1,135889,0,0,0,0,0,0,0,0,0
201612,41,071000,029,0180,12400 ,00000 ,17169 ,366,32780, , ,97502      ,4,9,12,Central Point,49,49,11493422,0,0,0,3,11,1661160,0,0,0,49,49,11493422,0,0,0,3,11,1661160,0,0,0
201612,41,077000,005,    ,99990 ,00000 ,170591 ,440,38900,2, ,97045      ,4,9,12,Clackamas County Unincorporated Area,473,473,132412038,1,2,315281,6,23,1955012,37,537,53257288,473,473,132412038,1,2,315281,6,23,1955012,37,537,53257288
201612,41,085000,009,0200,14750 ,00000 ,1946 ,440,38900, , ,97018      ,4,9,12,Columbia City,9,9,2495537,0,0,0,0,0,0,0,0,0,9,9,2495537,0,0,0,0,0,0,0,0,0
201612,41,087000,009,    ,99990 ,00000 ,22092 ,440,38900,2, ,97051      ,4,9,11,Columbia County Unincorporated Area,31,31,9885260,0,0,0,0,0,0,0,0,0,28,28,9029482,0,0,0,0,0,0,0,0,0
201612,41,097000,067,0220,15550 ,00000 ,11869 ,440,38900, , ,97116      ,4,9,12,Cornelius,3,3,792348,0,0,0,0,0,0,0,0,0,3,3,792348,0,0,0,0,0,0,0,0,0
201612,41,099000,003,0225,15800 ,00000 ,54462 ,440,18700, ,1,973391083  ,4,9,10,Corvallis,85,85,20233643,3,6,765603,1,3,440862,2,33,5477953,71,71,16649309,3,6,765603,1,3,440862,2,33,5477953
201612,41,115000,071,0260,18250 ,00000 ,2534 ,440,38900, , ,97114      ,4,9,12,Dayton,22,22,5038927,0,0,0,0,0,0,0,0,0,22,22,5038927,0,0,0,0,0,0,0,0,0
201612,41,121000,017,    ,99990 ,00000 ,51188 ,140,13460,2, ,97701      ,4,9,12,Deschutes County Unincorporated Area,468,468,138656620,0,0,0,0,0,0,0,0,0,468,468,138656620,0,0,0,0,0,0,0,0,0
201612,41,127000,019,    ,99990 ,00000 ,58441 ,999,99999,2, ,97470      ,4,9,12,Douglas County Unincorporated Area,203,203,49957481,2,4,568082,0,0,0,0,0,0,203,203,49957481,2,4,568082,0,0,0,0,0,0
201612,41,133000,071,0310,21050 ,00000 ,3162 ,440,38900, , ,971150220  ,4,9,11,Dundee,13,13,3687336,0,0,0,0,0,0,0,0,0,12,12,3428233,0,0,0,0,0,0,0,0,0
201612,41,137000,067,0313,21250 ,00000 ,1351 ,440,38900, , ,97224      ,4,9,12,Durham,1,1,365882,0,0,0,0,0,0,0,0,0,1,1,365882,0,0,0,0,0,0,0,0,0
201612,41,149000,005,0355,23800 ,00000 ,2695 ,440,38900, , ,97401      ,4,9,12,Estacada,46,46,10296057,0,0,0,0,0,0,0,0,0,46,46,10296057,0,0,0,0,0,0,0,0,0
201612,41,151000,039,0360,23850 ,00000 ,156185 ,999,21660, ,1,97401      ,4,9,12,Eugene,324,324,79270280,11,22,4936692,0,0,0,13,401,35774016,324,324,79270280,11,22,4936692,0,0,0,13,401,35774016
201612,41,153000,051,0370,24250 ,00000 ,8920 ,440,38900, , ,97024      ,4,9,12,Fairview,6,6,1502801,3,6,982995,0,0,0,0,0,0,6,6,1502801,3,6,982995,0,0,0,0,0,0
201612,41,157000,039,0380,26050 ,00000 ,8466 ,999,21660, , ,97439      ,4,9,10,Florence,25,25,5130378,0,0,0,0,0,0,0,0,0,25,25,5130378,0,0,0,0,0,0,0,0,0
201612,41,159000,067,0385,26200 ,00000 ,21083 ,440,38900, , ,97116      ,4,9,12,Forest Grove,67,67,21058607,3,6,1147924,0,0,0,0,0,0,67,67,21058607,3,6,1147924,0,0,0,0,0,0
201612,41,195000,051,0465,31250 ,00000 ,105594 ,440,38900, , ,97030      ,4,9,12,Gresham,110,110,30601997,0,0,0,0,0,0,1,24,2358297,110,110,30601997,0,0,0,0,0,0,1,24,2358297
201612,41,201000,043,0480,31750 ,00000 ,904 ,440,10540, , ,97348      ,4,9,12,Halsey,4,4,843821,0,0,0,0,0,0,0,0,0,4,4,843821,0,0,0,0,0,0,0,0,0
201612,41,205000,005,0487,32050 ,00000 ,13903 ,440,38900, , ,97086      ,4,9,12,Happy Valley,281,281,78552511,0,0,0,0,0,0,14,308,33953800,281,281,78552511,0,0,0,0,0,0,14,308,33953800
201612,41,207000,025,    ,00000 ,00000 ,3053 ,999,99999, , ,97720      ,4,9,12,Harney County,10,10,2124465,0,0,0,0,0,0,0,0,0,10,10,2124465,0,0,0,0,0,0,0,0,0
201612,41,209000,043,0495,32550 ,00000 ,3567 ,440,10540, , ,97446      ,4,9,11,Harrisburg,2,2,307243,0,0,0,0,0,0,0,0,0,2,2,307243,0,0,0,0,0,0,0,0,0
201612,41,217000,067,0520,34100 ,00000 ,91611 ,440,38900, ,1,97123      ,4,9,12,Hillsboro,320,320,87069830,0,0,0,4,13,2408151,38,597,76286309,320,320,87069830,0,0,0,4,13,2408151,38,597,76286309
201612,41,223000,027,    ,99990 ,00000 ,14035 ,999,99999,2, ,97031      ,4,9,12,Hood River County Unincorporated Area,67,67,19210736,0,0,0,0,0,0,0,0,0,67,67,19210736,0,0,0,0,0,0,0,0,0
201612,41,243000,029,    ,99990 ,00000 ,62516 ,366,32780,2, ,97501      ,4,9,12,Jackson County Unincorporated Area,162,162,39521524,1,2,293364,0,0,0,6,54,5197709,162,162,39521524,1,2,293364,0,0,0,6,54,5197709
201612,41,245000,029,0580,37000 ,00000 ,2785 ,366,32780, , ,97530      ,4,9,0,Jacksonville,0,0,0,0,0,0,0,0,0,0,0,0,0,0,0,0,0,0,0,0,0,0,0,0
201612,41,265000,067,0617,39150 ,00000 ,3111 ,440,38900, , ,97224      ,4,9,12,King City,35,35,9550185,0,0,0,4,14,2602472,1,5,928120,35,35,9550185,0,0,0,4,14,2602472,1,5,928120
201612,41,267000,035,    ,00000 ,00000 ,42742 ,999,99999, , ,97601      ,4,9,12,Klamath County,95,95,22599176,5,10,725317,0,0,0,0,0,0,95,95,22599176,5,10,725317,0,0,0,0,0,0
201612,41,273000,071,0625,40300 ,00000 ,3742 ,440,38900, , ,97127      ,4,9,10,Lafayette,40,40,8522749,0,0,0,0,0,0,0,0,0,36,36,7741675,0,0,0,0,0,0,0,0,0
201612,41,275000,037,    ,99990 ,00000 ,5358 ,999,99999,2, ,97630      ,4,9,11,Lake County Unincorporated Area,6,6,1398470,0,0,0,0,0,0,0,0,0,6,6,1398470,0,0,0,0,0,0,0,0,0
201612,41,277000,005,0633,40550 ,00000 ,34066 ,440,38900,2, ,97034      ,4,9,12,Lake Oswego,94,94,48200043,0,0,0,0,0,0,1,200,29083400,94,94,48200043,0,0,0,0,0,0,1,200,29083400
201612,41,287000,039,    ,99990 ,00000 ,96150 ,999,21660,2, ,97401      ,4,9,0,Lane County Unincorporated Area,183,183,46772396,0,0,0,0,0,0,0,0,0,0,0,0,0,0,0,0,0,0,0,0,0
201612,41,289000,043,0640,41650 ,00000 ,15518 ,440,10540, , ,97355      ,4,9,0,Lebanon,33,33,6485702,0,0,0,0,0,0,2,10,837366,0,0,0,0,0,0,0,0,0,0,0,0
201612,41,297000,043,    ,99990 ,00000 ,35738 ,440,10540,2, ,97321      ,4,9,12,Linn County Unincorporated Area,78,78,23420340,0,0,0,0,0,0,0,0,0,78,78,23420340,0,0,0,0,0,0,0,0,0
201612,41,307000,043,0670,44300 ,00000 ,1161 ,440,10540, , ,97358      ,4,9,12,Lyons,5,5,1115314,0,0,0,0,0,0,0,0,0,5,5,1115314,0,0,0,0,0,0,0,0,0
201612,41,317000,047,    ,99990 ,00000 ,83664 ,440,41420, , ,973095036  ,4,9,12,Marion County Unincorporated Area,145,145,43270657,1,2,336514,0,0,0,0,0,0,145,145,43270657,1,2,336514,0,0,0,0,0,0
201612,41,323000,071,0675,45000 ,00000 ,32187 ,440,38900, , ,97128      ,4,9,12,McMinnville,83,83,21323690,2,4,474932,0,0,0,5,57,5418308,83,83,21323690,2,4,474932,0,0,0,5,57,5418308
201612,41,325000,029,0720,47000 ,00000 ,74907 ,366,32780, ,1,97501      ,4,9,12,Medford,339,339,81574027,1,2,344621,2,8,1437422,7,91,11840235,339,339,81574027,1,2,344621,2,8,1437422,7,91,11840235
201612,41,331000,043,0740,48150 ,00000 ,1531 ,440,10540,2, ,97360      ,4,9,12,Mill City,2,2,299062,0,0,0,0,0,0,0,0,0,2,2,299062,0,0,0,0,0,0,0,0,0
201612,41,339000,005,0750,48650 ,00000 ,20291 ,440,38900,2, ,97206      ,4,9,12,Milwaukie,15,15,3868811,2,4,685950,0,0,0,0,0,0,15,15,3868811,2,4,685950,0,0,0,0,0,0
201612,41,365000,051,    ,99990 ,00000 ,16199 ,440,38900,2, ,97030      ,4,9,12,Multnomah County Part 2 Unincorporated Area,6,6,2329121,0,0,0,0,0,0,0,0,0,6,6,2329121,0,0,0,0,0,0,0,0,0
201612,41,375000,071,0820,52100 ,00000 ,22068 ,440,38900, , ,97132      ,4,9,12,Newberg,68,68,18720483,0,0,0,0,0,0,0,0,0,68,68,18720483,0,0,0,0,0,0,0,0,0
201612,41,391000,045,0865,54900 ,00000 ,11366 ,999,99999, , ,97914      ,4,9,11,Ontario,4,4,556129,0,0,0,0,0,0,0,0,0,3,3,445941,0,0,0,0,0,0,0,0,0
201612,41,393000,005,0870,55200 ,00000 ,31859 ,440,38900, , ,970450021  ,4,9,12,Oregon City,151,151,47133352,0,0,0,0,0,0,0,0,0,151,151,47133352,0,0,0,0,0,0,0,0,0
201612,41,411000,051,0905,59000 ,00000 ,581485 ,440,38900,2,1,972015350  ,4,9,12,Portland,981,981,267174421,88,176,30857112,4,16,2647072,85,3852,543599736,981,981,267174421,88,176,30857112,4,16,2647072,85,3852,543599736
201612,41,425000,017,0945,61200 ,00000 ,26215 ,140,13460, ,1,97756      ,4,9,11,Redmond,279,279,60534394,0,0,0,0,0,0,0,0,0,262,262,56571802,0,0,0,0,0,0,0,0,0
201612,41,427000,019,0950,61300 ,00000 ,4154 ,999,99999, , ,97401      ,4,9,12,Reedsport,8,8,1746109,0,0,0,0,0,0,0,0,0,8,8,1746109,0,0,0,0,0,0,0,0,0
201612,41,445000,047,1005,64900 ,00000 ,130398 ,440,41420,2,1,97301      ,4,9,12,Salem,302,302,84167337,12,24,4264549,1,4,324381,36,462,51648015,302,302,84167337,12,24,4264549,1,4,324381,36,462,51648015
201612,41,449000,005,1015,65250 ,00000 ,9570 ,440,38900, , ,97055      ,4,9,12,Sandy,82,82,18175638,2,4,645412,0,0,0,0,0,0,82,82,18175638,2,4,645412,0,0,0,0,0,0
201612,41,451000,009,1020,65500 ,00000 ,6592 ,440,38900, , ,97056      ,4,9,12,Scappoose,8,8,2171428,0,0,0,0,0,0,2,16,1200000,8,8,2171428,0,0,0,0,0,0,2,16,1200000
201612,41,453000,043,1025,65650 ,00000 ,838 ,440,10540, , ,97374      ,4,9,12,Scio,8,8,1645625,0,0,0,0,0,0,0,0,0,8,8,1645625,0,0,0,0,0,0,0,0,0
201612,41,465000,071,1045,67050 ,00000 ,6127 ,440,38900, , ,97378      ,4,9,12,Sheridan,7,7,1187552,0,0,0,0,0,0,0,0,0,7,7,1187552,0,0,0,0,0,0,0,0,0
201612,41,469000,067,1050,67100 ,00000 ,18194 ,440,38900, , ,97140      ,4,9,8,Sherwood,47,47,12330021,0,0,0,0,0,0,1,5,797345,30,30,7213065,0,0,0,0,0,0,0,0,0
201612,41,481000,039,1085,69600 ,00000 ,59403 ,999,21660, , ,97477      ,4,9,12,Springfield,104,104,23723609,0,0,0,0,0,0,2,15,1399113,104,104,23723609,0,0,0,0,0,0,2,15,1399113
201612,41,483000,009,0995,64600 ,00000 ,12883 ,440,38900, , ,97051      ,4,9,5,St. Helens,23,23,4983181,0,0,0,0,0,0,0,0,0,7,7,1603533,0,0,0,0,0,0,0,0,0
201612,41,499000,043,1120,71950 ,00000 ,8925 ,440,10540, , ,97386      ,4,9,12,Sweet Home,40,40,5519246,0,0,0,0,0,0,0,0,0,40,40,5519246,0,0,0,0,0,0,0,0,0
201612,41,503000,043,1123,72600 ,00000 ,1164 ,440,10540, , ,973890251  ,4,9,12,Tangent,13,13,3412181,0,0,0,0,0,0,0,0,0,13,13,3412181,0,0,0,0,0,0,0,0,0
201612,41,505000,067,1132,73650 ,00000 ,48035 ,440,38900, , ,97223      ,4,9,12,Tigard,356,356,112503880,0,0,0,0,0,0,16,300,35254606,356,356,112503880,0,0,0,0,0,0,16,300,35254606
201612,41,509000,057,    ,99990 ,00000 ,15655 ,999,99999,2, ,97141      ,4,9,12,Tillamook County Unincorporated Area,99,99,24732665,1,2,230275,1,4,400000,2,14,1289785,99,99,24732665,1,2,230275,1,4,400000,2,14,1289785
201612,41,511000,041,1140,74000 ,00000 ,3465 ,999,99999, , ,97365      ,4,9,12,Toledo,0,0,0,0,0,0,0,0,0,0,0,0,0,0,0,0,0,0,0,0,0,0,0,0
201612,41,513000,051,1145,74850 ,00000 ,15962 ,440,38900,2, ,970602012  ,4,9,12,Troutdale,4,4,792288,0,0,0,0,0,0,1,5,760000,4,4,792288,0,0,0,0,0,0,1,5,760000
201612,41,517000,067,1150,74950 ,00000 ,23192 ,440,38900,2, ,970627092  ,4,9,11,Tualatin,26,26,9277331,7,14,2198420,0,0,0,1,9,810511,24,24,8507602,6,12,1915162,0,0,0,0,0,0
201612,41,551000,067,    ,99990 ,00000 ,213376 ,440,38900,2, ,97124      ,4,9,12,Washington County Unincorporated Area,1024,1024,343167226,0,0,0,0,0,0,11,259,46493379,1024,1024,343167226,0,0,0,0,0,0,11,259,46493379
201612,41,555000,005,1215,80150 ,00000 ,25109 ,440,38900, , ,97068      ,4,9,11,West Linn,36,36,14354379,2,4,703600,0,0,0,0,0,0,32,32,12959417,2,4,703600,0,0,0,0,0,0
201612,41,569000,005,1233,82800 ,00000 ,17371 ,440,38900,2, ,97070      ,4,9,12,Wilsonville,187,187,50462505,0,0,0,0,0,0,0,0,0,187,187,50462505,0,0,0,0,0,0,0,0,0
201612,41,575000,051,1245,83950 ,00000 ,3878 ,440,38900, , ,970601095  ,4,9,12,Wood Village,2,2,600000,0,0,0,0,0,0,0,0,0,2,2,600000,0,0,0,0,0,0,0,0,0
201612,41,583000,071,    ,99990 ,00000 ,23546 ,440,38900,2, ,97128      ,4,9,12,Yamhill County Unincorporated Area,109,109,36708959,0,0,0,0,0,0,0,0,0,109,109,36708959,0,0,0,0,0,0,0,0,0
201612,49,001000,049,0005,00540 ,00000 ,9555 ,482,39340, , ,84004      ,4,8,12,Alpine,21,21,13876000,0,0,0,1,4,551000,0,0,0,21,21,13876000,0,0,0,1,4,551000,0,0,0
201612,49,003000,035,0007,00650 ,00000 ,383 ,482,41620, , ,84092      ,4,8,12,Alta town,0,0,0,0,0,0,0,0,0,0,0,0,0,0,0,0,0,0,0,0,0,0,0,0
201612,49,011000,049,0025,01310 ,00000 ,26263 ,482,39340, , ,84003      ,4,8,12,American Fork,171,171,42144330,1,2,228670,2,8,1386800,18,95,13718200,171,171,42144330,1,2,228670,2,8,1386800,18,95,13718200
201612,49,033000,035,0070,06810 ,00000 ,7598 ,482,41620,2, ,84065      ,4,8,12,Bluffdale,509,509,111343000,0,0,0,0,0,0,0,0,0,509,509,111343000,0,0,0,0,0,0,0,0,0
201612,49,037000,011,0075,07690 ,00000 ,42552 ,482,36260, , ,84010      ,4,8,11,Bountiful,30,30,12324568,2,4,1215955,0,0,0,2,11,1801774,27,27,10926103,1,2,521060,0,0,0,1,5,875000
201612,49,057000,049,0102,11430 ,00000 ,368 ,482,39340, , ,84013      ,4,8,11,Cedar Fort town,2,2,425000,0,0,0,0,0,0,0,0,0,2,2,425000,0,0,0,0,0,0,0,0,0
201612,49,059000,049,0103,11440 ,00000 ,9796 ,482,39340, , ,84062      ,4,8,12,Cedar Hills,13,13,8878634,0,0,0,0,0,0,0,0,0,13,13,8878634,0,0,0,0,0,0,0,0,0
201612,49,063000,011,0110,11980 ,00000 ,15335 ,482,36260, , ,84014      ,4,8,12,Centerville,48,48,11970064,0,0,0,0,0,0,4,77,9089545,48,48,11970064,0,0,0,0,0,0,4,77,9089545
201612,49,073000,011,0135,13850 ,00000 ,30112 ,482,36260, ,1,84015      ,4,8,12,Clearfield,49,49,5742246,0,0,0,0,0,0,1,123,9000000,49,49,5742246,0,0,0,0,0,0,1,123,9000000
201612,49,077000,011,0145,14290 ,00000 ,20426 ,482,36260, , ,84015      ,4,8,12,Clinton,117,117,27974249,0,0,0,0,0,0,0,0,0,117,117,27974249,0,0,0,0,0,0,0,0,0
201612,49,079000,043,0150,14840 ,00000 ,1363 ,999,99999, , ,84017      ,4,8,11,Coalville,25,25,2212265,0,0,0,0,0,0,0,0,0,25,25,2212265,0,0,0,0,0,0,0,0,0
201612,49,083500,035,0168,16270 ,00000 ,33433 ,482,41620, , ,84047      ,4,8,12,Cottonwood Heights,31,31,16791680,1,2,360000,0,0,0,0,0,0,31,31,16791680,1,2,360000,0,0,0,0,0,0
201612,49,087000,011,    ,99990 ,00000 ,3818 ,482,36260, , ,840250618  ,4,8,12,Davis County Unincorporated Area,3,3,1518000,0,0,0,0,0,0,0,0,0,3,3,1518000,0,0,0,0,0,0,0,0,0
201612,49,093000,035,0182,20120 ,00000 ,40532 ,482,41620,2, ,84020      ,4,8,0,Draper,240,240,73890497,0,0,0,0,0,0,12,61,4720290,0,0,0,0,0,0,0,0,0,0,0,0
201612,49,100900,049,0189,20810 ,00000 ,21415 ,482,39340, , ,84005      ,4,8,12,Eagle Mountain,701,701,190497132,37,74,10671202,0,0,0,18,102,6160128,701,701,190497132,37,74,10671202,0,0,0,18,102,6160128
201612,49,103000,049,0198,22370 ,00000 ,2436 ,482,39340, , ,84651      ,4,8,12,Elk Ridge,98,98,29303000,0,0,0,0,0,0,0,0,0,98,98,29303000,0,0,0,0,0,0,0,0,0
201612,49,123000,023,0235,24080 ,00000 ,669 ,482,39340, , ,846280156  ,4,8,0,Eureka,0,0,0,0,0,0,0,0,0,0,0,0,0,0,0,0,0,0,0,0,0,0,0,0
201612,49,124900,049,0238,24410 ,00000 ,119 ,482,39340, , ,840130271  ,4,8,0,Fairfield town,3,3,600000,0,0,0,0,0,0,0,0,0,0,0,0,0,0,0,0,0,0,0,0,0
201612,49,127000,011,0245,24740 ,00000 ,18275 ,482,36260, , ,84025      ,4,8,12,Farmington,202,202,46993300,0,0,0,0,0,0,5,102,12604000,202,202,46993300,0,0,0,0,0,0,5,102,12604000
201612,49,129000,057,0247,24850 ,00000 ,5928 ,482,36260, , ,84404      ,4,8,12,Farr West,40,40,10624569,0,0,0,0,0,0,0,0,0,40,40,10624569,0,0,0,0,0,0,0,0,0
201612,49,141000,043,0275,26940 ,00000 ,1077 ,999,99999, , ,84036      ,4,8,12,Francis town,31,31,6056898,0,0,0,0,0,0,0,0,0,31,31,6056898,0,0,0,0,0,0,0,0,0
201612,49,143000,011,0280,27490 ,00000 ,4987 ,482,36260, , ,84037      ,4,8,12,Fruit Heights,16,16,7514036,0,0,0,0,0,0,0,0,0,16,16,7514036,0,0,0,0,0,0,0,0,0
201612,49,145000,033,0285,27930 ,00000 ,562 ,999,99999, , ,84028      ,4,8,9,Garden City town,13,13,3309560,0,0,0,0,0,0,0,0,0,6,6,1223000,0,0,0,0,0,0,0,0,0
201612,49,147000,017,    ,99990 ,00000 ,1249 ,999,99999,2, ,847590000  ,4,8,0,Garfield County Unincorporated Area,0,0,0,0,0,0,0,0,0,0,0,0,0,0,0,0,0,0,0,0,0,0,0,0
201612,49,157000,049,0315,30130 ,00000 ,921 ,482,39340, , ,84633      ,4,8,12,Goshen town,1,1,691003,0,0,0,0,0,0,0,0,0,1,1,691003,0,0,0,0,0,0,0,0,0
201612,49,161000,045,0320,31120 ,00000 ,8893 ,482,41620, , ,84029      ,4,8,12,Grantsville,123,123,24167001,0,0,0,0,0,0,0,0,0,123,123,24167001,0,0,0,0,0,0,0,0,0
201612,49,169000,057,0336,33540 ,00000 ,5567 ,482,36260, , ,84404      ,4,8,12,Harrisville,24,24,5589061,0,0,0,2,8,1118184,3,36,4540702,24,24,5589061,0,0,0,2,8,1118184,3,36,4540702
201612,49,173000,051,0340,34200 ,00000 ,11362 ,999,99999, , ,840321827  ,4,8,12,Heber,169,169,58060937,0,0,0,0,0,0,4,58,12145918,169,169,58060937,0,0,0,0,0,0,4,58,12145918
201612,49,177000,043,0350,34640 ,00000 ,766 ,999,99999, , ,84033      ,4,8,12,Henefer town,8,8,932600,0,0,0,1,4,194256,0,0,0,8,8,932600,0,0,0,1,4,194256,0,0,0
201612,49,183000,035,0357,34970 ,00000 ,21785 ,482,41620, , ,84096      ,4,8,12,Herriman,923,923,209004693,2,4,444000,6,24,3528000,18,277,21722000,923,923,209004693,2,4,444000,6,24,3528000,18,277,21722000
201612,49,185000,049,0361,35190 ,00000 ,15523 ,482,39340, , ,840039038  ,4,8,12,Highland,125,125,45435539,0,0,0,0,0,0,0,0,0,125,125,45435539,0,0,0,0,0,0,0,0,0
201612,49,187000,053,0362,35300 ,00000 ,2726 ,999,41100, , ,84784      ,4,8,4,Hildale,0,0,0,0,0,0,0,0,0,0,0,0,0,0,0,0,0,0,0,0,0,0,0,0
201612,49,192000,035,0372,36070 ,00000 ,26472 ,482,41620, , ,84117      ,4,8,11,Holladay,35,35,19335958,8,16,2333876,4,16,1094569,0,0,0,32,32,18048694,8,16,2333876,4,16,1094569,0,0,0
201612,49,194000,057,0377,36400 ,00000 ,7218 ,482,36260, , ,84315      ,4,8,2,Hooper,57,57,13931787,0,0,0,5,15,1764800,0,0,0,7,7,1712027,0,0,0,0,0,0,0,0,0
201612,49,199000,057,0390,37060 ,00000 ,608 ,482,36260, , ,84317      ,4,8,12,Huntsville town,0,0,0,0,0,0,0,0,0,0,0,0,0,0,0,0,0,0,0,0,0,0,0,0
201612,49,213000,023,    ,99990 ,00000 ,1067 ,482,39340, , ,84648      ,4,8,11,Juab County Unincorporated Area,14,14,4598591,0,0,0,0,0,0,0,0,0,13,13,4295731,0,0,0,0,0,0,0,0,0
201612,49,217000,043,0425,39810 ,00000 ,1811 ,999,99999, , ,84036      ,4,8,11,Kamas,6,6,2389042,0,0,0,2,7,1616431,0,0,0,5,5,2011921,0,0,0,2,7,1616431,0,0,0
201612,49,227000,011,0445,40360 ,00000 ,27300 ,482,36260, , ,84037      ,4,8,12,Kaysville,170,170,58332442,0,0,0,0,0,0,0,0,0,170,170,58332442,0,0,0,0,0,0,0,0,0
201612,49,237000,011,0480,43660 ,00000 ,67311 ,482,36260, , ,84041      ,4,8,12,Layton,242,242,61707779,1,2,258559,6,24,3269364,8,49,5085441,242,242,61707779,1,2,258559,6,24,3269364,8,49,5085441
201612,49,243000,049,0495,44320 ,00000 ,47407 ,482,39340, , ,84043      ,4,8,12,Lehi,616,616,173957594,0,0,0,0,0,0,0,0,0,616,616,173957594,0,0,0,0,0,0,0,0,0
201612,49,245000,023,0500,44650 ,00000 ,841 ,482,39340, , ,84639      ,4,8,12,Levan town,1,1,430659,0,0,0,0,0,0,0,0,0,1,1,430659,0,0,0,0,0,0,0,0,0
201612,49,249000,049,0510,45090 ,00000 ,10070 ,482,39340, , ,84042      ,4,8,12,Lindon,35,35,13095038,0,0,0,0,0,0,0,0,0,35,35,13095038,0,0,0,0,0,0,0,0,0
201612,49,253000,005,0520,45860 ,00000 ,48174 ,999,30860, ,1,84321      ,4,8,12,Logan,92,92,16806479,0,0,0,2,8,500000,2,24,2000000,92,92,16806479,0,0,0,2,8,500000,2,24,2000000
201612,49,259000,009,0540,47620 ,00000 ,310 ,999,99999, , ,84046      ,4,8,12,Manila town,3,3,814289,0,0,0,0,0,0,0,0,0,3,3,814289,0,0,0,0,0,0,0,0,0
201612,49,265000,049,0555,47950 ,00000 ,7979 ,482,39340, , ,84664      ,4,8,12,Mapleton,91,91,32239000,0,0,0,0,0,0,0,0,0,91,91,32239000,0,0,0,0,0,0,0,0,0
201612,49,268000,057,0558,48300 ,00000 ,1701 ,482,36260, , ,84404      ,4,8,2,Marriott Slaterville,0,0,0,0,0,0,0,0,0,0,0,0,0,0,0,0,0,0,0,0,0,0,0,0
201612,49,275000,035,0580,49710 ,00000 ,27964 ,482,41620, , ,84047      ,4,8,12,Midvale,17,17,4138369,2,4,652673,0,0,0,2,186,36377299,17,17,4138369,2,4,652673,0,0,0,2,186,36377299
201612,49,281000,027,    ,99990 ,00000 ,3537 ,999,99999,2, ,84624      ,4,8,12,Millard County Unincorporated Area,18,18,2904084,0,0,0,0,0,0,0,0,0,18,18,2904084,0,0,0,0,0,0,0,0,0
201612,49,287000,019,0605,50700 ,00000 ,5046 ,999,99999, , ,84532      ,4,8,0,Moab,26,26,5643271,0,0,0,0,0,0,2,10,548384,0,0,0,0,0,0,0,0,0,0,0,0
201612,49,289000,023,0610,51140 ,00000 ,1547 ,482,39340, , ,84645      ,4,8,7,Mona,6,6,1451823,0,0,0,0,0,0,0,0,0,3,3,814289,0,0,0,0,0,0,0,0,0
201612,49,293000,037,0620,51580 ,00000 ,1972 ,999,99999, , ,845350457  ,4,8,0,Monticello,0,0,0,0,0,0,0,0,0,0,0,0,0,0,0,0,0,0,0,0,0,0,0,0
201612,49,295000,029,0625,51910 ,00000 ,3687 ,482,36260, , ,840501085  ,4,8,0,Morgan,6,6,1342473,0,0,0,0,0,0,3,15,1510215,0,0,0,0,0,0,0,0,0,0,0,0
201612,49,297000,029,    ,99990 ,00000 ,5782 ,482,36260, , ,84050      ,4,8,12,Morgan County Unincorporated Area,76,76,28628046,0,0,0,0,0,0,0,0,0,76,76,28628046,0,0,0,0,0,0,0,0,0
201612,49,303000,035,0640,53230 ,00000 ,46746 ,482,41620, , ,84123      ,4,8,12,Murray,52,52,14836321,0,0,0,0,0,0,1,175,27000000,52,52,14836321,0,0,0,0,0,0,1,175,27000000
201612,49,307000,047,0647,53560 ,00000 ,1755 ,999,99999, , ,84078      ,4,8,12,Naples,0,0,0,0,0,0,0,0,0,0,0,0,0,0,0,0,0,0,0,0,0,0,0,0
201612,49,309000,023,0650,54220 ,00000 ,5389 ,482,39340, , ,84648      ,4,8,12,Nephi,46,46,11738776,0,0,0,0,0,0,1,8,776416,46,46,11738776,0,0,0,0,0,0,1,8,776416
201612,49,317000,005,0670,54990 ,00000 ,8269 ,999,30860, , ,843412008  ,4,8,12,North Logan,50,50,15539531,0,0,0,1,4,821733,0,0,0,50,50,15539531,0,0,0,1,4,821733,0,0,0
201612,49,319000,057,0675,55100 ,00000 ,17357 ,482,36260, , ,84414      ,4,8,12,North Ogden,97,97,24153660,0,0,0,0,0,0,1,175,13444681,97,97,24153660,0,0,0,0,0,0,1,175,13444681
201612,49,321000,011,0680,55210 ,00000 ,16322 ,482,36260, , ,84054      ,4,8,12,North Salt Lake,56,56,15888492,1,2,214000,2,8,880000,3,17,1563405,56,56,15888492,1,2,214000,2,8,880000,3,17,1563405
201612,49,323000,027,0685,55430 ,00000 ,578 ,999,99999, , ,84649      ,4,8,11,Oak City town,1,1,279045,0,0,0,0,0,0,0,0,0,1,1,279045,0,0,0,0,0,0,0,0,0
201612,49,325000,043,0690,55650 ,00000 ,1470 ,999,99999, , ,84055      ,4,8,12,Oakley,9,9,3103373,0,0,0,0,0,0,0,0,0,9,9,3103373,0,0,0,0,0,0,0,0,0
201612,49,327000,057,0695,55980 ,00000 ,82825 ,482,36260, ,1,84401      ,4,8,12,Ogden,61,61,10339052,1,2,260000,0,0,0,1,60,5559170,61,61,10339052,1,2,260000,0,0,0,1,60,5559170
201612,49,329000,045,0705,56750 ,00000 ,38 ,482,41620,2, ,84074      ,4,8,7,Ophir town,0,0,0,0,0,0,0,0,0,0,0,0,0,0,0,0,0,0,0,0,0,0,0,0
201612,49,333000,025,0715,57080 ,00000 ,577 ,999,99999, , ,847580036  ,4,8,0,Orderville town,0,0,0,0,0,0,0,0,0,0,0,0,0,0,0,0,0,0,0,0,0,0,0,0
201612,49,335000,049,0720,57300 ,00000 ,88328 ,482,39340, ,1,84057      ,4,8,12,Orem,115,115,37523052,0,0,0,1,4,262671,6,235,38603439,115,115,37523052,0,0,0,1,4,262671,6,235,38603439
201612,49,343000,043,0740,58070 ,00000 ,7547 ,999,99999,2, ,84060      ,4,8,12,Park City,51,51,33867651,0,0,0,0,0,0,2,40,19394017,51,51,33867651,0,0,0,0,0,0,2,40,19394017
201612,49,349000,049,4300,58730 ,00000 ,18294 ,482,39340, , ,84651      ,4,8,12,Payson,45,45,8142308,0,0,0,0,0,0,0,0,0,45,45,8142308,0,0,0,0,0,0,0,0,0
201612,49,355000,057,0765,60710 ,00000 ,5476 ,482,36260, , ,84404      ,4,8,12,Plain City,90,90,23456333,0,0,0,0,0,0,0,0,0,90,90,23456333,0,0,0,0,0,0,0,0,0
201612,49,357000,049,0770,60930 ,00000 ,33509 ,482,39340, , ,84062      ,4,8,12,Pleasant Grove,114,114,32349033,0,0,0,1,4,599729,1,6,566727,114,114,32349033,0,0,0,1,4,599729,1,6,566727
201612,49,359000,057,0775,61150 ,00000 ,7979 ,482,36260, , ,844141408  ,4,8,2,Pleasant View,88,88,24721194,0,0,0,14,51,8134053,4,20,3198412,8,8,2188257,0,0,0,6,24,3744358,0,0,0
201612,49,369000,049,0800,62470 ,00000 ,112488 ,482,39340, ,1,84601      ,4,8,12,Provo,186,186,43487332,1,2,152550,0,0,0,1,71,17277000,186,186,43487332,1,2,152550,0,0,0,1,71,17277000
201612,49,383000,057,0825,64010 ,00000 ,8426 ,482,36260, , ,844053782  ,4,8,12,Riverdale,7,7,1427641,0,0,0,0,0,0,0,0,0,7,7,1427641,0,0,0,0,0,0,0,0,0
201612,49,385000,035,0835,64340 ,00000 ,38753 ,482,41620, , ,84065      ,4,8,10,Riverton,196,196,57975828,2,4,600144,17,57,9465587,8,41,7548940,154,154,47588728,2,4,600144,15,49,8280333,8,41,7548940
201612,49,387500,023,0838,64590 ,00000 ,733 ,482,39340, , ,84645      ,4,8,12,Rocky Ridge town,2,2,350000,0,0,0,0,0,0,0,0,0,2,2,350000,0,0,0,0,0,0,0,0,0
201612,49,391000,057,0845,65110 ,00000 ,36884 ,482,36260, , ,84067      ,4,8,12,Roy,29,29,3665419,1,2,264384,0,0,0,6,145,9465000,29,29,3665419,1,2,264384,0,0,0,6,145,9465000
201612,49,395000,049,0860,65770 ,00000 ,6423 ,482,39340, , ,84653      ,4,8,12,Salem,111,111,37455709,0,0,0,0,0,0,3,17,1750569,111,111,37455709,0,0,0,0,0,0,3,17,1750569
201612,49,399000,035,0870,67000 ,00000 ,186440 ,482,41620, ,1,841145490  ,4,8,12,Salt Lake City,90,90,24929259,1,2,350000,3,10,574232,40,3163,377404633,90,90,24929259,1,2,350000,3,10,574232,40,3163,377404633
201612,49,401000,035,    ,99990 ,00000 ,146209 ,482,41620, , ,841904050  ,4,8,2,Salt Lake County Unincorporated Area,88,88,35839807,2,4,1050530,0,0,0,11,125,16210628,15,15,5310905,0,0,0,0,0,0,1,24,2913030
201612,49,405000,035,0875,67440 ,00000 ,87461 ,482,41620, , ,84070      ,4,8,11,Sandy,59,59,17052294,0,0,0,0,0,0,5,241,24771915,52,52,15137476,0,0,0,0,0,0,4,176,18672095
201612,49,407000,039,    ,00000 ,00000 ,4468 ,999,99999, , ,84642      ,4,8,9,Sanpete County,48,48,5947637,0,0,0,0,0,0,0,0,0,39,39,4700560,0,0,0,0,0,0,0,0,0
201612,49,411000,049,0885,67770 ,00000 ,9128 ,482,39340,2, ,84655      ,4,8,12,Santaquin,163,163,43016949,0,0,0,0,0,0,1,7,1313207,163,163,43016949,0,0,0,0,0,0,1,7,1313207
201612,49,412000,049,0887,67825 ,00000 ,17781 ,482,39340, , ,84045      ,4,8,12,Saratoga Springs,752,752,128262417,0,0,0,0,0,0,5,60,4000000,752,752,128262417,0,0,0,0,0,0,5,60,4000000
201612,49,425000,035,0920,70850 ,00000 ,50418 ,482,41620, , ,84095      ,4,8,9,South Jordan,850,850,217565712,3,6,1106000,1,3,517500,0,0,0,656,656,169098000,3,6,1106000,0,0,0,0,0,0
201612,49,427000,057,0925,70960 ,00000 ,16532 ,482,36260, , ,84405      ,4,8,12,South Ogden,16,16,5298154,0,0,0,3,12,2229677,1,12,1400000,16,16,5298154,0,0,0,3,12,2229677,1,12,1400000
201612,49,429000,035,0930,71070 ,00000 ,23617 ,482,41620, , ,84115      ,4,8,12,South Salt Lake,70,70,14918728,0,0,0,0,0,0,0,0,0,70,70,14918728,0,0,0,0,0,0,0,0,0
201612,49,431000,011,0935,71180 ,00000 ,6051 ,482,36260, , ,84405      ,4,8,12,South Weber,36,36,9986896,0,0,0,0,0,0,0,0,0,36,36,9986896,0,0,0,0,0,0,0,0,0
201612,49,433000,049,0940,71290 ,00000 ,34691 ,482,39340, , ,84660      ,4,8,12,Spanish Fork,272,272,67806769,2,4,624645,1,4,714140,2,11,1439959,272,272,67806769,2,4,624645,1,4,714140,2,11,1439959
201612,49,439000,049,0955,72280 ,00000 ,29466 ,482,39340, , ,84663      ,4,8,12,Springville,85,85,23558612,3,6,820645,0,0,0,3,24,3051527,85,85,23558612,3,6,820645,0,0,0,3,24,3051527
201612,49,441000,053,0855,65330 ,00000 ,72897 ,999,41100, ,1,84770      ,4,8,12,St. George,796,796,129967295,3,6,583000,6,22,2107000,3,78,13168000,796,796,129967295,3,6,583000,6,22,2107000,3,78,13168000
201612,49,445000,045,0965,73050 ,00000 ,616 ,482,41620, , ,84071      ,4,8,12,Stockton town,3,3,502401,0,0,0,0,0,0,0,0,0,3,3,502401,0,0,0,0,0,0,0,0,0
201612,49,447000,043,    ,99990 ,00000 ,22290 ,999,99999, , ,840170128  ,4,8,0,Summit County Unincorporated Area,87,87,44696848,0,0,0,1,3,841530,13,73,12472544,0,0,0,0,0,0,0,0,0,0,0,0
201612,49,451000,011,0975,74480 ,00000 ,5122 ,482,36260, , ,84015      ,4,8,12,Sunset,20,20,1216400,0,0,0,0,0,0,0,0,0,20,20,1216400,0,0,0,0,0,0,0,0,0
201612,49,453000,011,0980,74810 ,00000 ,24331 ,482,36260, , ,84075      ,4,8,12,Syracuse,324,324,73726050,0,0,0,0,0,0,0,0,0,324,324,73726050,0,0,0,0,0,0,0,0,0
201612,49,456000,035,0986,75360 ,00000 ,58652 ,482,41620, , ,84118      ,4,8,12,Taylorsville,31,31,7870756,1,2,333395,0,0,0,0,0,0,31,31,7870756,1,2,333395,0,0,0,0,0,0
201612,49,457000,045,0990,76680 ,00000 ,31605 ,482,41620, , ,840742191  ,4,8,12,Tooele,129,129,17385688,1,2,195275,0,0,0,0,0,0,129,129,17385688,1,2,195275,0,0,0,0,0,0
201612,49,459000,045,    ,99990 ,00000 ,14976 ,482,41620,2, ,84074      ,4,8,12,Tooele County Unincorporated Area,313,313,80861346,0,0,0,0,0,0,0,0,0,313,313,80861346,0,0,0,0,0,0,0,0,0
201612,49,471000,047,    ,99990 ,00000 ,20943 ,999,99999, , ,84078      ,4,8,12,Uintah County Unincorporated Area,21,21,5694871,0,0,0,0,0,0,0,0,0,21,21,5694871,0,0,0,0,0,0,0,0,0
201612,49,473000,057,1020,77890 ,00000 ,1322 ,482,36260, , ,84405      ,4,8,12,Uintah town,0,0,0,0,0,0,0,0,0,0,0,0,0,0,0,0,0,0,0,0,0,0,0,0
201612,49,475000,049,    ,99990 ,00000 ,10009 ,482,39340, , ,84601      ,4,8,12,Utah County Unincorporated Area,40,40,19745654,0,0,0,0,0,0,0,0,0,40,40,19745654,0,0,0,0,0,0,0,0,0
201612,49,477000,047,1025,80090 ,00000 ,9089 ,999,99999, , ,84078      ,4,8,12,Vernal,4,4,723000,0,0,0,0,0,0,0,0,0,4,4,723000,0,0,0,0,0,0,0,0,0
201612,49,481000,049,1029,80420 ,00000 ,139 ,482,39340, , ,840582032  ,4,8,12,Vineyard town,577,577,149885008,0,0,0,5,20,3658272,12,120,22908240,577,577,149885008,0,0,0,5,20,3658272,12,120,22908240
201612,49,491000,053,1045,81960 ,00000 ,18761 ,999,41100, , ,84780      ,4,8,12,Washington,390,390,95955026,0,0,0,0,0,0,0,0,0,390,390,95955026,0,0,0,0,0,0,0,0,0
201612,49,493000,053,    ,99990 ,00000 ,6988 ,999,41100, , ,84770      ,4,8,12,Washington County Unincorporated Area,50,50,11646785,0,0,0,0,0,0,0,0,0,50,50,11646785,0,0,0,0,0,0,0,0,0
201612,49,495000,057,1050,82070 ,00000 ,9067 ,482,36260, , ,84405      ,4,8,3,Washington Terrace,1,1,614266,0,0,0,0,0,0,0,0,0,1,1,614266,0,0,0,0,0,0,0,0,0
201612,49,499000,057,    ,99990 ,00000 ,14074 ,482,36260, , ,84401      ,4,8,12,Weber County Unincorporated Area,105,105,23784459,0,0,0,2,8,1518944,0,0,0,105,105,23784459,0,0,0,2,8,1518944,0,0,0
201612,49,505000,045,1065,82730 ,00000 ,1400 ,482,41620, , ,84083      ,4,8,12,Wendover,0,0,0,0,0,0,0,0,0,0,0,0,0,0,0,0,0,0,0,0,0,0,0,0
201612,49,507000,011,1070,82840 ,00000 ,5265 ,482,36260, , ,84087      ,4,8,12,West Bountiful,21,21,5073776,0,0,0,0,0,0,0,0,0,21,21,5073776,0,0,0,0,0,0,0,0,0
201612,49,508000,057,1073,82930 ,00000 ,10272 ,482,36260, , ,84401      ,4,8,12,West Haven,139,139,29297904,0,0,0,7,26,3072849,22,231,22078527,139,139,29297904,0,0,0,7,26,3072849,22,231,22078527
201612,49,509000,035,1075,82950 ,00000 ,103712 ,482,41620, , ,84088      ,4,8,9,West Jordan,385,385,102049536,0,0,0,0,0,0,3,60,6775380,281,281,75516440,0,0,0,0,0,0,0,0,0
201612,49,511000,011,1080,83390 ,00000 ,9511 ,482,36260, , ,84015      ,4,8,12,West Point,26,26,5994000,0,0,0,0,0,0,0,0,0,26,26,5994000,0,0,0,0,0,0,0,0,0
201612,49,513000,035,1082,83470 ,00000 ,129480 ,482,41620, , ,84119      ,4,8,12,West Valley City,167,167,21033287,0,0,0,1,4,764329,0,0,0,167,167,21033287,0,0,0,1,4,764329,0,0,0
201612,49,517000,049,1091,85050 ,00000 ,1344 ,482,39340, , ,84653      ,4,8,0,Woodland Hills,11,11,4776618,0,0,0,0,0,0,0,0,0,0,0,0,0,0,0,0,0,0,0,0,0
201612,49,521000,011,1095,85370 ,00000 ,9761 ,482,36260, , ,84087      ,4,8,12,Woods Cross,2,2,473873,0,0,0,0,0,0,0,0,0,2,2,473873,0,0,0,0,0,0,0,0,0
201612,53,005000,063,0010,00905 ,00000 ,6114 ,518,44060, , ,990019000  ,4,9,12,Airway Heights,25,25,7340015,0,0,0,2,8,531708,0,0,0,25,25,7340015,0,0,0,2,8,531708,0,0,0
201612,53,009000,033,0020,01290 ,00000 ,3014 ,500,42660, , ,98001      ,4,9,12,Algona,0,0,0,0,0,0,0,0,0,0,0,0,0,0,0,0,0,0,0,0,0,0,0,0
201612,53,013000,057,0030,01990 ,00000 ,15778 ,500,34580, ,1,98221      ,4,9,9,Anacortes,75,75,22452246,0,0,0,0,0,0,0,0,0,57,57,17318748,0,0,0,0,0,0,0,0,0
201612,53,015000,061,0035,02585 ,00000 ,17926 ,500,42660, , ,98223      ,4,9,11,Arlington,16,16,2756872,0,0,0,0,0,0,0,0,0,16,16,2756872,0,0,0,0,0,0,0,0,0
201612,53,021000,033,0055,03180 ,00000 ,62761 ,500,42660,2,1,980014998  ,4,9,12,Auburn,230,230,65430069,3,6,963449,0,0,0,14,298,29560941,230,230,65430069,3,6,963449,0,0,0,14,298,29560941
201612,53,022000,035,0058,03736 ,00000 ,23025 ,500,14740, , ,981102824  ,4,9,12,Bainbridge Island,114,114,57002530,0,0,0,0,0,0,1,18,4151249,114,114,57002530,0,0,0,0,0,0,1,18,4151249
201612,53,023000,011,0065,04475 ,00000 ,17571 ,440,38900, , ,98604      ,4,9,0,Battle Ground,82,82,19295415,0,0,0,1,3,467304,10,167,16752330,0,0,0,0,0,0,0,0,0,0,0,0
201612,53,025000,033,0070,04895 ,00000 ,299 ,500,42660, , ,98004      ,4,9,12,Beaux Arts Village town,1,1,934000,0,0,0,0,0,0,0,0,0,1,1,934000,0,0,0,0,0,0,0,0,0
201612,53,027000,033,0075,05210 ,00000 ,122363 ,500,42660, ,1,980099012  ,4,9,12,Bellevue,238,238,127170349,0,0,0,0,0,0,11,1349,175459306,238,238,127170349,0,0,0,0,0,0,11,1349,175459306
201612,53,029000,073,0080,05280 ,00000 ,80885 ,999,13380, ,1,98225      ,4,9,12,Bellingham,195,195,45686689,10,20,3054776,2,8,1920609,13,304,30038042,195,195,45686689,10,20,3054776,2,8,1920609,13,304,30038042
201612,53,031000,005,0083,05560 ,00000 ,3038 ,999,28420, , ,99320      ,4,9,12,Benton City,17,17,3475042,0,0,0,0,0,0,0,0,0,17,17,3475042,0,0,0,0,0,0,0,0,0
201612,53,033000,005,    ,99990 ,00000 ,32639 ,999,28420, , ,99336      ,4,9,12,Benton County Unincorporated Area,243,243,71984340,0,0,0,0,0,0,0,0,0,243,243,71984340,0,0,0,0,0,0,0,0,0
201612,53,037000,033,0095,06330 ,00000 ,4151 ,500,42660, , ,98010      ,4,9,12,Black Diamond,8,8,3213123,0,0,0,0,0,0,0,0,0,8,8,3213123,0,0,0,0,0,0,0,0,0
201612,53,039000,073,0100,06505 ,00000 ,4684 ,999,13380, , ,98230      ,4,9,12,Blaine,54,54,16170401,1,2,370714,0,0,0,0,0,0,54,54,16170401,1,2,370714,0,0,0,0,0,0
201612,53,041000,053,0105,07170 ,00000 ,17374 ,500,42660, , ,98391      ,4,9,12,Bonney Lake,80,80,21745379,0,0,0,0,0,0,0,0,0,80,80,21745379,0,0,0,0,0,0,0,0,0
201612,53,043000,033,0110,07380 ,00000 ,17090 ,500,42660,2, ,98011      ,4,9,8,Bothell,136,136,59439136,0,0,0,0,0,0,7,502,54904830,96,96,42048776,0,0,0,0,0,0,3,428,44248211
201612,53,047000,035,0115,07695 ,00000 ,37729 ,500,14740, ,1,983371858  ,4,9,12,Bremerton,96,96,23878596,1,2,236017,1,3,316500,9,150,9614300,96,96,23878596,1,2,236017,1,3,316500,9,150,9614300
201612,53,049000,047,0120,07835 ,00000 ,2370 ,999,99999, , ,988120340  ,4,9,12,Brewster,0,0,0,0,0,0,0,0,0,0,0,0,0,0,0,0,0,0,0,0,0,0,0,0
201612,53,051000,017,0123,07870 ,00000 ,2409 ,999,48300, , ,98813      ,4,9,12,Bridgeport,2,2,130000,0,0,0,0,0,0,0,0,0,2,2,130000,0,0,0,0,0,0,0,0,0
201612,53,053000,061,0124,07940 ,00000 ,6087 ,500,42660, , ,98036      ,4,9,12,Brier,17,17,8750000,0,0,0,0,0,0,0,0,0,17,17,8750000,0,0,0,0,0,0,0,0,0
201612,53,055000,053,0130,08570 ,00000 ,4354 ,500,42660, , ,98321      ,4,9,12,Buckley,50,50,16526166,0,0,0,0,0,0,0,0,0,50,50,16526166,0,0,0,0,0,0,0,0,0
201612,53,058000,033,0828,08850 ,00000 ,33313 ,500,42660, , ,981661973  ,4,9,12,Burien,78,78,24115555,0,0,0,0,0,0,5,180,28587818,78,78,24115555,0,0,0,0,0,0,5,180,28587818
201612,53,061000,011,0145,09480 ,00000 ,19355 ,440,38900, , ,986072166  ,4,9,11,Camas,234,234,68653184,1,2,361549,0,0,0,0,0,0,216,216,63116273,1,2,361549,0,0,0,0,0,0
201612,53,063000,053,0150,09970 ,00000 ,610 ,500,42660, , ,98323      ,4,9,12,Carbonado town,10,10,3038313,0,0,0,0,0,0,0,0,0,10,10,3038313,0,0,0,0,0,0,0,0,0
201612,53,065000,033,0155,10215 ,00000 ,1786 ,500,42660, , ,980141238  ,4,9,0,Carnation,41,41,14584114,0,0,0,0,0,0,0,0,0,0,0,0,0,0,0,0,0,0,0,0,0
201612,53,071000,069,0175,10635 ,00000 ,532 ,999,99999, , ,98612      ,4,9,12,Cathlamet town,1,1,500000,0,0,0,0,0,0,0,0,0,1,1,500000,0,0,0,0,0,0,0,0,0
201612,53,073000,041,0180,11160 ,00000 ,16336 ,999,99999, , ,98531      ,4,9,12,Centralia,19,19,3381544,3,6,730570,0,0,0,1,36,3654196,19,19,3381544,3,6,730570,0,0,0,1,36,3654196
201612,53,079000,007,    ,99990 ,00000 ,30498 ,999,48300, , ,98801      ,4,9,12,Chelan County Unincorporated Area,244,244,43601532,0,0,0,0,0,0,0,0,0,244,244,43601532,0,0,0,0,0,0,0,0,0
201612,53,081000,063,0200,11825 ,00000 ,10590 ,518,44060, , ,99004      ,4,9,12,Cheney,43,43,8912521,0,0,0,0,0,0,8,192,18952468,43,43,8912521,0,0,0,0,0,0,8,192,18952468
201612,53,083000,065,0205,12140 ,00000 ,2607 ,518,44060, , ,99109      ,4,9,11,Chewelah,3,3,623223,0,0,0,0,0,0,0,0,0,3,3,623223,0,0,0,0,0,0,0,0,0
201612,53,085000,009,    ,99990 ,00000 ,42228 ,999,99999, , ,983620149  ,4,9,8,Clallam County Unincorporated Area,134,134,28893112,2,4,760946,0,0,0,0,0,0,93,93,20055376,2,4,760946,0,0,0,0,0,0
201612,53,087000,011,    ,99990 ,00000 ,203339 ,440,38900,2, ,986669810  ,4,9,7,Clark County Unincorporated Area,1419,1419,418937024,0,0,0,1,3,352317,14,174,18753417,867,867,258211564,0,0,0,1,3,352317,0,0,0
201612,53,089000,003,0215,12630 ,00000 ,7229 ,999,30300, , ,99403      ,4,9,12,Clarkston,2,2,271496,0,0,0,0,0,0,0,0,0,2,2,271496,0,0,0,0,0,0,0,0,0
201612,53,091000,037,0220,12945 ,00000 ,1872 ,999,99999, , ,98922      ,4,9,12,Cle Elum,2,2,506000,0,0,0,0,0,0,0,0,0,2,2,506000,0,0,0,0,0,0,0,0,0
201612,53,093000,033,0225,13365 ,00000 ,2984 ,500,42660, , ,98004      ,4,9,12,Clyde Hill,19,19,36021520,0,0,0,0,0,0,0,0,0,19,19,36021520,0,0,0,0,0,0,0,0,0
201612,53,109000,021,0263,14485 ,00000 ,4209 ,999,28420, , ,99326      ,4,9,12,Connell,14,14,2331750,0,0,0,0,0,0,0,0,0,14,14,2331750,0,0,0,0,0,0,0,0,0
201612,53,121000,029,0290,15185 ,00000 ,1831 ,999,99999, , ,98239      ,4,9,12,Coupeville town,5,5,1679404,0,0,0,0,0,0,0,0,0,5,5,1679404,0,0,0,0,0,0,0,0,0
201612,53,122000,033,0291,15290 ,00000 ,17575 ,500,42660, , ,98042      ,4,9,9,Covington,62,62,23762547,1,2,323107,0,0,0,4,130,19934791,57,57,21880992,0,0,0,0,0,0,0,0,0
201612,53,123000,015,    ,99990 ,00000 ,44085 ,440,31020, , ,98626      ,4,9,10,Cowlitz County Unincorporated Area,166,166,37567964,0,0,0,0,0,0,0,0,0,145,145,33200896,0,0,0,0,0,0,0,0,0
201612,53,129000,061,0305,16690 ,00000 ,1347 ,500,42660, , ,98241      ,4,9,12,Darrington town,2,2,789125,0,0,0,0,0,0,0,0,0,2,2,789125,0,0,0,0,0,0,0,0,0
201612,53,135000,063,0317,17320 ,00000 ,3652 ,518,44060, , ,990060888  ,4,9,12,Deer Park,24,24,4718567,5,10,1439434,0,0,0,0,0,0,24,24,4718567,5,10,1439434,0,0,0,0,0,0
201612,53,137000,033,0325,17635 ,00000 ,29673 ,500,42660, , ,981986340  ,4,9,12,Des Moines,22,22,8241251,1,2,250000,3,9,1837895,1,6,1316189,22,22,8241251,1,2,250000,3,9,1837895,1,6,1316189
201612,53,139000,017,    ,99990 ,00000 ,20399 ,999,48300, , ,98802      ,4,9,12,Douglas County Unincorporated Area,131,131,35955328,0,0,0,0,0,0,0,0,0,131,131,35955328,0,0,0,0,0,0,0,0,0
201612,53,141000,053,0330,18965 ,00000 ,8199 ,500,42660, , ,983279002  ,4,9,12,DuPont,0,0,0,0,0,0,0,0,0,0,0,0,0,0,0,0,0,0,0,0,0,0,0,0
201612,53,143000,033,0335,19035 ,00000 ,6695 ,500,42660, , ,98019      ,4,9,12,Duvall,33,33,10790987,0,0,0,0,0,0,0,0,0,33,33,10790987,0,0,0,0,0,0,0,0,0
201612,53,145000,017,0350,20155 ,00000 ,13190 ,999,48300, , ,98802      ,4,9,12,East Wenatchee,4,4,748931,1,2,298168,0,0,0,2,21,2628634,4,4,748931,1,2,298168,0,0,0,2,21,2628634
201612,53,147000,053,0357,20260 ,00000 ,2758 ,500,42660, , ,98328      ,4,9,12,Eatonville town,3,3,762963,0,0,0,0,0,0,0,0,0,3,3,762963,0,0,0,0,0,0,0,0,0
201612,53,148000,053,0362,20645 ,00000 ,9387 ,500,42660, , ,983721513  ,4,9,12,Edgewood,56,56,20972460,1,2,253171,0,0,0,8,124,12969777,56,56,20972460,1,2,253171,0,0,0,8,124,12969777
201612,53,149000,061,0367,20750 ,00000 ,39709 ,500,42660, , ,98020      ,4,9,12,Edmonds,45,45,17550163,0,0,0,1,4,595033,1,68,9442405,45,45,17550163,0,0,0,1,4,595033,1,68,9442405
201612,53,153000,037,0380,21240 ,00000 ,18174 ,999,99999, , ,98926      ,4,9,12,Ellensburg,82,82,17236734,5,10,966445,0,0,0,1,7,690144,82,82,17236734,5,10,966445,0,0,0,1,7,690144
201612,53,163000,033,2016,22045 ,00000 ,10669 ,500,42660, , ,98022      ,4,9,12,Enumclaw,29,29,6721500,0,0,0,0,0,0,0,0,0,29,29,6721500,0,0,0,0,0,0,0,0,0
201612,53,167000,061,0420,22640 ,00000 ,103019 ,500,42660, ,1,98201      ,4,9,12,Everett,183,183,45492318,3,6,1335826,0,0,0,1,39,4824360,183,183,45492318,3,6,1335826,0,0,0,1,39,4824360
201612,53,171000,063,0430,22990 ,00000 ,612 ,518,44060, , ,99012      ,4,9,12,Fairfield town,0,0,0,0,0,0,0,0,0,0,0,0,0,0,0,0,0,0,0,0,0,0,0,0
201612,53,175000,033,0443,23515 ,00000 ,89306 ,500,42660, , ,98003      ,4,9,12,Federal Way,37,37,15965349,1,2,445854,0,0,0,1,24,3808117,37,37,15965349,1,2,445854,0,0,0,1,24,3808117
201612,53,177000,073,2184,23620 ,00000 ,11415 ,999,13380, , ,98248      ,4,9,11,Ferndale,73,73,18582699,0,0,0,8,32,5288966,4,46,4488510,66,66,16969931,0,0,0,8,32,5288966,4,46,4488510
201612,53,181000,053,0450,23795 ,00000 ,9173 ,500,42660, , ,98424      ,4,9,12,Fife,0,0,0,0,0,0,0,0,0,0,0,0,0,0,0,0,0,0,0,0,0,0,0,0
201612,53,183000,053,0455,23970 ,00000 ,6497 ,500,42660, , ,984666912  ,4,9,12,Fircrest,3,3,875167,0,0,0,0,0,0,0,0,0,3,3,875167,0,0,0,0,0,0,0,0,0
201612,53,187000,021,    ,99990 ,00000 ,13491 ,999,28420, , ,99301      ,4,9,7,Franklin County Unincorporated Area,86,86,31974837,0,0,0,0,0,0,0,0,0,48,48,18576351,0,0,0,0,0,0,0,0,0
201612,53,189000,055,0470,25615 ,00000 ,2162 ,999,99999, , ,98250      ,4,9,12,Friday Harbor town,16,16,2674713,3,6,450000,0,0,0,0,0,0,16,16,2674713,3,6,450000,0,0,0,0,0,0
201612,53,197000,053,0490,26735 ,00000 ,7126 ,500,42660, , ,98335      ,4,9,12,Gig Harbor,192,192,63863842,0,0,0,1,4,602066,0,0,0,192,192,63863842,0,0,0,1,4,602066,0,0,0
201612,53,199000,061,0495,27365 ,00000 ,2075 ,500,42660, , ,98251      ,4,9,12,Gold Bar,19,19,3489000,0,0,0,0,0,0,0,0,0,19,19,3489000,0,0,0,0,0,0,0,0,0
201612,53,205000,077,0515,27925 ,00000 ,10862 ,999,49420, , ,989301360  ,4,9,9,Grandview,3,3,688514,0,0,0,0,0,0,0,0,0,2,2,463060,0,0,0,0,0,0,0,0,0
201612,53,209000,061,0523,27995 ,00000 ,3364 ,500,42660, , ,98252      ,4,9,12,Granite Falls,6,6,1414773,1,2,378160,0,0,0,1,5,418954,6,6,1414773,1,2,378160,0,0,0,1,5,418954
201612,53,211000,025,    ,99990 ,00000 ,40134 ,999,99999,2, ,98823      ,4,9,12,Grant County Unincorporated Area,114,114,30744002,0,0,0,0,0,0,0,0,0,114,114,30744002,0,0,0,0,0,0,0,0,0
201612,53,213000,027,    ,99990 ,00000 ,28438 ,999,99999, , ,985633614  ,4,9,12,Grays Harbor County Unincorporated Area,87,87,20462439,0,0,0,0,0,0,0,0,0,87,87,20462439,0,0,0,0,0,0,0,0,0
201612,53,221000,025,0547,29920 ,00000 ,151 ,999,99999, , ,99135      ,4,9,10,Hartline town,0,0,0,0,0,0,0,0,0,0,0,0,0,0,0,0,0,0,0,0,0,0,0,0
201612,53,227000,033,0570,32755 ,00000 ,394 ,500,42660, , ,98004      ,4,9,12,Hunts Point town,0,0,0,0,0,0,0,0,0,0,0,0,0,0,0,0,0,0,0,0,0,0,0,0
201612,53,235000,029,    ,99990 ,00000 ,53565 ,999,99999, , ,98239      ,4,9,12,Island County Unincorporated Area,305,305,80953465,0,0,0,0,0,0,0,0,0,305,305,80953465,0,0,0,0,0,0,0,0,0
201612,53,237000,033,0587,33805 ,00000 ,30434 ,500,42660, , ,98027      ,4,9,12,Issaquah,127,127,63938447,0,0,0,0,0,0,3,30,5028083,127,127,63938447,0,0,0,0,0,0,3,30,5028083
201612,53,239000,031,    ,99990 ,00000 ,20759 ,999,99999, , ,98368      ,4,9,12,Jefferson County Unincorporated Area,149,149,26248746,0,0,0,0,0,0,0,0,0,149,149,26248746,0,0,0,0,0,0,0,0,0
201612,53,241000,021,0597,34575 ,00000 ,193 ,999,28420, , ,99335      ,4,9,4,Kahlotus,0,0,0,0,0,0,0,0,0,0,0,0,0,0,0,0,0,0,0,0,0,0,0,0
201612,53,246000,033,0608,35170 ,00000 ,20460 ,500,42660, , ,98028      ,4,9,12,Kenmore,93,93,35306037,0,0,0,0,0,0,3,119,7552790,93,93,35306037,0,0,0,0,0,0,3,119,7552790
201612,53,247000,005,0610,35275 ,00000 ,73917 ,999,28420, ,1,99336      ,4,9,12,Kennewick,329,329,88403474,3,6,1026514,0,0,0,3,66,5348074,329,329,88403474,3,6,1026514,0,0,0,3,66,5348074
201612,53,249000,033,0615,35415 ,00000 ,92411 ,500,42660, ,1,98032      ,4,9,8,Kent,205,205,67326589,4,8,1642856,0,0,0,11,264,25467975,134,134,44649379,3,6,1120772,0,0,0,7,200,17167105
201612,53,253000,033,    ,99990 ,00000 ,325002 ,500,42660, , ,98065      ,4,9,12,King County Unincorporated Area,513,513,139464158,1,2,466908,4,16,3055323,2,11,4055658,513,513,139464158,1,2,466908,4,16,3055323,2,11,4055658
201612,53,255000,033,0625,35940 ,00000 ,48787 ,500,42660, , ,98033      ,4,9,11,Kirkland,319,319,146309173,4,8,2518000,0,0,0,2,219,35298853,291,291,131479318,4,8,2518000,0,0,0,2,219,35298853
201612,53,257000,035,    ,99990 ,00000 ,170035 ,500,14740, , ,983664682  ,4,9,12,Kitsap County Unincorporated Area,460,460,129949764,5,10,1931926,0,0,0,0,0,0,460,460,129949764,5,10,1931926,0,0,0,0,0,0
201612,53,261000,037,    ,99990 ,00000 ,18063 ,999,99999, , ,98926      ,4,9,12,Kittitas County Unincorporated Area,213,213,63040904,1,2,457094,0,0,0,0,0,0,213,213,63040904,1,2,457094,0,0,0,0,0,0
201612,53,263000,039,    ,99990 ,00000 ,13975 ,999,99999, , ,98620      ,4,9,12,Klickitat County Unincorporated Area,89,89,14586082,0,0,0,0,0,0,0,0,0,89,89,14586082,0,0,0,0,0,0,0,0,0
201612,53,267000,011,3204,36710 ,00000 ,2800 ,440,38900, , ,98629      ,4,9,10,La Center,19,19,4872175,2,4,461800,0,0,0,0,0,0,17,17,4371115,2,4,461800,0,0,0,0,0,0
201612,53,273000,067,0634,36745 ,00000 ,42393 ,500,36500, , ,98503      ,4,9,12,Lacey,335,335,90539828,9,18,3220456,4,14,1976447,26,512,55382510,335,335,90539828,9,18,3220456,4,14,1976447,26,512,55382510
201612,53,275000,033,0641,37270 ,00000 ,12598 ,500,42660, , ,98155      ,4,9,12,Lake Forest Park,30,30,8918377,0,0,0,3,12,2321832,2,12,2342986,30,30,8918377,0,0,0,3,12,2321832,2,12,2342986
201612,53,277000,061,0654,37900 ,00000 ,28069 ,500,42660, , ,98258      ,4,9,12,Lake Stevens,370,370,103356586,0,0,0,0,0,0,0,0,0,370,370,103356586,0,0,0,0,0,0,0,0,0
201612,53,278000,053,0667,38038 ,00000 ,58163 ,500,42660, ,1,98499      ,4,9,12,Lakewood,29,29,8669608,2,4,581839,0,0,0,0,0,0,29,29,8669608,2,4,581839,0,0,0,0,0,0
201612,53,287000,041,    ,99990 ,00000 ,44892 ,999,99999,2, ,98532      ,4,9,12,Lewis County Unincorporated Area,128,128,19034749,5,10,1150000,0,0,0,0,0,0,128,128,19034749,5,10,1150000,0,0,0,0,0,0
201612,53,288000,063,0684,39335 ,00000 ,7591 ,518,44060, , ,99019      ,4,9,12,Liberty Lake,166,166,48270505,0,0,0,0,0,0,13,171,20177585,166,166,48270505,0,0,0,0,0,0,13,171,20177585
201612,53,289000,043,    ,99990 ,00000 ,5081 ,999,99999,2, ,99122      ,4,9,12,Lincoln County Unincorporated Area,45,45,8011665,0,0,0,0,0,0,0,0,0,45,45,8011665,0,0,0,0,0,0,0,0,0
201612,53,299000,073,0710,40805 ,00000 ,11951 ,999,13380, , ,98264      ,4,9,12,Lynden,80,80,18961838,1,2,275600,5,20,2197980,1,18,1400000,80,80,18961838,1,2,275600,5,20,2197980,1,18,1400000
201612,53,301000,061,0715,40840 ,00000 ,35836 ,500,42660, , ,98036      ,4,9,12,Lynnwood,14,14,5157654,0,0,0,0,0,0,0,0,0,14,14,5157654,0,0,0,0,0,0,0,0,0
201612,53,307000,017,0735,42800 ,00000 ,320 ,999,48300, , ,988300218  ,4,9,12,Mansfield town,0,0,0,0,0,0,0,0,0,0,0,0,0,0,0,0,0,0,0,0,0,0,0,0
201612,53,307900,033,0738,43150 ,00000 ,22684 ,500,42660, , ,980380320  ,4,9,12,Maple Valley,51,51,16096920,0,0,0,0,0,0,0,0,0,51,51,16096920,0,0,0,0,0,0,0,0,0
201612,53,311000,061,0748,43955 ,00000 ,60020 ,500,42660, , ,98270      ,4,9,12,Marysville,121,121,33606008,0,0,0,0,0,0,12,214,22704524,121,121,33606008,0,0,0,0,0,0,12,214,22704524
201612,53,313000,045,    ,99990 ,00000 ,50865 ,999,99999, , ,98584      ,4,9,12,Mason County Unincorporated Area,157,157,43164758,0,0,0,0,0,0,0,0,0,157,157,43164758,0,0,0,0,0,0,0,0,0
201612,53,319000,063,0755,44690 ,00000 ,5060 ,518,44060, , ,99022      ,4,9,2,Medical Lake,2,2,365022,0,0,0,0,0,0,0,0,0,0,0,0,0,0,0,0,0,0,0,0,0
201612,53,321000,033,0760,44725 ,00000 ,2969 ,500,42660, , ,98039      ,4,9,12,Medina,10,10,21987951,0,0,0,0,0,0,0,0,0,10,10,21987951,0,0,0,0,0,0,0,0,0
201612,53,323000,033,0763,45005 ,00000 ,22699 ,500,42660, , ,980403732  ,4,9,11,Mercer Island,71,71,56187167,0,0,0,0,0,0,0,0,0,64,64,50671071,0,0,0,0,0,0,0,0,0
201612,53,325000,021,0765,45180 ,00000 ,489 ,999,28420, , ,99343      ,4,9,12,Mesa,0,0,0,0,0,0,0,0,0,0,0,0,0,0,0,0,0,0,0,0,0,0,0,0
201612,53,331000,061,0778,45865 ,00000 ,18244 ,500,42660, , ,98258      ,4,9,12,Mill Creek,33,33,8976099,0,0,0,0,0,0,2,216,26164644,33,33,8976099,0,0,0,0,0,0,2,216,26164644
201612,53,333000,063,4188,45985 ,00000 ,1786 ,518,44060, , ,992064399  ,4,9,12,Millwood,0,0,0,0,0,0,0,0,0,0,0,0,0,0,0,0,0,0,0,0,0,0,0,0
201612,53,337000,053,0785,46020 ,00000 ,6137 ,500,42660,2, ,98354      ,4,9,11,Milton,4,4,1115962,1,2,303794,0,0,0,0,0,0,4,4,1115962,1,2,303794,0,0,0,0,0,0
201612,53,339000,061,0790,46685 ,00000 ,17304 ,500,42660, , ,98272      ,4,9,12,Monroe,138,138,45066120,0,0,0,0,0,0,0,0,0,138,138,45066120,0,0,0,0,0,0,0,0,0
201612,53,341000,027,0795,46895 ,00000 ,3976 ,999,99999, , ,98563      ,4,9,12,Montesano,7,7,1455000,0,0,0,0,0,0,0,0,0,7,7,1455000,0,0,0,0,0,0,0,0,0
201612,53,345000,025,0805,47245 ,00000 ,20366 ,999,99999, , ,98837      ,4,9,12,Moses Lake,78,78,15427693,2,4,480940,0,0,0,15,364,28624982,78,78,15427693,2,4,480940,0,0,0,15,364,28624982
201612,53,349000,057,0820,47560 ,00000 ,31743 ,500,34580, ,1,98273      ,4,9,0,Mount Vernon,144,144,23658192,0,0,0,0,0,0,0,0,0,0,0,0,0,0,0,0,0,0,0,0,0
201612,53,351000,061,0815,47490 ,00000 ,19909 ,500,42660, , ,98043      ,4,9,12,Mountlake Terrace,45,45,14236428,0,0,0,0,0,0,0,0,0,45,45,14236428,0,0,0,0,0,0,0,0,0
201612,53,353000,077,0825,47665 ,00000 ,3308 ,999,49420, , ,98936      ,4,9,12,Moxee,9,9,2097924,1,2,340223,1,4,363344,0,0,0,9,9,2097924,1,2,340223,1,4,363344,0,0,0
201612,53,355000,061,0830,47735 ,00000 ,20254 ,500,42660, , ,98275      ,4,9,12,Mukilteo,6,6,1970092,0,0,0,0,0,0,0,0,0,6,6,1970092,0,0,0,0,0,0,0,0,0
201612,53,362000,033,0858,48645 ,00000 ,10380 ,500,42660, , ,98056      ,4,9,12,Newcastle,67,67,22676426,0,0,0,0,0,0,0,0,0,67,67,22676426,0,0,0,0,0,0,0,0,0
201612,53,367000,033,0870,49415 ,00000 ,6335 ,500,42660, , ,98166      ,4,9,12,Normandy Park,0,0,0,0,0,0,0,0,0,0,0,0,0,0,0,0,0,0,0,0,0,0,0,0
201612,53,369000,033,0875,49485 ,00000 ,5731 ,500,42660, , ,980450896  ,4,9,11,North Bend,37,37,11806367,0,0,0,0,0,0,0,0,0,34,34,10654952,0,0,0,0,0,0,0,0,0
201612,53,371000,059,0877,49555 ,00000 ,956 ,440,38900, , ,986390007  ,4,9,12,North Bonneville,2,2,100000,0,0,0,0,0,0,0,0,0,2,2,100000,0,0,0,0,0,0,0,0,0
201612,53,375000,029,0895,50360 ,00000 ,22075 ,999,99999, , ,98277      ,4,9,12,Oak Harbor,39,39,9953584,0,0,0,0,0,0,0,0,0,39,39,9953584,0,0,0,0,0,0,0,0,0
201612,53,381000,027,0907,50570 ,00000 ,5569 ,999,99999, , ,98569      ,4,9,12,Ocean Shores,79,79,13677090,0,0,0,0,0,0,0,0,0,79,79,13677090,0,0,0,0,0,0,0,0,0
201612,53,387000,047,    ,99990 ,00000 ,24780 ,999,99999,2, ,98840      ,4,9,12,Okanogan County Unincorporated Area,104,104,14661506,0,0,0,0,0,0,0,0,0,104,104,14661506,0,0,0,0,0,0,0,0,0
201612,53,389000,067,0920,51300 ,00000 ,46478 ,500,36500, ,1,98507      ,4,9,12,Olympia,185,185,43674795,0,0,0,7,23,3033387,2,98,10300000,185,185,43674795,0,0,0,7,23,3033387,2,98,10300000
201612,53,391000,047,0925,51340 ,00000 ,4845 ,999,99999, , ,98841      ,4,9,11,Omak,5,5,664653,0,0,0,0,0,0,0,0,0,4,4,516986,0,0,0,0,0,0,0,0,0
201612,53,395000,053,0940,52005 ,00000 ,6746 ,500,42660, , ,983600489  ,4,9,12,Orting,88,88,26730159,0,0,0,0,0,0,0,0,0,88,88,26730159,0,0,0,0,0,0,0,0,0
201612,53,399000,033,0950,52495 ,00000 ,6514 ,500,42660,2, ,98047      ,4,9,12,Pacific,20,20,5961538,0,0,0,0,0,0,0,0,0,20,20,5961538,0,0,0,0,0,0,0,0,0
201612,53,403000,049,    ,99990 ,00000 ,14073 ,999,99999, , ,98631      ,4,9,0,Pacific County Unincorporated Area,66,66,10227132,0,0,0,0,0,0,0,0,0,0,0,0,0,0,0,0,0,0,0,0,0
201612,53,407000,021,0960,53545 ,00000 ,59781 ,999,28420, , ,99301      ,4,9,0,Pasco,325,325,78516848,5,10,931215,0,0,0,0,0,0,0,0,0,0,0,0,0,0,0,0,0,0
201612,53,413000,051,    ,99990 ,00000 ,9810 ,518,44060,2, ,99156      ,4,9,12,Pend Oreille County Unincorporated Area,56,56,12662938,0,0,0,0,0,0,0,0,0,56,56,12662938,0,0,0,0,0,0,0,0,0
201612,53,415000,053,    ,99990 ,00000 ,366738 ,500,42660, , ,98409      ,4,9,12,Pierce County Unincorporated Area,1598,1598,476999509,13,26,5311795,2,7,1354838,47,725,78006143,1598,1598,476999509,13,26,5311795,2,7,1354838,47,725,78006143
201612,53,417000,023,0985,55120 ,00000 ,1425 ,999,99999, , ,993470370  ,4,9,12,Pomeroy,1,1,80000,0,0,0,0,0,0,0,0,0,1,1,80000,0,0,0,0,0,0,0,0,0
201612,53,419000,009,0990,55365 ,00000 ,19038 ,999,99999, , ,98362      ,4,9,9,Port Angeles,28,28,4359513,0,0,0,0,0,0,0,0,0,18,18,2811230,0,0,0,0,0,0,0,0,0
201612,53,421000,035,1000,55785 ,00000 ,11144 ,500,14740, , ,98366      ,4,9,12,Port Orchard,52,52,13044048,1,2,348442,0,0,0,0,0,0,52,52,13044048,1,2,348442,0,0,0,0,0,0
201612,53,423000,031,1005,55855 ,00000 ,9113 ,999,99999, , ,98368      ,4,9,12,Port Townsend,85,85,13090346,2,4,604828,0,0,0,0,0,0,85,85,13090346,2,4,604828,0,0,0,0,0,0
201612,53,425000,035,1010,55995 ,00000 ,9200 ,500,14740, , ,983707437  ,4,9,11,Poulsbo,141,141,33292468,0,0,0,3,12,1735149,0,0,0,130,130,30679859,0,0,0,3,12,1735149,0,0,0
201612,53,429000,005,1020,56450 ,00000 ,5714 ,999,28420, , ,99350      ,4,9,12,Prosser,2,2,601056,0,0,0,0,0,0,1,61,7000000,2,2,601056,0,0,0,0,0,0,1,61,7000000
201612,53,431000,075,1025,56625 ,00000 ,29799 ,999,99999, , ,99163      ,4,9,12,Pullman,60,60,16351253,1,2,454273,0,0,0,8,114,14347569,60,60,16351253,1,2,454273,0,0,0,8,114,14347569
201612,53,433000,053,1030,56695 ,00000 ,37022 ,500,42660, , ,98371      ,4,9,12,Puyallup,131,131,38054030,0,0,0,2,8,1089104,0,0,0,131,131,38054030,0,0,0,2,8,1089104,0,0,0
201612,53,435000,025,1040,57115 ,00000 ,6750 ,999,99999, , ,98848      ,4,9,12,Quincy,41,41,7177065,3,6,610000,0,0,0,0,0,0,41,41,7177065,3,6,610000,0,0,0,0,0,0
201612,53,443000,033,1065,57535 ,00000 ,54144 ,500,42660, ,1,980739710  ,4,9,12,Redmond,186,186,75675149,0,0,0,1,4,643503,8,727,65288985,186,186,75675149,0,0,0,1,4,643503,8,727,65288985
201612,53,445000,033,1070,57745 ,00000 ,90927 ,500,42660, ,1,98055      ,4,9,12,Renton,199,199,80766155,2,4,430849,1,4,634241,0,0,0,199,199,80766155,2,4,430849,1,4,634241,0,0,0
201612,53,449000,005,1080,58235 ,00000 ,48058 ,999,28420, ,1,99352      ,4,9,0,Richland,268,268,87509304,0,0,0,0,0,0,3,28,2173654,0,0,0,0,0,0,0,0,0,0,0,0
201612,53,451000,011,1085,58410 ,00000 ,4763 ,440,38900, , ,98642      ,4,9,12,Ridgefield,323,323,87071323,0,0,0,0,0,0,0,0,0,323,323,87071323,0,0,0,0,0,0,0,0,0
201612,53,455000,047,1095,58795 ,00000 ,280 ,999,99999, , ,98849      ,4,9,12,Riverside town,0,0,0,0,0,0,0,0,0,0,0,0,0,0,0,0,0,0,0,0,0,0,0,0
201612,53,459000,063,1100,59145 ,00000 ,470 ,518,44060, , ,99030      ,4,9,12,Rockford town,0,0,0,0,0,0,0,0,0,0,0,0,0,0,0,0,0,0,0,0,0,0,0,0
201612,53,465000,053,1125,60160 ,00000 ,793 ,500,42660, , ,98580      ,4,9,12,Roy,0,0,0,0,0,0,0,0,0,0,0,0,0,0,0,0,0,0,0,0,0,0,0,0
201612,53,469000,053,1130,60510 ,00000 ,749 ,500,42660, , ,984076597  ,4,9,5,Ruston town,5,5,2248622,0,0,0,0,0,0,0,0,0,3,3,1398718,0,0,0,0,0,0,0,0,0
201612,53,469900,033,1136,61115 ,00000 ,45780 ,500,42660, , ,98075      ,4,9,12,Sammamish,289,289,129510561,0,0,0,1,4,687820,1,92,15286454,289,289,129510561,0,0,0,1,4,687820,1,92,15286454
201612,53,471000,055,    ,99990 ,00000 ,13607 ,999,99999, , ,98250      ,4,9,11,San Juan County Unincorporated Area,105,105,24001840,0,0,0,0,0,0,0,0,0,97,97,22076974,0,0,0,0,0,0,0,0,0
201612,53,473000,033,1139,62288 ,00000 ,26909 ,500,42660, , ,98188      ,4,9,11,Seatac,65,65,21918302,0,0,0,0,0,0,0,0,0,64,64,21650906,0,0,0,0,0,0,0,0,0
201612,53,475000,033,1140,63000 ,00000 ,608660 ,500,42660, ,1,981244019  ,4,9,12,Seattle,797,797,216693139,171,342,73061332,84,280,54494316,138,8539,1115396229,797,797,216693139,171,342,73061332,84,280,54494316,138,8539,1115396229
201612,53,484000,033,1169,63960 ,00000 ,53007 ,500,42660, , ,981334905  ,4,9,12,Shoreline,76,76,24564653,0,0,0,0,0,0,2,293,38962154,76,76,24564653,0,0,0,0,0,0,2,293,38962154
201612,53,485000,057,    ,99990 ,00000 ,48117 ,500,34580,2, ,98273      ,4,9,12,Skagit County Unincorporated Area,165,165,40259008,0,0,0,0,0,0,0,0,0,165,165,40259008,0,0,0,0,0,0,0,0,0
201612,53,487000,059,    ,99990 ,00000 ,8645 ,440,38900, , ,98648      ,4,9,12,Skamania County Unincorporated Area,31,31,6567517,0,0,0,0,0,0,0,0,0,31,31,6567517,0,0,0,0,0,0,0,0,0
201612,53,489000,033,1175,64855 ,00000 ,198 ,500,42660, , ,98288      ,4,9,8,Skykomish town,0,0,0,0,0,0,0,0,0,1,5,139350,0,0,0,0,0,0,0,0,0,1,5,139350
201612,53,491000,061,1180,65170 ,00000 ,9098 ,500,42660, , ,98290      ,4,9,12,Snohomish,56,56,14609463,0,0,0,0,0,0,0,0,0,56,56,14609463,0,0,0,0,0,0,0,0,0
201612,53,493000,061,    ,99990 ,00000 ,302292 ,500,42660,2, ,98201      ,4,9,12,Snohomish County Unincorporated Area,1578,1578,501635615,27,54,11643382,38,135,25505988,35,476,69662971,1578,1578,501635615,27,54,11643382,38,135,25505988,35,476,69662971
201612,53,495000,033,1185,65205 ,00000 ,10670 ,500,42660, , ,98065      ,4,9,12,Snoqualmie,91,91,29870142,0,0,0,0,0,0,0,0,0,91,91,29870142,0,0,0,0,0,0,0,0,0
201612,53,503000,053,1210,66045 ,00000 ,434 ,500,42660, , ,98409      ,4,9,12,South Prairie town,0,0,0,0,0,0,0,0,0,0,0,0,0,0,0,0,0,0,0,0,0,0,0,0
201612,53,507000,063,6120,67000 ,00000 ,208916 ,518,44060, ,1,992013269  ,4,9,12,Spokane,369,369,91620510,5,10,1611005,4,14,1501904,24,443,46731786,369,369,91620510,5,10,1611005,4,14,1501904,24,443,46731786
201612,53,509000,063,    ,99990 ,00000 ,136108 ,518,44060,2, ,992600500  ,4,9,12,Spokane County Unincorporated Area,851,851,212487515,18,36,5446324,0,0,0,36,425,46728095,851,851,212487515,18,36,5446324,0,0,0,36,425,46728095
201612,53,509500,063,1222,67167 ,00000 ,89755 ,518,44060, ,1,99206      ,4,9,5,Spokane Valley,196,196,37040626,18,36,5533989,6,22,2747160,21,501,45523755,91,91,18208958,9,18,2738591,2,8,918756,14,388,34236360
201612,53,517000,061,1235,67455 ,00000 ,6231 ,500,42660, , ,98292      ,4,9,12,Stanwood,29,29,7433732,0,0,0,0,0,0,0,0,0,29,29,7433732,0,0,0,0,0,0,0,0,0
201612,53,521000,053,1245,67770 ,00000 ,5985 ,500,42660, , ,98388      ,4,9,8,Steilacoom town,11,11,4450556,0,0,0,0,0,0,0,0,0,9,9,3689000,0,0,0,0,0,0,0,0,0
201612,53,523000,065,    ,99990 ,00000 ,33893 ,518,44060, , ,991142847  ,4,9,12,Stevens County Unincorporated Area,92,92,19813601,0,0,0,0,0,0,1,8,833512,92,92,19813601,0,0,0,0,0,0,1,8,833512
201612,53,525000,059,1250,67875 ,00000 ,1465 ,440,38900, , ,98648      ,4,9,12,Stevenson,5,5,1241377,0,0,0,0,0,0,0,0,0,5,5,1241377,0,0,0,0,0,0,0,0,0
201612,53,527000,061,1255,68260 ,00000 ,4651 ,500,42660, , ,982941099  ,4,9,0,Sultan,10,10,2660910,0,0,0,0,0,0,0,0,0,0,0,0,0,0,0,0,0,0,0,0,0
201612,53,531000,053,1272,68435 ,00000 ,9451 ,500,42660, , ,98390      ,4,9,12,Sumner,26,26,7776882,0,0,0,0,0,0,0,0,0,26,26,7776882,0,0,0,0,0,0,0,0,0
201612,53,535000,053,1280,70000 ,00000 ,198397 ,500,42660, ,1,98402      ,4,9,12,Tacoma,123,123,37195657,3,6,1021637,2,7,918925,16,481,56042190,123,123,37195657,3,6,1021637,2,7,918925,16,481,56042190
201612,53,541000,067,    ,99990 ,00000 ,135123 ,500,36500, , ,985026065  ,4,9,12,Thurston County Unincorporated Area,345,345,92102316,0,0,0,0,0,0,9,228,10185336,345,345,92102316,0,0,0,0,0,0,9,228,10185336
201612,53,551000,033,1320,72625 ,00000 ,19107 ,500,42660, , ,981882544  ,4,9,12,Tukwila,32,32,11320511,0,0,0,0,0,0,0,0,0,32,32,11320511,0,0,0,0,0,0,0,0,0
201612,53,553000,067,1325,72905 ,00000 ,17371 ,500,36500, ,1,98501      ,4,9,11,Tumwater,104,104,21109414,2,4,758691,0,0,0,7,87,9929437,99,99,19893181,2,4,758691,0,0,0,6,82,9400819
201612,53,560000,053,1343,73465 ,00000 ,31144 ,500,42660, , ,984660289  ,4,9,12,University Place,60,60,17874763,0,0,0,0,0,0,0,0,0,60,60,17874763,0,0,0,0,0,0,0,0,0
201612,53,563000,011,1347,74060 ,00000 ,161791 ,440,38900, ,1,986681995  ,4,9,12,Vancouver,319,319,32975628,15,30,1980044,5,19,1536417,24,348,22147608,319,319,32975628,15,30,1980044,5,19,1536417,24,348,22147608
201612,53,567000,071,1360,75565 ,00000 ,1217 ,999,47460, , ,99361      ,4,9,0,Waitsburg,3,3,300000,0,0,0,0,0,0,0,0,0,0,0,0,0,0,0,0,0,0,0,0,0
201612,53,569000,071,1365,75775 ,00000 ,31731 ,999,47460, ,1,99362      ,4,9,12,Walla Walla,85,85,20029331,2,4,516162,0,0,0,1,12,1164893,85,85,20029331,2,4,516162,0,0,0,1,12,1164893
201612,53,571000,071,    ,99990 ,00000 ,16750 ,999,47460, , ,993622857  ,4,9,12,Walla Walla County Unincorporated Area,52,52,12687822,0,0,0,0,0,0,0,0,0,52,52,12687822,0,0,0,0,0,0,0,0,0
201612,53,577000,011,1385,76405 ,00000 ,14095 ,440,38900, , ,98671      ,4,9,11,Washougal,92,92,24584491,0,0,0,0,0,0,0,0,0,84,84,22541553,0,0,0,0,0,0,0,0,0
201612,53,581000,017,1395,76510 ,00000 ,1138 ,999,48300, , ,98858      ,4,9,12,Waterville town,3,3,774817,0,0,0,0,0,0,0,0,0,3,3,774817,0,0,0,0,0,0,0,0,0
201612,53,583000,063,1400,76720 ,00000 ,106 ,518,44060, , ,99039      ,4,9,11,Waverly town,0,0,0,0,0,0,0,0,0,0,0,0,0,0,0,0,0,0,0,0,0,0,0,0
201612,53,585000,007,1405,77105 ,00000 ,31925 ,999,48300, ,1,98807      ,4,9,12,Wenatchee,70,70,18047814,0,0,0,0,0,0,0,0,0,70,70,18047814,0,0,0,0,0,0,0,0,0
201612,53,587000,005,1425,77665 ,00000 ,11811 ,999,28420, , ,99353      ,4,9,11,West Richland,89,89,27049278,0,0,0,4,16,2030000,0,0,0,78,78,23550676,0,0,0,4,16,2030000,0,0,0
201612,53,591000,073,    ,99990 ,00000 ,87079 ,999,13380, , ,982269050  ,4,9,11,Whatcom County Unincorporated Area,284,284,87666385,0,0,0,0,0,0,0,0,0,260,260,81047101,0,0,0,0,0,0,0,0,0
201612,53,599000,053,1445,78925 ,00000 ,477 ,500,42660, , ,98396      ,4,9,12,Wilkeson town,0,0,0,0,0,0,0,0,0,0,0,0,0,0,0,0,0,0,0,0,0,0,0,0
201612,53,607000,047,1465,79380 ,00000 ,394 ,999,99999, , ,98862      ,4,9,0,Winthrop town,12,12,1126419,0,0,0,0,0,0,0,0,0,0,0,0,0,0,0,0,0,0,0,0,0
201612,53,608500,033,1468,79590 ,00000 ,10938 ,500,42660, , ,98072      ,4,9,12,Woodinville,14,14,6920102,0,0,0,0,0,0,0,0,0,14,14,6920102,0,0,0,0,0,0,0,0,0
201612,53,613000,061,1475,79835 ,00000 ,1307 ,500,42660, , ,98020      ,4,9,12,Woodway,1,1,1800000,0,0,0,0,0,0,0,0,0,1,1,1800000,0,0,0,0,0,0,0,0,0
201612,53,615000,011,1480,79975 ,00000 ,1566 ,440,38900,2, ,98675      ,4,9,12,Yacolt town,11,11,1868821,0,0,0,0,0,0,0,0,0,11,11,1868821,0,0,0,0,0,0,0,0,0
201612,53,617000,077,1485,80010 ,00000 ,91067 ,999,49420, ,1,98901      ,4,9,12,Yakima,137,137,30985006,0,0,0,0,0,0,0,0,0,137,137,30985006,0,0,0,0,0,0,0,0,0
201612,53,619000,077,    ,99990 ,00000 ,83889 ,999,49420,2, ,989012614  ,4,9,12,Yakima County Unincorporated Area,175,175,52060742,0,0,0,0,0,0,0,0,0,175,175,52060742,0,0,0,0,0,0,0,0,0
201612,53,621000,033,1490,80150 ,00000 ,1001 ,500,42660, , ,98004      ,4,9,11,Yarrow Point town,12,12,21027464,0,0,0,0,0,0,0,0,0,11,11,19330286,0,0,0,0,0,0,0,0,0
201612,53,623000,067,1495,80220 ,00000 ,6848 ,500,36500, , ,98597      ,4,9,12,Yelm,82,82,22676877,0,0,0,0,0,0,0,0,0,82,82,22676877,0,0,0,0,0,0,0,0,0
201612,56,005000,001,    ,99990 ,00000 ,5238 ,999,99999, , ,82070      ,4,8,12,Albany County Unincorporated Area,63,63,14301750,0,0,0,0,0,0,0,0,0,63,63,14301750,0,0,0,0,0,0,0,0,0
201612,56,025000,025,0029,05245 ,00000 ,2213 ,999,16220, , ,82601      ,4,8,12,Bar Nunn town,9,9,1119000,0,0,0,0,0,0,0,0,0,9,9,1119000,0,0,0,0,0,0,0,0,0
201612,56,053000,003,0047,11700 ,00000 ,593 ,999,99999, , ,82412      ,4,8,2,Byron town,1,1,100000,0,0,0,0,0,0,0,0,0,1,1,100000,0,0,0,0,0,0,0,0,0
201612,56,057000,005,    ,99990 ,00000 ,15239 ,999,99999,2, ,827164239  ,4,8,0,Campbell County Unincorporated Area,35,35,8931384,0,0,0,0,0,0,0,0,0,0,0,0,0,0,0,0,0,0,0,0,0
201612,56,061000,007,    ,99990 ,00000 ,2148 ,999,99999, , ,82301      ,4,8,11,Carbon County Unincorporated Area,17,17,12766453,0,0,0,0,0,0,0,0,0,15,15,12366656,0,0,0,0,0,0,0,0,0
201612,56,065000,025,0051,13150 ,00000 ,55316 ,999,16220, ,1,82601      ,4,8,12,Casper,63,63,16687890,0,0,0,2,8,730000,0,0,0,63,63,16687890,0,0,0,2,8,730000,0,0,0
201612,56,069000,021,0054,13900 ,00000 ,59466 ,999,16940, ,1,82001      ,4,8,11,Cheyenne,188,188,36949031,0,0,0,4,14,1160999,1,33,4000000,168,168,33256285,0,0,0,3,10,851182,1,33,4000000
201612,56,081000,029,0065,15760 ,00000 ,9520 ,999,99999, , ,82414      ,4,8,12,Cody,31,31,5540745,3,6,414000,1,3,335000,1,6,450000,31,31,5540745,3,6,414000,1,3,335000,1,6,450000
201612,56,093000,003,0075,17645 ,00000 ,655 ,999,99999, , ,82420      ,4,8,2,Cowley town,3,3,548000,0,0,0,0,0,0,0,0,0,0,0,0,0,0,0,0,0,0,0,0,0
201612,56,117000,009,0100,21125 ,00000 ,6120 ,999,99999, , ,82633      ,4,8,12,Douglas,2,2,660000,0,0,0,0,0,0,0,0,0,2,2,660000,0,0,0,0,0,0,0,0,0
201612,56,137000,041,0135,25620 ,00000 ,12359 ,999,99999, , ,82930      ,4,8,9,Evanston,14,14,4151092,0,0,0,0,0,0,1,12,960000,11,11,3354400,0,0,0,0,0,0,1,12,960000
201612,56,141000,025,1300,25765 ,00000 ,2544 ,999,16220, , ,82636      ,4,8,12,Evansville town,6,6,740000,0,0,0,0,0,0,0,0,0,6,6,740000,0,0,0,0,0,0,0,0,0
201612,56,161000,005,0160,31855 ,00000 ,29087 ,999,99999, , ,82716      ,4,8,12,Gillette,18,18,6986349,0,0,0,0,0,0,0,0,0,18,18,6986349,0,0,0,0,0,0,0,0,0
201612,56,185000,037,0180,33740 ,00000 ,12515 ,999,99999, , ,82935      ,4,8,12,Green River,24,24,6372392,1,2,290000,0,0,0,0,0,0,24,24,6372392,1,2,290000,0,0,0,0,0,0
201612,56,217000,039,0215,40120 ,00000 ,9577 ,999,99999, , ,83001      ,4,8,0,Jackson town,32,32,12840704,7,14,4324278,7,23,893159,1,5,540315,0,0,0,0,0,0,0,0,0,0,0,0
201612,56,245000,013,0245,44760 ,00000 ,7487 ,999,99999, , ,82520      ,4,8,0,Lander,0,0,0,0,0,0,0,0,0,0,0,0,0,0,0,0,0,0,0,0,0,0,0,0
201612,56,249000,001,0250,45050 ,00000 ,30816 ,999,99999, , ,82073      ,4,8,12,Laramie,60,60,9345249,2,4,698400,0,0,0,2,24,737112,60,60,9345249,2,4,698400,0,0,0,2,24,737112
201612,56,253000,021,    ,99990 ,00000 ,30661 ,999,16940, , ,82009      ,4,8,12,Laramie County Unincorporated Area,234,234,37642785,0,0,0,0,0,0,0,0,0,234,234,37642785,0,0,0,0,0,0,0,0,0
201612,56,257000,023,    ,99990 ,00000 ,8923 ,999,99999, , ,83101      ,4,8,12,Lincoln County Unincorporated Area,99,99,28483626,0,0,0,0,0,0,0,0,0,99,99,28483626,0,0,0,0,0,0,0,0,0
201612,56,289000,035,0295,50415 ,00000 ,1094 ,999,99999, , ,831136502  ,4,8,12,Marbleton town,0,0,0,0,0,0,0,0,0,0,0,0,0,0,0,0,0,0,0,0,0,0,0,0
201612,56,297000,029,0305,51720 ,00000 ,327 ,999,99999, , ,82433      ,4,8,12,Meeteetse town,0,0,0,0,0,0,0,0,0,0,0,0,0,0,0,0,0,0,0,0,0,0,0,0
201612,56,305000,025,0310,53460 ,00000 ,3461 ,999,16220, , ,826440789  ,4,8,12,Mills town,45,45,5758000,0,0,0,0,0,0,0,0,0,45,45,5758000,0,0,0,0,0,0,0,0,0
201612,56,317000,025,    ,99990 ,00000 ,11317 ,999,16220,2, ,82601      ,4,8,12,Natrona County Unincorporated Area,34,34,12134250,0,0,0,0,0,0,0,0,0,34,34,12134250,0,0,0,0,0,0,0,0,0
201612,56,333000,029,    ,99990 ,00000 ,12025 ,999,99999,2, ,82414      ,4,8,12,Park County Unincorporated Area,82,82,23658347,0,0,0,0,0,0,0,0,0,82,82,23658347,0,0,0,0,0,0,0,0,0
201612,56,349000,035,0350,61580 ,00000 ,2030 ,999,99999, , ,82941      ,4,8,12,Pinedale town,5,5,920860,0,0,0,0,0,0,0,0,0,5,5,920860,0,0,0,0,0,0,0,0,0
201612,56,357000,029,0357,62450 ,00000 ,6314 ,999,99999, , ,82435      ,4,8,12,Powell,12,12,1970000,0,0,0,0,0,0,0,0,0,12,12,1970000,0,0,0,0,0,0,0,0,0
201612,56,369000,007,0375,66075 ,00000 ,52 ,999,99999, , ,82325      ,4,8,12,Riverside town,1,1,130000,0,0,0,0,0,0,0,0,0,1,1,130000,0,0,0,0,0,0,0,0,0
201612,56,373000,013,0380,66220 ,00000 ,10615 ,999,99999, , ,82501      ,4,8,12,Riverton,6,6,990000,0,0,0,0,0,0,0,0,0,6,6,990000,0,0,0,0,0,0,0,0,0
201612,56,381000,037,0390,67235 ,00000 ,23036 ,999,99999, , ,82901      ,4,8,12,Rock Springs,38,38,10959300,0,0,0,0,0,0,0,0,0,38,38,10959300,0,0,0,0,0,0,0,0,0
201612,56,393000,033,0400,69845 ,00000 ,17444 ,999,99999, , ,82801      ,4,8,12,Sheridan,38,38,8360653,4,8,831338,1,4,589000,0,0,0,38,38,8360653,4,8,831338,1,4,589000,0,0,0
201612,56,397000,033,    ,99990 ,00000 ,9918 ,999,99999, , ,82801      ,4,8,0,Sheridan County Unincorporated Area,69,69,19682640,0,0,0,0,0,0,0,0,0,0,0,0,0,0,0,0,0,0,0,0,0
201612,56,409000,035,    ,99990 ,00000 ,6571 ,999,99999, , ,82941      ,4,8,11,Sublette County Unincorporated Area,27,27,7775355,0,0,0,0,0,0,0,0,0,25,25,7200582,0,0,0,0,0,0,0,0,0
201612,56,417000,037,0427,74775 ,00000 ,336 ,999,99999, , ,829450040  ,4,8,12,Superior town,0,0,0,0,0,0,0,0,0,0,0,0,0,0,0,0,0,0,0,0,0,0,0,0
201612,56,421000,037,    ,99990 ,00000 ,7223 ,999,99999, , ,82935      ,4,8,12,Sweetwater County Unincorporated Area,8,8,2181949,0,0,0,0,0,0,0,0,0,8,8,2181949,0,0,0,0,0,0,0,0,0
201612,56,429000,039,    ,99990 ,00000 ,11717 ,999,99999, , ,83001      ,4,8,12,Teton County Unincorporated Area,122,122,214291076,1,2,3500000,0,0,0,1,5,799125,122,122,214291076,1,2,3500000,0,0,0,1,5,799125
201612,56,441000,015,0450,77530 ,00000 ,6501 ,999,99999, , ,82240      ,4,8,12,Torrington,2,2,648000,0,0,0,0,0,0,0,0,0,2,2,648000,0,0,0,0,0,0,0,0,0
201612,56,445000,041,    ,99990 ,00000 ,4840 ,999,99999, , ,82930      ,4,8,12,Uinta County Unincorporated Area,14,14,2783000,0,0,0,0,0,0,0,0,0,14,14,2783000,0,0,0,0,0,0,0,0,0
201612,56,453000,027,0460,79705 ,00000 ,15 ,999,99999, , ,82242      ,4,8,0,Van Tassell town,0,0,0,0,0,0,0,0,0,0,0,0,0,0,0,0,0,0,0,0,0,0,0,0
