@type|@id|name|name:en|place|wikidata|@lat|@lon
node|356696500|Aviation Island||island||5.8912856|-162.0674354
node|356696504|Barren Island||island||5.8785060|-162.0449144
node|356696507|Bird Island||island||5.8711889|-162.0603793
node|356696511|Cooper Island||island||5.8880458|-162.0828534
node|356696514|Eastern Island||island||5.8803989|-162.0577425
node|356696522|Engineer Island||island||5.8705556|-162.0713889
node|356696528|Holei Island||island||5.8721525|-162.0648206
node|356696531|Home Island||island||5.8730199|-162.0971389
node|356696535|Kaula Island||island||5.8753161|-162.0813851
node|356696538|Marine Island||island||5.8722222|-162.0794444
node|356696542|Palmyra Atoll|Palmyra Atoll|island|Q123076|5.8822040|-162.0748745
node|356696545|Papala Island||island||5.8747698|-162.0594517
node|356696549|Paradise Island||island||5.8745003|-162.0923707
node|356696552|Pelican Island||island||5.8729760|-162.0619974
node|356696554|Quail Island||island||5.8888497|-162.0607961
node|356696558|Sand Island||island||5.8748578|-162.1065436
node|356696561|Strawn Island||island|Q32024776|5.8901488|-162.0986714
node|356696563|Tananger Island||island||5.8719444|-162.0766667
node|356696566|Whippoorwill Island||island||5.8857318|-162.0525861
node|359258165|Faalefu Rock||island|Q21847654|-14.2565299|-170.5914177
node|359258181|Faiumuolegau Rocks||island|Q21847467|-14.2839324|-170.6051775
node|359258260|Maafee Island||islet|Q21847264|-14.2242947|-169.5200043
node|359258287|Mataitutua Rock||island|Q21847228|-14.2486587|-169.4581915
node|359258365|Nuutele Rocks||island|Q21847143|-14.2467169|-170.5689997
node|359258368|Nuututai Rock||island|Q21847130|-14.1619444|-169.6083333
node|359258408|Papaseugogo Rock||island|Q21848602|-14.3322222|-170.8075000
node|359258425|Rocky Point||island|Q21847563|-14.3366667|-170.8280556
node|359258479|Toatai Rock||island|Q21847465|-14.3369444|-170.8280556
node|359258482|Toauta Rock||island|Q21847478|-14.3355556|-170.8280556
node|359258485|Tulagamatuu Rock||island|Q21847488|-14.2600000|-170.6480556
node|359258582|Flowerpot Rocks||island||-14.3030556|-170.6758333
node|524439061|Pearl and Hermes Reef||island|Q1357927|27.8540420|-175.8719285
node|583319719|Atafu||island|Q642787|-8.5533484|-172.4905526
node|583321942|Nukunonu Atoll||island|Q656709|-9.1612387|-171.8317450
node|583322702|Fakaofo Atoll||island|Q650847|-9.3735594|-171.2414826
node|678300627|Nukuloa||island||-13.1890459|-176.1958049
node|678300629|Nukufotu||island||-13.1853011|-176.2041653
node|678300633|Nukuatea||island|Q32605948|-13.3744343|-176.2152710
node|767113574|Moturangaranga Island|Moturangaranga Island|island|Q125808203|-43.9132640|-176.4315460
node|767113616|The Pyramid (Tarakoikoia)||island|Q1277394|-44.4330310|-176.2397930
node|767113702|The Sisters (Rangitatahi)||island|Q1276706|-43.5677504|-176.8067840
node|767114315|Chatham Island||island||-43.9800738|-176.3838121
node|767130155|Chatham Island||island||-43.8055462|-176.7928518
node|767130249|Te Awanui Island|Te Awanui Island|island|Q125754958|-43.7082174|-176.5706670
node|767130575|Sugar Loaf||island||-44.2709498|-176.2823190
node|767130955|Titihaukai Island|Titihaukai Island|island|Q125754919|-43.8278441|-176.4373270
node|767131032|Kokope||island|Q121653538|-44.2520478|-176.1763080
node|767131258|The Castle (Rangiwheau)|The Castle|island|Q127965170|-44.2864865|-176.3354070
node|767131278|Rabbit Island||island|Q1276390|-44.2402708|-176.2809030
node|767131341|Motuhinahina Island||island|Q125689356|-43.8963639|-176.4880180
node|767131543|Waikawa Island|Waikawa Island|island|Q125754926|-43.9262845|-176.4429740
node|767131695|Little Mangere Island (Tapuaenuku) The Fort||island|Q1276249|-44.2777085|-176.3174070
node|1128747090|Motu Upou||islet|Q27221361|1.9970845|-157.4483232
node|1714006391|Jacquot Island||island||61.3267555|-138.7654190
node|2118748276|L'Havre Rock||island||-31.2934651|-178.9090715
node|2120112025|Herald Islets||island|Q32219934|-29.2489985|-177.8547400
node|2123414104|Milne Islets||island|Q32278282|-29.2815147|-177.9036090
node|2199032456|Mokulua Islands||islet|Q740215|21.3896210|-157.6981417
node|2202177851|Steventon Island||island|Q7615555|-77.2792084|-148.3706780
node|2251264419|Motu Tapu||islet||-16.7162749|-151.4659953
node|2286111949|Motu Temahu||islet||-16.4656279|-151.7145526
node|2286136392|Motu Tenamanu||islet||-16.4696735|-151.7092062
node|2313593372|Orona|Orona|island|Q1050883|-4.5101561|-172.1752686
node|2478528427|Klokachef island||island||57.4115051|-135.8878927
node|2510476431|Post Island||island||57.7922808|-136.3377671
node|2510487082|Povorotni Island||island||57.5132581|-135.5550185
node|2510487141|Vixen Islands||island||57.6158997|-135.5777277
node|2510487210|Emmons Island||island||57.6009149|-135.5413355
node|2510952948|Goose Island||island||58.2131289|-136.0476625
node|2514431023|Redcliff Islands||island||57.8980913|-135.1087114
node|2514690293|Sealion Islands||island||57.2836928|-135.8783037
node|2519956075|Village Islands||island||57.7824719|-153.5366956
node|2584532030|Baby Islands||island||53.9945881|-166.0670216
node|2610072042|Dolgol Island||island||59.6042172|-139.6832594
node|2667556204|Murie Islets||island||54.9064505|-159.3307108
node|2755499238|Blacksand Spit||island||59.4172685|-139.5235612
node|3048222986|Kutchuma Islands||island||57.0068959|-135.3132589
node|3048309634|Belknap Islands||island||57.0081803|-135.3540277
node|3084255228|Îlot Saint-Christophe||island||-13.3636587|-176.2242145
node|3207827269|Komautuee||islet||-8.8558253|-139.5962833
node|3207827315|Tekohai||islet||-8.8618722|-139.5927642
node|3305599292|Fonuafoʻou|Falcon Island|island||-20.3247291|-175.4200733
node|3390820401|Lateiki||islet||-19.1789621|-174.8495908
node|3405074677|Kolo'uta||islet||-18.6402903|-174.0075121
node|3416932462|Solivik Island||island||70.1882728|-162.3394526
node|3773950285|Charcoal Island||island||57.0464942|-135.3487480
node|3773950352|Fritz Island||island|Q49638537|57.0416546|-135.3499492
node|3773950353|Volga Island||island||57.0403619|-135.3476581
node|3774272453|The Eckholms Islands||island||57.0100226|-135.3591383
node|3774277794|The Twins||island||57.0343802|-135.3169673
node|4075714883|Tubuai|Tubuai|island||-23.3720739|-149.4661309
node|4089210614|Duck Island||island||70.3068218|-147.9092575
node|4089210616|Jeanette Island||island||70.3667936|-147.4197436
node|4089210617|Karluk Island||island||70.3401616|-147.3220039
node|4089210618|Narwhal Island||island||70.3976280|-147.5005961
node|4102128656|Cooper Island||island||71.2349839|-155.6806040
node|4335798313|Flat Island||island||59.7324301|-154.2730820
node|4349322916|Homebrew Island||island||66.5989379|-145.2685873
node|4349322917|Twelvemile Island||island||66.4391920|-145.0943403
node|4448949888|Crescent Island||island||71.3585842|-156.3106281
node|4467367580|Adams Island||island||66.0585914|-148.9123419
node|4467367581|Jokinaugh Island||island||66.0998840|-148.6460522
node|4504105898|Joe Guay Island||island||66.3604701|-147.4723834
node|4504239714|Moose Island||island||66.2104515|-148.4984141
node|4724164850|Megotsol Island||island||64.8501432|-157.7775979
node|4742396082|Dog Island||islet||66.3669243|-153.5068234
node|4742702490|Treat Island||island||65.9636124|-155.9952057
node|4743392725|Stout Island||island||66.5378733|-152.3982621
node|5172295447|Bertoncini Island||islet||70.5349675|-149.3005945
node|5172295448|Long Island||islet||70.4806664|-148.9528086
node|5172295449|Cottle Island||islet||70.5171123|-149.1557123
node|5172295450|Bodfish Island||islet||70.5262136|-149.2561342
node|5430430257|Eagle Island||island||62.9243372|-159.9956991
node|5620377693|Saint Michael Island||island||63.4666600|-162.1666600
node|6712047465|Motu Tuuahine||islet||-16.5789868|-151.4390016
node|6712047466|Motu Mopua||islet||-16.5810948|-151.4375907
node|6800994041|Motu Uravera||islet||-16.5640196|-151.4495963
node|6801125812|Motu Mute||islet||-16.4432883|-151.7541075
node|6801125813|Motu Ome’e||islet||-16.4487008|-151.7402029
node|7055850599|Tarehu||islet||-17.4924409|-149.9223506
node|7062393284|Motu Temae||islet||-17.4805835|-149.7670226
node|7807513343|Whale Rock||island|Q21847664|-14.2857130|-170.6701602
node|8185316585|Motu Ai||islet||-10.4523447|-138.6207595
node|11010976880|Motu Tupe||islet||-16.4929396|-151.6978205
node|11010985928|Motu Tau farii||islet||-16.4892705|-151.6960803
node|11011014040|Motu Vai toto||islet||-16.4774801|-151.6952165
node|11011024216|Motu Omee||islet||-16.4817389|-151.6926246
node|11011034891|Motu Vahia utu||islet||-16.4730961|-151.7030831
node|11011045442|Motu Tuatefau||islet||-16.4677399|-151.7111381
node|11011045444|Motu Temiromiro||islet||-16.4669517|-151.7121478
node|11031500999|Tsaritsa Rock||island||57.0213688|-135.3258141
node|11031501000|Simpson Rock||island||57.0184652|-135.3482160
node|11807387270|ʻAta||island|Q423507|-22.3408036|-176.2062976
node|11917747269|Harbor Island||island||57.0475624|-135.3448137
node|11940263614|Мамонтовый остров||island||71.1474247|-179.7615678
node|12324413016|Aalikam Tanĝii||island||52.1905717|-174.1652755
node|12365704375|Taachim Tanĝii||island||54.0069528|-166.7183552
node|13172146687|Doi||island||-20.6363436|-178.7157478
node|13172146688|Ono Levu||island||-20.6629455|-178.7370514
node|13172214985|Udui||island||-20.6315172|-178.7494572
node|13172214986|Davura||island||-20.6533161|-178.7046021
node|13822830734|Toe Toe||islet||-15.8574306|-145.1130015
way|4060585|Mokapu Island||islet||21.1830187|-156.9237758
way|4060588|Okala Island||islet||21.1746280|-156.9287947
way|10384649|Kaʻula Island|Kaʻula Island|island|Q1450889|21.6546775|-160.5409329
way|10390766|Rim Island #2||islet||21.2942965|-157.6950860
way|10415821|Molokini Island|Molokini Island|islet|Q1225759|20.6322076|-156.4960879
way|10415839|Puʻukoaʻe|Puukoae Islet|islet|Q49673560|20.5114168|-156.6099421
way|10415853|Kaemi||islet||20.9810798|-156.5256970
way|10415859|Keōpuka Rock|Keopuka Rock|islet||20.8760667|-156.1723009
way|10418960|Coconut Island||islet|Q5139831|19.7298051|-155.0685527
way|10596226|Spit Island|Spit Island|islet|Q32023493|28.2065012|-177.3489527
way|15172039|Krishka Island||islet||56.6043517|-134.9952002
way|15681605|Hill Island||island|Q49641080|57.7490527|-136.2886161
way|15681770|Bamdoroshni Island||islet|Q49632309|57.0261369|-135.3349265
way|15681780|Golf Island||island||56.7918930|-135.3905029
way|15681799|Dippy Island||islet|Q49636649|57.6922835|-136.1285478
way|15681804|Saint Lazaria Island||islet||56.9867619|-135.7080117
way|15681851|Rachek Island||islet||56.7405319|-135.3870163
way|15681856|Little Rapids Island||island||57.4006366|-135.6332398
way|15681897|Little Biorka Island||islet||56.8663197|-135.5646972
way|15681907|Terbilon Island||islet||56.8294735|-135.5344849
way|15682028|Three Tree Island||islet||57.5967486|-136.1426313
way|15682089|Otstoia Island||islet||57.5629577|-135.4483871
way|15682122|Eagle Rock||islet||57.3094425|-135.8806336
way|15682127|Guide Island||islet||57.1334667|-135.5212936
way|15682128|Big Gavanski Island||island||57.1350102|-135.4263472
way|15682251|Katz Island||islet|Q49645575|57.0307235|-135.3182935
way|15682259|Arguello Island||islet||56.9857331|-135.1436615
way|15682261|Kane Island||islet||57.3229676|-135.6679993
way|15682280|Gillmore Islands||islet|Q49639051|57.0339623|-135.3240013
way|15682386|Winfred Island||islet||57.8010355|-136.3840438
way|15682414|Suloia Islet||islet||57.3976269|-135.6589126
way|15682452|Rogers Island||islet||56.7805062|-135.4669114
way|15682459|Error Island||islet||57.0092716|-135.3217239
way|15682475|Lodge Island||island||56.7718525|-135.2332153
way|15682526|Liesnoi Island||islet||57.4191055|-135.6076736
way|15682564|Paulina Island||islet||57.6380992|-136.0904697
way|15682571|Signal Island||island||57.0459640|-135.3918716
way|15682632|Unishka Island||islet||56.9079419|-135.3760833
way|15682656|Round Island||islet||57.3671035|-135.7132721
way|15682679|Koka Island||islet||56.9049682|-135.3846588
way|15682710|Klag Island||island||57.6212732|-136.0957700
way|15682714|Grasstop Rock||islet||57.4350166|-135.6049042
way|15682715|Sosnovoi Island||islet||56.9028244|-135.3642578
way|15682721|Japonski Island||island|Q6159341|57.0479056|-135.3587289
way|15682723|Low Island||islet||57.0113666|-135.6116055
way|15682724|Breast Island||islet|Q49633878|57.0391272|-135.3316578
way|15682741|Big Island||islet||57.4368896|-135.5930023
way|15682743|Kita Island||islet||56.9384842|-135.4367447
way|15682784|Glagolm Island||islet||56.9376755|-135.4249420
way|15682801|Broad Island||island||57.5864941|-135.3902265
way|15682889|John Rock||islet||56.7712479|-135.4647827
way|15682942|Cedar Island||islet||57.8664638|-135.0437059
way|15682989|Mills Island||islet||57.1859608|-135.5683517
way|15682992|North Cape||island||56.5997868|-135.1352921
way|15683031|Rockwell Island||islet|Q49675044|57.0370590|-135.3385170
way|15683061|Little Island||islet||57.4299869|-135.5973587
way|15683070|Tentree Island||islet||57.8305038|-136.3667644
way|15683084|Gull Islet||islet||56.9954834|-135.3425522
way|15683118|Piper Island||island||57.3912811|-135.5929947
way|15683159|Lydonia Island||islet|Q49655468|57.7133706|-136.1703478
way|15683266|Jacob Rock||islet||56.7876816|-135.4981689
way|15683272|Apple Island||island||57.0688620|-135.4125434
way|15683279|Krugloi Island||islet||57.5634556|-135.4705886
way|15683338|Duck Island||islet||57.6745124|-136.1612597
way|15683358|Legma Island||island||56.8228607|-135.4508362
way|15683421|Klokachef Island||island||57.4103718|-135.8872223
way|15683466|Galkin Island||islet||56.8310948|-135.4259872
way|15683537|Junction Island||islet||57.9976907|-136.3180554
way|15683589|Midway Island||islet||57.9965663|-135.6103226
way|15683611|Twin Island||islet||57.5977731|-136.0961785
way|15683635|Round Island||islet||56.9140606|-135.3806534
way|15683637|Limit Island||islet||57.2547493|-135.4732590
way|15683672|Sealion Island||island||57.2836259|-135.8784108
way|15683702|Fankuda Islet||islet||56.9098644|-135.3624115
way|15683707|Pishak Island||islet||56.8095951|-135.4363022
way|15683726|Vitskari Island||islet||56.9995207|-135.5448747
way|15752058|Beardslee Islands||islet|Q49632585|57.0345385|-135.3435390
way|15752067|Little Gavanski Island||islet||57.1258994|-135.4336245
way|15752091|Little Cedar Island||islet||57.8705159|-135.0541523
way|15752226|Strawberry Island||islet||57.7390717|-135.1816311
way|15752231|Berry Island||islet||57.0055943|-135.3083573
way|15752241|Marshall Island||island||57.0325402|-135.2721266
way|15752248|Hoggatt Island||island||57.5514806|-135.5090560
way|15752279|Biorka Island||island||56.8509483|-135.5434695
way|15752358|Dead Tree Island||islet||57.4125376|-135.0196023
way|15752400|Beric Island||islet||57.8022468|-136.3944915
way|15752423|White Crag Island||islet||57.9058582|-136.5448826
way|15752489|Wrangell Island||islet||56.8523655|-135.4945221
way|15752546|Entrance Island||islet||57.2922783|-135.6051865
way|15752554|Fassett Island||islet||57.0103245|-135.3060302
way|15752556|Kanga Island||islet||56.8966045|-135.3613205
way|15752561|Boidarkin Island||islet||57.0104256|-135.3123627
way|15752563|Kutkan Island||islet|Q49649811|57.0401071|-135.3282071
way|15752593|Liar Rock||islet||57.0107956|-135.3635787
way|15752710|Morne Island||islet||57.0370461|-135.3220728
way|15752712|Turning Island||island||57.0433010|-135.3368244
way|15752718|Kirbas Island||islet||56.8042621|-135.4118042
way|15752720|Nelson Island||islet||57.7542812|-135.7907134
way|15752751|Hogan Island||island|Q49641289|57.7075690|-136.2580368
way|15752773|Arthur Island||islet||57.4483013|-135.5801316
way|15752813|Rainier Island||islet||57.9270056|-135.1806274
way|15752838|Fitz Island||islet|Q49638121|57.6885576|-136.1230430
way|15752904|Rowe Island||islet||57.6391168|-136.0992498
way|15752916|Road Island||islet||56.9257450|-135.3526764
way|15752923|Nadezhda Island||islet||57.1979866|-135.6038437
way|15752983|Bear Bay Island||islet||57.4248791|-135.5719146
way|15752984|Crow Island||island||57.1076691|-135.4771704
way|15752997|Sushilna Island||islet||57.8344975|-136.3793182
way|15753033|Emgeten Island||islet||57.0004425|-135.3282089
way|15753151|Snipe Island||islet||57.7290574|-136.2345313
way|15753157|Korga Island||islet||56.9300995|-135.3906250
way|15753180|Lock Island||islet||57.7249547|-136.1995116
way|15753198|Ulinoi Island||islet||56.9320813|-135.3977433
way|15753212|Port Island||islet|Q49670222|57.6938493|-136.1318900
way|15753309|Tava Island||island||56.8262577|-135.4780273
way|15753310|Scow Island||islet||56.7020512|-135.2893295
way|15753382|Gauntlet Island||islet||57.9101121|-136.5480517
way|15753397|Prince Island||islet||57.4787507|-135.2771561
way|15753413|Vorota Island||islet||57.6109424|-136.1056224
way|15753423|Double Island||islet||57.1893940|-135.5777130
way|15753432|Peisar Island||island||56.8871555|-135.4394378
way|15753460|Neva Island||island||57.0578967|-135.4083324
way|15753560|Ramp Island||islet|Q49674077|57.5609537|-136.0890050
way|15753576|Little Wrangell Island||islet||56.8477287|-135.4940262
way|15753602|Entrance Islet||islet||56.8652782|-135.5250855
way|15753605|Middle Island||island||57.1016794|-135.4530856
way|15753616|Torsar Island||islet||56.8488770|-135.4253006
way|15753708|Edward Island||islet||57.6663140|-136.2546852
way|15753733|Brady Island||islet||57.1848106|-135.5562820
way|15753767|Tiurpa Island||islet||56.8128624|-135.4224090
way|15753801|Impassible Island||islet||56.8316861|-135.5419083
way|15753839|Liesnoi Island||islet||56.8122197|-135.4828567
way|15753847|Bell Island||islet||57.9918259|-135.7709201
way|15753895|Channel Island||islet||57.5765589|-135.9522319
way|15753950|Leo Island||islet||57.6338404|-136.0954460
way|15753959|Kliuchevoi Island||islet||56.8348294|-135.3817978
way|15753962|Grace Island||islet|Q49639434|57.7829197|-136.3205617
way|15753980|Heidi Rock||islet||57.8853655|-135.0230394
way|15754048|Steep Island||islet||57.6735848|-136.1557586
way|15754101|Urilof Island||islet||56.7872295|-135.4717789
way|15754196|Sholin Island||islet||57.7257716|-136.2489840
way|15754206|Bilai Rock||islet||56.7118587|-135.3432694
way|15754259|Cormorant Island||islet||57.7782843|-136.3214772
way|15754261|Rapids Island||island||57.4032268|-135.6311111
way|15754296|Black Island||islet||57.6019432|-136.2210275
way|15754326|West Redcliff Island||islet||57.8979488|-135.1099638
way|15754341|East Redcliff Island||islet||57.8926711|-135.0951503
way|15754378|Gornoi Island||island||56.7857934|-135.3575515
way|15754390|Mindalina Island||islet||57.8731523|-136.4876800
way|15754396|Kolash Island||islet||56.8410759|-135.3899842
way|15754419|Shale Island||islet||57.6093281|-136.1296850
way|15754424|Fragrant Island||islet||56.8416366|-135.4195404
way|15754426|Maid Island||islet||56.8349762|-135.4671173
way|20285321|Bingham Cove||islet||58.0678865|-136.5607501
way|20285364|Grassy Rock||islet||58.0476065|-135.5646549
way|20285432|Kochu Island||islet||59.1451457|-135.3973117
way|20285627|Neka Island||islet||58.0342943|-135.6387602
way|20285765|Three Hill Island||island||58.1668585|-136.3982999
way|20285770|South Marble Island||island||58.6434345|-136.0473853
way|20285783|Long Island||island||58.0964489|-135.4685062
way|20285794|Cenotaph Island||island||58.6386878|-137.5832034
way|20285916|Flapjack Island||island||58.5862913|-135.9808516
way|20286111|Bingham Cove||islet||58.0707589|-136.5571529
way|20286130|Geikie Rock||islet||58.6934823|-136.3127375
way|20286141|Harry Island||islet||58.2163992|-135.5982551
way|20286228|Hoonah Island||islet||58.1865737|-135.4950196
way|20286250|Chimney Rock||islet||58.0233600|-135.6131596
way|20286270|Garforth Island||island||58.7884154|-136.0746498
way|20286271|Rocky Island||islet||58.1773164|-135.0516593
way|20286431|Miner Island||islet||58.0094992|-136.3395779
way|20286453|Sturgess Island||islet||58.7232447|-136.0518390
way|20286513|Scraggy Island||islet||58.1751236|-135.4740332
way|20286516|Lone Island||island||58.7217661|-136.2954104
way|20286544|Link Island||island||58.5514787|-135.9039259
way|20286576|Puffin Island||islet||58.7273041|-136.0032285
way|20286578|Secret Bay Island||island||58.4896835|-135.9266764
way|20286588|Russell Island||island|Q49675980|58.9268735|-136.8252379
way|20286850|Pitt Island||island||58.1086262|-135.4537516
way|20286853|Tasman Island||islet||59.0758089|-135.2752698
way|20286973|George Island||island||58.1992168|-136.3972943
way|20287070|Spasski Island||islet||58.1319483|-135.2718473
way|20287179|Netland Island||island||58.5369426|-136.1443054
way|20287197|Mite Island||islet||58.0734910|-136.4417049
way|20287383|Pyramid Island||islet||59.1971501|-135.4564583
way|20287518|Pulizza Island||island||58.1036338|-135.2915132
way|20287584|Halibut Island||islet||58.1507535|-135.4948580
way|20287672|North Inian Island||island||58.2632971|-136.3899100
way|20287748|Spider Island||island||58.5204710|-135.9201874
way|20287812|Lemesurier Island||island|Q3814688|58.2884568|-136.0962043
way|20287819|Boulder Island||island||58.5592891|-136.0195994
way|20287909|Ralston Island||islet||58.5281318|-135.0361401
way|20287918|North Marble Island||islet||58.6707649|-136.0635965
way|20287988|Ansley Island||island||58.2075098|-135.1227004
way|20288028|Yakobi Rock||islet||58.0860930|-136.5624812
way|20288042|Entrance Island||islet||58.1958896|-135.1014588
way|20288074|Kidney Island||island||58.5327391|-135.8893668
way|20288121|Shaw Island||island||58.2000398|-136.2420230
way|20296842|Gregson Island||islet||59.5927008|-139.6597632
way|20296862|Kriwoi Island||islet||59.6384697|-139.6571877
way|20296990|Fitzgerald Island||islet||59.5976708|-139.6586054
way|20297094|Round Island||islet||59.5670263|-139.7459444
way|20297163|Kriwoi Island||island||59.6248789|-139.6581514
way|20297208|Tla-Xagh Island||island||59.7011112|-139.5076838
way|20297475|Haenke Island||island||59.9671048|-139.5400588
way|20297479|Dolgoi Island||island||59.6045430|-139.6900258
way|20297700|Knight Island||island||59.7215542|-139.5573706
way|20297773|Krutoi Island||islet||59.6679805|-139.6473682
way|20298210|Neeg Island||islet||59.7253822|-139.5201407
way|20298255|Blacksand Island||island||59.4195757|-139.4960395
way|20302847|Fish Island||islet||59.8811712|-147.3431359
way|20302862|Verdant Island||islet||59.7125891|-149.7342858
way|20302864|Granite Island||island||59.6420631|-149.8027388
way|20302933|Squab Island||islet||59.9340956|-149.7147951
way|20302936|Beehive Island||islet||59.6177406|-149.6139286
way|20320594|Chugachik Island||islet||59.7452190|-151.0450528
way|20320897|Hog Island||islet|Q18153038|58.0034447|-152.6894353
way|20320938|Pedersen Island||islet||59.7251295|-151.0362793
way|20320941|Marmot Island||island||58.2164229|-151.8425989
way|20320973|Grassy Island||islet||58.4486493|-152.7845171
way|20321820|Passage Island||island||59.3695525|-151.8843615
way|20321829|Cohen Island||islet||59.5405201|-151.4739447
way|20322008|Beautiful Isle||islet||59.5099608|-150.5603796
way|20322033|Hesketh Island||island||59.5069270|-151.5157729
way|20322466|Lamb Island||island||58.0423751|-152.6980546
way|20322922|Gull Island||islet||58.5994287|-152.6418543
way|20323016|Iniskin Island||islet||59.6244015|-153.4264943
way|20323196|Cronin Island||island||59.4790598|-151.5202222
way|20323285|Vert Island||islet||59.6314081|-153.4415397
way|20323358|Grass Island||islet||59.4988994|-151.4940563
way|20346889|Takli Island||island||58.0592592|-154.4885713
way|20348498|Reindeer Island||island||59.4466263|-154.5958490
way|20348673|Hat Island||islet||59.7771447|-154.3235350
way|20467546|Summit Island||island||58.8376071|-160.2080655
way|20467609|Kwigluk Island||island||59.6950805|-163.9787246
way|20485127|Whaleback Island||islet||60.1309357|-143.4097365
way|20485386|Kanak Island||island||60.1220119|-144.3777634
way|20485753|Spike Island||islet||60.5490283|-145.7724011
way|20486587|Wingham Island||island||60.0195746|-144.3819812
way|20487047|Anderson Island||island||60.6816468|-145.9653389
way|20487484|North Island||islet||60.6229433|-145.7265401
way|20487488|Pointed Island||islet||60.1222401|-143.4280868
way|20488142|Round Island||island||60.4441616|-145.0643862
way|20489106|Egg Island||island||60.3793070|-145.8679452
way|20517410|Egg Island||islet||60.7738672|-147.9628560
way|20518131|Ingot Island||island||60.5126255|-147.6322180
way|20518414|East Flank Island||islet||60.8204110|-147.8746300
way|20518512|Axel Lind Island||island||60.7925925|-147.7238245
way|20518557|Storey Island||island||60.7299400|-147.4341485
way|20518571|Little Axel Lind Island||islet||60.8080343|-147.6679401
way|20519200|Busby Island||island||60.8919944|-146.7939301
way|20519807|Disk Island||island||60.4947955|-147.6516580
way|20519814|Reef Island||island||60.8494606|-146.8302688
way|20519830|Ammunition Island||islet||61.1245176|-146.3076204
way|20520285|Goose Island||island||60.7189492|-146.7251942
way|20520336|Peak Island||island|Q49668394|60.6983475|-147.3876690
way|20520572|Aguliak Island||island||60.3660500|-147.8753900
way|20538408|Fire Island||island||61.1494519|-150.2222956
way|20538867|Frying Pan Island||islet||60.4297156|-150.4402736
way|20539438|Caribou Island||islet||60.4139021|-150.4211658
way|20547319|Pearl Island||island||61.9405162|-160.7424050
way|20603059|Ptarmigan Island||islet||60.7304213|-164.1421044
way|20606286|Olor Island||island||60.8355791|-164.0974241
way|20708680|Eider Duck Island||islet||63.4719324|-161.4969614
way|20709798|Alice Island||island||63.3057156|-159.6526649
way|20709848|Blackburn Island||island||63.3921342|-159.4905413
way|20711688|Elkhorn Island||island||62.5434830|-160.1880273
way|20725158|о. Скрытый||islet||66.1307104|-179.6683180
way|20735213|Channel Island||island||63.4558432|-162.0470524
way|20735366|Whale Island||island||63.4920521|-162.0054604
way|20735592|Nunaktuk Island||island||63.0458450|-164.5847816
way|20736089|Beulah Island||islet||63.4985563|-162.0126292
way|20739301|остров Идлидля|Idlidlya Island|islet|Q2601671|67.0481997|-172.7747726
way|20747781|Little Diomede Island|Little Diomede Island|island|Q1224996|65.7546497|-168.9253172
way|20748310|South Punuk Island||islet||63.0688988|-168.8365060
way|20748520|North Punuk Island||islet||63.0808625|-168.8093030
way|20748782|Sledge Island||island||64.4847084|-166.2107107
way|20754099|Kaluchagun Island||island||62.7092422|-164.8564240
way|20754493|Munson Island||island||62.5535445|-164.9253979
way|20755173|Kawokhawik Island||island||62.7801585|-164.8168555
way|20758515|Flat Island||island||62.6104399|-164.9885485
way|20772718|оостров Эрдмана||islet||64.5576585|-173.3004226
way|20772804|Нунэанган|Nuneangan|islet|Q13668096|64.6125983|-172.3382479
way|20773010|остров Аракамчечен|Arakamchechen Island|island|Q625409|64.7572349|-172.3600120
way|20774070|остров Итыгран|Yttygran Island|island|Q1098482|64.6223825|-172.5900006
way|20774789|остров Кынкай||islet||64.6733814|-172.7295158
way|20775032|Ипир||island||65.4846661|-172.2302413
way|20812857|остров Балка||islet||65.7715743|-171.3695834
way|20812873|остров Беннета||islet||65.7505786|-171.2941503
way|20813120|остров Колючин|Kolyuchin|island|Q2155977|67.4648054|-174.6184802
way|21013575|Challenge Island||island||70.2313280|-146.6090512
way|21013807|Cross Island||island||70.4814571|-147.9665628
way|21013951|North Star Island||island||70.2248385|-146.3596650
way|21014057|Tigvariak Island||island||70.2196807|-147.2191760
way|21014166|Pole Island||island||70.3063078|-147.0999614
way|21014195|Foggy Island||island||70.2605887|-147.8651010
way|21014404|Dutchess Island||island||70.2274051|-146.4296101
way|21031162|Rae Island||island||69.5370600|-135.1069000
way|21033745|Thetis Island||island||70.5521715|-150.1840259
way|21039315|Icy Reef||island||69.7736287|-141.7442054
way|21048496|Igalik Island||islet||71.1772608|-155.2751186
way|21069601|Chamisso Island||island|Q595925|66.2181786|-161.8253007
way|21069690|Puffin Island||islet|Q7258880|66.2275967|-161.8586325
way|21098390|Kinuk Island||island||67.0254511|-162.4754315
way|21476875|Dushkot Island||islet||53.7584116|-166.5046612
way|21476944|Peter Island||island||53.6942321|-166.8407044
way|21476974|Hog Island||islet||53.9036191|-166.5717521
way|21477047|Egg Island|Egg Island|island|Q604037|53.8621363|-166.0501588
way|21477318|Gull Island||islet||53.6683379|-166.8191824
way|21485685|Breadloaf Island||islet||52.8277780|-169.0614784
way|21485736|Corwin Rock||islet||52.8923942|-169.6933100
way|21485751|Pustoi Island||islet|Q937625|53.3968567|-167.8248990
way|21485764|Emerald Island||islet||53.2886222|-167.8585046
way|21485839|Buck Island||islet||53.4776518|-167.1990245
way|21485889|Anangula Island||island|Q485860|53.0034691|-168.9087948
way|21485907|Adugak Island||island|Q2010115|52.9067699|-169.1595439
way|21485976|Ship Rock||islet||53.3736177|-167.8313608
way|21486011|Vsevidof Island||island||52.9836974|-168.4669063
way|21486088|Carlisle Island||island|Q1041786|52.8908313|-170.0592964
way|21486157|Ogchul Island||islet||52.9963702|-168.4026164
way|21493651|Bolshoi Island||island||52.1954513|-174.1789906
way|21494037|Egg Island||islet||52.1742153|-174.4389163
way|21494059|Sagchudak Island||island|Q2211679|52.0222256|-174.4869447
way|21494129|Tanadak Island||islet||52.0705205|-172.9612697
way|21494186|Salt Island||island||52.1732550|-174.6406124
way|21506755|Ringgold Island||island||51.8024729|-176.8236289
way|21506767|South Island||islet||51.8211918|-176.8010849
way|21506852|Chisak Island||islet||51.7956872|-176.1411944
way|21506952|Bobrof Island|Bobrof Island|island|Q888857|51.9076995|-177.4439886
way|21507120|Eddy Island||islet||51.8290778|-176.9032931
way|21507335|Dora Island||island||51.8139258|-176.7922765
way|21507367|Ulak Island|Ulak Island|island|Q913800|51.3538280|-178.9507505
way|21507380|North Island||island||51.8345491|-176.7968202
way|21507409|Anagaksik Island||islet||51.8500087|-175.8938921
way|21507457|Koniuji Island|Koniuji Island|island|Q919248|52.2209466|-175.1326758
way|21507487|Sea Parrot Island||islet||51.8138963|-176.8098034
way|21507493|Argonne Island||islet||51.8042853|-176.7891705
way|21507630|Kasatochi Island|Kasatochi Island|island|Q1734831|52.1704789|-175.5109463
way|21507705|Green Island||islet||51.8136824|-176.8365678
way|21507736|Staten Island||island||51.7984159|-176.7851230
way|21526505|Wooded Island||islet||57.9583781|-152.4943841
way|21526516|Kekur Island||islet||57.6432379|-152.3254240
way|21526522|Anguk island||islet||57.6451508|-153.7009701
way|21526552|Elder Island||islet||57.8859274|-152.4011391
way|21526560|Table Island||island||57.1880156|-152.9209234
way|21526619|Sally Island||island||57.7328629|-153.3495500
way|21526621|Long Island||island||57.7690205|-152.2690568
way|21526636|Middle Island||island||57.6423101|-152.3578213
way|21526646|Prokoda Island||islet||57.9116365|-152.5061368
way|21526662|Two-headed Island||island||56.9000190|-153.5812605
way|21526672|Egg Island||islet||56.8921754|-154.2181223
way|21526756|Harvester Island||island||57.6487379|-153.9958549
way|21526992|Mary Island||island||57.7067358|-152.5372876
way|21526995|Blodgett Island||islet||57.7205629|-152.4917871
way|21527179|Amik Island||islet||56.9651960|-154.1220125
way|21527187|Ames Island||islet||57.2020363|-153.1886728
way|21527245|Puffin Island||islet||57.7547675|-152.4352162
way|21527255|Queer Island||islet|Q18389919|57.6771384|-152.3807064
way|21527311|Cathedral Island||islet||57.1996861|-153.1346217
way|21527438|Anton Larsen Island||island||57.8807628|-152.6515271
way|21527500|Nut Island||islet||57.2037354|-153.1598130
way|21527561|Popof Island||islet||57.7663024|-152.4046407
way|21527607|Ladder Island||islet||57.3097347|-152.9086482
way|21527622|Kaisin Island||islet||57.6628800|-152.4051606
way|21527634|Kulichkof Island||islet||57.7736023|-152.3852099
way|21527698|Cub Island||island||57.2124341|-153.2058406
way|21527723|Miller Island||island||56.9540717|-154.1377598
way|21527782|Ayakulik Island||islet||57.2160446|-154.5857262
way|21527784|Svitlak Island||island||57.6330031|-152.3561916
way|21527791|Puffin Island||island||57.0045189|-153.3585446
way|21527851|Sheep Island||island||57.2163661|-153.2410481
way|21527854|Ugak Island||islet||57.6319938|-152.1598357
way|21527861|Crooked Island||islet||57.7746882|-152.3956416
way|21527889|Chiniak Island||islet||57.6271021|-152.1535594
way|21527978|Cliff Island||islet||57.7306716|-152.4507757
way|21527992|Flat Island||islet||56.8285324|-153.7423137
way|21528158|Sundstrom Island||island|Q2366317|56.6888940|-154.1445673
way|21528244|Koniuji Island||islet|Q919248|57.9297711|-152.8390999
way|21528246|Refuge Rock||island||57.1061033|-153.0829365
way|21528264|Fox Island||islet||56.9899050|-154.0318918
way|21528281|Holiday Island||islet||57.7825674|-152.3824058
way|21528407|Zalmka Island||island||57.7285180|-152.4676755
way|21558330|Poltava Island||island||57.0072301|-156.4780033
way|21558435|Ashiiak Island||island||57.0754141|-156.4112994
way|21558693|Kumlik Island||island||56.6407169|-157.4124156
way|21558714|Anowik Island||island|Q49631804|56.0920806|-156.6739976
way|21559238|Suklik Island||islet|Q97704703|56.0500915|-156.6404717
way|21559384|Derickson Island||islet||56.9872359|-156.7185276
way|21559428|Aghiyuk Island||island|Q49631405|56.1876909|-156.7858887
way|21559436|Kateekuk Island||island|Q49645538|56.0778450|-156.7291388
way|21559443|Ugaiushak Island||island||56.7923437|-156.8591130
way|21559486|Terrace Island||island||57.3798295|-156.2686388
way|21559571|Cupcake Island||islet||56.9282308|-156.7592248
way|21559576|Aghik Island||islet|Q49631404|56.1939699|-156.7531765
way|21559606|Central Island||islet||56.8483998|-156.8955669
way|21559778|Chignik Island||island||56.2811657|-158.5913694
way|21559801|Kiliktagik Island||island|Q49645921|56.0759489|-156.6540796
way|21559983|West Channel Island||islet||57.3870906|-156.2443080
way|21560019|Hydra Island||islet||56.7414009|-157.0193910
way|21560324|Spitz Island||islet||55.7865129|-158.8888532
way|21560399|Titcliff Island||islet||57.3278050|-156.3379371
way|21560609|Hartman Island||island||57.3624203|-156.2943899
way|21599096|Gull Island||islet||55.4917504|-161.6245540
way|21599222|Pinnacle Rock||island||54.7676856|-161.7649162
way|21599319|Pad Island||islet||55.7351115|-159.6882561
way|21599351|Sarana Island||islet||54.9652405|-161.9046563
way|21599531|Susholnoi Island||islet||54.8687132|-161.8523275
way|21599659|Cherni Island||island|Q5092040|54.6352073|-162.3693585
way|21599719|Karpa Island||island||55.5098884|-160.0528997
way|21599911|Rose Island||islet||54.8854944|-161.8616742
way|21600049|Egg Island||island||55.8293467|-159.3616938
way|21600182|High Island||island|Q49641030|55.3593216|-160.3191231
way|21600185|Pinusuk Island||island||55.8612707|-159.0744621
way|21600305|Leader Island||islet||55.7217317|-159.4648160
way|21600349|Patton Island||island|Q20714807|54.9021351|-162.1423352
way|21600499|Fox Island||island||54.9502041|-162.4268220
way|21600533|Ivan Island||islet||55.5154378|-161.6557227
way|21600659|Road Island||islet||55.8485383|-159.4986588
way|21600733|Alma Island||islet||54.7181993|-162.3833404
way|21600741|Shapka Island||islet||55.8853638|-159.1227767
way|21600794|Hunt Island||islet||54.7561299|-162.2467053
way|21600857|Omega Island||island||55.2425980|-161.2417942
way|21600884|Umga Island||islet||54.8013218|-162.7257800
way|21600925|Olga Rock||islet||54.9848524|-161.5150684
way|21600933|Egg Island||island||54.9341380|-162.9091755
way|21600962|John Rock||islet||54.9890214|-161.6331044
way|21601007|Clifford Island||island||54.3827523|-162.7756342
way|21601128|Sozavarika Island||islet||54.8551471|-162.5242957
way|21601146|Amgat Island||island||54.8993589|-162.8872528
way|21601246|Outer Iliasik Island||island||55.0037876|-161.8885739
way|21601248|Operl Island||island||55.3826145|-162.7672946
way|21601252|Midun Island||islet||54.8403395|-162.1750662
way|21601256|Hay Island||island||54.6590417|-162.1199682
way|21601261|Guillemot Island||island||55.5428355|-160.3840988
way|21601298|Deer Island||island||55.9243355|-160.8710545
way|21601444|Finneys Island||islet||54.4139426|-162.5340986
way|21601448|Let Island (Chugumqumaa White Sand)||islet||54.8375188|-162.4432542
way|21601492|Inner Iliasik Island||island||55.0574106|-161.9487348
way|21601533|Glen Island||island||55.2948375|-162.9341830
way|21601544|Henderson Island||islet||55.4186932|-160.3567726
way|21601560|Jude Island||island||55.2635294|-161.1045403
way|21601702|Little Goose Island||island||54.6822238|-162.2061782
way|21601723|Kritskoi Island||island||56.0099848|-160.9972573
way|21601736|Goose Island||island||54.6842237|-162.2227103
way|21612994|Tanginak Island||islet||54.2002078|-165.3224078
way|21613218|Round Island|Round Island|islet|Q751891|54.2021517|-164.7773078
way|21613367|Amak Island||island||55.4156024|-163.1456611
way|21613442|Aiktak Island|Aiktak Island|island|Q404996|54.1840167|-164.8318015
way|21614391|Walrus Island||islet|Q1377594|57.1821080|-169.9393183
way|21614434|Otter Island||island|Q519236|57.0465458|-170.4006020
way|21675380|Tanker Island||islet||59.8718169|-147.3747063
way|21675532|Sphinx Island||island||60.4971075|-147.5808240
way|21675643|Harbor Island||island||59.6696392|-149.6568161
way|21676335|Matushka Island||islet||59.6087875|-149.6339368
way|21676689|Lone Island||island||60.6791745|-147.7549259
way|21676698|Olsen Island||island||60.8703930|-147.5630445
way|21676921|Fairmount Island||island||60.8734545|-147.4401975
way|21676971|Bald Head Chris Island||islet||60.7906185|-147.8463770
way|21677277|Smith Island||island||60.5245788|-147.3630951
way|21677447|Wilby island||islet||60.2410535|-147.2224755
way|21677480|Squirrel Island||islet||60.3339650|-147.8984200
way|21677499|Channel Island||islet||60.2403872|-147.3774634
way|21677510|Little Fairmount Island||islet||60.8596675|-147.4653870
way|21677627|West Flank Island||islet||60.8123805|-147.9062315
way|21677769|Ariadne Island||island||59.4805548|-150.5192721
way|21678535|Mummy Island||island||60.2875176|-147.9123492
way|21678839|Green Island||island||60.2653921|-147.4242948
way|21678925|Box Island||islet||59.9600115|-147.3420527
way|21679010|Entrance Island||islet||60.5166570|-147.5866960
way|21679114|Little Smith Island||islet||60.5181915|-147.4283685
way|21680006|Seal Island||islet||60.4274645|-147.4108883
way|21680278|New Year Island||islet||60.3148000|-147.9151700
way|21680304|Little Green Island||islet||60.2042397|-147.5095050
way|21680650|Applegate Island||island||60.6236066|-148.1491641
way|21680868|Jenny Island||islet||60.8036090|-147.7009980
way|21680877|Crafton Island||island||60.5040904|-147.9411611
way|21680917|Barrel Island||islet||61.2854585|-150.6352815
way|21748742|Delfin Island||island||58.3481570|-152.4830192
way|21749064|Alligator Island||islet||58.4741683|-152.7879678
way|21749071|West Island||island||59.3811624|-153.5507610
way|21749747|Aguligik Island||islet||58.3134840|-154.2032701
way|21749924|Kalgin Island||island|Q6352329|60.4279352|-151.9597515
way|21749929|Chisik Island||island||60.1394760|-152.5958225
way|21750157|Powder Island||island||59.4230291|-151.7154583
way|21750354|East Chugach Island||island|Q49637294|59.1268489|-151.4788128
way|21750649|Nukshak Island||islet||58.3901435|-153.9593822
way|21750759|Chatham Island||island||59.2092253|-151.7748518
way|21750815|Grassy Island||islet||59.7660098|-154.2788896
way|21750932|Tiny Island||islet||58.3383763|-154.1677255
way|21750981|Aleutika Island||island||59.4679745|-151.4332462
way|21751004|Perl Island||island|Q20714824|59.1125110|-151.6815984
way|21751226|Aguchik Island||islet||58.2906275|-154.2816203
way|21751553|Alexander Island||island||58.0369798|-152.6656316
way|21751671|Gull Island||islet||59.5849823|-151.3285133
way|21751767|Elizabeth Island||island||59.1568096|-151.8373699
way|21752089|Nordyke Island||island||59.1784788|-154.0885252
way|21752091|Sea Otter Island||islet||58.5217166|-152.2195555
way|21752149|Green Island||islet||58.5259092|-152.6664890
way|21752230|Discoverer Island||islet||58.3354164|-152.3918081
way|21782366|Egg Island||island||58.1997596|-157.2757995
way|21783893|Shoulderblade Island||islet||59.3513631|-155.5908640
way|21785663|Big Island||island||59.3958378|-155.3546673
way|21832903|Crooked Island||island||58.6825505|-160.2819980
way|21834117|Shaiak Island||island||58.5586725|-161.6670102
way|21838860|Round Island||island||58.6042647|-159.9773278
way|21901732|Emperor Island||island||60.5498060|-164.5024806
way|21911769|Elephant Rock||islet||60.7054536|-173.0733589
way|21911779|Pinnacle Rock||islet||60.2053933|-172.7561725
way|22325160|Amatignak Island|Amatignak Island|island|Q455737|51.2576798|-179.1023967
way|22325227|Unalga Island|Unalga Island|island|Q1412922|51.5787065|-179.0467483
way|22382328|Motu Pu’uru||islet||-17.7734869|-149.3980016
way|22382333|Teahuroa||island||-15.9453869|-145.8743620
way|22382418|Arae||islet||-23.8994047|-147.6981718
way|22382426|Ruahune||islet||-23.8987147|-147.7000909
way|22382439|Île Uvéa|Wallis|island|Q489003|-13.2846408|-176.2066287
way|22382453|Fugalei||islet|Q3090553|-13.2807320|-176.1464006
way|22382480|Motu Nui||islet||-8.9372189|-140.1094148
way|22382511|Matauapuna||islet||-8.9380633|-140.0946259
way|22382562|Vaiamanu||islet||-23.8823588|-147.6212739
way|22382597|Nukuhifala||islet|Q3346227|-13.2887438|-176.1270484
way|22382648|Enderbury Island|Enderbury Island|island|Q30638|-3.1252407|-171.0838967
way|22382802|Araoo||islet||-23.8730553|-147.5979719
way|22382803|Rawaki Island|Rawaki Island|island|Q1059295|-3.7213585|-170.7121954
way|22382841|McKean Island|McKean Island|island|Q1050899|-3.5957105|-174.1230415
way|22382869|Motu Tīpaemaua||islet||-16.7889426|-151.3877848
way|22382908|Birnie Island|Birnie Island|island|Q45295|-3.5849750|-171.5173879
way|22382955|Velitoa Hihifo||islet|Q22668413|-21.0833768|-175.1382342
way|22382959|Niupapa Rahi||islet||-23.8666275|-147.5912035
way|22382999|'Onevai||islet|Q22668377|-21.0867894|-175.1116986
way|22383052|Manra Island|Manra Island|island|Q48478|-4.4530932|-171.2442077
way|22383057|Velitoa Hahake||islet|Q22668409|-21.0849243|-175.1340057
way|22383084|Île Faioa||island|Q32605734|-13.3782477|-176.1710581
way|22383097|Hotu Atua||islet||-23.8571488|-147.6158436
way|22383111|Cicia Island||island|Q48312|-17.7495052|-179.3128780
way|22383131|Motu Motupua||islet||-16.5903507|-151.5591779
way|22383158|Motu Motupua||islet||-16.5918327|-151.5601137
way|22383173|Motu Tuitui||islet||-23.8585196|-147.6993805
way|22383180|Motu Mahavana||islet||-16.5942689|-151.4212462
way|22383231|Motu Moute||islet||-16.6033911|-151.4133671
way|22383286|Motu Iriru||islet||-16.7936499|-151.3815636
way|22383287|Haaamu||islet||-23.8389769|-147.5990143
way|22383442|Île Fenuafo'ou||islet|Q32605745|-13.3880360|-176.2136828
way|22383530|Motu Mapiti||islet||-17.7776318|-149.4205103
way|22383594|Qamea||island||-16.7709885|-179.7537219
way|22383697|Motu To’ahotu||islet||-16.6508023|-151.4279409
way|22383829|Nuʻulua Island||islet||-14.0732916|-171.4107206
way|22383853|Nuʻutele Island||islet||-14.0637280|-171.4225673
way|22383868|Flint Island|Flint Island|island|Q741650|-11.4299353|-151.8186575
way|22383879|Micah Island||islet||-18.7233228|-179.0911054
way|22383922|Fenua ’ino||islet||-17.8376173|-149.1221662
way|22383936|Motu Mahaea||islet||-16.6453996|-151.4266123
way|22383969|Karoni||islet||-18.7017513|-178.4779091
way|22384006|Motu ’Ara’ara||islet||-16.8157567|-150.9739078
way|22384065|Ki Leva||islet||-8.5372975|-172.5160420
way|22384068|Vao||island||-8.5379447|-172.5139168
way|22384073|Bird Rock||islet||-22.3343075|-176.2179387
way|22384085|Fogalaki Matagi||islet||-8.5352887|-172.5029737
way|22384146|Papa O Tonuia||islet||-8.5522214|-172.5137467
way|22384214|Teuaua||islet||-8.9541862|-139.5932157
way|22384249|Vogelinsel||islet||-15.0195024|-147.7586273
way|22384256|Nuʻusafeʻe||islet|Q8837663|-14.0470367|-171.6902245
way|22384274|Hemeni||islet||-8.9558474|-139.5978412
way|22384394|Nukutapu||islet|Q3346233|-13.2191807|-176.1691343
way|22384427|Nukuhione||islet|Q15262958|-13.2741539|-176.1316739
way|22384428|Te Alofi||islet||-8.5682030|-172.5100789
way|22384439|Kauafua O Folasaga||islet||-8.5626305|-172.5113030
way|22384450|Luaniva||islet|Q3264604|-13.2722875|-176.1483283
way|22384469|Motu Fakalalo||islet||-8.5724651|-172.4739693
way|22384479|Motu Tapute||islet||-16.8691068|-151.4732960
way|22384524|Nukuteatea||islet|Q2382757|-13.2051297|-176.1785488
way|22384611|Motupapa||islet||-8.9427692|-139.5512082
way|22384626|Motu Horea||islet||-16.8228662|-151.4886815
way|22384774|Motu Areaati||islet||-16.5572746|-151.5145612
way|22384818|Meheti'a|Mehetia|island|Q1340711|-17.8755906|-148.0676308
way|22384831|Motu Taoru||islet||-16.7459222|-151.4237890
way|22384857|Fatu Huku||island|Q239964|-9.4364341|-138.9278660
way|22384880|Vuaqava Island||island||-18.8660054|-178.9011392
way|22384946|Ofetaro||islet||-16.7406833|-151.4241761
way|22384947|Kalau||islet||-21.4702213|-174.9540275
way|22384959|Anaa||island||-17.3339982|-145.5719992
way|22384968|Rarotonga||island||-21.2358094|-159.7778652
way|22385030|Nukumbalati Island||islet|Q24571042|-16.3106051|-179.2692697
way|22385036|Avakaukilikili||islet|Q4827447|-9.1137328|-171.7840102
way|22385077|Nukumbasanga Island||islet|Q24571043|-16.3024022|-179.2530269
way|22385098|Motu O-Ari||islet|Q6918712|-23.1510646|-135.0214851
way|22385115|Tokelau||islet|Q2185716|-9.1069780|-171.7843658
way|22385237|Te Tunoa||islet||-8.5789499|-172.5086031
way|22385363|Viubani Island||islet|Q24571108|-16.7003196|-179.8552425
way|22385410|Olomoana||islet||-9.1325829|-171.7894015
way|22385453|Te Kamu||islet|Q7690833|-9.1257861|-171.8610640
way|22385466|Matagi||islet|Q2368586|-16.7304075|-179.7437843
way|22385516|Nanuku Island||islet||-16.7192932|-179.4539904
way|22385601|Motu Piti ’u’utai||islet||-16.5406739|-151.7221746
way|22385660|Motu Piti ’u’uuta||islet||-16.5397174|-151.7266875
way|22385743|Na Papa o Atafu||islet||-9.2092198|-171.8416071
way|22385777|Nukunonu||islet|Q3046990|-9.1948153|-171.8534080
way|22385874|To’opua Iti||islet||-16.5309735|-151.7630522
way|22385891|Tahu Naoe||islet||-16.7544034|-151.4979148
way|22385903|Urareva||islet||-16.2665272|-151.8083113
way|22385934|Motu Toru||islet||-21.4871527|-135.6061135
way|22385981|Lautala||islet||-18.7238291|-173.9933118
way|22385983|Motu Manu||islet||-21.4860064|-135.5803764
way|22385990|Motu Fala||islet|Q6918739|-9.2202112|-171.7730613
way|22386019|Nukufaiau||islet||-20.2952894|-174.6951454
way|22386033|Te Puka I Mua||islet|Q7690916|-9.2172178|-171.8332660
way|22386041|Tanoa||islet||-20.2947875|-174.6338329
way|22386042|Niu Foafoa||islet||-9.2178908|-171.7704440
way|22386055|Punalei||islet||-9.2160183|-171.7702263
way|22386081|Te Afua||islet||-9.2241792|-171.8168249
way|22386199|Tikei|Tikei|island|Q1814565|-14.9509575|-144.5476913
way|22386219|Taulagapapa||island|Q7688709|-9.1854147|-171.7765696
way|22386229|Nahau||islet||-9.2110386|-171.8395337
way|22386310|Motu Pae’ao||islet||-16.4207794|-152.2604137
way|22386322|'Oneata||islet||-21.1290501|-175.1460872
way|22386332|Nomuka||island|Q1641551|-20.2544996|-174.7918474
way|22386374|Île Alofi||island|Q1140790|-14.3422091|-178.0366869
way|22386375|Talapeka||islet||-9.3348956|-171.2008273
way|22386383|Meama||islet||-20.2683778|-174.6462990
way|22386413|Fonuaika||islet|Q5465217|-20.1104543|-174.7019694
way|22386425|Marabo island||island||-18.9878191|-178.8278934
way|22386430|Manima||islet||-21.1245848|-175.1489927
way|22386435|Nukutula||islet||-20.2528739|-174.6900236
way|22386446|Pangaimotu||islet|Q20468640|-21.1243998|-175.1586932
way|22386470|Tokulu||island|Q16799011|-20.1015860|-174.7904825
way|22386477|Tenoko||islet|Q7700547|-23.0746672|-135.0121233
way|22386492|Motu Uta||islet||-17.5307614|-149.5757148
way|22386497|Nukulei||island|Q7068900|-20.0506924|-174.7342546
way|22386508|Na Kaupapa||islet||-9.2265577|-171.7769670
way|22386515|Lekeleka||island|Q6520583|-20.0670090|-174.6077488
way|22386523|Fatigauhu||islet|Q5437770|-9.2264836|-171.8091231
way|22386602|Motu Akea||islet||-9.2293517|-171.7897536
way|22386630|Na Hapiti||islet||-9.2270926|-171.8061787
way|22386634|Fulumahaga||islet||-9.2282317|-171.8028851
way|22386642|Limu||island|Q6549961|-20.0209643|-174.4582019
way|22386654|Olokalaga||islet||-9.3642191|-171.1915123
way|22386691|Reiono||islet||-17.0461517|-149.5459302
way|22386709|Palea||islet||-9.3642439|-171.1890537
way|22386722|Manumea||islet||-9.3664340|-171.1912152
way|22386724|Motu Matahiva||islet||-16.7769794|-151.0332341
way|22386760|Kaivave||islet||-9.3678533|-171.1910552
way|22386773|Motuloa||islet||-9.3706105|-171.1919335
way|22386801|Heketai||islet||-9.3690085|-171.1914932
way|22386871|Motu Uravera||islet||-16.5648973|-151.4514924
way|22386874|Motutou||islet||-16.5645445|-151.5428993
way|22386883|Motu Tehotu||island||-16.5591537|-151.5273816
way|22386898|Motu Opuau||islet||-16.5613199|-151.4557787
way|22386917|Kelefesia||islet|Q20432788|-20.5028293|-174.7350862
way|22386920|Motu Timaru||islet||-16.5601475|-151.4607196
way|22386953|Tonumea||island|Q20432840|-20.4599758|-174.7611566
way|22386958|Haha||islet||-23.9030352|-147.6612222
way|22386961|Ruahota Iti||islet||-23.9032574|-147.6702499
way|22386975|Onetahi||island|Q31930236|-17.0187506|-149.5910512
way|22386993|Motu Murimahora||island||-16.7651426|-150.9569258
way|22386994|Te Afua Tau Tahi||islet|Q49125217|-9.3791949|-171.2542624
way|22386999|Mano Rahi||islet||-23.9029724|-147.6859057
way|22387013|Motu Tane||islet||-16.4490637|-151.7627170
way|22387016|Motu Po’araara||islet||-16.5581141|-151.5027730
way|22387017|Navutu-I-Loma Island||island||-18.9665893|-178.4846083
way|22387030|Motu Mututane||islet||-16.5588389|-151.5151102
way|22387090|Ruahota Rahi||islet||-23.9028373|-147.6720179
way|22387092|Nukuheheke||islet||-9.3909801|-171.1992237
way|22387109|Motu One||islet||-17.0291093|-149.5489157
way|22387113|Motu Pufee||islet||-16.5576936|-151.4942201
way|22387135|Motu Tahuna Rahi||islet||-17.0408600|-149.5457465
way|22387138|Motu Havae||islet||-16.4448885|-151.7644498
way|22387140|Te Afua Tau Lua||islet|Q49125214|-9.3765310|-171.2583287
way|22387152|Motu Teaamati||islet||-16.5587607|-151.4742712
way|22387169|Motu Tevaihi Aru||islet||-16.5582445|-151.4978276
way|22387191|Motu Motunono||islet||-16.5573821|-151.4789447
way|22387208|Motu Farufaru||islet||-16.5571853|-151.5161443
way|22387213|Mango Iki||islet||-20.3221552|-174.7318752
way|22387233|Fugalei||islet||-9.3782340|-171.1971360
way|22387237|Mango||islet||-20.3298190|-174.7103196
way|22387239|Motu Otia||islet||-16.5578356|-151.4909808
way|22387283|Motu Fare One||islet||-17.4896761|-149.9169142
way|22387323|Pukapuka Island||island||-10.8527148|-165.8414762
way|22387387|Petit Motu||islet||-17.4939972|-149.4889343
way|22387466|Motu Ahurea||islet||-16.9872650|-149.5629310
way|22387518|Hakauata||island|Q5640357|-19.8454239|-174.5197663
way|22387662|Motu ’au||islet||-17.4968103|-149.4786372
way|22387667|Motu ’ā’ie||islet||-17.0084148|-149.5355937
way|22387670|Luangahu||island|Q2608150|-19.8713126|-174.4760467
way|22387688|Honuea||islet||-17.0090611|-149.5853861
way|22387724|Tiaruanu||island||-16.9937542|-149.5761584
way|22387731|Tatafa||island|Q7687847|-19.8751063|-174.4202302
way|22387817|ʻUiha||island|Q1107778|-19.9032277|-174.4066406
way|22387848|Putuputua||island|Q7262518|-19.9112927|-174.7550560
way|22387862|Starbuck Island|Starbuck Island (Volunteer Island)|island|Q911028|-5.6429518|-155.8866835
way|22387866|Aturapa||islet||-27.5735574|-144.3513388
way|22387890|Rarapai||islet||-27.5739465|-144.3666998
way|22387922|Nu'ulopa||islet|Q2538753|-13.8423858|-172.1294973
way|22387944|Manono||island|Q681871|-13.8508043|-172.1119997
way|22387962|North Island||islet|Q23007287|-17.9938485|-163.1621232
way|22387972|Motu One||islet|Q1272625|-7.8608310|-140.3776496
way|22388004|Motu Rautaro||islet||-23.3394115|-149.4193949
way|22388065|Kotu||island|Q1119876|-19.9467670|-174.7989394
way|22388136|Motu Manu||islet||-9.7595403|-138.8528064
way|22388153|Motu Mahara||islet||-16.7198335|-150.9800705
way|22388215|Motu Ko||island|Q23006004|-10.9078736|-165.8412593
way|22388256|Motu Varney||islet||-15.1166001|-148.2214138
way|22388274|Motu Mitihaa|Motu Mitihaa|islet||-23.3674218|-149.3964560
way|22388303|Ha'afeva||island|Q3711232|-19.9478914|-174.7118959
way|22388332|Matuku||islet|Q3711186|-19.9592410|-174.7456304
way|22388357|Motu||islet||-16.9803152|-144.6880102
way|22388388|Motu Kotawa||island|Q104849708|-10.8934026|-165.8722881
way|22388420|Fetoa||islet|Q5445967|-19.9650473|-174.7257082
way|22388439|Uonukuhihifo||island|Q7897885|-19.9689678|-174.4965130
way|22388461|Tofanga||island|Q7812959|-19.9580493|-174.4656364
way|22388500|Te Aua Loa||islet||-10.8711824|-165.8441578
way|22388510|Kito||island|Q15238623|-19.9955267|-174.7866914
way|22388572|Teaupa||islet|Q7691994|-19.9765204|-174.7374255
way|22388598|Toka||islet|Q104849943|-10.8926638|-165.9242023
way|22388599|Tungua||island|Q3711227|-20.0154902|-174.7661731
way|22388627|Foua||island||-20.0030260|-174.7422446
way|22388659|Luanamo||island|Q6694995|-20.0209234|-174.7168317
way|22388768|Tetamanu||islet||-16.5143189|-145.4595319
way|22388834|Nukunamu||island|Q11650379|-19.7136580|-174.2761325
way|22388941|Ha'ano||island|Q1116587|-19.6716335|-174.2815461
way|22388981|Foa||island|Q1002246|-19.7407817|-174.3061836
way|22389102|Motunoio||islet||-9.9534189|-139.0572973
way|22389259|Te Kainga||islet|Q23006080|-10.0281000|-161.0987345
way|22389267|Meama||islet|Q6803553|-19.7558961|-174.5638076
way|22389294|Motutaii||islet||-9.9989784|-139.1015838
way|22389295|Niniva||island|Q7038869|-19.7683657|-174.6231156
way|22389362|Nukupule||islet|Q7068908|-19.7795878|-174.5367870
way|22389385|Avea Island||island||-17.1870016|-178.9029168
way|22389506|Makatea|Makatea|island|Q118904|-15.8388968|-148.2508292
way|22389508|Fotuhaʻa||island|Q3711204|-19.8108906|-174.7213137
way|22389537|Hatu Iti||islet||-8.6764575|-140.6180326
way|22389554|Hatu Iti||islet||-8.6772231|-140.6073407
way|22389556|Akiaki|Akiaki|island||-18.5574062|-139.2119268
way|22389648|Motu Tiahura||islet||-17.4873714|-149.9122059
way|22389662|Agakauitai|Agakauitai|island||-23.1661857|-135.0360692
way|22389798|Motupatioti||islet||-9.9036722|-139.0544266
way|22389836|Lofanga||island|Q6666649|-19.8256365|-174.5515841
way|22389838|Motuinokohe||islet||-9.8895668|-139.0788265
way|22389902|Île du Sud||islet||-21.8199113|-154.7000147
way|22389963|Île de l'Ouest||islet||-21.8129599|-154.7212776
way|22389980|Île Centrale||islet||-21.8122841|-154.7106792
way|22390025|Tekopua||island|Q7695480|-18.9281504|-159.7314673
way|22390042|Tahororoa||islet||-16.6599467|-151.4895815
way|22390058|Hakautu'utu'u Island||islet||-15.9349683|-173.7805886
way|22390084|Île du Nordêt||island|Q31933087|-21.8018420|-154.6984338
way|22390115|Hunganga||island||-15.9532087|-173.8034267
way|22390154|Jarvis Island||island|Q62218|-0.3721912|-159.9991011
way|22390222|New Island||islet||-13.3318133|-163.1149033
way|22390225|Motu Nao|Thomasset Rock|islet|Q386258|-10.3583623|-138.4135046
way|22390253|Entrance island||islet||-13.3088887|-163.0939508
way|22390272|Haaio||islet||-16.9036373|-151.4258322
way|22390371|Akaiami||islet|Q4700175|-18.9066708|-159.7305725
way|22390388|Cikobia-i-Lau||island|Q25645332|-17.2813480|-178.7874671
way|22390419|Motu Tou||islet||-13.2734118|-163.1979314
way|22390480|Manuae||island|Q1329453|-19.2749153|-158.9561445
way|22390527|Ofolanga||island|Q7079762|-19.5991494|-174.4542244
way|22390559|Kohai||islet||-8.8269769|-140.0378013
way|22390569|Takutea||island|Q1425600|-19.8120166|-158.2895424
way|22390573|Motu Oneone||islet||-13.2874344|-163.0486962
way|22390574|Tokū||island|Q11650638|-18.1621595|-174.1795710
way|22390719|Manu Island||islet||-13.2412287|-163.1810282
way|22390764|Whale Island||islet||-13.2411047|-163.1178412
way|22390779|Motu Nu’utere||islet||-16.8794994|-151.4687131
way|22390787|Terihi||islet|Q2734681|-10.0197735|-138.8011611
way|22390796|Luahoko||islet|Q6694967|-19.6715888|-174.3940801
way|22390812|Te Au O Tu||island|Q1329453|-19.2657376|-158.9254438
way|22390815|Fakahiku||island|Q5431443|-20.0428214|-174.7040090
way|22390830|Motu Paria||islet||-16.8735107|-151.4719493
way|22390841|To’a Puhi||islet||-16.6729452|-151.4880968
way|22390873|Mo'unga'one||island|Q6886097|-19.6364579|-174.4855279
way|22390923|Anchorage Island||islet||-13.2487525|-163.1043335
way|22391053|Toauau||islet||-15.9567338|-145.1725861
way|22391069|Île Tauturou||islet||-27.6451301|-144.3094593
way|22391192|Primerose||islet||-18.0694690|-163.1362908
way|22391205|Nukutavake|Nukutavake|island|Q968883|-19.2795724|-138.7856530
way|22391247|Île Rapa Iti||islet||-27.6216823|-144.3027035
way|22391271|Palmerston||islet||-18.0562890|-163.1906140
way|22391329|Motu Ngangie||islet||-18.0291467|-163.1326048
way|22391379|Tepoto Nord|North Tepoto|island|Q661756|-14.1011018|-141.4283840
way|22391403|Îlot Sud||islet||-27.8992353|-143.4903235
way|22391422|Mago Island||island|Q1884674|-17.4471380|-179.1583008
way|22391431|Îlot Ouest||islet||-27.8932826|-143.5102518
way|22391437|Edward Island||island||-17.4704787|-179.1805786
way|22391454|Île Karapoo Iti||islet||-27.6513657|-144.3268999
way|22391498|Île Karapoo Rahi||islet||-27.6488316|-144.3318825
way|22391567|Leicester||islet|Q23007278|-18.0356109|-163.1205877
way|22391658|Motu Pitihahei||islet||-16.4788932|-152.2475066
way|22391664|Île Tarakoi||islet||-27.5914741|-144.3060732
way|22391689|Motu Tiano||islet||-16.8300665|-151.4884005
way|22391733|Vatu Vara||island|Q2096156|-17.4295860|-179.5296914
way|22391749|Te Papaloa||islet||-9.4068996|-171.2260048
way|22391780|Nukulakia||islet|Q7068898|-9.4186588|-171.2162705
way|22391786|Te Kau Afua O Humu||islet||-9.4210713|-171.2134848
way|22391816|Nukumahaga Iti||islet||-9.3934532|-171.1989999
way|22391838|Motu Tiapa’a||islet||-16.4743933|-152.2423577
way|22391842|Teoki||islet||-9.3960750|-171.1989809
way|22391861|Pataliga||islet||-9.3963992|-171.2357869
way|22391907|Munia Island||island||-17.3650783|-178.8804875
way|22391909|Ee||islet|Q5347003|-18.8628726|-159.7516541
way|22391920|Paraoa||island||-19.1477679|-140.7033275
way|22391996|Rose Island||islet|Q21847564|-14.5469252|-168.1445516
way|22392014|Sand Island||islet||-14.5368853|-168.1513521
way|22392034|Spam Island||islet|Q27221349|-2.8113605|-171.7117720
way|22392042|Takiei||islet||-10.5394699|-138.6349351
way|22392046|Taiaro|Taiaro|island||-15.7421160|-144.6309087
way|22392060|Kauahua O Tanifa||islet||-9.4307943|-171.2079386
way|22392102|Fenua Loa||islet|Q5443654|-9.4399438|-171.2047769
way|22392189|Île Tapui||islet||-27.6044086|-144.3475113
way|22392251|Motu Hihumu||islet||-10.5055386|-138.6128982
way|23385699|Akitua||islet|Q4701252|-18.8499275|-159.7573511
way|23400987|Cassiar Bar||islet|Q22449134|61.8078124|-134.9976320
way|23480544|Motu Toena||islet||-23.3425476|-149.4135007
way|23480545|Motu Roa||islet||-23.3465442|-149.4098814
way|23480577|Tuhaupatoru||islet||-23.8777106|-147.6061936
way|23481289|To’opua||island|Q31932279|-16.5178692|-151.7674390
way|23481324|Hautumaire||islet||-16.2600314|-151.8043469
way|23536493|Dog Island||islet||64.1022405|-139.4564583
way|23536494|Sister Island||islet||64.0942849|-139.4556922
way|23537200|Twelve Mile Island||island||63.9714467|-139.6747645
way|23559284|Ogilvie Island||island||63.5632115|-139.7343944
way|23610411|Martin Island||islet||71.2011277|-155.4601882
way|23623079|Qelelevu Island||island|Q3490985|-16.0900394|-179.1618874
way|29698367|Belle Island||islet||64.7910362|-141.1927060
way|29698369|Goose Island||island||64.7431557|-141.0338373
way|42010431|Johnston Island|Johnston Island|island|Q131008|16.7289514|-169.5335456
way|42062497|Eastern Island|Eastern Island|island||28.2118372|-177.3353634
way|42063257|North Island|North Island|islet||27.9246959|-175.7382331
way|42063286|Seal Kittery Island||islet||27.7629736|-175.9432433
way|42063327|Green Island||islet||27.7735708|-175.9075356
way|42063721|Disappearing Island|Disappearing Island|islet||23.6436532|-166.1711521
way|42063729|Tern Island|Tern Island|islet|Q6354784|23.8699199|-166.2845456
way|42063732|Shark Island|Shark Island|islet||23.8528206|-166.3240622
way|42063742|East Island|East Island|islet|Q57664143|23.7870437|-166.2090397
way|42063743|La Perouse Pinnacle|La Perouse Pinnacle|islet|Q1637713|23.7690623|-166.2609978
way|42063753|Mokumanamana|Necker Island|islet|Q853419|23.5764767|-164.7005006
way|44119879|Nassau||island|Q961641|-11.5606359|-165.4150231
way|44120038|Gull Island||islet||-13.2492454|-163.0771929
way|44765201|King Island|King Island|island|Q126043|64.9718589|-168.0733484
way|50330975|Rim Island #1||islet||21.2849620|-157.7042831
way|53330805|Kalka Island||island||65.7686534|-150.0014704
way|53330807|Sightas Island||islet||65.8695052|-149.7735834
way|56249702|Moropunga Island|Moropunga Island|island|Q108558195|-43.7613849|-176.4892326
way|56283575|Houruakopara Island|Houruakopara Island|island|Q32291680|-44.1012105|-176.5232939
way|56285510|Pinnacles||island||-44.0628344|-176.4186599
way|56285614|Boundary Rock||islet|Q125703196|-44.0624607|-176.3797890
way|58370753|Te Wakaru Island|Te Wakaru Island|island|Q125869629|-43.7384262|-176.1965333
way|58388170|Motuhinahina Island||island|Q125689356|-43.8963526|-176.4883939
way|69964034|Haines Island||island||64.7880397|-147.7745943
way|69964661|Meridian Island||island||64.7820388|-147.6242009
way|71218083|Wenrich Island||islet||64.7848888|-147.9264096
way|71218297|Byers Island||islet||64.7939281|-147.9363017
way|71270681|Hadley Island||island||64.7006742|-148.2203331
way|71270720|Sam Charley Island||islet||64.7150475|-148.1793528
way|71270930|Whiskey Island||islet||64.6541304|-148.3551341
way|71308225|Whiskey Island||islet||64.6576783|-148.3956884
way|87798864|Tanadak Island|Tanadak Island|islet|Q9300412|51.3549158|-179.0184871
way|88311639|Teraina|Teraina Island|island|Q911037|4.6839428|-160.3804142
way|90424381|Lepuia'i||islet||-13.8596620|-172.1149801
way|95907704|Motu Mokohe||islet||-9.3615895|-140.0176620
way|95908751|Motu Oa||islet|Q2292641|-9.4796647|-140.0469143
way|95908752|Motu Mouku||islet||-9.4068310|-140.1282958
way|95908753|Motu Tamuko||islet||-9.4565944|-140.0381799
way|95908754|Motu Takaae||islet||-9.4659904|-140.0726381
way|95908755|Motu Papati||islet||-9.4514015|-140.0327733
way|95908756|Motu Kuara||islet||-9.4173571|-140.1157235
way|97239669|Motu Mututupe||islet||-16.5574520|-151.5085116
way|97239672|Motu Reia||islet||-16.5591594|-151.5075221
way|97239674|Motu Moie||islet||-16.5580134|-151.5118913
way|97243627|Motu Niuniu||islet||-16.5592365|-151.4719065
way|97243634|Motu Tetuhinu||islet||-16.5572171|-151.4967494
way|97243639|Motu Atahiri||islet||-16.5566856|-151.4876074
way|97243641|Rohatu||islet||-16.5593223|-151.4695049
way|97243643|Tauhea||islet||-16.5595627|-151.4704615
way|98073522|Motu Papai||islet||-9.3406621|-140.0635043
way|98074538|Motu Kuee||islet||-9.3344205|-140.0812857
way|98962541|Motuhane||islet||-8.9364384|-139.5290581
way|99121232|Motutina||islet||-8.8664283|-139.5893787
way|99121242|Epiti||islet||-8.8636343|-139.5922949
way|99121259|Motutapu||islet||-8.8633861|-139.5516634
way|104934185|Bluefish Island||island||61.5937821|-162.0184923
way|104934186|Blade Island||island||61.5947415|-161.9732058
way|104934194|Willow Island||island||61.5686832|-161.9668651
way|104934197|Arbor Island||island||61.8386383|-162.0806167
way|104971337|Horse Island||island||62.0788322|-159.9688690
way|104971338|Salmon Island||island||62.1686298|-159.7036876
way|104971342|Great Paimiut Island||island||61.9599209|-160.0961013
way|104971353|Circle Island||island||61.7586696|-161.3190585
way|104981157|Bullfrog Island||island||63.7300114|-159.2614304
way|104981161|Eagle Island||island||63.5590940|-159.4614937
way|104981165|Quail Island||island||63.9075592|-159.0691742
way|104981178|Morgan Island||islet||63.9800614|-158.9261198
way|104987356|Big Eightmile Island||island||64.1346299|-158.6723040
way|104987377|Little Eightmile Island||island||64.1726046|-158.6837195
way|104987409|Halfway Island||island||64.4861648|-158.4112455
way|104993831|Cat Island||island||64.7985896|-157.1892110
way|104993833|Lark Island||island||64.8041058|-156.9991424
way|104993836|Bishop Rock Island||island||64.8286913|-157.4499698
way|104993837|Nulato Island||island||64.7075657|-158.0907726
way|104993857|Hen Island||island||64.7984659|-157.0994703
way|104993862|Big Island||island||64.7644892|-157.9600406
way|104993865|Cook Island||island||64.8143755|-157.0709940
way|104993871|Koyukuk Island||island||64.8915071|-157.6031992
way|104996281|Fish Island||island||64.6473618|-156.5295243
way|104996336|Yuki Island||islet||64.7217279|-156.0716206
way|104996408|Melozi Island||island||64.7642235|-155.6705396
way|104996422|Dainty Island||islet||64.7014525|-156.2613066
way|105020006|Kit Island||islet||64.8958562|-154.9288224
way|105020010|Ham Island||island||64.8766682|-154.8804025
way|105020016|Desha Island||islet||64.8892958|-154.9680113
way|105020026|Ninemile Island||island||64.8306879|-155.2201453
way|105020029|Straight Island||island||64.7940698|-155.3761326
way|105020031|Fox Island||island||64.9017800|-154.8533597
way|105024288|Lady Island||islet||65.0633434|-153.8724802
way|105024305|Swanson Island||island||65.1814923|-152.7416044
way|105024322|Tozitna Island||island||65.1225422|-152.4402449
way|105024332|Burns Island||islet||65.0544062|-153.8557928
way|105024338|Station Island||islet||65.1386920|-152.5527282
way|105024344|Chokoyik Island||island||65.0528633|-153.9326685
way|105024365|Lange Island||islet||65.1261025|-153.1948952
way|105024367|Youngs Island||island||65.0804257|-153.7013098
way|105024520|Henry Island||island||65.0258669|-154.0187693
way|105024522|Circle Island||islet||65.1148362|-152.4305999
way|105024527|Darwin Island||island||65.1878744|-152.9694526
way|105024550|Basco Island||islet||65.1317504|-152.5666303
way|105024558|Weir Island||island||65.1218085|-153.4480190
way|105024569|Liner Island||islet||65.1363028|-153.5116506
way|105042528|Fish Creek Island||island||65.0776248|-151.6535863
way|105050367|Minook Island||island||65.5304121|-150.1415156
way|105050394|Crescent Island||island||65.7510373|-149.8232268
way|105050419|Sixmile Island||islet||65.1934128|-151.8862176
way|105050423|Tanana Island||island||65.1461122|-152.0305938
way|105050428|Bull Island||island||65.1707907|-152.1762353
way|105050437|Sixteenmile Island||islet||65.1809199|-151.6230153
way|105050446|Twelvemile Island||islet||65.1978636|-151.7702064
way|105050493|Long Island||island||65.1603633|-152.0979163
way|105050500|Leonard Island||island||65.1489590|-152.1561027
way|105050503|Mission Island||islet||65.1675383|-151.9844882
way|105055028|Gull Island||islet||66.1511732|-148.5229784
way|105055033|Jackson Island||island||66.0052655|-148.9839128
way|105055038|Chetlechak Island||island||65.9712641|-149.2483375
way|105055044|Theodore Island||island||65.9865826|-149.0401898
way|105060237|Murray Island||island||65.0036993|-151.6645432
way|105068027|Junction Island||islet||64.8888876|-150.3386736
way|105137355|Peace Island||island||66.2427067|-148.1071940
way|105137357|Marten Island||island||66.2219884|-148.1089116
way|105137361|Kings Slough Island||island||66.2116372|-148.3525227
way|105231124|Oscar Island||island||66.2328418|-147.8074393
way|105231125|Victor Island||island||66.2442179|-147.7704777
way|105231128|Whirlpool Island||island||66.2692133|-147.6282272
way|105283382|Gull Island||islet||57.7771091|-152.4219989
way|105283389|Refuge Island||islet||57.7461641|-152.2997800
way|106894884|Joe Devlin Island||island||66.4202998|-147.0525489
way|107024507|Deadman Island||island||66.5354719|-146.5019631
way|107695306|Aurora Spit||islet||59.6953409|-151.1115001
way|108221141|Canoe Island||island||59.5628923|-139.7470243
way|108365315|Campground Island||islet||61.5480560|-149.8747565
way|108365317|Long Island||islet||61.5427101|-149.8801720
way|108514048|Freundly Island||islet||61.5168402|-150.0513554
way|108514053|Flat Lakes Island||islet||61.5277447|-150.0188639
way|109383823|Bell Island||island||61.4357444|-150.5058080
way|114215634|Motu Tauvini||islet||-16.9865831|-149.5654161
way|114215636|Motu Hiraanae||islet||-16.9880769|-149.5562752
way|114215637|Horoatera||island||-16.9928377|-149.5443573
way|119937569|Round Island||islet||57.7803262|-152.4181210
way|137538732|Anaa||island||-17.3736519|-145.5570034
way|138623366|остров Геральд|Herald Island|island|Q1586913|71.3800521|-175.6325698
way|139535629|Îles Maria|Maria Islands|island|Q1632713|-21.8090465|-154.7088944
way|139554223|Île Tapiko||islet||-27.6444344|-144.3169743
way|139732850|Apolima||islet|Q618891|-13.8238572|-172.1513006
way|139811309|Aleutski Island||island|Q49631581|57.0450048|-135.3402484
way|139811338|Love Island||islet|Q49654873|57.0442972|-135.3465590
way|139847715|Namu'a Island||island||-14.0220716|-171.4157876
way|139847730|Fanuatapu Island||island||-14.0135155|-171.3999366
way|144893449|Ilput Island||islet|Q49642285|56.9043827|-135.3751984
way|147232429|Kāohikaipu Island||islet|Q49650062|21.3203487|-157.6563209
way|147232433|Popoia||islet||21.3998171|-157.7203295
way|147232438|Big Mokolua||islet||21.3917564|-157.6987527
way|147232460|Little Mokolua||islet||21.3876617|-157.6975854
way|147232464|Mānana|Mānana Island|islet|Q1500544|21.3288648|-157.6572714
way|147232470|Mokoliʻi||islet|Q1501136|21.5097043|-157.8294156
way|147237335|Koko Isle||islet||21.2821239|-157.7055285
way|147237367|Duck Island||islet||21.2858708|-157.7174996
way|147992937|Libby Island||island||58.2761919|-136.7807426
way|147992987|Zip Rock||islet||58.2054012|-136.6641307
way|151352057|Birch Island||islet||59.3413405|-135.8958471
way|159130850|Egg Island||islet||60.8613622|-135.1848311
way|159269264|Magolailai Island||island||-17.4735354|-179.1697655
way|161262992|Egg Island||island||63.6078567|-161.7403516
way|163602552|Nikumaroro||island|Q1050891|-4.6756403|-174.5177322
way|163986188|Mokuʻauia||islet|Q1943240|21.6627640|-157.9230367
way|172909971|Motu Takatai||islet||-8.8834615|-139.5949958
way|173061857|Motu Papa||islet||-9.4164234|-140.1149237
way|173061862|Motu Kau||islet||-9.4299538|-140.1086446
way|177130944|Kid Island||island||-17.4756594|-179.1669613
way|184570381|Malatea||islet||-8.5757044|-172.4838571
way|184570384|Motu O Tenumi||islet||-8.5772670|-172.4905608
way|184570385|Motu Atea||islet||-8.5727569|-172.4752964
way|184570386|Motu O Te Niu||islet||-8.5751811|-172.4822119
way|184570388|Hakea O Fata||islet||-8.5762630|-172.4876296
way|184570390|Tama Hakea||islet||-8.5732019|-172.4764124
way|184570391|Tuhia A Kava||islet||-8.5746970|-172.4804984
way|184570392|Hakea O Himi||islet||-8.5743375|-172.4798252
way|184570394|Hakea Lahi Ki Matagi||islet||-8.5738355|-172.4770352
way|184570398|Hakea O Hoi||islet||-8.5759749|-172.4857831
way|188827079|Gull Island||island||70.3655213|-148.3665355
way|199577615|Ship Rock||island||56.9986556|-153.3764191
way|203159577|Oarlock Island||island||70.9434860|-155.6672968
way|207894405|Motu Mate||islet||-15.6067311|-175.6521662
way|207894413|Motu Lahi||islet||-15.5997485|-175.6389425
way|209836911|Motu To’a Marō||islet||-16.8500225|-151.4882943
way|209838170|Motu Nao Nao||islet||-16.9173033|-151.4258219
way|210127749|Motu Pūna’eroa||islet||-16.8927363|-151.4856840
way|210180202|Motu Tutae||islet||-16.6027651|-151.5655378
way|210180204|Motu Avi||islet||-16.6011642|-151.5642744
way|210180209|Motu Tautau||islet||-16.6066195|-151.5659709
way|211513514|Motu Ahi||islet||-17.5509937|-149.7759487
way|211515323|Oatara||islet||-16.8445440|-151.3345322
way|213212127|Motu Irioa||islet||-17.4856833|-149.9024915
way|217074208|Flat Island||islet||60.1033479|-154.5570335
way|217074210|Tommy Island||islet||60.2440791|-154.2443561
way|217236380|Explorer Island||island||60.4881321|-150.2663194
way|217805864|Motu Pito Pito||islet||-16.5595828|-151.4657546
way|217805865|Motu Avera||islet||-16.5587203|-151.4758801
way|217806008|Motu Oromahana||islet||-16.5613894|-151.4533804
way|218649763|Sheep Island||islet||59.0800284|-158.4511016
way|219461508|Motu Vananui||islet||-16.4516575|-151.7705184
way|220369763|Motu Topati||islet||-16.7489753|-150.9747127
way|221399573|Motu Nono||islet||-17.7223140|-149.2788214
way|222125096|Scott Island||island|Q1345909|-67.3788548|-179.9113617
way|222200012|Driscoll Island||island||-76.1843897|-147.0943769
way|222200013|Farmer Island||island||-76.6052439|-147.0520339
way|222200014|Hannah Island||island||-76.6631438|-148.8501814
way|222200015|Hutchinson Island||island||-76.7722663|-148.9456543
way|222200016|Kramer Island||island||-77.2289764|-147.1395155
way|222200017|Madden Island||island||-77.4456170|-149.0095576
way|222200018|Moody Island||island||-77.3362882|-149.2897531
way|222200019|Morris Island||island||-76.6155929|-147.7795916
way|222200020|Nolan Island||island||-77.2133304|-147.3967601
way|222200021|Przybyszewski Island||island||-76.9592098|-148.8665650
way|222200023|Radford Island||island||-76.9078845|-146.6247034
way|222201170|Cruzen Island||island|Q5190346|-74.7478809|-140.3326253
way|222202444|Orr Island||island|Q7104055|-77.5573070|-149.3367848
way|222214934|Bandy Island||islet||-75.0627430|-137.8650689
way|223012128|Terua’ē’a||islet||-17.6398250|-149.3061498
way|223019685|MOTU PARATAITO||islet||-17.7361336|-149.5790250
way|223206065|Aihutu||islet||-17.8357842|-149.1264362
way|233578246|Battery Island||island||57.0589479|-135.3818223
way|236192977|Motu Iti||islet||-8.9389336|-140.1082346
way|236192978|Hatukau||islet||-8.9262471|-140.0696876
way|238266481|Ring Island||island||57.0378227|-135.2920330
way|238266482|Dove Island||island||57.0399260|-135.2922473
way|238266499|Guertin Island||island|Q49639881|57.0387443|-135.2858398
way|238269228|Alexander Rock||islet||57.0429115|-135.3390141
way|238269524|Ferebee Rock||islet|Q49616312|57.0336971|-135.3395666
way|238897192|Bare Island||island||57.9535522|-153.0785316
way|238897194|Dry Spruce Island||island||57.9532009|-153.0439221
way|240067651|Bare Island||islet||57.1480273|-135.5946039
way|240989047|Bart Island||island||57.0374735|-135.2713758
way|242932824|Yalus||islet||51.9798497|-176.6319547
way|243640314|Lagoon Island||island||58.4592946|-135.8714354
way|243737327|Grave Island||islet||57.7751555|-135.1988321
way|244119238|False Island||islet||57.5304983|-135.2166863
way|247097658|Mangere||islet|Q6748972|-18.8683894|-159.7504297
way|247099278|Tavaeruaiti||islet|Q7688990|-18.8911140|-159.7427800
way|247099280|Papau||islet|Q7132521|-18.8825032|-159.7497163
way|247099283|Tavaerua||islet|Q7688989|-18.8939340|-159.7408441
way|247101608|Muritapua||islet|Q6938744|-18.9148808|-159.7299188
way|247102787|Sand Bar|Sand Bar|islet||-18.9345010|-159.7418018
way|247102789|Tapuaeta Cay||islet|Q104846149|-18.9397542|-159.7357843
way|247103767|Motukitiu||islet|Q6918748|-18.9484430|-159.7324790
way|247104670|Rapota||islet|Q7294286|-18.9283327|-159.7577240
way|247104671|Moturakau||islet|Q6918768|-18.9253242|-159.7501722
way|247106515|Maina||islet|Q6736232|-18.9140964|-159.8350936
way|247106516|Maina Iti||islet||-18.9107129|-159.8278371
way|248015054|Northstar Island||islet||70.4909469|-148.6978021
way|249072111|Swan Island||islet||67.1178129|-154.3639318
way|251869476|Sand Island||islet|Q31872174|16.7456241|-169.5115742
way|251871971|Elrington Island||island||59.9849947|-148.1220056
way|251871999|Bettles Island||islet||60.0488018|-147.9945442
way|251872340|Izmaylou Island||islet||60.0090168|-147.9891907
way|251872347|Danger Island||island||59.9251500|-148.0785935
way|251872353|Flemming Island||island||60.1656074|-148.0237154
way|251872388|Gage Island||islet||60.1892613|-148.0124956
way|252217572|Little Mummy Island||islet||60.4682285|-146.0439209
way|252217579|Mummy Island||island||60.4627048|-146.0100892
way|252218531|Observation Island||island||60.5984017|-145.7406192
way|252700900|Kigul Island||islet||53.0466135|-168.4444259
way|252705900|Samalga Island|Samalga Island|island|Q181611|52.7855627|-169.2031100
way|252763654|Poa Island|Poa Island|islet|Q937581|54.1283109|-165.5000678
way|252763660|Tangik Island||islet||54.1448497|-165.4847317
way|252780436|Rootok Island|Rootok Island|island|Q915708|54.0455472|-165.5280333
way|252782569|Basalt Rock||islet||54.1077653|-165.3756472
way|252790406|Kaligagan Island|Kaligagan Island|island|Q1544015|54.1427834|-164.9123349
way|252790486|Derbin Island||islet|Q915717|54.0697352|-165.1538511
way|254258406|Tooth Island||islet||52.2045012|-174.1880731
way|254258408|Bingo Island||islet||52.2047995|-174.1910889
way|254298568|Bird Island||islet|Q865049|54.6674328|-163.2902368
way|254298592|Rock Island||islet||54.6135809|-163.6314274
way|254573695|Island Rock||islet||54.8594032|-163.4139361
way|255079815|Prominent Rock||islet||54.6547386|-163.4256006
way|259007159|Richthofen Island||island||61.0983769|-135.1677898
way|261165651|Spectacle Island||island|Q131820564|55.1080986|-159.7321753
way|261165668|Peninsula Island||island|Q49668723|55.1796853|-159.6568696
way|261165685|Bendel Island||island|Q49632717|55.0768588|-159.7918880
way|261165723|Near Island||island|Q49662107|54.9417744|-160.0477697
way|261165727|The Whaleback||islet||55.2800903|-160.0845974
way|261165728|Turner Island||island|Q131820616|55.0335309|-159.8354837
way|261165735|Gull Island||island||55.4079201|-160.6426318
way|261165738|Feet Rock||islet||55.3450235|-160.0539578
way|261166323|Round Island||island||55.3415871|-160.6208931
way|261166332|Range Islet||islet||55.3340004|-160.6181746
way|261166899|Elephnt Rock||island||55.1663617|-160.4955228
way|261166932|Cross Island||island||55.1773437|-160.4860355
way|261167502|Little Egg Island||island||55.2814101|-160.5265524
way|261167539|Egg Island||island||55.2799833|-160.5184528
way|261248578|Susui Island||island||-17.3458788|-178.9553052
way|261292878|Atkins Island||island||55.0563554|-159.3144416
way|261292928|Herendeen Island||island||55.0662769|-159.4127317
way|261292929|Hall Island||islet||55.0810764|-159.4857371
way|261320835|John Island||island|Q49644626|54.9795958|-160.1889060
way|261321383|Macks Head Island||islet||55.1234987|-160.0183356
way|262162174|Long Island||islet||56.9989548|-135.3525085
way|264141986|Te Motu o Umurua||islet|Q104854073|-10.0164224|-161.0808053
way|264141987|Motu Okakara||islet||-10.0239818|-161.0849493
way|264141989|Motu Pakapaka||islet||-10.0175985|-161.0829625
way|264141990|Hunanui||islet||-10.0219724|-161.0840039
way|264141993|Motu Ngangie||islet||-10.0198462|-161.0834648
way|264141994|Teutokono||island||-10.0060163|-161.0871533
way|264146929|Turtle Island||islet||-13.2077852|-163.1263053
way|264146931|One Tree Island||islet||-13.2131274|-163.1286731
way|265869469|Tapuaetai||islet|Q7684858|-18.9374054|-159.7360263
way|266280766|Aitutaki||island|Q223379|-18.8585167|-159.7788764
way|267065967|Angarei||islet|Q4761953|-18.8571143|-159.7535703
way|267988676|Magnetic Island||island|Q20712348|60.2437780|-152.8511992
way|270762027|Galankin Island||islet|Q49638719|57.0311050|-135.3282629
way|271532593|Stump Island||island||70.4168283|-148.6373842
way|271532598|Pingok Island||island||70.5544966|-149.5432593
way|271532617|Egg Island||island||70.4397975|-148.7584450
way|271532619|Leavitt Island||island||70.5681558|-149.7190758
way|271532622|Reindeer Island||island||70.4778551|-148.3573632
way|271667553|Howe Island||island||70.3152851|-147.9827562
way|273388592|Oooguruk Island||islet||70.4956448|-150.2508074
way|276208635|Belvedere Island||island||70.2949326|-147.0082445
way|277725470|Mōkōlea Rock||islet|Q1959544|21.4319513|-157.7195072
way|278736761|Magic Island||island||57.0981729|-135.4011017
way|288827275|Moss Island||islet||59.5711974|-151.2701420
way|290799763|Sixty Foot Rock||island||59.5504066|-151.4673751
way|291329070|Division Island||islet||59.4213538|-150.6945460
way|293132254|Range Island||island||55.3541515|-160.5044479
way|297660590|Entrance Island||island||55.0921854|-161.8199659
way|299536983|Harris Island||island||57.0345292|-135.2774979
way|299564721|Agligadak Island||islet||52.1024597|-172.9025406
way|299564722|Sagigik Island||island|Q2211822|52.0090660|-173.1563150
way|300543006|Alice Island||island||57.0467079|-135.3432573
way|300721984|Luce Island||islet||57.0112057|-135.3235169
way|300721987|Cobb Island||islet||57.0134658|-135.2945709
way|301841397|Laulaunui Island||islet||21.3643934|-158.0134819
way|303131136|Motu 'a'ali||islet||-15.6012506|-175.6545189
way|303264712|Tafuna||islet||-15.9635461|-173.8004454
way|303264713|Nukuseilala||islet||-15.9620658|-173.7984701
way|303264714|Si'i Ka'e Ha||islet||-15.9614443|-173.7973490
way|303264715|Atutunu||islet||-15.9649120|-173.7999430
way|303264716|Vuia||islet||-15.9642768|-173.7986113
way|303265358|Tavili||islet||-15.9583752|-173.8032746
way|303265359|Wesley||islet||-15.9568187|-173.8028505
way|304174851|Puho'ava||islet||-20.2488789|-174.7885990
way|304174852|Loto||islet||-20.2559363|-174.7906504
way|304174853|Tefisi||islet||-20.2603797|-174.7891618
way|304335013|Nomuka Iki||islet||-20.2827264|-174.8065175
way|304335027|Muifuiva||islet||-20.2690056|-174.8176822
way|304660454|Big Island||island||61.3210127|-150.6152291
way|305208387|Uonukuhahake||island|Q2341498|-19.9650874|-174.4826472
way|305830217|Pepea||island|Q15265950|-20.0439122|-174.7076613
way|306069887|Pinnacle Rock||islet||-22.3508992|-176.2033721
way|306390226|Motu Iti||islet||-8.7950549|-140.0487968
way|306390227|Poikou||islet||-8.7908912|-140.0327707
way|309265527|Cutter's Island||island||21.3356802|-158.0877737
way|310263126|Hakea||islet||-9.4372732|-171.2015025
way|310263128|Hakea Mahanga||islet||-9.4332663|-171.1985582
way|310263130|Mulifenua||islet|Q2657505|-9.3298993|-171.2075599
way|310585003|Motuhaga||islet|Q1851560|-9.2034306|-171.8457534
way|311055153|Lua'ofa||islet||-18.7189460|-174.0548696
way|311684136|Mokunui||islet||21.3680996|-157.9494034
way|313686916|Po'onika||islet||-9.7093858|-139.0198459
way|314722570|Motu Tapu||islet||-9.7471602|-138.7971354
way|314722571|Motu Ofio||islet||-9.7383006|-138.8074453
way|314722573|Motu Anakee||islet||-9.8148530|-139.0401495
way|314722574|Motu Oa||islet||-9.8065054|-138.8965268
way|314722575|Motu Hoke||islet||-9.7083222|-138.9682567
way|314722576|Motu Oa||islet||-9.7563450|-138.8058986
way|314833929|Ngofonua||islet||-21.1894223|-175.1632972
way|315070341|Mounu||islet||-21.1692877|-175.1266590
way|316580697|Line Island||island||57.0569235|-135.3815085
way|316587087|Caution Island||islet||56.9365673|-135.3618011
way|317724676|Kamennoi Island||islet||56.9371433|-135.4083252
way|320342960|Fonualei||island|Q1427939|-18.0227324|-174.3164770
way|323854176|Kanaha Rock||islet||21.1309348|-156.7051689
way|323854177|Mokuhoʻoniki||islet||21.1323207|-156.7027347
way|325042821|Tefitomaka||islet||-18.7277347|-174.1509464
way|326839999|Kolotahi||islet||-18.6416332|-174.0097754
way|326840012|Kitu||islet||-18.6848988|-174.0666974
way|326840013|Luafatu||islet||-18.6708998|-174.0743977
way|326840014|Tu'ungasika||islet||-18.6597655|-174.0689780
way|326848540|Kiato||islet||-18.6539148|-173.9410866
way|326848541|Nuku||islet||-18.6619107|-173.9481990
way|326850432|Uatoloa||islet||-18.6388829|-173.9190473
way|329093317|ʻAta||island|Q423507|-22.3406657|-176.2059586
way|331165977|Lehua Island|Lehua Island|islet|Q1789871|22.0219076|-160.0952410
way|331795737|Fetokopunga||islet||-20.3036172|-174.5345360
way|331795738|Lalona||islet||-20.3472666|-174.5214929
way|331795739|Telekitonga||islet||-20.3953482|-174.5313002
way|331795740|Telekivavau||islet||-20.3152261|-174.5213732
way|331797146|'O'ua||island|Q4540506|-20.0381765|-174.6820715
way|331797147|Fatumanongi||islet|Q5438037|-19.7692166|-174.7282262
way|331975551|Alinonga||islet||-18.7089080|-174.0791736
way|331975553|Lape||islet||-18.7192553|-174.0826579
way|331977178|Hakaufasi||islet|Q5640360|-19.0169805|-174.0094451
way|332641896|Alakipeau||islet||-21.0868499|-175.2442840
way|332641897|Nuku||islet|Q22668384|-21.0879142|-175.0225956
way|332641900|Tau||islet|Q22668379|-21.0212350|-175.0052198
way|333172126|Liesnoi Island||islet||57.0118896|-135.6920988
way|333172127|Goloi Island||islet||57.0119392|-135.6860584
way|333382795|Matu'anua||islet||-18.5715025|-173.9538432
way|333386449|'Utu'ulua||islet||-18.6875947|-173.9883715
way|333386451|'Utumaile||islet||-18.6856934|-173.9871360
way|333386454|Lokosi'i||islet||-18.6825591|-173.9828008
way|333386455|'Utufuleheu||islet||-18.6841527|-173.9855086
way|333386470|Lotuma||islet||-18.6611653|-174.0095567
way|333389374|Lokolahi||islet||-18.6889730|-173.9853703
way|333389375|Mala||islet||-18.6913889|-174.0208027
way|333392911|Foeata||islet||-18.7159369|-174.1368233
way|333392912|Foelifuka||island||-18.7164292|-174.1427356
way|333392913|Fofoa||island|Q22673939|-18.7018872|-174.1375032
way|333392921|Kalau||islet||-18.6923385|-174.1354500
way|333392922|Kulo||islet||-18.7172220|-174.0979662
way|333392923|Luamoko||islet||-18.6836925|-174.1035182
way|333392924|Tangatasito||islet||-18.7141855|-174.0983374
way|333396851|Fetoko||islet||-18.6893461|-173.9547411
way|333396855|Lolo||islet||-18.7051590|-173.9254734
way|333396856|Mafana||islet|Q20460686|-18.6844323|-173.9537792
way|333540984|Afo||islet||-18.7069064|-173.9971211
way|333540985|Fafine||islet||-18.7145396|-173.9778127
way|333540986|Fanautapu||islet||-18.7254596|-173.9834920
way|333540988|Nukutahanga||islet||-18.7243899|-173.9897122
way|333540989|Tapana||islet||-18.7150740|-173.9915871
way|333540990|Tu'anukulau||islet||-18.7193825|-173.9878754
way|334787323|San Juan Island||island||59.4611689|-151.4126215
way|335813935|Elovoi Island||islet||57.5654488|-135.4678497
way|337146978|Nuʻutele Island||islet|Q21847138|-14.1672734|-169.6851274
way|337146979|Nuupule Rock||islet||-14.1735965|-169.6784084
way|337146980|Nuʻusilaelae Island||islet|Q21847142|-14.1718038|-169.6844861
way|337227099|Big Rose Island||islet||57.4559593|-135.5426331
way|337227100|Little Rose Island||islet||57.4590073|-135.5462799
way|338506405|Beehive Island||islet||57.1860791|-135.4358215
way|340209367|Surf Rock||islet||57.0320645|-135.3764336
way|343744313|Gagarin Island||islet||57.0965208|-135.4895033
way|344912241|Funga Fele'ave||islet||-21.1199855|-175.2922048
way|352692031|Viesokoi Rock||islet||56.8697052|-135.4175186
way|354373757|Motuloa||islet||-8.5355840|-172.5080787
way|371867543|Pleasure Island||islet||61.5276405|-150.0145695
way|373996302|McClellan Group||islet||57.0284341|-135.3423501
way|373996303|Whale Island||island||57.0251242|-135.3439123
way|384007371|Logotaua||islet||-9.4060651|-171.1978319
way|384007373|Otano||islet||-9.4112415|-171.1980395
way|384007377|Te Loto||islet||-9.4202729|-171.1967896
way|387210999|Twomile Island||island||59.7328264|-154.7375424
way|387211016|Tenmile Island||islet||59.6493532|-155.0017279
way|387211028|Jackrabbit Island||islet||59.7567569|-154.7528504
way|387211045|Eagle Bay Island||island||59.7479092|-154.6713702
way|387211049|Rabbit Islands||island||59.7244582|-154.7039443
way|391682251|Ofu||islet||-18.7013576|-173.9568552
way|391690636|'Oto||islet||-18.7020846|-174.0560479
way|391785049|Long Island||island||60.4573013|-144.9802111
way|405367274|Îlot Central||islet||-27.8888209|-143.4945311
way|405367342|Motu One||islet||-23.3258474|-149.4688859
way|408253959|Tiny Island||island||71.0031735|-155.6063785
way|408290467|Dark Island||island|Q204837|58.6427608|-152.5451703
way|408643448|Te Palaoa||island||-9.1248119|-171.7882577
way|408643452|Te Fakanava||islet||-9.1187503|-171.8599105
way|425504119|Manuihi||islet||-9.2279294|-171.8040450
way|428025222|Malden Island|Malden Island|island|Q532590|-4.0193843|-154.9316385
way|431684165|Haumagalu||island||-9.1281550|-171.7891734
way|431684167|Apia||island||-9.1269893|-171.7887255
way|431684194|Taulagapapa||island|Q7688709|-9.1464473|-171.7875511
way|431684195|Taulagapapa||island|Q7688709|-9.1385933|-171.7883601
way|436455398|Nīhoa|Nihoa Island|island|Q843411|23.0602331|-161.9211768
way|440597913|Kukuiho'olua||islet||21.6500361|-157.9134090
way|440597914|Mokuālai||islet||21.6485721|-157.9091085
way|440599599|Pulemoku Rock||islet||21.6595755|-157.9154017
way|441851927|Coconut Island||islet|Q5139830|21.4334592|-157.7886055
way|445265495|Nunivak Bar||island||62.5160250|-155.8690652
way|446306277|Eskimo Islands||island||70.5791742|-151.9748103
way|446306278|Eskimo Islands||island||70.5729139|-151.8994403
way|447828085|Kikikausgruak Island||island||70.2777824|-159.8469437
way|447828090|Neakok Island||islet||70.3820945|-159.9925340
way|447828091|Seahorse Islands||island||70.8828561|-158.7106849
way|447831511|Doctor Island||island||71.3540541|-156.3121625
way|447935781|Sanigaruak Island||islet||71.1835863|-155.4119379
way|448222563|остров Меркинкан||islet|Q15956008|64.8352500|-172.8138579
way|448222568|остров Ачинкинкан (Орлова)||island|Q15950153|64.8213051|-172.7653396
way|449016375|Kakalaioa Rock||islet||21.3220938|-157.6540687
way|449868485|Kiukpalik Island||islet||58.6034655|-153.5635492
way|449868487|Ninagiak Island||islet||58.4544463|-153.9998576
way|449868491|Shaw Island||island||59.0039975|-153.3856631
way|450267312|Puʻupehe Islet|Puupehe Islet|islet|Q7257199|20.7341460|-156.8902131
way|451558228|Fool Island||islet||60.7630688|-147.9155907
way|452648047|Schrader Island||islet||60.9627663|-147.2568958
way|452648048|Block Island||islet||60.9699613|-147.3979640
way|453712479|Whirlpool Island||island||66.2971546|-147.6732379
way|455930697|Bear Island||islet||61.1056002|-142.4340300
way|456248101|Natoa Island||island||59.6440190|-149.6100033
way|456473908|Titus Island||islet||62.9606297|-142.3172515
way|457382412|Gull Island||islet||59.9543015|-141.3498229
way|457388715|Fox Island||islet||60.1664583|-144.6038440
way|458954538|Barwell Island||islet||59.8597319|-149.2809120
way|458955902|Hive Island||island||59.8843374|-149.3737299
way|458962762|Hat Island||islet||59.9558469|-149.3116112
way|458962764|Ragged Island||island||59.8522202|-149.3879630
way|459088970|Chiswell Island||islet||59.6001368|-149.5671300
way|459088972|Chat Island||islet||59.6996976|-149.5633615
way|459088982|Cheval Island||island||59.7742259|-149.5127602
way|459124195|Long Island||islet||59.3053075|-150.9030601
way|459124202|Pinnacle Rock||islet||59.3214945|-150.6531926
way|459124230|Berger Island||island||59.3412414|-150.7435706
way|459467210|Willard Island||island||60.6994739|-148.6439927
way|460174545|Slate Island||islet||59.9116505|-149.7169848
way|460425417|Emerald Island||islet||60.8058053|-148.5729237
way|461642073|Tsedi Ts’ese’||island|Q114427647|61.4510530|-142.5956073
way|461661227|Bryson Bar||islet||61.1189733|-142.1541400
way|463138112|Birdsall Island||islet||55.2888973|-162.8440183
way|469647959|Little Egg Island||island||60.4152053|-146.0287297
way|469649033|Pinnacle Rock||islet||60.4455243|-146.0260379
way|473041606|Little Joker Island||islet||65.1548626|-152.6657542
way|475559784|Puʻukole Islet|Puukole Islet|islet||22.0074086|-160.0941805
way|476184301|Flaxman Island||island||70.1903303|-146.0647720
way|476184303|Flaxman Island||island||70.1893729|-146.1038304
way|476248583|Alaska Island||island||70.2200235|-146.4958942
way|477680390|Arctic Island||islet||61.8546614|-161.3268484
way|479262130|Little Fort Island||islet||58.5052283|-152.3836787
way|479272303|Big Island||island||64.6950637|-155.8575454
way|480846588|Gannet Rocks||islet||51.8675765|-176.6094777
way|480950309|Serpentine Island||island||64.7661385|-156.9949709
way|483136346|Fox Island||islet||56.9949179|-154.0305841
way|483479702|Smelt Island||island||58.6849629|-156.7375838
way|486276818|Elder Island||islet||57.8855265|-152.3966655
way|488878605|Bourbon Mist Island||islet||61.9886377|-151.3995408
way|492882301|Moose Island||islet||63.8628781|-152.3306228
way|496728653|Carolyn Island||island||64.4527413|-162.8725076
way|497283158|Moko Moʻo||islet||21.3892778|-157.8047492
way|504523847|Mokuʻōeo Island||islet||21.3074640|-157.9016927
way|504523848|Kahakaʻaulana Island||islet||21.3096356|-157.8954971
way|510550711|Crescent Moon Island||islet|Q49635925|61.5351227|-149.9369873
way|512989086|Eldred Rock||islet|Q15216404|58.9714781|-135.2214700
way|514733684|Kekepa Island||islet||21.4618798|-157.7755426
way|521374728|Johnson Island||island||61.8606181|-161.2937380
way|522393458|Duck Island||island||60.1483080|-152.5508011
way|529166698|Grand Island||island||61.6662493|-161.4456958
way|530986911|Dog Island||islet||59.7467855|-154.8228926
way|531207767|Bear island||island||57.6603601|-154.0370322
way|532198752|Tetamanu Sauvage||islet||-16.5107303|-145.4588302
way|534737868|Gull Island||islet||55.2509630|-162.7564671
way|534778957|Cove Island||islet||55.2350845|-162.9186952
way|534821312|Hunter Island||islet||54.9710803|-161.7643100
way|534821314|Rona Island||islet||54.9836042|-161.8359626
way|534821315|The Pinnacle||islet||55.1670911|-161.4165696
way|538863124|Nukumahaga Lahi||islet||-9.3922539|-171.1987420
way|538990609|Otafi Loa||islet||-9.3831879|-171.1969525
way|538990611|Motu Iti||islet||-9.3766647|-171.1955557
way|538990612|Ofuna||islet||-9.3672099|-171.1897532
way|539028577|Ulugagie||islet||-8.5463222|-172.5154460
way|539028592|Papa o moe||islet||-9.1127566|-171.7831339
way|539098911|Pukava||islet||-9.4348548|-171.2001378
way|539098916|Hini Ailani||islet||-9.1216788|-171.7870773
way|539098920|Kauafua A Kele||islet||-9.2291721|-171.7929714
way|539498271|Gull Island||islet||61.1796411|-149.9629635
way|541652957|Bluebill Island||island||55.2503616|-162.8110580
way|541655054|Qunqix (Swan) Island||island||55.2505130|-162.7121651
way|545496192|Vostok Island|Vostok Island|island|Q976570|-10.0620842|-152.3127458
way|546009274|Morzhovoi Pond Island||island||55.1481831|-163.2222569
way|547815727|Lu Anne Island||island||55.2513062|-162.7601955
way|548663201|Egg Island||islet||55.2517756|-162.7509415
way|550132516|Kenezurof Islet||islet||55.2748347|-162.6484698
way|550213594|Amgat Islet||islet||54.9025440|-162.9017291
way|550331849|Bun Rock||islet||54.8317075|-162.4405332
way|550361937|Sea Lion Rocks||islet||55.4642297|-163.2023150
way|551467541|Camel Islet||islet||55.3211483|-162.6329296
way|551664884|Isanotski Island North||islet||55.0000060|-163.3324150
way|551664885|Isanotski Island South||islet||54.9918137|-163.3241469
way|551666786|Sankin Island||islet||54.8087654|-163.2730204
way|552898719|Round Island||islet||55.3239882|-162.7905017
way|553611689|Dancing Bear Island||island||55.3491889|-162.5073004
way|554576506|Elder Islet||islet||55.1665232|-163.0901577
way|569512351|Deadman Island||islet|Q49636399|64.2528803|-141.1366529
way|569512352|Bonanza Bar||islet|Q49614106|64.2602314|-141.1853564
way|570794130|Eagle Island||islet||56.7601552|-157.3424875
way|570794131|Garden Island||islet||56.7471198|-157.3640911
way|572486390|Gull Island||islet||59.8402293|-152.9898119
way|572539413|Triangle Island||island||59.7173329|-154.4619316
way|572933440|Halfway Island||islet||60.9498857|-149.6836299
way|599121091|Keaoi||islet||19.2677347|-155.2541455
way|599919778|Long Island||islet||57.4281799|-152.5716609
way|615613327|Arnkil Island||island|Q49631941|58.0527216|-152.7499419
way|615708486|Little Island||islet||58.5401097|-135.0469802
way|615788396|Marions Bank||islet|Q104856826|-17.9980793|-163.1559072
way|615890028|Hatu Iti||islet||-8.6776459|-140.6053912
way|616392671|Mano Iti||islet||-23.9042672|-147.6821933
way|616392674|Haratahi||islet||-23.8528844|-147.5870119
way|616392675|Otaha||islet||-23.8548910|-147.5879582
way|616392678|Niupapa Iti||islet||-23.8640206|-147.5893612
way|616392679|Ahupeepee||islet||-23.8695422|-147.5918425
way|616392681|Rani||islet||-23.8778843|-147.6079611
way|616392682|Numiri Iti||islet||-23.8775755|-147.6130994
way|616392683|Tou||islet||-23.8792061|-147.6092067
way|616392684|Numiri Rahi||islet||-23.8790246|-147.6104370
way|616392689|Motu piscine||islet||-23.8766603|-147.6191534
way|616392690|Opunui||islet||-23.8805789|-147.6157099
way|616395861|Ruakau||islet||-19.2770242|-158.9429627
way|618089836|Chapman Island||islet||67.0925658|-150.4938555
way|618365863|Hakea||islet||-9.4364320|-171.2004625
way|618365867|Toliaoho||islet||-9.3958334|-171.2367721
way|618365871|Nukumatau||islet|Q15262960|-9.3950513|-171.2375510
way|618365879|Tafolaelo||islet||-9.4083959|-171.1974396
way|618367256|Vaipapa Falafala||islet||-9.1634822|-171.8616005
way|618367258|Taulagapapa||island|Q7688709|-9.1533005|-171.7868064
way|618367260|Tuigaika||islet||-9.1336575|-171.7891601
way|618367262|Lalohumu||islet||-9.1312150|-171.7892271
way|618367263|Niututahi||islet||-9.1296897|-171.7891520
way|625720070|Scott Island||islet||59.6372818|-153.4360027
way|627833659|Perl Rock||islet|Q49668802|59.0900294|-151.6947824
way|628250828|Jennie M Island||islet||64.9351481|-150.3819814
way|632005052|Midarm Island||islet||58.1855043|-152.3314208
way|632709457|Elsie Island||islet||61.6186702|-161.7745426
way|635944859|Shag Island||islet||58.6189446|-152.6014656
way|636017735|Sentinel Islet||islet||58.6448103|-152.3303265
way|636221466|Ermine Island||islet||58.5247586|-152.3533291
way|636252402|Rocky Island||islet||58.4945124|-152.7825093
way|640838486|High Rock||islet||56.9655061|-154.0848720
way|641105539|John Island||islet||57.1067920|-153.4596116
way|641205083|Bird Island||islet||57.7840906|-152.3723943
way|641210350|Jug Island||islet||57.6484579|-152.4226964
way|641547717|Viesoki Island||islet||57.7036629|-152.4383551
way|642870532|Ushagat Island||island||58.9333470|-152.2569171
way|642877745|Sud Island||islet||58.8966912|-152.2128676
way|643020891|Green Island||islet||57.7719568|-153.5285167
way|643023081|Mesa Rocks||islet||57.8422998|-153.4803074
way|643051156|Alf Island||islet||57.4116808|-153.8399479
way|643206277|West Amatuli Island||island||58.9305036|-152.0410356
way|643210177|Nord Island||islet||58.9701302|-152.1530613
way|643210221|Sugarloaf Island||island||58.8877294|-152.0398427
way|643696874|White Gull Island||islet||59.6173242|-153.5743940
way|643696885|Pomeroy Island||islet||59.6171610|-153.3740558
way|645751897|Deadmans Island||island||71.3459985|-156.2719505
way|646268862|King Salmon Island||islet||58.2290311|-157.3364389
way|646337706|Mitrofania Island||island||55.8507491|-158.8004969
way|646337711|Jacob Island||island||55.7437736|-159.3650290
way|647171892|Nachaini Island||islet||57.9772992|-152.9271019
way|647655280|Aliksemit Island||islet|Q49631597|55.9973129|-156.6777421
way|647998073|Atkulik Island||islet||56.2779099|-157.7347356
way|647998074|Kak Island||islet||56.2873020|-157.8312003
way|647998079|Sutwik Island||island|Q7650397|56.5543462|-157.1524051
way|647998081|Unavikshak Island||island|Q97704694|56.4960668|-157.7243368
way|647998085|Nakchamik Island||island|Q49661582|56.3395096|-157.8501461
way|648000436|Gull Island||islet||56.4717135|-157.9556113
way|648014282|Castle Rock||islet||55.2782867|-159.4946351
way|648176050|Ukolnoi Island||island||55.2255691|-161.6109082
way|648180002|Poperechnoi Island||island||55.0874774|-161.5785727
way|648180012|Wosnesenski Island||island||55.1911783|-161.3851009
way|648287222|Goloi Island||island||55.1007340|-161.8942578
way|650083774|Nest Island||islet||57.2943936|-152.8955429
way|650571077|Clover Rock||islet||57.6513599|-153.8254917
way|651480812|Haystack Rock||islet||54.3017763|-162.6881647
way|651480817|Dora Island||islet||54.3264569|-162.6290006
way|651480822|Sisters Island||islet||54.3326874|-162.6945108
way|651480824|Peterson Island||islet||54.3397603|-162.6147222
way|651480825|Long Island||island||54.4102931|-162.8256516
way|651480827|Face Island||islet||54.4856070|-162.8275647
way|651480836|Mary Island||islet||54.3430278|-162.6312992
way|651480841|Wanda Island||islet||54.4108977|-162.5213737
way|651480842|Rabbit Island||islet||54.4792957|-162.8338370
way|651480844|Telemitz Island||islet||54.3440251|-162.5258374
way|651480847|Princess Rock||islet||54.4011025|-162.5113453
way|651480849|Lida Island||islet||54.4224688|-162.4886916
way|651480853|Inikla Island||islet||54.3543771|-162.4909505
way|651480854|Elma Island||island||54.3689331|-162.4859614
way|651480857|Umla Island||islet||54.3475030|-162.4644837
way|651480858|Gunboat Island||islet||54.3565724|-162.4759490
way|651480860|Caton Island||island|Q1051253|54.3930517|-162.4215772
way|651631687|High Island||islet||54.8100903|-162.3224529
way|651631688|Fawn Island||islet||54.8243782|-162.3545625
way|651668093|Edith Island||island||64.9354627|-154.3677863
way|651668100|Mickey Island||island||64.9254789|-154.5260015
way|651668152|Florence Island||island||64.9537150|-154.3819939
way|651668178|Emerald Island||islet||64.9194428|-154.5786971
way|651668184|Clay Island||island||65.1107612|-153.2522957
way|651668185|Kathaleen Island||island||64.9715330|-154.1610566
way|651668195|Hardluck Island||island||64.9383932|-154.5770835
way|651668196|Doyle Island||island||64.9528323|-154.3008994
way|654205992|Glen Island||islet||55.2666202|-162.9619967
way|654251911|Round Island||islet||55.5451563|-161.6018272
way|654731887|Tanaklak Island||island||51.9560305|-176.1128285
way|654740393|Asuksak Island||island||51.9352610|-176.1042360
way|654740397|Aziak Island||island|Q793742|51.9512732|-176.1574295
way|654935336|Oglodak Island||island||51.9839335|-175.4471085
way|654935435|Ikigninak Island||islet||51.9779060|-175.4898459
way|654943443|Fenimore Rock||islet||51.9779102|-175.5431557
way|655123193|Irishmans Hat||islet||53.9930123|-166.8260140
way|655125109|Spire Rock||islet||53.4333958|-166.8997478
way|655125110|Ogangen Island||island||53.4453029|-166.8757248
way|655942553|Fire Island||islet|Q941078|53.9434081|-168.0459363
way|662036132|Fatu I Te Waipapa||islet||-9.1683888|-171.8641212
way|668676793|Navy Island||islet||56.9934760|-156.4568513
way|668676794|David Island||island||57.0322379|-156.4956040
way|670689160|James Island||islet||55.8614874|-159.5265591
way|670782176|Te Kamu||islet|Q7690833|-9.1320179|-171.8601877
way|670782177|Te Kamu||islet|Q7690833|-9.1314242|-171.8602555
way|670782178|Te Kamu||islet|Q7690833|-9.1311481|-171.8603015
way|670782179|Te Kamu||islet|Q7690833|-9.1310275|-171.8603466
way|670782180|Te Kamu||islet|Q7690833|-9.1464947|-171.8588805
way|670782181|Te Kamu||islet|Q7690833|-9.1286610|-171.8607447
way|678622928|Kuakamoku Islet|Kuakamoku Islet|islet||21.8921739|-160.2287882
way|686710550|Priest Rock||islet||54.0085348|-166.3774762
way|686710553|Needle Rock||islet||53.9243353|-166.5316669
way|694786411|Cape Spencer||islet|Q5035057|58.1983932|-136.6404117
way|696514056|Columbine Rock||islet||57.2625752|-135.5837403
way|696514057|Highwater Island||islet||57.2810611|-135.5988083
way|696766365|Guide Rock||islet||57.5913619|-136.0997770
way|696766388|Gray Rock||islet||57.5838857|-136.1174957
way|696767069|Snipe Rock||islet||57.6370321|-136.1785651
way|696767106|Ittar Rock||islet||57.6558031|-136.2349980
way|696767184|Brown Rock||islet||57.5915737|-136.2349135
way|696767259|Oval Rock||islet||57.5825617|-136.1437590
way|696767447|Pear Island||islet||57.7285509|-136.2691204
way|696767575|Elkugu Island||islet||57.6800306|-136.2532008
way|696767701|Snag Island||islet||57.7826012|-136.3270076
way|696767703|Shag Rock||islet||57.7807691|-136.3133835
way|696767706|Middle Island||islet||57.7816354|-136.3247090
way|696767708|Kinky Island||islet||57.7897877|-136.3320711
way|696767717|Gull Rock||islet||57.7867184|-136.3233680
way|696767733|Post Island||islet||57.7932963|-136.3314163
way|696767735|Skinner Island||islet||57.7890344|-136.3469127
way|696767746|Fleming Island||islet|Q49638241|57.7904897|-136.3215423
way|696790829|Baird Island||islet|Q49632225|57.5473892|-136.0425983
way|696791036|Deuce Island||islet|Q49636546|57.5709909|-136.0864333
way|696791069|Vincent Rock||islet||57.4024430|-135.8694915
way|697279989|Greentop Island||islet||57.8560824|-136.4760809
way|697280055|Threeknob Rock||islet||57.8149484|-136.4286681
way|697280132|Esther Island||islet||57.8428781|-136.4354686
way|697657308|Bingham Cove||islet||58.0694618|-136.5609104
way|697657309|Bingham Cove||islet||58.0693970|-136.5566448
way|697657310|Bingham Cove||islet||58.0692539|-136.5575718
way|697657311|Bingham Cove||islet||58.0712486|-136.5575719
way|697657312|Bingham Cove||islet||58.0706941|-136.5584717
way|697657313|Bingham Cove||islet||58.0701677|-136.5568144
way|697657314|Bingham Cove||islet||58.0697241|-136.5581186
way|703375637|Igalik Island||islet||71.1686532|-155.1906399
way|709835029|Hanus Islet||islet||56.8650818|-135.5077210
way|709835031|Gunboat Rock||islet||56.8298340|-135.5150223
way|709835040|Kaiuchali Island||islet||56.8332653|-135.5652237
way|709835054|Golovni Island||islet||56.8019581|-135.4939499
way|709835060|Ataku Island||islet||56.8277645|-135.4900665
way|709835063|Jug Island||islet||56.7919998|-135.4348298
way|709835067|Middle Rock||islet||56.8483734|-135.4531555
way|709835078|Nameless Island||islet||56.7854080|-135.4608230
way|709835106|Naerie Rock||islet||56.8475856|-135.4038392
way|709835111|Blackbird Island||islet||56.8387814|-135.4345856
way|713932667|Motu Tuhata||islet||-16.5801797|-151.5549830
way|713932673|Motu Atara||islet||-16.5940670|-151.4219263
way|717790307|Kulichkof Rock||islet||56.9915886|-135.4440384
way|717790339|Silver Point||islet||57.0122910|-135.2978058
way|717790340|Mertz Island||islet||57.0007133|-135.3568191
way|717790628|Cabin Island||islet||56.8842011|-135.2900085
way|717790653|Calligan Island||islet||56.8542709|-135.3895493
way|718206081|Barn Beach Island||islet||55.1813187|-160.5077036
way|718207289|John Nelson Islet||islet||55.1801805|-160.5087967
way|721295405|Egg Island||islet||66.2342400|-166.0191840
way|722654460|Motu de Arue||islet||-17.5234373|-149.5338665
way|724457831|Motu Ta’aupiri||islet||-17.5715089|-149.3030100
way|724463252|Rimatu’u||island|Q49674705|-17.0253910|-149.5576856
way|725221012|Motu Vavaratea||island||-16.7326442|-150.9739246
way|725226755|Aito||islet||-16.7186548|-151.4416982
way|725226760|Hu||islet||-16.8821443|-151.4658302
way|725226763|Motu Roa||islet||-16.8861172|-151.4673710
way|725231921|Motu Rauoro||islet||-16.5689786|-151.4460038
way|725231938|Fatufatu||islet||-16.6830914|-151.4634730
way|725231954|Aro||islet||-16.5559612|-151.4824526
way|725231960|Rahi||islet||-16.6381501|-151.4880339
way|725231962|Na'ina'i||islet||-16.6376231|-151.4892196
way|725239695|Motu Tupe||islet||-16.4935143|-151.6980216
way|725239732|Motu Mute||island||-16.4518919|-151.7388704
way|725239738|Motu Paahi||islet|Q15256604|-16.4508427|-151.7676710
way|725239742|Motu Moute||islet||-16.4541484|-151.7709254
way|725239750|Motu Ahuna||islet||-16.4886991|-151.7753295
way|725239752|Motu Tapu||islet||-16.5043287|-151.7768395
way|725239754|Tape||islet||-16.4969414|-151.6993039
way|725669346|Motu nono||islet||-16.2620569|-151.8074224
way|725684146|Tiaie||islet||-16.4518618|-152.2341973
way|725693834|Maupiha’a||island||-16.8066817|-153.9373284
way|727623972|Motu Oikao||islet||-10.5473829|-138.6448021
way|727623982|Mopii||islet||-10.5381081|-138.6309816
way|727624017|Motu Tui||islet||-10.4656867|-138.6103607
way|727624019|Motu Ua||islet||-10.5370088|-138.6319856
way|727624068|Pahi||islet||-10.5148927|-138.6169935
way|727624082|Motu Tapu||islet||-10.5410130|-138.6680741
way|727628979|Motutaii||islet||-9.9939347|-139.1051663
way|727629051|Poha||islet||-9.7588032|-138.8722224
way|727629052|Motu Poto||islet||-9.8039699|-138.8964704
way|727629064|Ana Kei||islet||-9.7595491|-138.8760365
way|727629136|Motuoioi||islet||-10.0056796|-139.1072809
way|727636626|Aviti||islet||-8.8042593|-140.0782926
way|727636630|Tekoapa||islet||-8.9405336|-139.5620263
way|727636683|Motukeokeo||islet||-8.9553530|-139.6004411
way|727636693|Motu Tekohai||islet||-9.4552916|-140.0785135
way|727636776|Motu Mahaka||islet||-9.4054667|-140.0299969
way|727636781|Tauakakivi Te Pakatea||islet||-8.8176566|-140.2498917
way|727636808|Koio||islet||-8.9381572|-140.1254145
way|727636824|Motu Ee||islet||-8.7891142|-140.1928678
way|727636848|Motu Tehuaki||islet||-9.4674243|-140.0515994
way|729221409|Taravai|Taravai|island||-23.1449243|-135.0429095
way|730963965|Île aux récifs||islet||-15.2418707|-147.7170617
way|732494332|G.I. Joe Island||islet||60.5216071|-145.6353671
way|734361219|Paraoa||island||-19.1479459|-140.7014729
way|742749117|Tehere||islet||-15.3122790|-146.4056502
way|749952348|îlot||islet||-14.6309321|-145.1779572
way|752867470|Îlot Nord||islet||-27.8780180|-143.4877586
way|752871525|Teivitaora||islet||-27.6329117|-144.3688070
way|752871526|Île Tauna||islet||-27.6070848|-144.3038624
way|753094133|Tunga Tonga||islet||-23.9027999|-147.6752871
way|753102899|Ilot Plat||islet||-23.4112541|-149.4330430
way|753109454|Ura||islet||-22.6644615|-152.8022027
way|753109463|Rama||islet||-22.6637414|-152.8006911
way|760393205|Besboro Island||island|Q829471|64.1278834|-161.3058520
way|760615603|Kīhewamoku||islet||21.6726190|-157.9238161
way|762759055|Fatuanava||islet||-13.8496154|-172.0981269
way|803452060|Mission Island||islet||64.4196234|-140.5319897
way|803461157|Gibson's Island||islet||64.4291344|-140.5343479
way|808249078|Grass Island||islet||60.5719012|-145.7820940
way|808249086|Mavis Island||islet||60.5445005|-145.6894851
way|809407223|Shag Rock||islet||60.4656966|-145.9724228
way|822734326|Midway Rock||islet||57.4152482|-135.6076008
way|822734328|Border Rocks||islet||57.1204192|-135.4340431
way|822734333|Stewart Island||islet||57.0421394|-135.3678564
way|822734334|Smith Island||islet||57.0424948|-135.3699635
way|822734342|Sheep Island||islet||57.0298380|-135.3330955
way|822734347|Calming Island||islet||56.9624280|-135.4153857
way|824176454|Aniktun Island||island||61.7628396|-166.1283876
way|826786662|Block Island||islet||60.5247395|-147.6101320
way|827741968|Bogoslof Island|Bogoslof Island|islet|Q890658|53.9307817|-168.0369817
way|827891405|Huelo||islet||21.1708660|-156.9209298
way|827891442|Mokumanu||islet||21.1694828|-156.8874559
way|827891443|Pāʻūonuʻakea||islet||21.1635198|-156.8968436
way|827891444|Kuʻikuʻi-palaoa||islet||21.1684436|-156.8280208
way|827891445|Mokolea Rock||islet||21.1753393|-156.8850774
way|827891446|Mokohola Island||islet||21.1717013|-156.8758325
way|827891447|Mokupāpapa||islet||21.1593013|-156.7298211
way|828008297|Whale Island||islet||60.1736613|-144.5886066
way|829050737|Eagle Rock||islet||56.3292765|-158.3972179
way|830872495|Fowler Island||island||60.6017856|-162.1825776
way|830872512|Fish Camp Island||island||60.6565229|-162.0051247
way|832125579|Gull Rock||islet||60.1992641|-172.7883734
way|834848897|Government Rock||islet||60.4444660|-145.8848832
way|835907756|Sisters Island||islet||58.1750248|-135.2584792
way|835907763|Couverden Island||island||58.2120753|-135.0830551
way|835907764|Lincoln Island||island|Q2856092|58.4954717|-134.9849828
way|835907810|Anyaka Island||island||59.0543753|-135.2805896
way|835907813|Shikosi Island||islet||59.0322202|-135.2693490
way|835907815|Kataguni Island||islet||59.0145211|-135.2532695
way|835907823|Sullivan Island||island|Q7636414|58.9678635|-135.3256586
way|835907830|Sullivan Rock||islet||58.8985323|-135.3030978
way|835907903|Couverden Rock||islet||58.2207078|-135.0358206
way|836511493|Manofa||islet|Q21847233|-14.2524458|-170.7011730
way|836511496|Vaotamu Rocks||islet|Q21847655|-14.2508857|-170.5847851
way|836511497|Lotofaaee Rock||islet||-14.2710000|-170.5656195
way|836511498|Taulaotoga Rock||islet|Q21847440|-14.2750760|-170.5801812
way|836511501|Faalogologotala Rock||islet||-14.2814276|-170.6316012
way|836511503|Fatuuli Rock||islet|Q21849803|-14.3062928|-170.6896939
way|836511504|Fatugau Rock||islet|Q21847390|-14.3654581|-170.7408012
way|836511506|Niuaveve Rock||islet|Q21847154|-14.3375280|-170.7897181
way|836511507|Nuutai Rock||islet|Q21847137|-14.3331596|-170.8040879
way|836511508|Toauta Rock||islet||-14.3310461|-170.8291025
way|836511546|Pola Island||islet|Q21848578|-14.2340017|-170.6710062
way|836511678|Liuvaatoga Rock||islet|Q21847295|-14.3241553|-170.8413364
way|836511679|Toatai Rock||islet||-14.3319102|-170.8292338
way|836511689|Faatafa Rocks||islet|Q21847632|-14.3108360|-170.8335242
way|836511690|Luania Rocks||islet|Q21847269|-14.3205916|-170.8465728
way|836511703|Utufotu Rocks||islet|Q21847509|-14.3202134|-170.8455319
way|836511711|Niuolepava Rock||islet|Q21847153|-14.3256094|-170.8359871
way|836511712|Taputapu Island||islet||-14.3229398|-170.8453847
way|836511717|Utumatuu Rock||islet|Q21847514|-14.3249888|-170.8381642
way|836511847|Manuelo Rock||islet|Q21847236|-14.2881524|-170.7811271
way|836511852|Nuutavana Rock||islet|Q21847136|-14.2877419|-170.7679670
way|836511983|Nuusetoga Island||islet|Q21847139|-14.2496936|-170.6231022
way|836512045|Fatutoaga Rock||islet|Q21847547|-14.2896940|-170.6516700
way|836512065|Tulagamatuu Rock||islet||-14.2554444|-170.6491027
way|836512081|Tauga Rock||islet|Q21847436|-14.2877851|-170.6453673
way|836512128|Avagatatau Rock||islet|Q21847684|-14.2885931|-170.6503259
way|836512202|Nuuiti Rock||islet|Q21847150|-14.2463776|-170.5731700
way|836512224|Fatumaga Rocks||islet|Q21847359|-14.2499060|-170.5806778
way|836512253|Maalatetele Rocks||islet|Q21847265|-14.2572140|-170.5594061
way|836512272|Futi Rock||islet|Q21847348|-14.2982210|-170.6780478
way|836512299|Nuuosina Rock||islet|Q21847173|-14.2804564|-170.7324306
way|836512326|Fatu Rock||islet||-14.2981950|-170.6764972
way|836512344|Agalua Rock||islet|Q21847742|-14.2841315|-170.7346342
way|847475005|Otter Rock||islet||59.5794792|-151.2953062
way|849712900|Jackpot Island||islet||60.3203716|-148.1944728
way|849753477|Verdant Island||islet||60.2676700|-148.1903700
way|849765679|Delenia Island||islet||60.3416850|-148.1323100
way|849959134|Junction Island||islet||60.3910850|-147.9947500
way|849970293|Chicken Island||islet||60.0389575|-147.9335261
way|850721433|Heather Island||island||60.9733719|-147.0434827
way|871569568|Motu Tevairoa||island|Q38251304|-16.4700616|-151.7769411
way|871988113|Dalasuga Island||islet||59.0892494|-135.3203362
way|879806308|Lone Rock||islet||57.0503879|-156.4702571
way|893729016|Moku Opihi||islet||19.5793757|-154.9114892
way|893729017|Wahinemakanui||islet||19.6623528|-154.9760685
way|894795122|Mink Island||island||60.5870600|-148.2488600
way|901399593|Krekatok Island||island|Q49649035|62.0399400|-165.9680280
way|931666954|Motu Toki Vaelua||islet||-8.5515186|-172.4789652
way|931705648|Akegamutu||islet||-9.4124710|-171.1970595
way|931705649|Kaivai||islet||-9.3886133|-171.1978507
way|931705650|Otafi Lahi||islet||-9.3813323|-171.1980284
way|931705651|Otafi Loto||islet||-9.3821366|-171.1968263
way|931705652|Manuafe||islet||-9.3816165|-171.1955248
way|931715816|Na Papa||islet||-9.2260781|-171.8074330
way|931852429|Tetaha Kiraro||island|Q104854078|-10.0114020|-161.0978978
way|931852432|Paerangi||islet|Q104854080|-10.0238410|-161.0983390
way|931911483|Te Motu o te Mako||islet||-10.8641596|-165.8437359
way|931911484|Te Motu o Teuyiki||islet||-10.8623967|-165.8436425
way|931911485|Te Motu o Nawala||islet||-10.8614485|-165.8435009
way|931911488|Nuku Wetau||islet||-10.8868754|-165.8448724
way|931911490|Te Papa E Taumaya Te Wau||islet||-10.8834791|-165.8456503
way|931911491|Te Aua Oneone||islet||-10.8813437|-165.8458853
way|931911496|Te Alai Loa||islet||-10.8927205|-165.8515761
way|931923701|Bird Islands||islet||-18.0376617|-163.1181489
way|931923703|Tara I Tokerau||islet|Q23007284|-17.9962465|-163.1569058
way|931952217|Paheke Rahi3||islet||-10.4493875|-161.0149526
way|931952218|Paheke Iti||islet||-10.4489254|-161.0158799
way|931952219|Te Pa3||islet||-10.4486199|-161.0164055
way|931952220|Tima||islet||-10.4484198|-161.0171447
way|931952221|Motu O Poia||islet||-10.4477309|-161.0178709
way|931952222|Hohake Iti||islet||-10.4424888|-161.0254027
way|931952223|Hohake Rahi||islet||-10.4417959|-161.0268595
way|931952224|Motu o Koteka||islet||-10.4413174|-161.0286451
way|931952225|Rangahoe||islet||-10.4416629|-161.0303252
way|966447023|Middle Punuk Island||islet||63.0759867|-168.8247157
way|967763813|Egg Island||islet||55.2264917|-161.3550064
way|971188864|Little North Island|Little North Island|islet||27.9105751|-175.7444256
way|989153080|Nuʻupulu||islet|Q32499485|-13.7370965|-172.2145621
way|1011519063|Bocharov Island||islet||60.3566178|-146.6247851
way|1011519067|Porpoise Rock||islet||60.3192109|-146.6920951
way|1040984987|Makoloaka Island||island|Q49656242|20.8384643|-156.1209579
way|1055578289|Motu Matahai||islet||-16.0940554|-144.9560655
way|1091576350|Pinnacle Rock||island||59.7938611|-144.6030361
way|1096838001|Home Reef||island|Q2978351|-18.9897795|-174.7664034
way|1121407400|Bird Island|Bird Island|islet||27.7926094|-175.8431309
way|1124889518|Palolo Deep Islet||islet||-13.8233450|-171.7548392
way|1157989057|Minett Island||island||57.0415194|-135.2932391
way|1164961811|Hmatax||islet|Q49641192|51.5691487|-178.6839838
way|1173652479|Tsitus Island||island||60.1749458|-143.2997319
way|1177966240|Eagle Island||islet||54.6212005|-162.3515618
way|1186637650|Burnt Island||islet||60.9485000|-149.8964632
way|1187975523|Nixt Rocks||island||57.1095641|-135.4006873
way|1187975529|Usher Rock||island||57.0548947|-135.4004128
way|1187975530|Nicholson Rock||islet|Q49619617|57.0439088|-135.3883221
way|1187975531|Sentinel Rock||island||57.0471200|-135.4103771
way|1192523263|Cormorant Island||islet||51.8104273|-176.8098852
way|1192523267|Ina Island||island||51.7989205|-176.7556348
way|1204075177|Kaulaʻināiwi Island||islet||19.7316782|-155.0689600
way|1207628828|motu||islet||-17.4160661|-145.4544667
way|1207639954|Motu One||island|Q584092|-15.8152198|-154.5176563
way|1207646552|Motu||islet||-17.1542556|-144.3330148
way|1211639154|Kūkaimanini Island||islet||21.6932095|-158.0212527
way|1211639156|Wānanapaoa Island||islet||21.6386468|-158.0692750
way|1213203509|Manuhangi|Manuhangi|island|Q1811103|-19.2174902|-141.2310772
way|1213203510|Manuhangi|Manuhangi|island|Q1811103|-19.2003693|-141.2439000
way|1213478528|Manuae||island||-16.5434084|-154.6348417
way|1214099566|Acorn Rock||islet||51.9718357|-176.7212221
way|1214949819|Manuae||island||-16.4977961|-154.6663468
way|1214968540|Paraoa||island||-19.1439993|-140.7052729
way|1218414253|Swains Island||island||-11.0566088|-171.0780024
way|1219113378|Motu||islet||-16.9856256|-144.6780367
way|1219113379|Motu||islet||-16.9907246|-144.6521384
way|1219113380|Motu||islet||-16.9898484|-144.6471349
way|1219113381|Motu||islet||-16.9883692|-144.6432865
way|1219113382|Motu||islet||-16.9754295|-144.6101095
way|1219113383|Motu||islet||-16.9729475|-144.5997254
way|1219113384|Motu||islet||-16.9724974|-144.5955999
way|1219113385|Motu||islet||-16.9700023|-144.5922635
way|1219113386|Motu||islet||-16.9668376|-144.5878565
way|1219113389|Motu||islet||-16.9651658|-144.5856382
way|1219113557|Motu||islet||-16.9567371|-144.5788857
way|1219113562|Motu||islet||-16.9527495|-144.5769160
way|1219113563|Motu||islet||-16.9515473|-144.5761769
way|1219114272|Motu||islet||-16.9416743|-144.5751280
way|1223606811|Prow Knob||island||59.1952986|-138.0630485
way|1223663448|Eider Island||island||58.5092269|-135.9297931
way|1231196969|Bullfrog Island||island||63.6995261|-159.2242053
way|1231196971|Bullfrog Island||island||63.6972691|-159.3009144
way|1231196972|Bullfrog Island||island||63.7172728|-159.3510082
way|1246197474|Kaksajookalik Island||island||59.7607287|-166.2117023
way|1265435703|Haadgux||islet|Q49640097|51.5824071|-178.7105539
way|1265618697|Castle Island||island|Q1049430|51.6543532|-177.6779767
way|1266357767|Black Rock||islet||53.3414270|-167.9321437
way|1266674201|Kliixtax||islet||52.9180929|-169.0003382
way|1266674202|Alixtax||islet||52.9205687|-169.0106068
way|1266674203|Pancake Rock||islet||52.9341766|-169.0268006
way|1266674204|Agatax||islet||52.9174522|-168.9782235
way|1266676458|Mean Rock||islet||54.7727266|-162.3708644
way|1266676464|Hague Rock||islet||54.5506054|-162.4018249
way|1284128131|Makhnati Island||island||57.0393337|-135.3898530
way|1284134676|Mogilnoi Island||islet||57.0423337|-135.3852833
way|1284138118|Kirushkin Island||island||57.0446142|-135.3850869
way|1284235143|Sasedni Island||island||57.0481681|-135.3838112
way|1284236040|Gold Island||island||57.0468221|-135.3794493
way|1284241576|Virublennoi Island||island||57.0448205|-135.3774836
way|1284241580|Rashimosti Island||island||57.0441304|-135.3680578
way|1284241581|Nevski Island||island||57.0439749|-135.3658407
way|1286149538|Black Rock||islet||58.7077472|-160.1922409
way|1290318659|Po‘opo‘o||islet|Q2107220|20.7353069|-156.9219070
way|1290318660|Mokunaio||islet||20.7373430|-156.9688208
way|1312730543|Anguvik Island||island||56.4354056|-158.2836780
way|1312937059|Head Rock||islet||51.9254649|-176.5267875
way|1312937060|Large Rock||islet||51.7921171|-176.8067483
way|1312937061|Black Island||island||51.8069625|-176.8174256
way|1312937065|Cascade Rock||islet||51.8257142|-176.8271713
way|1312937071|Whirlpool Rock||islet||51.8324059|-176.8798827
way|1312963594|Obsechki Island||islet||56.9684588|-135.4239449
way|1312963595|Zenobia Rock||islet||57.0012816|-135.3687113
way|1312963596|Bare Rock||islet||57.0502330|-135.4231167
way|1312963597|Black Rock||islet||57.0523431|-135.4276306
way|1312963600|Lava Island||islet||57.0055301|-135.7057156
way|1312963601|Whitestone Rock||islet||57.2432029|-135.5649401
way|1312963602|Bart Island||islet||57.2461156|-135.5057470
way|1312963603|Sea Rock||islet||57.3375019|-135.8765586
way|1313130256|Dad Rock||islet||58.2334282|-136.3390123
way|1313130257|Gaff Rock||islet||58.1928726|-136.4191342
way|1313130258|Althorp Rock||islet||58.1662202|-136.3594336
way|1313130259|Polka Rock||islet||58.2278561|-136.7208696
way|1313130260|Beartrack Island||islet||58.6019373|-135.8663380
way|1313161100|McClellan Rock||islet||57.4530257|-135.0272364
way|1313161101|Dolph Rock||islet||57.5566055|-135.5469275
way|1313161102|Prolewy Rock||islet||57.4054819|-135.6290963
way|1313161103|Suloia Rock||islet||57.4005629|-135.6569507
way|1320020109|Lone Rock||islet||53.0603043|-168.4073477
way|1320020110|Povlinoi Rock||islet||53.2661893|-167.9664836
way|1320020111|South Rock||islet||53.2205272|-167.6613894
way|1320020112|Eagle Rock||islet||53.8670942|-166.3216575
way|1320020113|Round Island||island||53.7687614|-166.3853642
way|1320020119|Inner Signal||islet||53.7884382|-166.0928193
way|1320020124|Eider Rock||islet||52.9857791|-168.8774962
way|1320020125|High Rock||islet||52.4448511|-171.2804724
way|1320233552|Magnet Rock||islet||59.3084847|-152.0051853
way|1320233553|Nuka Rock||islet||59.2825302|-150.7197246
way|1320304268|Detached Rock||islet||57.8299050|-152.3243820
way|1320304269|Channel Rock||islet||57.8122824|-152.3307096
way|1320304270|Humpback Rock||islet||57.7073410|-152.2509887
way|1320304271|Gibson Cove Rock||islet||57.7787060|-152.4472760
way|1320304272|Pinnacle Rock||islet||57.6526040|-152.3440790
way|1320304273|Ilkognak Rock||islet||57.9136761|-152.7840407
way|1320304274|Treeless Islan||island||57.9771786|-152.7091492
way|1320304275|Big Rock||islet||58.0175534|-152.6693984
way|1320304276|Stripe Rock||islet||58.0408457|-152.5948503
way|1320304279|Dot Island||islet||58.0540583|-152.7596536
way|1320304285|Winter Island||island||58.0721268|-152.7871384
way|1320304289|Parrot Island||islet||58.0872065|-152.5798954
way|1320824500|Deranof Rock||islet||57.9682006|-152.8899421
way|1322818000|Split Rock||islet||60.3696043|-172.7695301
way|1322818001|Rabbit Rock||islet||60.3146230|-172.5903154
way|1322818002|Nabangoyak Rock||islet||60.1316194|-167.3507527
way|1322818003|Kikiktalik Rock||islet||60.2982275|-166.7836461
way|1322818007|Oronikowaktalik Rock||islet||60.3633779|-166.5616377
way|1322818009|Kikartik Rock||islet||60.3918735|-166.4847431
way|1322818010|Arwirnuk Rock||islet||60.3902509|-166.4950531
way|1322818013|Triangle Island||islet||60.3486221|-165.7582515
way|1322818016|Nooravloaksmiut Island||islet||60.2083810|-165.6679082
way|1323497215|Uyak Island||islet|Q1648204|52.2041767|-174.1530794
way|1327150609|Bird Rock||island||54.8760803|-163.3490523
way|1332506741|Kelly Rock||islet||55.1935419|-160.4577387
way|1332506742|Halfway Rock||islet||55.1804251|-160.4624248
way|1332506745|Midway Rock||islet||55.2044446|-161.4779077
way|1332506747|Clay Island||islet||55.1354664|-161.3330553
way|1332506756|East Rock||islet||55.0145040|-161.4382374
way|1332506771|Black Rock||islet||55.3477551|-161.7098978
way|1332506772|Lump Island||islet||55.4044030|-161.6308830
way|1332506773|Flat Island||islet||55.3878006|-161.6161053
way|1332693152|Gin Island|Gin Island|islet||23.7341019|-166.1662875
way|1332693339|Little Gin Island|Little Gin Island|islet||23.7283659|-166.1643474
way|1333331408|North Pinnacle Rock||islet||54.6045871|-163.5841459
way|1333331409|South Pinnacle Rock||islet||54.5996710|-163.5830792
way|1333331410|Bear Rock||islet||55.0466254|-162.4596023
way|1333340839|South Rock||islet||54.2943000|-162.7088725
way|1333340879|Eagle Rock||islet||54.4432843|-162.5950643
way|1334635875|Nest Rock||islet||53.4610857|-167.0327284
way|1334635876|Lion Rock||islet||53.4192947|-167.1468276
way|1334635877|Hague Rock||islet||53.4819930|-167.3098786
way|1334638216|Priest Rock||islet||53.7881388|-167.0867559
way|1338097044|Harbor Island||island||59.6512839|-149.6511903
way|1338097059|Granite Island||island||59.6432892|-149.8023122
way|1340217166|Taachim Tanĝii Wislow Island||islet||54.0064163|-166.7189942
way|1341177757|Ungix̂ Island||island||54.1055110|-165.5737942
way|1346453483|Lars Island||islet||58.5247753|-136.1317634
way|1350591554|Camel Islet||islet||52.3525149|-172.5742525
way|1350591557|Rue Ledge||islet||52.2506402|-172.6067306
way|1351145919|North Rock||islet||56.7428309|-135.4337760
way|1351145921|Vasilief Rock||islet||56.8182683|-135.5422180
way|1351466705|Halibut Rock||islet||58.1388859|-135.4920851
way|1351489971|Star Rock||islet||57.8308990|-136.4667319
way|1351489972|Porcupine Rock||islet||57.7989873|-136.4380736
way|1351489973|Fairway Rock||islet||57.7861212|-136.3305604
way|1351489974|Black Rock||islet||57.5682691|-136.1329967
way|1351612870|South Island||island|Q131760588|55.9836227|-156.7398873
way|1356047919|Pinnacle Rock||islet||55.8635769|-159.0551418
way|1356047920|Petrel Island||islet||55.8717592|-159.1193518
way|1356047929|Three Sisters Rock||islet||56.2652640|-158.6054547
way|1356047932|Flat Top Rock||islet||56.4551744|-157.7484682
way|1356047934|Lighthouse Rocks||islet||55.7764995|-157.4082193
way|1356494045|South Rocks||islet||56.7002353|-135.3259365
way|1357656408|Radial Island||islet||56.8148876|-156.7631080
way|1365458697|Flat Island||islet||57.0425965|-156.5711176
way|1365618194|Applegate Rock||islet||60.3546738|-147.3937461
way|1365618195|Schooner Rock||islet||60.3061883|-146.9079625
way|1365618197|Ship Island||islet||60.1616552|-148.0082690
way|1365618205|Sisters Rock||islet||60.2406584|-148.0118306
way|1365618216|Bishop Rock||islet||60.1029873|-147.8885774
way|1370420943|Channel Rock||islet||60.3866184|-147.8833742
way|1370971247|Rocky Island||islet||60.3147091|-147.8694713
way|1370971248|Range Island||islet||60.3134598|-147.8454946
way|1370971250|Chase Island||island||60.3247576|-147.7884022
way|1372919408|Inner Seal Rock||islet||57.2875770|-154.8032844
way|1372919411|Outer Seal Rock||islet||57.3022887|-154.8406020
way|1372919415|Little Bear Rock||islet||57.2700098|-154.7355538
way|1384794688|Taumeasina Islet||islet||-13.8262899|-171.7471924
way|1446816994|Ohotu||islet||-16.0758811|-145.7049518
way|1446816995|Maiuru||islet||-16.0862612|-145.7273088
way|1462849463|Biorka Island||island||56.8522638|-135.5214891
way|1462849465|Biorka Island||island||56.8535834|-135.5212092
way|1462849466|Biorka Island||island||56.8551049|-135.5226498
way|1462849467|Biorka Island||island||56.8600335|-135.5318412
way|1517890736|Twin Rocks||islet||19.8087144|-155.0922613
relation|254438|Tutuila||island|Q269205|-14.3064700|-170.7029539
relation|1077974|Niʻihau|Niihau|island|Q239743|21.8922284|-160.1483109
relation|1078201|Kahoʻolawe|Kahoolawe|island|Q224086|20.5524209|-156.6161223
relation|1078202|Lānaʻi||island|Q187063|20.8305279|-156.9335905
relation|1082120|Molokaʻi|Molokai|island|Q193253|21.1345520|-157.0100531
relation|1255668|Saint Matthew Island|Saint Matthew Island|island|Q1655937|60.4512785|-172.6416761
relation|1255682|Hall Island|Hall Island|island|Q1571312|60.6642510|-173.0809683
relation|1255708|Umnak Island||island|Q264718|53.1945878|-168.4492199
relation|1255719|Saint Paul Island||island|Q954281|57.1783166|-170.2593783
relation|1304123|Kavalga||island|Q1737212|51.5579444|-178.7892857
relation|1847368|Tenarunga|Tenarunga|island||-21.3445121|-136.5406907
relation|1847369|Vahanga|Vahanga|island||-21.3311674|-136.6523937
relation|1849655|Marotiri|Marotiri|islet|Q1632721|-27.8874401|-143.4981027
relation|1850526|Kiritimati|Christmas Island|island|Q193331|1.8709492|-157.3628593
relation|1850530|Cook Island|Cook Island|island|Q27221451|1.9583876|-157.4827777
relation|1866564|остров Врангеля|Wrangel Island|island|Q106594|71.1852678|0.5960619
relation|1874071|Savāiʻi||island|Q337519|-13.6212519|-172.4890512
relation|2283488|Остров Ратманова|Big Diomede|island|Q958528|65.7822128|-169.0589190
relation|2283489|Saint Lawrence Island|St. Lawrence Island|island|Q638407|63.3622864|-170.2678039
relation|2447383|Raoul Island|Raoul Island|island|Q28048|-29.2693250|-177.9335285
relation|2823722|Cronenwett Island||island|Q5187703|-77.0095780|-149.9989549
relation|2823792|Vollmer Island||island|Q7940494|-76.7406347|-150.4775705
relation|2903810|Ra’iātea||island|Q847008|-16.8193939|-151.4227328
relation|2939792|Haggits Pillar||islet|Q5638711|-67.3772407|-179.9168204
relation|2939891|Roosevelt Island|Roosevelt Island|island|Q501337|-79.2856587|-161.6360935
relation|2940269|Kizer Island||island|Q6419180|-77.2975411|-150.9275066
relation|2941921|Groves Island||island|Q5611579|-75.4081394|-143.0763631
relation|3084251|Middleton Island||island|Q16895138|59.4350826|-146.3333240
relation|3084253|Chirikof Island||island|Q1712141|55.8342389|-155.6567184
relation|3237101|Taveuni||island|Q1138545|-16.8487784|0.0305418
relation|3291354|Ogea Levu||island|Q1583217|-19.1465008|-178.4127358
relation|3379270|Howland Island|Howland Island|island|Q131305|0.8075422|-176.6180734
relation|3379278|Akau Island||islet||16.7614043|-169.5160506
relation|3403431|Maui|Maui|island|Q188705|20.8029973|-156.3381682
relation|3403603|Hawaiʻi|Hawaii|island|Q68740|19.5895980|-155.4342897
relation|3433327|Kabara Island||island|Q1307352|-18.9545510|-178.9556786
relation|3433338|Moce||island||-18.6523907|-178.5059288
relation|3460296|Namuka-i-Lau||island||-18.8523149|-178.6342836
relation|3473339|Oneata Island||island||-18.4381554|-178.4749607
relation|3473340|Vanua Vatu||island||-18.3717870|-179.2710722
relation|3473347|Komo||island||-18.6827716|-178.6299049
relation|3489649|Oʻahu|Oʻahu|island|Q131347|21.4834109|-157.9646020
relation|3489753|Kauaʻi|Kauai|island|Q201026|22.0504637|-159.5401368
relation|3507208|Tuvuca||island|Q1165534|-17.6759884|-178.8194721
relation|3507341|Kanacea Island||island||-17.2651171|-179.1499436
relation|3507348|Namalata Island||island||-17.3368766|-178.9841432
relation|3518667|Lakeba Island||island|Q1725479|-18.2158582|-178.7876670
relation|3521053|Fulaga||island|Q48311|-19.1366624|-178.5737034
relation|3521055|Ogea Driki||island|Q7079983|-19.2053563|-178.4164007
relation|3532526|Aiwa Island||island||-18.3312825|-178.6849157
relation|3532527|Totoya Island||island||-18.9590451|-179.8370492
relation|3532930|Vatoa||island|Q2268568|-19.8173564|-178.2437311
relation|3536816|Kaibu||island||-17.2561617|-179.4868108
relation|3536818|Ono-i-Lau||island|Q1858116|-20.6496293|-178.7277219
relation|3536820|Yacata||island||-17.2572829|-179.5256361
relation|3538131|Tuvana-i-Colo||island|Q2461940|-21.0122797|-178.7505137
relation|3541173|Naitaba||island|Q10981157|-17.0146291|-179.2774554
relation|3541174|Wailagi Lala||island||-16.7481019|-179.1018486
relation|3541175|Yagasa Levu||island||-18.9435382|-178.4487300
relation|3541176|Katafanga||island||-17.5219825|-178.7148797
relation|3548481|Niuē|Niue|island||-19.0539736|-169.8620800
relation|3556438|Tuvana-i-Ra||island|Q1631570|-21.0367932|-178.8467708
relation|3564613|Olorua||islet|Q15263989|-18.6054132|-178.7542661
relation|3564628|Malima||islet||-17.1222608|-179.1924485
relation|3581321|Akaiami||island|Q4700175|-18.9066708|-159.7305725
relation|3581335|Mangere||island|Q6748972|-18.8683894|-159.7504297
relation|3585128|Motukitiu||islet|Q6918748|-18.9484430|-159.7324790
relation|3629102|Nuka Island||island|Q7068836|59.3532398|-150.6911328
relation|3649428|Yanuca Island||island||-16.5000917|-179.6957934
relation|3726876|Nayau Island||island|Q2577833|-17.9778065|-179.0535830
relation|3820836|Late||island|Q1550157|-18.8043996|-174.6446803
relation|3954578|Kodiak Island|Kodiak Island|island|Q204387|57.3714770|-153.4766555
relation|3955689|Chichagof Island|Chichagof Island|island|Q1072094|57.8279105|-135.6378543
relation|3955751|Nunivak Island|Nunivak Island|island|Q530454|60.0893283|-166.5037814
relation|3955759|Unimak Island||island|Q375615|54.7209508|-163.9961374
relation|3955780|Baranof Island|Baranof Island|island|Q807267|56.8622538|-135.1544401
relation|3956663|Unalaska Island||island|Q1424060|53.6281058|-167.0297959
relation|3956825|Afognak Island|Afognak Island|island|Q279794|58.2359676|-152.5934244
relation|3956977|Atka Island||island|Q756016|52.2102713|-174.6645094
relation|3957015|Adak Island|Adak Island|island|Q176381|51.7961818|-176.7059500
relation|3957020|Montague Island||island|Q2975733|60.0722232|-147.4228758
relation|3958159|Tanaga Island||island|Q1772570|51.7583441|-177.9227429
relation|3958191|Unga Island||island|Q1851229|55.2635193|-160.6621351
relation|3958204|Hinchinbrook Island||island|Q2269870|60.3595718|-146.4070663
relation|3958215|Kruzof Island||island|Q4353743|57.1666381|-135.7191399
relation|3958216|Partofshikof Island||island|Q7140797|57.2751884|-135.6291198
relation|3958223|Kanaga Island||island|Q1723556|51.7977560|-177.3787157
relation|3958241|Akutan Island||island|Q424195|54.1296871|-165.8868869
relation|3958253|Hagemeister Island||island|Q1568350|58.6828156|-160.9306674
relation|3958262|Nagai Island||island|Q2445712|55.0773293|-160.0335073
relation|3958267|Sitkalidak Island||island|Q931028|57.1026616|-153.1357129
relation|3958297|Yakobi Island|Yakobi Island|island|Q8047149|57.9756954|-136.4589561
relation|3958298|Raspberry Island||island|Q841348|58.0625665|-153.1689191
relation|3959022|Little Tanaga Island||island|Q1545797|51.8268037|-176.1262089
relation|3959023|Umak Island||island|Q1536932|51.8796416|-176.0341770
relation|3959025|Gareloi Island||island|Q1494189|51.7918588|-178.8036642
relation|3959430|Akun Island||island|Q423736|54.2033885|-165.5369464
relation|3959431|Amaknak Island||island|Q452591|53.8961831|-166.5344655
relation|3959434|Dolgoi Island||island|Q14679977|55.1171831|-161.7685774
relation|3959436|Sanak Island||island|Q1814673|54.4302163|-162.6846886
relation|3959437|Sedanka Island||island|Q1537265|53.7810456|-166.1987332
relation|3959438|Tigalda Island||island|Q913006|54.1005184|-165.0697290
relation|3959439|Ugamak Island||island|Q751817|54.2090752|-164.8233150
relation|3959440|Unalga Island||island|Q1412922|53.9760223|-166.1369464
relation|3982632|Andronica Island||island|Q3335225|55.3255919|-160.0712022
relation|3982633|Big Koniuji Island||island|Q49633012|55.1452127|-159.5715257
relation|3982634|Bird Island||island|Q49633125|54.8173831|-159.7599760
relation|3982635|Chernabura Island||island|Q49635017|54.7881674|-159.5589255
relation|3982636|Elf Island||island||51.7156332|-176.5301362
relation|3982637|Little Koniuji Island||island|Q49653285|55.0030906|-159.4060635
relation|3982638|Popof Island|Popof Island|island|Q1997355|55.3026936|-160.4182569
relation|3982639|Simeonof Island||island|Q30753052|54.9067041|-159.2636868
relation|3982650|Chowiet Island||island|Q49635154|56.0374773|-156.7129964
relation|3992237|Tahiti|Tahiti|island|Q42000|-17.6872664|-149.3727956
relation|3993924|Tugidak Island||island|Q4000269|56.5020320|-154.5911595
relation|3993940|Sitkinak Island||island|Q3962371|56.5559716|-154.1154362
relation|3993973|Aiaktalik Island||island|Q403380|56.7077490|-154.0755128
relation|3993974|Akhiok Island||island|Q49631504|56.9226357|-154.1795298
relation|3993975|Amook Island||island||57.4908572|-153.8573829
relation|4097003|Vanua Levu|Vanua Levu|island|Q327733|-16.5701826|-0.7379481
relation|4106937|Esther Island||island|Q5401204|60.8557723|-148.0326247
relation|4106938|Hawkins Island||island|Q5685169|60.5330229|-146.0462373
relation|4106940|Shuyak Island||island|Q928624|58.5506051|-152.4995906
relation|4106943|Uganik Island||island|Q2473910|57.8837446|-153.3680865
relation|4107167|Stuart Island||island|Q3468439|63.5869204|-162.5308156
relation|4194205|Tongatapu|Tongatapu|island|Q620452|-21.1678256|-175.1939668
relation|4194291|Monūafe||islet|Q49659485|-21.1041685|-175.1402387
relation|4196655|Nukunukumotu||island|Q22668372|-21.1413474|-175.1454291
relation|4199550|Va'e Popua||islet||-21.1478380|-175.1549981
relation|4234403|Kanatea||island|Q22668369|-21.1645242|-175.2095789
relation|4253550|Augustine Island||island|Q1673774|59.3678811|-153.4465814
relation|4253551|Ban Island||island|Q806029|58.3133284|-152.8564337
relation|4253555|Spruce Island||island|Q1815002|57.9283138|-152.4228572
relation|4253556|Whale Island||island|Q674252|57.9537157|-152.7922886
relation|4256365|Khantaak Island||island||59.5976110|-139.7587836
relation|4256366|Latouche Island||island|Q6496925|60.0063357|-147.9365860
relation|4264648|Moser Island||island|Q49659886|57.6733547|-135.6553789
relation|4547807|Nukunukumotu||islet||-21.1393681|-175.1511256
relation|4548101|Niuafoʻou||island|Q966941|-15.6032528|-175.6402045
relation|4565854|Vavaʻu ʻUta||island|Q20456736|-18.6231469|-173.9855157
relation|4566014|Tulie||islet||-18.6421231|-173.9425380
relation|4566096|Koloa||island|Q22673866|-18.6464286|-173.9234828
relation|4566097|Okoa||island|Q22673870|-18.6546174|-173.9496254
relation|4572828|Hunga Haʻapai||islet|Q19056622|-20.5473906|-175.4047432
relation|4573550|Hunga Tonga||islet|Q3143318|-20.5355143|-175.3817215
relation|4611953|Mo'ungatapu||islet||-21.1806890|-175.1408169
relation|4656804|Vahe Mu'omu'a||island||-20.3717813|-174.7168173
relation|4661851|Tafahi||island|Q283712|-15.8505688|-173.7460691
relation|4671689|ʻAtā||islet|Q22668383|-21.0562943|-175.0023708
relation|4671690|Fukave||islet|Q22668385|-21.0928403|-175.0315152
relation|4671691|Motutapu||islet|Q131325171|-21.0918657|-175.0570189
relation|4671692|Onevao||islet|Q22668376|-21.0916564|-175.0974900
relation|4671693|Polo'a||islet||-21.0896462|-175.2442847
relation|4671694|Toketoke||islet||-21.0625207|-175.2948513
relation|4671695|Tufaka||islet||-21.0662290|-175.2544045
relation|4671979|'Atatā||island|Q22668317|-21.0500869|-175.2542798
relation|4681548|Pangaimotu||island|Q3893246|-18.6824374|-174.0008383
relation|4767793|Ofu Island|Ofu Island|island|Q3881068|-14.1722936|-169.6573934
relation|4780719|Niuatoputapu||island|Q1144842|-15.9559469|-173.7742589
relation|4787657|Krestof Island|cross Island|island|Q49649054|57.1845531|-135.5046921
relation|4787684|Halleck Island||island|Q49640213|57.2168006|-135.4525451
relation|4807831|Sinitsin Island||island||57.3475873|-135.7654220
relation|5143924|Kasiana Islands||island|Q49645511|57.0810032|-135.4133682
relation|5376198|Olosega Island|Olosega Island|island|Q21847144|-14.1742632|-169.6192136
relation|5810066|Fafā||islet|Q49637779|-21.0873430|-175.1584852
relation|5810123|Mata'aho||islet||-21.1623047|-175.1543229
relation|5810124|Talakite||islet||-21.1592769|-175.1572846
relation|5816822|'Euaiki||island|Q22668387|-21.1181146|-174.9804479
relation|5817134|'Eua||island|Q423528|-21.3705918|-174.9378905
relation|5817200|Uoleva||island|Q3711214|-19.8469226|-174.4071270
relation|5817215|Lifuka|Lifuka|island|Q1309255|-19.7988747|-174.3567117
relation|5850924|A'a||islet||-18.7052651|-174.0455854
relation|5850925|Kapa||island|Q20460445|-18.7045757|-174.0326212
relation|5850926|Nuku||islet||-18.7153001|-174.0428728
relation|5850927|Taunga||island|Q7688730|-18.7455583|-174.0112282
relation|5851008|'Euaiki||islet||-18.7667534|-174.0187247
relation|5851009|Euakafa||island|Q20460855|-18.7590681|-174.0356837
relation|5851010|Fua'amotu||islet||-18.7940605|-174.0063257
relation|5851011|Katafanga||islet||-18.7386156|-174.0410653
relation|5851012|Lekeleka||islet||-18.7579592|-173.9982834
relation|5851013|Lua'ui||islet||-18.7794396|-174.0518174
relation|5851014|Luahiapo||islet||-18.7993298|-174.0401822
relation|5851015|Luakapa||islet||-18.6926003|-174.0455484
relation|5851016|Lualoli||islet||-18.8375903|-174.0099851
relation|5851017|Maninita||islet||-18.8576025|-173.9955390
relation|5851018|Ngau||islet||-18.7564744|-174.0087123
relation|5851019|Sisia||islet|Q7530803|-18.7304670|-174.0522780
relation|5851020|Ta'uta||islet||-18.7452844|-173.9999843
relation|5851021|Tahifehifa||islet|Q7675480|-18.8112402|-173.9977208
relation|5851022|Taula||islet|Q7688708|-18.8474554|-174.0106236
relation|5866216|Fonua'unga||islet||-18.7609042|-173.9550906
relation|5866217|Fonuafo'ou||islet||-18.7888998|-173.9598247
relation|5866218|Luatefito||islet||-18.8247353|-173.9744012
relation|5866759|Nuapapu||island|Q20460759|-18.7020070|-174.0813325
relation|5866923|'Ovalau||islet|Q7113222|-18.7507048|-174.0778494
relation|5866924|Fangasito||islet||-18.8191913|-174.0808179
relation|5866925|Fatumanga||islet||-18.7906971|-174.1711998
relation|5866926|Fonua'one'one||islet||-18.8181945|-174.0628083
relation|5866927|Fonualei||islet||-18.7275610|-174.0649947
relation|5866928|Hunga||island|Q20460421|-18.6881436|-174.1084115
relation|5866929|Langito'o||islet||-18.7270579|-174.0869515
relation|5866930|Mounu||islet||-18.7509139|-174.0677862
relation|5866931|Mu'omu'a||islet||-18.7933014|-174.1104642
relation|5866932|Ovaka||island|Q3711202|-18.7450517|-174.1027261
relation|5866933|Totokafonua||islet|Q7828381|-18.7583936|-174.1243767
relation|5866934|Totokamaka||islet|Q11650719|-18.7653222|-174.1235712
relation|5866935|Vaka'eitu||island|Q20428208|-18.7224311|-174.1002329
relation|5867064|Kao||island|Q1520405|-19.6686040|-175.0156435
relation|5867248|Pousini||islet||-18.6122395|-173.9337922
relation|5872785|'Olo'ua||island|Q20460877|-18.6726047|-173.9571358
relation|5898261|Sarichef Island||island||66.2394792|-166.0940935
relation|5978532|Pitt Island (Rangiauria)||island|Q1420431|-44.2881450|-176.2155889
relation|5991865|Makaha'a||islet|Q22668196|-21.1145484|-175.1542716
relation|5991866|Malinoa||islet|Q22668328|-21.0369089|-175.1288742
relation|6063006|Tikei|Tikei|island||-14.9509575|-144.5476913
relation|6063017|Fakahina|Fakahina|island|Q969412|-15.9860287|-140.1318337
relation|6065892|Pinaki||island||-19.3948330|-138.6760600
relation|6066084|Mangareva|Mangareva|island|Q616662|-23.1045393|-134.9712449
relation|6075625|Rurutu||island|Q1585966|-22.4778884|-151.3491649
relation|6081655|Motu Iti||island||-8.6764575|-140.6133832
relation|6081656|Nuku Hiva||island|Q21064|-8.8733150|-140.1290174
relation|6081657|Ua Pou||island|Q614645|-9.4010673|-140.0777705
relation|6082166|Mangareva|Mangareva|island|Q616662|-23.1045393|-134.9712449
relation|6082561|Huahine||island|Q968977|-16.7523040|-150.9964936
relation|6082563|Taha’a||island|Q926768|-16.6197409|-151.4906151
relation|6117701|Marotiri|Marotiri|islet|Q1632721|-27.8879463|-143.4981027
relation|6203570|Nelson Island||island|Q2468107|60.5986653|-164.8136169
relation|6225005|Pleasant Island||island|Q3815035|58.3560169|-135.6343843
relation|6237757|Chatham Island|Chatham Island|island|Q1427436|-43.9123769|-176.5429967
relation|6237948|Mangere Island|Mangere Island|island|Q376191|-44.2711657|-176.2984914
relation|6243300|Round Rock (Rangituka)||island||-44.3691761|-176.3284915
relation|6247820|Mauke||island|Q511978|-20.1607647|-157.3412555
relation|6786245|Twin Islands||islet||59.6692091|-149.7200584
relation|6786246|Chiswell Islands||island||59.6057112|-149.6063295
relation|6786606|Pye Islands||island||59.4021533|-150.3630763
relation|7177973|Faioa||islet||-18.6657216|-173.9229137
relation|7177974|'Umuna||islet||-18.6834288|-173.9222953
relation|7177975|Kenutu||islet|Q20460486|-18.6981038|-173.9247806
relation|7325683|Mangaia|Mangaia|island|Q1359323|-21.9250242|-157.9179451
relation|7412219|Tofua||island|Q1414448|-19.7480055|-175.0678394
relation|7474217|Mineral Creek Islands||islet||61.1250819|-146.3178162
relation|7638348|Tombstone Rocks||islet||57.3525643|-154.8195908
relation|7676575|Rona Islands||islet||54.9826123|-161.8331998
relation|8549231|Cikobia|Thikombia Island|island|Q24571084|-15.7341274|-179.9360642
relation|8813911|Taʻū|Tau Island|island|Q21847427|-14.2421656|-169.4685163
relation|8818673|Swains Island|Swains Island|island|Q1128488|-11.0536665|-171.0765325
relation|8820093|Hikina Island||islet|Q31919869|16.7555319|-169.4875939
relation|8843897|Hogg Island||islet||58.4586096|-152.6920706
relation|8843899|Bear Island||island||58.4462558|-152.6958042
relation|8843929|Teck Island||islet||58.4638739|-152.7074235
relation|8865379|Barter Island||island||70.1110002|-143.6668807
relation|8865424|Bernard Spit||island||70.1351473|-143.5305052
relation|8893500|Uski Island||islet||57.7805571|-152.4128794
relation|8893501|Near Island||islet|Q3802806|57.7802264|-152.4020290
relation|8893729|Sheep Island||island||57.7161226|-153.3258793
relation|8896359|Ismailof Island||island||59.5976566|-151.2336375
relation|8896440|Bear Island||islet||59.7263642|-151.0630465
relation|8907469|Sally Island||island||57.7328629|-153.3495500
relation|8907714|Shuyak Island State Park||island||58.5502780|-152.5033269
relation|8907813|Big Fort Island||island||58.4933915|-152.4273195
relation|8912162|East Amatuli Island||island|Q49637283|58.9168663|-151.9892150
relation|8913561|Yukon Island||island|Q8060828|59.5228235|-151.4982918
relation|8961579|Caribou Island||island||60.2346941|-151.0379926
relation|8974302|Рыранкээткытрыкыр||islet||65.6700710|-172.5531913
relation|8989046|Paul Island||island||55.7823699|-159.3225329
relation|8989047|Chiachi Island||island||55.8512504|-159.1360555
relation|9033140|Deranof Island||islet||57.9737830|-152.8941322
relation|9033157|Little Raspberry Island||island||57.9957117|-152.9059553
relation|9041144|Korovin Island||island|Q3336161|55.4201160|-160.2415724
relation|9043222|Deer Island||island|Q940254|54.9066973|-162.3351387
relation|9069564|Cronin Island||island||65.1387577|-153.3213032
relation|9069565|Brant Island||island||65.1571872|-153.0562414
relation|9069566|Flora Island||island||65.1403987|-153.4190517
relation|9074601|Ярелер||islet||66.2302552|-170.5826354
relation|9093009|Herschel Island||island|Q1547493|69.5776979|-139.0870941
relation|9096666|Korolevu Island||islet|Q24570970|-16.7694429|0.0000837
relation|9101871|Avatanak Island||island|Q751885|54.0675804|-165.3584993
relation|9101945|Chuginadak Island||island|Q1089362|52.8332655|-169.8393590
relation|9101978|Kagamil Island||island|Q583758|52.9908749|-169.7128941
relation|9101986|Uliaga Island||island|Q976414|53.0646359|-169.7698539
relation|9101987|Herbert Island||island|Q1812891|52.7544197|-170.1184360
relation|9102020|Yunaska Island||island|Q176093|52.6218633|-170.7010126
relation|9102056|Chagulak Island||island|Q1058241|52.5724300|-171.1485279
relation|9102057|Amukta Island||island|Q2463454|52.4897550|-171.2582000
relation|9102483|Amlia Island||island|Q472618|52.0878088|-173.5064860
relation|9102762|Seguam Island||island|Q955387|52.3193250|-172.4679450
relation|9103509|Great Sitkin Island||island|Q1544363|52.0422140|-176.0925770
relation|9106079|Chugul Island||island|Q1089357|51.9376040|-175.8187995
relation|9106080|Tagalak Island||island|Q1546221|51.9543678|-175.6987891
relation|9106225|Igitkin Island||island|Q1542132|51.9799380|-175.8849335
relation|9106285|Kagalaska Island||island|Q504588|51.7998760|-176.3457790
relation|9148193|Mokuʻaeʻae||islet||22.2345578|-159.4029857
relation|9248095|Kayak Island|Kayak Island|island|Q521481|59.9027253|-144.3972586
relation|9362069|Sand Island|Sand Island|island|Q32015300|28.2069836|-177.3787506
relation|9441276|Cooks||islet|Q23005962|-18.0825879|-163.1754653
relation|9441277|Toms||islet|Q23005963|-18.0879883|-163.1601170
relation|9441278|Lee to us||islet|Q23007282|-18.0335673|-163.1266369
relation|9510156|Baker Island|Baker Island|island|Q46879|0.1953865|-176.4785854
relation|9572257|Renard Island||island||59.9211400|-149.3360013
relation|9680183|Magoun Islands||island||57.1671677|-135.5697174
relation|9683557|Myriad Islands||island|Q49661054|57.6344768|-136.2121592
relation|9683558|White Sisters||islet||57.6346045|-136.2554816
relation|9683559|Herbert Graves Island||island|Q49640830|57.6782745|-136.1916360
relation|9821643|Mitiaro||island|Q596542|-19.8683866|-157.7014269
relation|9825074|Mangaia island||island||-21.9250242|-157.9179451
relation|9873978|Rakof Islands||island||56.7381440|-135.2926635
relation|9873979|Jacknife Islands||islet||56.7960892|-135.4024582
relation|9873980|Beauchamp Island||island||56.7185573|-135.2472000
relation|9911181|Rose Island||islet||-14.5469252|-168.1445516
relation|9961822|The Eckholms||islet||57.0098991|-135.3587799
relation|9961823|Martin Island||islet||57.0045071|-135.3027725
relation|9961826|Taigud Islands||islet||56.9170074|-135.4090119
relation|10045248|Mo’orea||island|Q673400|-17.5333075|-149.8342578
relation|10045719|Huahine Nui||island||-16.7285792|-151.0115367
relation|10045720|Huahine Iti||island|Q31929715|-16.7865551|-150.9922500
relation|10048569|Mai'ao||island||-17.6569364|-150.6309084
relation|10048671|Motu Auira||island||-16.4402764|-152.2799502
relation|10048672|Motu Tuanai||island||-16.4338818|-152.2447055
relation|10068833|Fatu Hiva||island|Q632061|-10.4861346|-138.6504986
relation|10068942|Tahuata||island|Q572723|-9.9575033|-139.0832333
relation|10068943|Moho Tani||island|Q944594|-9.9824375|-138.8242634
relation|10068944|Hiva Oa||island|Q937908|-9.7793274|-138.9810536
relation|10069108|Ua Huka||island|Q202299|-8.9096756|-139.5493182
relation|10069181|Hatutaa||island|Q1420365|-7.9150170|-140.5745993
relation|10069182|Eiao||island|Q1301066|-8.0010101|-140.6802614
relation|10237023|Nelson Island||island||57.8933596|-152.4146336
relation|10238893|Hereheretue||islet||-19.8675221|-144.9989287
relation|10373551|Rapa|Rapa|island|Q31931259|-27.6082247|-144.3430289
relation|10377071|Raivavae|Raivavae|island|Q1309731|-23.8697995|-147.6597938
relation|10377289|Tubuai||island|Q514626|-23.3723743|-149.4836469
relation|10377382|Rimatara||island|Q1539984|-22.6496528|-152.8065476
relation|10580646|Taumeasina||islet||-13.8291594|-171.7465220
relation|10703414|Biorka Island||island||56.8509483|-135.5334855
relation|10986856|Meyer Islands|Meyer Islands|island|Q32277018|-29.2451523|-177.8771699
relation|10986857|Macauley Island|Macauley Island|island|Q444549|-30.2337661|-178.4291576
relation|10986858|Haszard Islet|Haszard Islet|islet|Q32217276|-30.2346402|-178.4158187
relation|10986859|Curtis Island|Curtis Island|island|Q1145604|-30.5411895|-178.5569691
relation|10986860|Cheeseman Island|Cheeseman Island|island|Q1068873|-30.5365913|-178.5679522
relation|10986861|L'Esperance Rock|L'Esperance Rock|island|Q1880637|-31.3545161|-178.8249427
relation|10986862|Nugent Island|Nugent Island|island|Q1324496|-29.2318078|-177.8693157
relation|10986863|Napier Island|Napier Island|island|Q32293734|-29.2326375|-177.8749430
relation|10988013|Île Futuna|Futuna|island|Q664321|-14.2767707|-178.1177746
relation|11079038|Perry Island||island|Q18387760|60.7026215|-147.9328715
relation|11269256|Scraggy Islands||islet||57.3403664|-135.7078705
relation|11306010|Entrance Island||islet||61.0844858|-146.6119534
relation|11309534|Knight Island||island||60.3336516|-147.7638386
relation|11360019|Eek Island||island||60.1355315|-162.2838406
relation|11362784|Kigigak Island||island||60.8458820|-164.9580055
relation|11371814|Culross Island||island|Q5193117|60.6939925|-148.1681140
relation|11371815|Bainbridge Island||island|Q17514594|60.1065327|-148.1778389
relation|11371816|Evans Island||island|Q5415922|60.0726685|-148.0237185
relation|11374931|Bligh Island||island||60.8438283|-146.7598726
relation|11480857|Squire Island||island||60.2475811|-147.9337053
relation|11497778|Aunuʻu Island||island|Q773919|-14.2837577|-170.5535979
relation|11560443|Laysan|Laysan|island|Q34720|25.7694612|-171.7324352
relation|11593194|Inian Island||island||58.2515962|-136.3231123
relation|11598530|остров Находка|Ostrov Nakhodka|island||71.5925267|-179.2278591
relation|11608776|'Utungake||island|Q20460949|-18.6761095|-174.0185182
relation|11620330|Eleanor Island||island||60.5522360|-147.5895280
relation|11650509|Chenega Island||island|Q5091164|60.3302377|-148.0715200
relation|11678220|Kulgurak Island||island||71.1285454|-155.0063378
relation|11797062|Nukuafo||island|Q32606001|-13.3581729|-176.2125016
relation|11822039|Glacier Island||island||60.8827713|-147.1984877
relation|11823400|Rabi||island|Q762070|-16.4895838|0.0296491
relation|11980716|Atiu||island|Q755982|-19.9971885|-158.1122017
relation|12591828|Te Papa Motumotu||islet||-8.5557076|-172.5129501
relation|12592614|Kauahua O Henua||islet||-9.4014276|-171.2309743
relation|12594632|The Seven Islands||islet||-13.2753714|-163.0486670
relation|12594634|Brushwood Islands||islet||-13.2247103|-163.1272762
relation|12595122|Motu Mahuta||islet||-10.0233688|-161.0836791
relation|12596781|Tauhunu||island||-10.4230063|-161.0333725
relation|12596782|Murihiti||islet|Q23006028|-10.3961318|-161.0246924
relation|12596783|Ngake||island|Q23006088|-10.4019152|-160.9834566
relation|12596784|Te Rua Hapuku||islet||-10.4341338|-160.9552203
relation|12596785|Atimoono||islet|Q23005980|-10.4363823|-160.9554550
relation|12596786|Paravae / Hakamaru||islet||-10.4427275|-160.9562197
relation|12596787|Totia||islet||-10.4504446|-160.9620326
relation|12596788|Nukuhiro||islet||-10.4512870|-160.9633636
relation|12596789|Haratini||islet||-10.4516208|-160.9643680
relation|12596790|Putangaroa||islet||-10.4531084|-160.9699537
relation|12596791|Motu Tou||islet||-10.4531703|-160.9730328
relation|12596792|Tiri Kopu||islet||-10.4557249|-160.9847233
relation|12596793|Hakari Manu||islet||-10.4562974|-160.9863796
relation|12596794|Tarakete Iti||islet||-10.4565571|-160.9872151
relation|12596795|Tarakete Rahi||islet||-10.4572047|-160.9883577
relation|12596796|Tevahavaha||islet||-10.4586303|-160.9923086
relation|12596797|Nafarakura||islet||-10.4594611|-160.9940547
relation|12596798|Porea||islet|Q23006053|-10.4604608|-160.9987512
relation|12596799|Punganui Iti||islet||-10.4578730|-161.0024564
relation|12596800|Punganui Rahi||islet||-10.4583073|-161.0037187
relation|12596801|Te Ruerue Rahi||islet||-10.4578479|-161.0054514
relation|12596802|Raukotaha||islet||-10.4569211|-161.0060630
relation|12596803|Tupuaekaha||islet||-10.4555681|-161.0080746
relation|12596804|Motu Vahine||islet||-10.4544602|-161.0095526
relation|12596805|Tehapai||islet||-10.4531547|-161.0106832
relation|12596806|Motu Roa||islet||-10.4523576|-161.0117429
relation|12596807|Te Motu o Tarakapoe||islet||-10.4503058|-161.0132341
relation|12596809|Tearai Ki Tai||islet||-10.4329530|-160.9993881
relation|12596810|Rahea Kitai||islet||-10.4350251|-161.0046300
relation|12596811|Keturau Ngangie||islet||-10.4441165|-161.0063308
relation|12596812|Paparoa||islet||-10.4427203|-161.0020715
relation|12596813|Ngaere||islet||-10.4423529|-160.9855713
relation|12596814|Koutu||islet||-10.4381923|-160.9881870
relation|12596815|Pohaturoa||islet||-10.4125334|-161.0116739
relation|12596816|Mehau Daniela||islet||-10.4007567|-161.0016885
relation|12596817|Kokiri Lui||islet||-10.4186549|-161.0070118
relation|12596818|A Moko||islet||-10.4222247|-161.0177186
relation|12598845|Motu Ngangie||islet||-8.9727955|-158.0540964
relation|12598846|Moananui||island|Q24189814|-8.9992745|-158.0405430
relation|12598847|Motu Kasi||islet||-9.0255974|-158.0237980
relation|12598848|Motupurau||islet||-9.0265398|-158.0205520
relation|12598849|Tuaua||islet||-9.0274473|-158.0144851
relation|12598850|Hangarei||islet||-9.0279757|-158.0076742
relation|12598851|Tuahua||islet||-9.0282099|-158.0040642
relation|12598852|Mangarongaro||island|Q23006127|-9.0565682|-157.9840643
relation|12598853|Vaiere||islet||-9.0823998|-157.9652909
relation|12598854|Atiati||islet|Q104850836|-9.0813748|-157.9601977
relation|12598855|Moturakina||islet|Q23006139|-9.0806762|-157.9400440
relation|12598856|Atutahi||islet|Q23006130|-9.0814804|-157.9251271
relation|12598857|Ahu-A-Miria||islet|Q23006121|-9.0503901|-157.9032658
relation|12598858|Tepuka||island|Q23006158|-9.0291501|-157.8867396
relation|12598859|Tepetepe||islet||-9.0215009|-157.8878032
relation|12598860|Motunui||islet||-9.0122574|-157.8948801
relation|12598861|Patanga||island|Q23006122|-8.9909066|-157.9096578
relation|12598862|Kavea||islet||-8.9745186|-157.9214950
relation|12598865|Kokerekere||island||-8.9631514|-157.9243626
relation|12598866|Tuirai||islet|Q23006161|-8.9528895|-157.9270703
relation|12598867|Veseru||islet|Q23006125|-8.9468743|-157.9283065
relation|12598868|Takuua||islet|Q23006152|-8.9431979|-157.9287552
relation|12598869|Ruahara||island|Q23006146|-8.9281106|-157.9669079
relation|12598870|Nuitikainga||islet||-8.9196864|-158.0041649
relation|12598871|Painko||islet|Q23006143|-8.9233602|-158.0117494
relation|12598872|Tokerau||island|Q23006159|-8.9235320|-158.0325929
relation|12598873|Tekasi||islet|Q23006157|-8.9247828|-158.0515587
relation|12598874|Tehara||islet||-8.9277717|-158.0507773
relation|12598875|Matunga||islet|Q23006138|-8.9362691|-158.0480477
relation|12599158|Taakoka||islet||-21.2634233|-159.7308547
relation|12599159|Koromiri||islet||-21.2569646|-159.7267638
relation|12599160|Oneroa||islet||-21.2522031|-159.7258009
relation|12599161|Motutapu||islet|Q23006026|-21.2474306|-159.7258971
relation|12626703|Kapapa Island||islet|Q1728346|21.4768344|-157.7986490
relation|12642006|Mokauea Island||islet||21.3080962|-157.8920298
relation|13057156|Sand Island||island|Q7415814|21.3064059|-157.8794736
relation|13288385|Namuʻa Island||islet||-14.0222372|-171.4157671
relation|13288386|Fanuatapu||islet|Q1107394|-14.0143918|-171.3998504
relation|13492498|Fisher Island||island|Q5454814|-77.1080344|-154.3269805
relation|13492499|Chandler Island||island|Q5071173|-77.3473283|-153.1400405
relation|13492500|Olson Island||island|Q7088574|-77.2293680|-153.2564178
relation|13492501|Webber Island||island|Q12719509|-77.2962149|-153.0691778
relation|13492502|White Islands||island|Q7994940|-77.2844639|-153.2015650
relation|13492503|Olson Island||island||-77.2293680|-153.2564178
relation|13837521|остров Коса-Мээчкын|Kosa-Meechkyn Island|island||65.4919799|-177.9582918
relation|13837671|Южный остров|Yuzhny Island|island||67.0771583|-174.7293574
relation|13837672|острова Серых Гусей|Serykh Gusey Islands|island||67.1158727|-174.7293574
relation|13899389|Arey Island||islet||70.1038634|-143.8942052
relation|13899408|Tent Island||island||68.9071939|-136.5841793
relation|13899415|Ellice Island||island|Q22391900|69.1197712|-135.7559645
relation|13899418|Pelly Island||island|Q7161613|69.5941251|-135.4571751
relation|13899419|Garry Island||island|Q22629613|69.4753550|-135.7010099
relation|13899421|Niglintgak Island||island||69.3463862|-135.3592551
relation|13905907|Saint George Island||island|Q1672851|56.5736127|-169.6263247
relation|14520448|Nation Reef||island||65.2037777|-141.8349028
relation|14601573|Fairway Rock|Fairway Rock|islet|Q250014|65.6250049|-168.7418306
relation|15403270|Tapuaranga Reef|Tapuaranga Reef|island||-44.0536376|-176.3247630
relation|15403272|South Reef||island|Q35717971|-44.3691530|-176.2804045
relation|15465974|Egeria Rock||island|Q111972637|-29.2499734|-177.8949176
relation|15465975|West Chanter Island||island|Q111972629|-29.2509133|-177.8587417
relation|15465976|South Chanter Island||island|Q111972628|-29.2540387|-177.8535784
relation|15465977|North Chanter Island||island|Q111972627|-29.2512189|-177.8544447
relation|15465978|Dayrell Island||island|Q32174620|-29.2451333|-177.8572774
relation|15465979|Chanter Islands - West||island||-29.2506401|-177.8593532
relation|15465981|Cheeseman Island||island||-30.5369348|-178.5699459
relation|15465987|South East Island (Rangatira)|South East Island|island|Q733259|-44.3463018|-176.1745244
relation|15531533|Fenua Fala|Fenua Fala|islet|Q2596239|-9.3753995|-171.2648972
relation|15781833|Laucala Island||island||-16.7622862|-179.6834464
relation|15904877|Taylor Island||island||58.2964419|-136.4995051
relation|15937265|Woody Island|Woody Island|island|Q1543213|57.7792242|-152.3364677
relation|15963453|Netland Island||island|Q49662465|58.5369426|-136.1443054
relation|15963455|Composite Island||island|Q49635498|58.8873770|-136.5654023
relation|15965722|Sebree Island||island||58.7617788|-136.1585534
relation|15965726|Sealers Island||islet||58.9593625|-136.1233507
relation|15965750|Caroline Shoal||islet||58.7753454|-136.1266726
relation|16021869|Motu Piti A’au||island|Q38251295|-16.5208170|-151.7011630
relation|16022666|Motu Omee||islet||-16.4837167|-151.6964596
relation|16022672|Motu Vai toto||islet||-16.4771785|-151.6954626
relation|16025695|Motu Tau farii||islet||-16.4894458|-151.6959420
relation|16025704|Motu Vahia utu||islet||-16.4728962|-151.7036334
relation|16025707|Motu Tenanamu||islet||-16.4693356|-151.7087290
relation|16025716|Motu Tuatefau||islet||-16.4678560|-151.7112469
relation|16025717|Motu Temiromiro||islet||-16.4670221|-151.7122429
relation|16025721|Motu Temahu||islet||-16.4654526|-151.7140360
relation|16051097|Burnt Island||islet||60.9490730|-149.8957336
relation|16051730|Motuhara / Motchu Hara / Forty-Fours|Forty-Fours|islet|Q1276733|-43.9632583|-175.8328369
relation|16053864|Porcupine Island||island||59.7269772|-154.1365502
relation|16064579|Old Sitka Rocks||islet||57.1132341|-135.4073446
relation|16348475|Motu Molemole||islet||-15.5943927|-175.6499849
relation|16671085|Chankliut Island||island|Q49634903|56.1448032|-158.1255852
relation|16698905|Lester Island||island||58.4681688|-135.9144536
relation|16698906|Young Island||island||58.4785786|-135.9699726
relation|16823045|Ninemile Island||island||64.6360873|-158.2245797
relation|16837389|Leland Islands||islet||58.6562995|-135.9920231
relation|17075830|Ragged Island||island||59.4232519|-150.3618287
relation|17299184|Sail Rock||islet|Q125703284|-44.2870286|-176.3945452
relation|17299185|Te Awatapu Rock|Te Awatapu Rock|island|Q34952467|-44.0843092|-176.4631749
relation|17320470|Round Island||islet|Q49675655|-44.2224371|-176.0141945
relation|17320471|Te Rangakiore Islands||island||-44.3561906|-176.2432989
relation|17320631|South Meyer Island||island|Q117825833|-29.2469692|-177.8790117
relation|17320632|North Meyer Island||island|Q32277027|-29.2437791|-177.8769377
relation|17494085|Green Island||island|Q2752650|28.3939607|-178.2970147
relation|17494112|Sand Island||islet||28.3917402|-178.3303598
relation|17591946|Hanin Rock||islet||57.8348697|-152.3133597
relation|17830944|Ford Island|Ford Island|island|Q2485027|21.3631746|-157.9591497
relation|17863516|Flat Island||island||59.7354008|-154.2816952
relation|18050661|Tabuaeran||island|Q127335|3.8726686|-159.3178246
relation|18467690|Willoughby Island||island||58.5864953|-136.1199504
relation|18467691|Francis Island||island||58.6282459|-136.1821112
relation|18467692|Drake Island||island||58.6546245|-136.2255550
relation|18558808|Ugak Island||island|Q4002725|57.3789705|-152.2857753
relation|18559354|Strawberry Island||island||58.5153959|-136.0070776
relation|19118703|Naked Island||island|Q49661588|60.6583385|-147.4030735
relation|19251452|Bora-Bora||island||-16.4957656|-151.7376719
relation|19251453|Maupiti||island||-16.4494416|-152.2639487
relation|19482174|High Island||island||58.7137642|-160.4104518
relation|19583788|Gateway Knob||islet||59.1893476|-138.1810355
relation|19991915|Richards Island||island|Q2530016|69.3529195|-134.3761416
relation|20028639|Elovoi Island||island|Q49637581|56.8169269|-135.3980179
relation|20397681|Kendall Island||island|Q6388914|69.4890842|-135.2983888
relation|20628751|Southeast Island||island||27.7892225|-175.8179970
relation|20686719|Pūhāhonu|Gardner Pinnacles|islet|Q1494164|24.9988837|-167.9995503
relation|20694474|Lisianski Island|Lisianski Island|island|Q661708|26.0626371|-173.9663738
relation|20994121|Pitt Island||island|Q22381662|69.1275379|-136.1147690
